ID,Name,Rank,Rarity_Score,Attributes,Back,Background,Belly,Clothes,Eyes,Eyes Color,Face,Hands,Hats,Skin,Special
87,Froggos #87,1,1275,1,,,,,,,,,,,Punk
403,Froggos #403,1,1275,1,,,,,,,,,,,Samurai
939,Froggos #939,1,1275,1,,,,,,,,,,,Hippie
1344,Froggos #1344,1,1275,1,,,,,,,,,,,Robot
2457,Froggos #2457,5,1076.1137361124,8,Dark Blue,Orange,Light Yellowow,Sport Green,Normal,Purple,,,smol top hat,Purple Boyalo,
119,Froggos #119,6,987.8689903506,9,Aqua,Orange,Light Green,Aliens,Dot,Red,Monocle,,EVA 01,White Tribal,
1288,Froggos #1288,7,936.0510998881,8,Musgow,Green,Salmon,Bee Jason,Normal,Red,Bloody Nose,,,Toxic Green Queta,
673,Froggos #673,8,911.0728757868,7,Pink Choque,Orange,Light Pink,,Dot,Blue,,,Red Fisherman,Toxic Green Bubble,
441,Froggos #441,9,777.1721088984,8,Pink Choque,Orange,Orangelo,Bee Jason,Cockeyed,Red,Paper Bag,,,Arrowhead,
436,Froggos #436,10,709.6611567356,8,Yellowow,Orange,Tutti,Mad,Cross,Blue,Paper Bag,,,Red Koba,
1970,Froggos #1970,11,693.6765387495,10,White Snow,Orange,Light Green,Gardener,Springs,Purple,Cute Face,Bandages,Cool,Red Koba,
289,Froggos #289,12,690.6986754233,10,Dark Blue,Purple,Light Pink,Sport Green,Normal,Yellowow,Cute Face,Skull,Top Hat,Red Bubble,
990,Froggos #990,13,670.8070317109,7,Musgow,Green,Light Pink,,Dead,Purple,,,smol purple,Orange Squares,
756,Froggos #756,14,655.8062100907,9,Musgow,Green,Light Yellowow,Mad Forg,Springs,Black,,Hitman,Top Hat,Yellowow Nalon,
1637,Froggos #1637,15,643.2418729942,8,Aqua,Yellowow,Salmon,,Dot,White,Spike Glasses,,smol hat,Purple Lich,
672,Froggos #672,16,633.233031698,9,Dark Blue,Orange,Bubblegum,Bee Jason,Normal,Orange,Monocle,,smol backwards purple,Black Tribal,
58,Froggos #58,17,626.3155118876,10,Yellowow,Orange,Light Green,Crazy Dog,Normal,Orange,Red Glasses,Skull,Cool,Orange Long Wave,
294,Froggos #294,18,620.2590112574,10,Yellowow,Blue,White,Crazy Flames,Normal,White,Dark Circles,Skull,Birthday,Orange Queta,
847,Froggos #847,19,618.2517334553,8,Aqua,Orange,Light Green,,Dot,Blue,Broken Glasses,,smol orange,Aqua Queta,
2169,Froggos #2169,20,614.7748741554,7,White Snow,Green,Light Yellowow,,Cross,Orange,,,smol crown,Yellowow Poison Dark,
2482,Froggos #2482,21,592.019287237,9,Red Ketchup,Purple,Light Pink,Mad Forg,Springs,Yellowow,Clown,Hitman,,Orange Cururu,
2342,Froggos #2342,22,588.8047047482,8,Aqua,Yellowow,Light Yellowow,,smol,Orange,,Skull,smol orange,Blue Nalon,
177,Froggos #177,23,577.2760967303,7,Toxic Purple,Purple,Bubblegum,,Snake,Red,,,smol hat,Blue Arrowhead,
2061,Froggos #2061,24,574.0374074272,8,Aqua,Orange,Light Yellowow,,Dot,Red,Blue Glasses,,smol purple,Yellowow Boyalo,
651,Froggos #651,25,572.5940220495,10,Musgow,Green,Salmon,Lizzzard,smol,Green,Monocle,Skull,Fancy,Purple Long Wave,
554,Froggos #554,26,563.9870955756,8,Musgow,Orange,Orangelo,,Dot,Green,Bloody Nose,,Mushroom,Spikes,
2255,Froggos #2255,27,558.8540217682,8,Musgow,Green,Light Pink,F$#!,Normal,Purple,,,smol crown,Purple Junoca,
900,Froggos #900,28,554.3111697349,8,Red Ketchup,Yellowow,Light Pink,Bee Jason,Normal,Blue,,,Halloween Knife,Tribal,
995,Froggos #995,29,551.6439416276,8,Yellowow,Yellowow,Orangelo,,Normal,Purple,Dark Circles,,Flower,Tribal,
1618,Froggos #1618,30,540.2984608003,8,Red Ketchup,Yellowow,Orangelo,Snake,Normal,Dark Purple,,,Blue Fisherman,Toxic Green Arrowhead,
1896,Froggos #1896,31,539.1718566181,7,Musgow,Green,Orangelo,,Cross,Red,,,Halloween Knife,Black Tribal,
1133,Froggos #1133,32,524.300759981,9,Yellowow,Green,Orangelo,Aliens,Normal,White,Bloody Nose,,Blue Fisherman,Toxic Green Squares,
1616,Froggos #1616,33,518.7520747977,7,Aqua,Yellowow,Light Pink,,Cross,White,,,Red Spikes,Toxic Green Squares,
1830,Froggos #1830,34,516.3910195397,8,White Snow,Purple,Orangelo,,Cross,White,Red Glasses,,EVA 01,Squares,
1914,Froggos #1914,35,513.62725894,10,Red Ketchup,Purple,Light Pink,Sport Green,Dot,Blue,Broken Glasses,Skull,Cool,Red Spikes,
1060,Froggos #1060,36,512.6727966228,7,Red Ketchup,Blue,Light Green,,Dot,Red,Monocle,,,Boyalo,
449,Froggos #449,37,509.800845831,8,Red Ketchup,Orange,Orangelo,Lizzzard,Cross,Green,,,Blue Fisherman,Koba,
1197,Froggos #1197,38,497.5185661899,7,Red Ketchup,Yellowow,Light Green,Crazy Dog,Big,Yellowow,,,,Boyalo,
790,Froggos #790,39,495.4587334364,8,Dark Blue,Yellowow,Light Green,Flame Heart,Normal,Orange,,,Red Fisherman,Squares,
1781,Froggos #1781,40,488.0577586855,7,Musgow,Purple,Salmon,,smol,White,,,Dumb,Koba,
275,Froggos #275,41,485.4506060783,7,Yellowow,Purple,Salmon,,smol,White,,,Sailor,Toxic Green Arrowhead,
849,Froggos #849,42,474.4720282197,7,Black,Purple,Light Pink,,Cockeyed,White,Eye Patch,,,Arrowhead,
1894,Froggos #1894,43,468.2726766173,9,Musgow,Blue,Light Pink,Skull,smol,Black,Monocle,,Blue Spikes,Queta,
922,Froggos #922,44,466.9699865951,7,Musgow,Yellowow,Orangelo,,Cockeyed,Red,,,Mushroom,Toxic Green Lich,
2453,Froggos #2453,45,465.684929549,8,Dark Blue,Yellowow,Salmon,Mad,Normal,Blue,,,Mushroom,Yellowow Nalon,
2328,Froggos #2328,46,450.366210018,8,Dark Blue,Blue,Orangelo,Bee Jason,Dead,Red,Eye Patch,,,Red Spikes,
1424,Froggos #1424,47,448.5191678554,8,Black,Purple,Salmon,,Cat,Orange,Retro Glasses,,Top Hat,Yellowow Queta,
2363,Froggos #2363,48,421.1430318756,9,Yellowow,Purple,Light Yellowow,Gardener,smol,White,Dark Circles,,Green Fisherman,Spikes,
1324,Froggos #1324,49,414.9700622823,8,Pink Choque,Purple,Light Green,Meka,Normal,Green,,,Forg,Orange Long Wave,
1241,Froggos #1241,50,404.3485078854,7,Red Ketchup,Purple,Salmon,,Dead,White,Bloody Nose,,,Red Boyalo,
315,Froggos #315,51,402.9739288146,9,Red Ketchup,Orange,Tutti,Gardener,Snake,Purple,Red Glasses,,smol backwards green,Orange Granular,
1409,Froggos #1409,52,401.4351509222,9,Musgow,Purple,Bubblegum,,Springs,Yellowow,Cute Face,Bandages,Halloween Knife,Aqua Long Wave,
983,Froggos #983,53,400.9217944437,9,Yellowow,Orange,Orangelo,Crazy Dog,Springs,Red,Dark Circles,,Red Fisherman,Spikes,
81,Froggos #81,54,398.9194682853,9,Dark Blue,Yellowow,Salmon,Gardener,Springs,Red,smol glasses,,Red Fisherman,Cururu,
1406,Froggos #1406,55,398.6934797245,9,Musgow,Green,Light Pink,Sport Green,Springs,Orange,Spike Glasses,,Cracked Crown,Granular,
2365,Froggos #2365,56,392.466727418,8,Toxic Purple,Yellowow,Light Green,Mad,Cat,Orange,,,Sailor,Aqua Arrowhead,
344,Froggos #344,57,391.8835497642,9,Red Ketchup,Purple,Light Pink,Traveler,Normal,Yellowow,Blue Glasses,,Orange Spikes,Lich,
2200,Froggos #2200,58,389.2557907256,8,White Snow,Purple,White,Skull,Normal,Yellowow,Retro Glasses,,,Yellowow Squares,
1988,Froggos #1988,59,386.6912837504,9,Pink Choque,Orange,Salmon,Bee Jason,smol,Orange,Bandages,,Halloween Knife,Cururu,
1759,Froggos #1759,60,385.6858044351,7,Aqua,Orange,Orangelo,Skull,smol,Yellowow,,,,Orange Tribal,
551,Froggos #551,61,381.7180996383,8,Yellowow,Green,Bubblegum,Snake,Dot,Red,,,Top Hat,Toxic Green Koba,
1032,Froggos #1032,62,376.1459400391,8,Black,Purple,Light Green,Meka,Normal,Yellowow,,Bandages,,Purple Granular,
1683,Froggos #1683,63,375.8295131183,8,Aqua,Yellowow,Bubblegum,Sport Green,Snake,Orange,Eye Patch,,,Red Queta,
2462,Froggos #2462,64,374.4144766426,8,Red Ketchup,Green,Light Green,,Flat,Orange,smol glasses,,Cracked Crown,Toxic Green Granular,
1121,Froggos #1121,65,373.2747948937,8,Pink Choque,Yellowow,Light Yellowow,,Normal,Orange,Blue Glasses,,Halo,Poison Dark,
1037,Froggos #1037,66,372.9770700659,7,Black,Orange,White,,Normal,White,Bloody Nose,,,Toxic Green Nalon,
2040,Froggos #2040,67,372.5653157286,8,Pink Choque,Yellowow,Orangelo,Sport Green,Big,Red,,,Sailor,Toxic Green Nalon,
411,Froggos #411,68,368.7348047864,8,Pink Choque,Orange,Light Pink,,Cross,Orange,Bloody Nose,,Cool,Junoca,
1912,Froggos #1912,69,364.7358314761,9,Dark Blue,Purple,Light Green,Mad Forg,Big,White,Retro Glasses,Skull,,Blue Arrowhead,
189,Froggos #189,70,364.2141531754,8,Black,Green,White,Skull,Cross,Yellowow,,,Cool,Toxic Green Junoca,
758,Froggos #758,71,361.6785140425,9,Pink Choque,Orange,Tutti,Flame Heart,Cockeyed,Orange,Clown,,smol backwards green,Purple Junoca,
2360,Froggos #2360,72,358.3436652204,8,Yellowow,Yellowow,Light Green,Aliens,Cat,Purple,Retro Glasses,,,Orange Cururu,
69,Froggos #69,73,357.9906247313,8,Musgow,Purple,Light Pink,Bee Jason,Normal,Blue,,,Blue Fisherman,Junoca,
2311,Froggos #2311,74,355.3826362692,8,White Snow,Yellowow,Light Pink,Mad Forg,Snake,White,,,Mushroom,Purple Lich,
2483,Froggos #2483,75,352.6207008183,7,Musgow,Purple,Light Yellowow,,Dot,Green,,,Leaf,Toxic Green Lich,
2032,Froggos #2032,76,352.6081615899,8,Pink Choque,Purple,Light Pink,Lizzzard,Flat,White,,,Flower,Red Boyalo,
1289,Froggos #1289,77,351.6935569862,6,Aqua,Orange,Light Green,,Dot,Blue,,,,Orange Tribal,
410,Froggos #410,78,351.4414947851,8,Red Ketchup,Green,Salmon,,Normal,Green,Blue Glasses,,Cool,Junoca,
1820,Froggos #1820,79,351.0144720777,6,Aqua,Yellowow,Light Green,,Flat,Red,,,,Toxic Green Koba,
2409,Froggos #2409,80,350.8838156775,8,Pink Choque,Orange,Salmon,,Normal,Green,Monocle,,Flower,Toxic Green Boyalo,
2005,Froggos #2005,81,349.1856068431,7,Dark Blue,Orange,Salmon,Crazy Dog,Cockeyed,White,,,,Toxic Green Koba,
2117,Froggos #2117,82,347.5993463175,8,Musgow,Green,Bubblegum,,Normal,Blue,Broken Glasses,,Flower,Bubble,
2084,Froggos #2084,83,345.7525514603,7,White Snow,Yellowow,Light Yellowow,,Springs,White,,,Green Fisherman,Arrowhead,
865,Froggos #865,84,345.3761804385,9,Dark Blue,Orange,Salmon,Gardener,Normal,White,Dark Circles,,Green Fisherman,Orange Long Wave,
991,Froggos #991,85,343.8360222063,9,Pink Choque,Purple,Light Yellowow,Traveler,Cockeyed,White,Red Glasses,,Flower,Aqua Junoca,
237,Froggos #237,86,343.6654949548,9,White Snow,Orange,Orangelo,Crazy Flames,Normal,Green,,Bandages,Green Fisherman,Toxic Green Junoca,
442,Froggos #442,87,343.4269693735,8,White Snow,Purple,Salmon,Sport Blue,Snake,Orange,Bandages,,,Queta,
2446,Froggos #2446,88,343.1379196447,9,Red Ketchup,Purple,Orangelo,Crazy Dog,Normal,White,Clown,,smol backwards green,Red Koba,
854,Froggos #854,89,342.5782089786,9,Red Ketchup,Orange,Bubblegum,Lizzzard,Cat,Blue,Dark Circles,,Red Fisherman,Red Poison Dark,
1791,Froggos #1791,90,341.9642789377,9,Aqua,Purple,Light Green,Lizzzard,smol,Green,smol glasses,,Leaf,Aqua Nalon,
1877,Froggos #1877,91,341.6274942645,8,Aqua,Yellowow,Light Green,,smol,Blue,Scars,,Sailor,Blue Queta,
1153,Froggos #1153,92,341.3102504755,9,Pink Choque,Orange,Light Pink,Sport Blue,Normal,Blue,Blue Glasses,Skull,,Red Boyalo,
1825,Froggos #1825,93,340.0833832953,8,Yellowow,Yellowow,Salmon,Crazy Dog,Flat,White,,,Halo,Blue Lich,
658,Froggos #658,94,339.3076209558,8,Yellowow,Orange,Light Pink,Crazy Flames,Flat,Red,,,Leaf,Purple Granular,
1507,Froggos #1507,95,336.706721334,7,Red Ketchup,Yellowow,Light Green,,smol,Red,,,Blue Fisherman,Toxic Green Nalon,
1592,Froggos #1592,96,336.6848003335,8,Musgow,Purple,Light Yellowow,,Normal,White,Spike Glasses,,Red Fisherman,Lich,
387,Froggos #387,97,334.4926478171,8,Yellowow,Orange,Light Yellowow,,Cross,Green,Cute Face,,Red Fisherman,Orange Arrowhead,
431,Froggos #431,98,334.0039559597,8,Red Ketchup,Blue,Orangelo,Meka,Flat,Green,,,Red Fisherman,Red Cururu,
862,Froggos #862,99,333.611104976,7,Black,Purple,Bubblegum,,Cross,Dark Purple,,,Cracked Crown,Long Wave,
978,Froggos #978,100,333.0888725612,8,Black,Orange,Light Yellowow,Sport Green,Dead,Purple,,,Purple Spikes,Blue Arrowhead,
463,Froggos #463,101,332.8226275678,9,Yellowow,Yellowow,Orangelo,Sport Green,Normal,Orange,Scars,,Forg,Blue Boyalo,
624,Froggos #624,102,332.719351612,7,Musgow,Yellowow,Light Pink,,Normal,White,Blue Glasses,,,Orange Tribal,
2448,Froggos #2448,103,331.7869736293,9,Musgow,Green,Light Green,Skull,Cat,Purple,Spike Glasses,,Red Fisherman,Blue Koba,
1096,Froggos #1096,104,330.995735758,7,Yellowow,Orange,Light Pink,,Springs,Purple,,,Halloween Knife,Red Poison Dark,
1047,Froggos #1047,105,329.8620940244,9,Pink Choque,Green,Orangelo,Snake,smol,Yellowow,Eye Patch,,Top Hat,Purple Squares,
1351,Froggos #1351,106,328.9943272783,9,Red Ketchup,Orange,Bubblegum,Mad,Springs,Red,Broken Glasses,,EVA 01,Aqua Granular,
828,Froggos #828,107,328.8688234094,9,Pink Choque,Yellowow,Salmon,F$#!,Dot,Dark Purple,Dark Circles,,Leaf,Yellowow Long Wave,
827,Froggos #827,108,328.5563912293,9,Yellowow,Yellowow,Light Yellowow,Gardener,Springs,Red,Spike Glasses,,Blue Fisherman,Orange Koba,
2090,Froggos #2090,109,327.6893093705,9,Aqua,Orange,Salmon,Crazy Dog,Big,Dark Purple,Blue Glasses,,Purple Spikes,Yellowow Granular,
506,Froggos #506,110,327.3977509103,8,Dark Blue,Green,Light Yellowow,Meka,smol,Blue,,,Flower,Blue Squares,
776,Froggos #776,111,326.4754924025,8,Dark Blue,Green,Light Yellowow,,Dead,Yellowow,Clown,,Halloween Knife,Red Nalon,
832,Froggos #832,112,326.3464178348,9,Musgow,Purple,Light Pink,Flame Heart,Dot,Red,Clown,,Red Fisherman,Toxic Green Granular,
1599,Froggos #1599,113,325.0365406527,8,Black,Orange,Light Green,,Cross,Yellowow,Spike Glasses,,Red Spikes,Blue Squares,
485,Froggos #485,114,324.2143656429,9,Aqua,Yellowow,White,F$#!,Normal,Black,Broken Glasses,,Cool,Yellowow Queta,
1571,Froggos #1571,115,323.7680522837,8,Musgow,Green,Orangelo,Sport Green,Snake,Red,Bloody Nose,,,Purple Poison Dark,
1937,Froggos #1937,116,322.5054090843,8,Yellowow,Green,Bubblegum,Traveler,Cat,Orange,Dark Circles,,,Red Bubble,
23,Froggos #23,117,322.2719025645,8,Dark Blue,Yellowow,Salmon,Racer,Cross,White,,,Halo,Purple Lich,
1500,Froggos #1500,118,322.1118654636,9,Aqua,Green,Salmon,Mad,Dot,Green,Dark Circles,,Top Hat,Yellowow Cururu,
190,Froggos #190,119,320.2037275497,8,Aqua,Yellowow,Salmon,Lizzzard,Flat,Purple,Party Glasses,,,Toxic Green Long Wave,
850,Froggos #850,120,319.9950916302,8,Aqua,Orange,Tutti,Aliens,Normal,Blue,Broken Glasses,,,Toxic Green Long Wave,
2366,Froggos #2366,121,319.983029271,8,Dark Blue,Orange,Light Pink,Bee Jason,Cross,Yellowow,,Skull,,Bubble,
1720,Froggos #1720,122,318.9848009077,8,Aqua,Green,Bubblegum,Snake,Springs,White,,,smol backwards green,Purple Junoca,
1936,Froggos #1936,123,318.8327639551,8,Pink Choque,Purple,Light Yellowow,,Cross,White,Party Glasses,,smol backwards green,Orange Nalon,
1030,Froggos #1030,124,318.274662886,8,Red Ketchup,Yellowow,Orangelo,,Cross,White,Bandages,,Aviator,Toxic Green Long Wave,
2158,Froggos #2158,125,317.2503994887,9,Musgow,Orange,Orangelo,Snake,Dot,Yellowow,Broken Glasses,,Halo,Red Arrowhead,
652,Froggos #652,126,317.1834280643,8,Yellowow,Orange,Orangelo,Racer,Cockeyed,Orange,,,Blue Fisherman,Orange Queta,
777,Froggos #777,127,315.0913560376,8,White Snow,Green,Orangelo,,Big,Blue,Broken Glasses,,EVA 01,Red Boyalo,
1870,Froggos #1870,128,313.5553775155,8,Pink Choque,Orange,Light Pink,,Normal,Blue,Cute Face,,Birthday,Orange Granular,
2016,Froggos #2016,129,312.7266862659,8,Yellowow,Green,Light Yellowow,Flame Heart,Cockeyed,White,,,Aviator,Toxic Green Boyalo,
145,Froggos #145,130,312.2750305905,9,Yellowow,Orange,White,Skull,Normal,Red,Dark Circles,,Top Hat,Red Squares,
2370,Froggos #2370,131,311.474199105,9,Dark Blue,Orange,Orangelo,Snake,Flat,White,Clown,,Aviator,Blue Queta,
260,Froggos #260,132,310.9606849991,8,Red Ketchup,Yellowow,Orangelo,,smol,Blue,Blue Glasses,,Birthday,Red Poison Dark,
2058,Froggos #2058,133,310.4501106834,8,Black,Orange,Salmon,,smol,Green,Clown,,Green Fisherman,Toxic Green Granular,
1220,Froggos #1220,134,309.7136397881,8,Yellowow,Orange,Light Green,Seamed,Cockeyed,Green,,,Blue Fisherman,Purple Granular,
2144,Froggos #2144,135,309.4412005322,7,Toxic Purple,Green,Tutti,,smol,Purple,,,Purple Spikes,Aqua Boyalo,
2451,Froggos #2451,136,308.7745818521,7,Black,Yellowow,Light Yellowow,,Springs,Yellowow,,,smol backwards purple,Orange Lich,
311,Froggos #311,137,308.5159808584,8,Red Ketchup,Green,Orangelo,Aliens,smol,White,,,Halo,Aqua Boyalo,
1738,Froggos #1738,138,307.7722985597,7,Aqua,Orange,Orangelo,,smol,White,,,Pirate,Yellowow Koba,
489,Froggos #489,139,307.4195634971,8,Aqua,Green,Light Pink,F$#!,Cross,Orange,,,Bunny,Lich,
1999,Froggos #1999,140,306.206172011,8,Yellowow,Green,Orangelo,Racer,Normal,Purple,Monocle,,,Purple Queta,
44,Froggos #44,141,305.362560299,9,Musgow,Orange,Light Pink,F$#!,Big,Purple,,Bandages,Red Spikes,Yellowow Spikes,
701,Froggos #701,142,305.1949834069,9,Yellowow,Orange,Light Pink,Seamed,Cockeyed,Red,Bloody Nose,,Halloween Knife,Orange Bubble,
958,Froggos #958,143,304.4003886636,7,Toxic Purple,Green,Orangelo,,Big,Purple,,,Red Fisherman,Purple Poison Dark,
2361,Froggos #2361,144,304.045922237,8,Red Ketchup,Yellowow,Light Pink,Racer,Normal,White,,,Blue Fisherman,Yellowow Queta,
127,Froggos #127,145,303.7120101533,7,Yellowow,Orange,Light Green,,Snake,Yellowow,Red Glasses,,,Yellowow Koba,
746,Froggos #746,146,302.706047437,8,Pink Choque,Green,Salmon,,Dot,Yellowow,Blue Glasses,,Dumb,Toxic Green Long Wave,
761,Froggos #761,147,300.7866946939,8,Dark Blue,Orange,Light Yellowow,,Normal,Orange,Bloody Nose,,EVA 01,Toxic Green Granular,
1204,Froggos #1204,148,300.6754736588,9,Dark Blue,Orange,Light Yellowow,,Springs,Purple,Monocle,Bandages,Leaf,Orange Koba,
877,Froggos #877,149,299.1124798067,9,Aqua,Green,Light Green,Skull,Big,Blue,,Skull,Blue Fisherman,Aqua Lich,
1974,Froggos #1974,150,298.8353714098,8,Yellowow,Orange,Light Green,Lizzzard,Cat,Blue,Robin,,,Purple Cururu,
498,Froggos #498,151,298.5947112803,7,White Snow,Yellowow,Light Pink,,Cockeyed,White,,,Aviator,Purple Poison Dark,
1472,Froggos #1472,152,296.0819357885,8,Yellowow,Purple,Salmon,,Cat,White,Blue Glasses,,Green Fisherman,Bubble,
733,Froggos #733,153,295.4984447623,9,Red Ketchup,Purple,Salmon,Mad Forg,Big,White,Scars,,Bunny,Red Nalon,
2315,Froggos #2315,154,295.4396460035,6,Red Ketchup,Yellowow,Light Green,,Snake,White,,,,Toxic Green Junoca,
1465,Froggos #1465,155,294.6312456586,8,Pink Choque,Green,Salmon,Seamed,Cross,Blue,,,Forg,Blue Bubble,
2181,Froggos #2181,156,294.2368080166,9,Black,Green,Light Yellowow,Lizzzard,Springs,Green,Dark Circles,,Fancy,Yellowow Spikes,
191,Froggos #191,157,294.1939939021,8,Musgow,Green,Salmon,Mad Forg,Normal,Blue,Bandages,,,Yellowow Koba,
750,Froggos #750,158,293.0939179322,9,Red Ketchup,Purple,Tutti,Flame Heart,Normal,Dark Purple,Bloody Nose,,Bunny,Aqua Granular,
510,Froggos #510,159,292.9707106351,8,Musgow,Yellowow,Salmon,,Dot,Purple,Dark Circles,,Blue Fisherman,Bubble,
594,Froggos #594,160,291.949725296,6,Dark Blue,Yellowow,Salmon,,Cat,Green,,,,Toxic Green Lich,
1290,Froggos #1290,161,291.8832091452,8,Musgow,Orange,Light Yellowow,,Springs,Blue,Bandages,,Purple Spikes,Toxic Green Poison Dark,
1474,Froggos #1474,162,291.7702347096,9,Dark Blue,Yellowow,Light Yellowow,Racer,smol,Blue,Red Glasses,,Sailor,Orange Bubble,
91,Froggos #91,163,290.9978984248,8,Red Ketchup,Orange,Light Yellowow,Sport Green,Cross,Green,,,Cool,Queta,
1688,Froggos #1688,164,290.9467600657,8,Musgow,Blue,Bubblegum,Sport Blue,Cat,Purple,,,Red Fisherman,Lich,
2459,Froggos #2459,165,290.4184447748,7,Aqua,Blue,Orangelo,,Normal,Black,,,Forg,Aqua Poison Dark,
2399,Froggos #2399,166,289.6868155628,8,Musgow,Yellowow,Light Green,Sport Blue,Normal,White,,,Red Fisherman,Queta,
1005,Froggos #1005,167,289.5296455022,7,Pink Choque,Green,Light Green,,Normal,Red,,,Orange Spikes,Orange Long Wave,
1006,Froggos #1006,168,289.0324993391,8,Yellowow,Purple,Light Green,,Dot,Green,Dark Circles,,Red Spikes,Purple Boyalo,
1947,Froggos #1947,169,288.9993165913,8,Red Ketchup,Purple,Light Green,Racer,Big,Black,,,Green Fisherman,Yellowow Squares,
1455,Froggos #1455,170,288.0342001889,8,Black,Purple,Bubblegum,F$#!,Dot,Yellowow,Eye Patch,,,Blue Junoca,
1334,Froggos #1334,171,287.6589511412,8,Dark Blue,Yellowow,Light Pink,Gardener,Cross,Yellowow,,,Cool,Purple Boyalo,
1113,Froggos #1113,172,287.2869806811,9,White Snow,Yellowow,Salmon,Mad,Normal,White,Broken Glasses,,EVA 01,Blue Arrowhead,
2359,Froggos #2359,173,287.1086691446,9,Black,Orange,Salmon,F$#!,Snake,White,Monocle,,Blue Fisherman,Red Squares,
894,Froggos #894,174,287.0690762475,9,White Snow,Orange,Light Pink,Aliens,Flat,Green,Robin,,Top Hat,Yellowow Squares,
1519,Froggos #1519,175,286.4471445408,9,Dark Blue,Orange,Salmon,Bee Jason,Normal,White,,Bandages,Cool,Lich,
1725,Froggos #1725,176,286.405560843,7,Aqua,Orange,Light Yellowow,,Normal,Dark Purple,,,Fancy,Purple Granular,
222,Froggos #222,177,286.0580860916,8,Aqua,Yellowow,Tutti,Traveler,Normal,Yellowow,,,Red Fisherman,Purple Bubble,
546,Froggos #546,178,285.9832599478,8,Yellowow,Purple,Bubblegum,Lizzzard,Normal,Red,Eye Patch,,,Yellowow Cururu,
8,Froggos #8,179,285.1725567459,8,White Snow,Purple,White,Crazy Flames,smol,Green,,,smol backwards purple,Purple Junoca,
911,Froggos #911,180,285.0517466898,9,Dark Blue,Purple,Salmon,Bee Jason,Normal,Green,Monocle,,Red Fisherman,Blue Lich,
1513,Froggos #1513,181,284.3353989946,7,Yellowow,Yellowow,Light Pink,,Cat,White,Red Glasses,,,Toxic Green Lich,
419,Froggos #419,182,284.1996473629,7,Red Ketchup,Green,Orangelo,,Normal,Yellowow,,Bandages,,Cururu,
2408,Froggos #2408,183,283.4077360441,8,Red Ketchup,Blue,Bubblegum,Meka,Springs,White,Broken Glasses,,,Red Lich,
1082,Froggos #1082,184,283.0378977423,9,Pink Choque,Orange,Light Pink,Mad Forg,Normal,Purple,,Bandages,Orange Spikes,Aqua Boyalo,
1198,Froggos #1198,185,282.8308308997,8,Black,Purple,Orangelo,,Normal,Green,Scars,,Red Spikes,Red Lich,
242,Froggos #242,186,280.8245443355,8,Aqua,Purple,Salmon,Meka,Flat,White,,,Birthday,Yellowow Cururu,
1087,Froggos #1087,187,280.7923657132,8,Yellowow,Green,Light Green,,Cockeyed,White,,Skull,Orange Spikes,Blue Lich,
783,Froggos #783,188,280.6371326836,8,Yellowow,Purple,White,Mad Forg,Normal,Green,smol glasses,,,Toxic Green Poison Dark,
144,Froggos #144,189,280.4334785197,9,White Snow,Orange,Light Yellowow,,Cat,White,Party Glasses,Bandages,Forg,Orange Arrowhead,
643,Froggos #643,190,279.7740322338,6,Yellowow,Yellowow,Bubblegum,,Flat,Blue,,,,Yellowow Koba,
1537,Froggos #1537,191,279.3859638788,6,Aqua,Orange,Orangelo,,Cockeyed,Red,,,,Toxic Green Junoca,
1148,Froggos #1148,192,278.826579152,7,Aqua,Yellowow,Light Green,Snake,Dot,White,,,,Cururu,
940,Froggos #940,193,278.3992348899,7,Red Ketchup,Yellowow,Orangelo,,Dead,White,,,Top Hat,Yellowow Lich,
867,Froggos #867,194,278.2844324606,8,Red Ketchup,Purple,Salmon,Meka,Big,Green,Blue Glasses,,,Red Spikes,
253,Froggos #253,195,277.9959410884,7,Musgow,Orange,Light Green,Mad Forg,Cockeyed,Yellowow,,,,Poison Dark,
4,Froggos #4,196,277.793664666,8,Dark Blue,Purple,Orangelo,,Springs,White,Bloody Nose,,Flower,Yellowow Spikes,
2185,Froggos #2185,197,277.0540771719,7,Red Ketchup,Yellowow,Orangelo,Lizzzard,smol,White,,,,Red Poison Dark,
1670,Froggos #1670,198,276.9911893577,7,Red Ketchup,Yellowow,Light Yellowow,,Cross,Blue,,,Leaf,Red Queta,
927,Froggos #927,199,276.9652293987,7,Musgow,Purple,Light Green,F$#!,Cross,Blue,,,,Toxic Green Boyalo,
631,Froggos #631,200,276.8616047894,8,Yellowow,Yellowow,Light Pink,Snake,Big,White,,,Birthday,Long Wave,
2100,Froggos #2100,201,276.7729191605,9,White Snow,Purple,Light Pink,Flame Heart,Springs,White,Party Glasses,,smol backwards purple,Blue Junoca,
856,Froggos #856,202,276.4945002162,9,Pink Choque,Orange,Light Pink,Lizzzard,Normal,Orange,Blue Glasses,,Birthday,Red Queta,
757,Froggos #757,203,276.1540454732,7,Black,Purple,Light Pink,,Normal,Green,,,smol backwards purple,Blue Boyalo,
913,Froggos #913,204,275.2616083637,9,Yellowow,Orange,Light Green,Bee Jason,Normal,Blue,Dark Circles,,Green Fisherman,Blue Lich,
1086,Froggos #1086,205,274.7504991149,7,Musgow,Purple,Tutti,,Cockeyed,Purple,,,Forg,Toxic Green Cururu,
597,Froggos #597,206,274.4749507584,7,Black,Purple,Light Pink,,Normal,Red,,,Pirate,Blue Lich,
1617,Froggos #1617,207,273.7595295137,9,Yellowow,Purple,Orangelo,Mad Forg,Snake,Blue,Bandages,,Fancy,Blue Long Wave,
1046,Froggos #1046,208,273.4823797087,7,Yellowow,Orange,Salmon,,Normal,Yellowow,,,Sailor,Poison Dark,
352,Froggos #352,209,273.2707578094,6,Dark Blue,Green,Light Pink,,Cockeyed,White,,,,Purple Poison Dark,
1364,Froggos #1364,210,272.1074279123,9,Black,Orange,Orangelo,Sport Blue,Cockeyed,Yellowow,Monocle,,Purple Spikes,Orange Squares,
1992,Froggos #1992,211,271.9730545444,7,Red Ketchup,Orange,Light Green,,Big,Orange,Robin,,,Red Arrowhead,
357,Froggos #357,212,270.6138848149,9,Red Ketchup,Purple,Light Yellowow,Crazy Flames,Cockeyed,White,Red Glasses,,Red Spikes,Blue Poison Dark,
1765,Froggos #1765,213,270.2800178545,8,Pink Choque,Orange,Light Green,,Flat,Green,smol glasses,,Bunny,Yellowow Long Wave,
818,Froggos #818,214,270.2327478593,8,Red Ketchup,Green,Light Green,,Flat,White,Dark Circles,,Bunny,Aqua Arrowhead,
2460,Froggos #2460,215,269.8382921516,7,Aqua,Green,Light Pink,Flame Heart,Normal,Blue,,,,Toxic Green Boyalo,
523,Froggos #523,216,268.9965539776,8,Dark Blue,Blue,White,F$#!,Normal,Purple,,,Blue Spikes,Aqua Queta,
1783,Froggos #1783,217,268.9668116352,9,Aqua,Green,Salmon,Snake,Cross,Blue,Scars,,Red Fisherman,Orange Junoca,
2051,Froggos #2051,218,268.2582468445,9,Pink Choque,Green,Bubblegum,Snake,Cockeyed,Blue,,Skull,Flower,Red Junoca,
396,Froggos #396,219,267.7098417938,7,Aqua,Purple,Tutti,,Cat,White,Robin,,,Aqua Spikes,
151,Froggos #151,220,266.2762212802,9,Red Ketchup,Orange,Light Green,Aliens,Cat,Orange,Red Glasses,,Red Fisherman,Orange Lich,
1808,Froggos #1808,221,266.2046681589,7,Toxic Purple,Purple,Bubblegum,,Snake,Red,,,Birthday,Purple Queta,
2173,Froggos #2173,222,265.7443885014,9,Musgow,Purple,Salmon,Crazy Flames,Normal,Orange,,Skull,Blue Fisherman,Aqua Arrowhead,
1184,Froggos #1184,223,265.2470968353,8,Musgow,Orange,Light Green,,Normal,White,Robin,Bandages,,Aqua Spikes,
277,Froggos #277,224,265.1382820028,8,Black,Green,Light Yellowow,,Flat,Red,Red Glasses,,Leaf,Purple Bubble,
1893,Froggos #1893,225,264.4956232802,8,Dark Blue,Yellowow,White,,Normal,White,Blue Glasses,,Sailor,Blue Queta,
1753,Froggos #1753,226,264.4242066411,8,Yellowow,Yellowow,Orangelo,Sport Blue,Dot,Yellowow,Blue Glasses,,,Long Wave,
320,Froggos #320,227,264.0576772497,7,Red Ketchup,Green,Light Yellowow,,Normal,Yellowow,,,Cool,Poison Dark,
2376,Froggos #2376,228,263.4649686512,7,Red Ketchup,Purple,Bubblegum,,Normal,Red,,,Pirate,Toxic Green Cururu,
1800,Froggos #1800,229,263.0366280375,9,Dark Blue,Purple,Light Green,Mad Forg,Flat,Blue,Red Glasses,,Halo,Orange Cururu,
2204,Froggos #2204,230,262.9677963857,8,Yellowow,Orange,Salmon,Seamed,Normal,White,,,Top Hat,Blue Long Wave,
1569,Froggos #1569,231,262.5520262759,8,Musgow,Orange,Bubblegum,Aliens,Big,White,,,Halloween Knife,Purple Long Wave,
1369,Froggos #1369,232,262.1409694562,8,Pink Choque,Purple,Salmon,Snake,Cockeyed,White,,,Pirate,Aqua Poison Dark,
1145,Froggos #1145,233,261.3219557188,7,Dark Blue,Orange,Light Yellowow,,Springs,Orange,,,Bunny,Yellowow Poison Dark,
1054,Froggos #1054,234,260.7272215219,8,Aqua,Yellowow,Bubblegum,,Dot,Red,Clown,,Red Fisherman,Purple Boyalo,
2143,Froggos #2143,235,260.6594364738,8,White Snow,Purple,Orangelo,Crazy Dog,Big,Yellowow,,,smol backwards purple,Blue Koba,
2412,Froggos #2412,236,260.0487572118,9,White Snow,Yellowow,Tutti,Aliens,Normal,Yellowow,Dark Circles,,Dumb,Purple Queta,
1093,Froggos #1093,237,259.9762988338,7,Pink Choque,Purple,Salmon,Traveler,Normal,White,,,,Red Granular,
39,Froggos #39,238,259.9356672708,8,White Snow,Orange,White,,Normal,Green,Dark Circles,,Blue Spikes,Red Long Wave,
1866,Froggos #1866,239,259.7033415554,9,Dark Blue,Orange,Orangelo,F$#!,Normal,Blue,Bandages,,Purple Spikes,Red Spikes,
326,Froggos #326,240,259.612597698,9,Yellowow,Purple,White,Lizzzard,Dot,Orange,Blue Glasses,,Blue Spikes,Red Koba,
429,Froggos #429,241,259.3231631783,8,White Snow,Green,Bubblegum,Crazy Flames,Normal,Red,,,Red Fisherman,Toxic Green Cururu,
1682,Froggos #1682,242,259.041486516,6,Musgow,Green,Light Green,,Cockeyed,Black,,,,Red Queta,
252,Froggos #252,243,258.4610871558,7,Yellowow,Purple,Bubblegum,,Cockeyed,White,,,Purple Spikes,Granular,
1788,Froggos #1788,244,258.2790184144,9,Pink Choque,Orange,Salmon,Sport Green,Dot,White,Bloody Nose,,Dumb,Orange Queta,
897,Froggos #897,245,258.1245664242,8,White Snow,Orange,Bubblegum,Seamed,Dot,Purple,,,Green Fisherman,Red Arrowhead,
890,Froggos #890,246,257.9115418623,7,Pink Choque,Green,Orangelo,,Big,Blue,,,Bunny,Orange Lich,
397,Froggos #397,247,257.8103313559,9,Dark Blue,Yellowow,Orangelo,Crazy Dog,Normal,Black,Blue Glasses,,Dumb,Red Spikes,
942,Froggos #942,248,257.78823564,9,White Snow,Orange,Light Yellowow,F$#!,Normal,Purple,Party Glasses,Bandages,,Blue Bubble,
2199,Froggos #2199,249,256.4278190596,8,Yellowow,Purple,Light Green,Racer,Cat,Red,,,Green Fisherman,Orange Granular,
1308,Froggos #1308,250,256.4152069191,8,White Snow,Blue,Salmon,,Dot,White,Scars,,Red Fisherman,Aqua Cururu,
1186,Froggos #1186,251,256.2131204103,8,Musgow,Green,Light Yellowow,Gardener,Normal,White,,,EVA 01,Aqua Poison Dark,
54,Froggos #54,252,255.9440047588,9,Red Ketchup,Yellowow,Orangelo,Crazy Dog,Normal,White,Monocle,,Sailor,Aqua Lich,
1889,Froggos #1889,253,255.7202959097,8,Red Ketchup,Yellowow,Orangelo,Sport Blue,Normal,Purple,,,smol backwards purple,Purple Nalon,
2190,Froggos #2190,254,254.5364232759,8,Red Ketchup,Purple,Light Pink,Sport Green,smol,Blue,,,Red Spikes,Aqua Boyalo,
1267,Froggos #1267,255,253.8780602996,9,Red Ketchup,Blue,Salmon,Sport Green,Cross,Purple,Party Glasses,,Cool,Blue Boyalo,
2118,Froggos #2118,256,253.5761973913,8,Dark Blue,Orange,Light Green,,Normal,Red,smol glasses,,Green Fisherman,Toxic Green Poison Dark,
1242,Froggos #1242,257,252.6797951035,9,White Snow,Yellowow,Salmon,Bee Jason,Flat,White,Broken Glasses,,Aviator,Yellowow Granular,
2165,Froggos #2165,258,252.3684945998,9,Pink Choque,Purple,Light Yellowow,F$#!,Cockeyed,Green,Dark Circles,,Green Fisherman,Red Cururu,
2122,Froggos #2122,259,252.2422849563,9,Yellowow,Green,Light Yellowow,Skull,Cockeyed,Green,Red Glasses,,Orange Spikes,Purple Koba,
1554,Froggos #1554,260,252.1031820576,9,Red Ketchup,Yellowow,Light Pink,Skull,Dot,Yellowow,Dark Circles,,Green Fisherman,Red Granular,
1065,Froggos #1065,261,251.893471574,8,White Snow,Green,Light Green,,Normal,White,Blue Glasses,,Halo,Purple Bubble,
492,Froggos #492,262,250.8367864233,8,Pink Choque,Green,Orangelo,Sport Green,Cockeyed,Yellowow,,,Aviator,Red Cururu,
2335,Froggos #2335,263,249.9813091346,6,Pink Choque,Yellowow,Light Yellowow,,Cat,Green,,,,Toxic Green Cururu,
2018,Froggos #2018,264,249.9564315851,8,White Snow,Green,Light Yellowow,,Dot,Orange,smol glasses,,Flower,Orange Squares,
2278,Froggos #2278,265,249.7036704044,9,Pink Choque,Orange,Orangelo,Flame Heart,Cockeyed,Purple,smol glasses,,Blue Fisherman,Red Arrowhead,
1876,Froggos #1876,266,249.3639931742,9,Dark Blue,Green,Bubblegum,Bee Jason,Big,Yellowow,,Bandages,Aviator,Purple Squares,
770,Froggos #770,267,249.2969702355,7,Red Ketchup,Yellowow,Tutti,,Dot,Yellowow,Blue Glasses,,,Blue Queta,
171,Froggos #171,268,248.7117275003,8,Red Ketchup,Purple,Tutti,,Normal,White,Red Glasses,,Orange Spikes,Toxic Green Poison Dark,
1248,Froggos #1248,269,248.4053645616,8,Red Ketchup,Purple,Light Pink,Crazy Dog,Normal,Yellowow,,,Cool,Long Wave,
570,Froggos #570,270,248.1349760195,8,Red Ketchup,Purple,Bubblegum,Snake,Flat,White,,,Birthday,Yellowow Queta,
1252,Froggos #1252,271,247.4378324551,8,Yellowow,Green,Tutti,Mad Forg,smol,Green,,,Top Hat,Aqua Lich,
634,Froggos #634,272,246.9592448928,9,White Snow,Green,Light Yellowow,Crazy Dog,Cockeyed,White,Bandages,,Dumb,Aqua Queta,
229,Froggos #229,273,246.6422371331,9,Red Ketchup,Yellowow,Light Yellowow,Bee Jason,Cockeyed,White,Red Glasses,,Red Fisherman,Red Queta,
1704,Froggos #1704,274,246.0611683307,7,Dark Blue,Green,Bubblegum,,Normal,White,,,Halloween Knife,Aqua Arrowhead,
2010,Froggos #2010,275,245.3713432245,9,Red Ketchup,Yellowow,Light Green,Bee Jason,smol,White,Dark Circles,,Flower,Orange Koba,
2450,Froggos #2450,276,244.837855037,9,Yellowow,Purple,Light Green,Flame Heart,Dot,Purple,Blue Glasses,,Red Fisherman,Yellowow Spikes,
460,Froggos #460,277,244.7366969538,8,Pink Choque,Orange,Tutti,Lizzzard,smol,White,Blue Glasses,,,Yellowow Spikes,
2217,Froggos #2217,278,244.5877310745,9,Yellowow,Green,Bubblegum,Aliens,Normal,White,Bloody Nose,,Blue Fisherman,Orange Lich,
2091,Froggos #2091,279,244.4952295365,8,Red Ketchup,Purple,Tutti,Sport Green,Cross,Red,,,Forg,Red Bubble,
931,Froggos #931,280,244.2335320133,9,Pink Choque,Green,Light Yellowow,Gardener,Springs,Green,Monocle,,Dumb,Aqua Spikes,
785,Froggos #785,281,244.1428186866,8,Aqua,Purple,Bubblegum,Sport Blue,Cross,White,Clown,,,Yellowow Queta,
1362,Froggos #1362,282,243.9111541344,8,Yellowow,Green,Light Pink,Mad Forg,Cockeyed,Purple,,,Orange Spikes,Aqua Lich,
1156,Froggos #1156,283,243.8881229005,9,Dark Blue,Orange,Light Green,Flame Heart,Springs,White,Broken Glasses,,Halloween Knife,Orange Bubble,
295,Froggos #295,284,243.8141961891,8,Red Ketchup,Yellowow,Light Pink,,smol,Black,Monocle,,Aviator,Aqua Spikes,
2075,Froggos #2075,285,242.9535136037,9,Dark Blue,Green,Light Pink,Lizzzard,smol,White,Blue Glasses,,Forg,Orange Spikes,
737,Froggos #737,286,242.5245916758,9,Musgow,Yellowow,Light Yellowow,,Normal,Red,Broken Glasses,Bandages,Birthday,Purple Cururu,
1099,Froggos #1099,287,242.3914575948,7,Red Ketchup,Purple,Light Pink,,Cockeyed,White,Robin,,,Aqua Junoca,
1824,Froggos #1824,288,242.3323742751,8,Pink Choque,Purple,Light Yellowow,Seamed,Big,Orange,,,Green Fisherman,Blue Squares,
724,Froggos #724,289,242.107982729,7,Yellowow,Green,Light Yellowow,,Dot,Dark Purple,Party Glasses,,,Purple Long Wave,
1640,Froggos #1640,290,241.3673023216,7,Red Ketchup,Yellowow,Light Pink,,Dot,Red,Spike Glasses,,,Red Lich,
1622,Froggos #1622,291,240.6892400072,8,Aqua,Purple,Orangelo,Traveler,Cockeyed,White,,,Green Fisherman,Yellowow Arrowhead,
382,Froggos #382,292,240.370124782,9,Yellowow,Green,Light Green,Mad Forg,Dot,Blue,,Bandages,Blue Fisherman,Orange Poison Dark,
1108,Froggos #1108,293,239.4972614622,8,Pink Choque,Blue,Light Pink,Flame Heart,Flat,Red,Blue Glasses,,,Red Squares,
522,Froggos #522,294,239.3923347354,9,Yellowow,Orange,Orangelo,Lizzzard,Cockeyed,White,Party Glasses,,Blue Fisherman,Purple Queta,
1217,Froggos #1217,295,239.1882656087,9,Pink Choque,Yellowow,Light Pink,Crazy Dog,Big,Red,Bloody Nose,,Blue Fisherman,Red Long Wave,
661,Froggos #661,296,239.1527718551,7,Red Ketchup,Orange,Light Yellowow,,Big,Purple,,,Blue Spikes,Yellowow Poison Dark,
1155,Froggos #1155,297,238.9432565438,8,Musgow,Orange,Light Pink,Gardener,Cockeyed,Yellowow,,,Cracked Crown,Purple Junoca,
1299,Froggos #1299,298,238.272857104,8,Red Ketchup,Yellowow,Bubblegum,Sport Green,Normal,Purple,,,Cracked Crown,Red Long Wave,
1124,Froggos #1124,299,238.2691972899,9,Aqua,Green,Bubblegum,Crazy Dog,Normal,Purple,Broken Glasses,,Cool,Orange Poison Dark,
1212,Froggos #1212,300,237.9793783283,8,Red Ketchup,Yellowow,White,Sport Blue,Normal,White,,,Blue Fisherman,Red Squares,
1059,Froggos #1059,301,237.9400195759,9,Musgow,Green,White,F$#!,Normal,Purple,Party Glasses,,Dumb,Aqua Bubble,
839,Froggos #839,302,237.3491434518,8,Yellowow,Yellowow,Bubblegum,,Normal,Blue,Scars,,Birthday,Red Nalon,
1774,Froggos #1774,303,237.0643952362,8,Pink Choque,Purple,Salmon,Sport Blue,Normal,Yellowow,,,Aviator,Red Long Wave,
475,Froggos #475,304,236.5559911343,8,Musgow,Green,Tutti,,Normal,Yellowow,Broken Glasses,,Bunny,Red Koba,
1375,Froggos #1375,305,236.402100904,7,Red Ketchup,Green,Light Pink,,Cockeyed,White,,,Halo,Blue Squares,
1814,Froggos #1814,306,236.0525141616,9,Aqua,Yellowow,Light Green,Snake,Flat,White,Monocle,,Blue Fisherman,Blue Long Wave,
1559,Froggos #1559,307,235.6461447319,8,Black,Orange,Bubblegum,Seamed,Cross,White,,,Blue Fisherman,Purple Koba,
1431,Froggos #1431,308,235.3091582535,8,Red Ketchup,Yellowow,Light Green,F$#!,Big,Dark Purple,,,Pirate,Aqua Squares,
129,Froggos #129,309,234.6313735524,9,Yellowow,Green,Tutti,Sport Green,Flat,Green,Bandages,,Forg,Aqua Cururu,
520,Froggos #520,310,234.3224199328,8,Red Ketchup,Yellowow,Light Pink,Aliens,Normal,White,,,Leaf,Red Koba,
422,Froggos #422,311,234.0215510769,9,Red Ketchup,Green,Light Green,Aliens,Normal,White,Broken Glasses,,Cracked Crown,Purple Arrowhead,
418,Froggos #418,312,233.6327606644,7,Dark Blue,Green,Light Yellowow,Mad Forg,Cockeyed,Red,,,,Toxic Green Cururu,
1238,Froggos #1238,313,233.2886987026,9,Pink Choque,Purple,Light Pink,,Springs,White,Party Glasses,Skull,Aviator,Orange Junoca,
1553,Froggos #1553,314,233.2779287209,9,Aqua,Green,Light Pink,Bee Jason,smol,White,Clown,,EVA 01,Orange Arrowhead,
1521,Froggos #1521,315,232.3110601039,8,Dark Blue,Orange,Salmon,,Normal,White,Clown,,Blue Spikes,Aqua Queta,
1268,Froggos #1268,316,232.221200924,8,Musgow,Yellowow,Salmon,Crazy Dog,Normal,Green,,,Top Hat,Red Queta,
1048,Froggos #1048,317,232.1891016867,7,Pink Choque,Green,Light Pink,,Big,Black,Bandages,,,Red Granular,
813,Froggos #813,318,232.1831188525,8,Pink Choque,Blue,Light Yellowow,,Springs,Blue,Broken Glasses,,Purple Spikes,Blue Junoca,
2422,Froggos #2422,319,232.1093562916,8,Yellowow,Purple,Light Pink,Seamed,Dot,Green,Blue Glasses,,,Aqua Junoca,
1508,Froggos #1508,320,232.0790944133,8,Pink Choque,Purple,Orangelo,,Flat,Yellowow,Bloody Nose,,Pirate,Orange Spikes,
738,Froggos #738,321,231.902156986,8,Toxic Purple,Yellowow,Bubblegum,F$#!,smol,Yellowow,Clown,,,Aqua Nalon,
183,Froggos #183,322,231.608591572,7,White Snow,Yellowow,Orangelo,,Normal,Green,Red Glasses,,,Blue Queta,
1869,Froggos #1869,323,231.3692255113,9,Aqua,Green,Light Pink,Lizzzard,smol,White,Bandages,,Forg,Purple Arrowhead,
1205,Froggos #1205,324,231.2339219069,7,Musgow,Green,Light Pink,,smol,Yellowow,,,Forg,Yellowow Spikes,
2082,Froggos #2082,325,230.98462245,8,Dark Blue,Yellowow,Bubblegum,Flame Heart,Dot,Blue,,,Flower,Purple Cururu,
209,Froggos #209,326,230.7939110737,8,Red Ketchup,Green,Salmon,Sport Green,Flat,White,,,Red Spikes,Blue Bubble,
1402,Froggos #1402,327,230.6589543624,8,Dark Blue,Yellowow,Bubblegum,Crazy Dog,Normal,Orange,,,Sailor,Granular,
279,Froggos #279,328,230.634132302,9,Musgow,Yellowow,Salmon,F$#!,Springs,Blue,Blue Glasses,,Blue Spikes,Orange Boyalo,
2130,Froggos #2130,329,230.4867292185,9,Pink Choque,Orange,Orangelo,Sport Green,Normal,Purple,Clown,,Fancy,Aqua Nalon,
2449,Froggos #2449,330,230.2325789324,9,Aqua,Green,Light Green,Sport Green,Cross,White,Red Glasses,,Pirate,Blue Spikes,
2469,Froggos #2469,331,230.0259707398,8,Toxic Purple,Blue,Orangelo,Bee Jason,Normal,Green,,,Green Fisherman,Yellowow Granular,
1916,Froggos #1916,332,229.9337290485,7,Pink Choque,Orange,Light Pink,,smol,Blue,,,Forg,Aqua Arrowhead,
1284,Froggos #1284,333,229.8191831958,7,Yellowow,Blue,Light Pink,Traveler,smol,White,,,,Yellowow Squares,
615,Froggos #615,334,229.794801203,8,Black,Purple,Orangelo,,Cat,Orange,Red Glasses,,Flower,Orange Junoca,
1095,Froggos #1095,335,229.5106224076,8,Dark Blue,Yellowow,Bubblegum,,Normal,Green,Clown,,Birthday,Purple Long Wave,
1188,Froggos #1188,336,229.2932461133,9,Dark Blue,Purple,Light Green,Crazy Flames,Normal,Purple,,Skull,Blue Fisherman,Yellowow Bubble,
866,Froggos #866,337,228.7001783011,7,Toxic Purple,Green,Bubblegum,,Cat,Purple,Party Glasses,,,Yellowow Bubble,
1623,Froggos #1623,338,228.674666126,8,Yellowow,Yellowow,Light Yellowow,Crazy Flames,Cockeyed,Orange,,,Blue Fisherman,Granular,
706,Froggos #706,339,228.4941731413,7,Musgow,Green,White,Mad Forg,Cockeyed,Purple,,,,Granular,
650,Froggos #650,340,228.4491271053,8,Musgow,Yellowow,Bubblegum,,Flat,White,Monocle,,Green Fisherman,Yellowow Poison Dark,
1000,Froggos #1000,341,228.1657920891,7,White Snow,Purple,Salmon,,Cockeyed,White,,,Green Fisherman,Long Wave,
1484,Froggos #1484,342,227.9818168418,8,Aqua,Green,Tutti,Skull,smol,Red,Bandages,,,Red Koba,
1013,Froggos #1013,343,227.8447795289,8,Toxic Purple,Green,Salmon,Skull,Big,Orange,,,Sailor,Orange Squares,
2430,Froggos #2430,344,227.6876654754,8,White Snow,Blue,Light Green,,Normal,Green,Broken Glasses,,Dumb,Aqua Queta,
2432,Froggos #2432,345,227.5307907536,8,Pink Choque,Purple,Salmon,,Normal,Yellowow,Broken Glasses,,Orange Spikes,Blue Boyalo,
628,Froggos #628,346,227.3919609193,7,Musgow,Yellowow,Salmon,,Big,White,,,Green Fisherman,Purple Boyalo,
2258,Froggos #2258,347,226.8131907862,8,Aqua,Yellowow,Orangelo,,smol,Yellowow,Clown,,Fancy,Aqua Queta,
372,Froggos #372,348,226.5565030938,8,Pink Choque,Purple,Light Yellowow,,smol,White,Dark Circles,,Aviator,Red Bubble,
2312,Froggos #2312,349,226.4005170535,8,Aqua,Yellowow,Light Yellowow,Skull,Flat,Purple,,,Orange Spikes,Blue Nalon,
1298,Froggos #1298,350,226.2307354032,8,Aqua,Green,Light Yellowow,Flame Heart,smol,Red,Scars,,,Yellowow Squares,
971,Froggos #971,351,226.2099938357,8,Aqua,Orange,Light Yellowow,Mad Forg,Normal,Orange,Bandages,,,Orange Lich,
580,Froggos #580,352,226.1495890793,8,Red Ketchup,Purple,Tutti,Sport Blue,Springs,Orange,,,Cracked Crown,Orange Junoca,
1948,Froggos #1948,353,226.0111580885,9,Pink Choque,Purple,Light Green,Sport Green,Cat,White,Bandages,,Aviator,Purple Junoca,
645,Froggos #645,354,225.7566851088,9,Red Ketchup,Yellowow,Light Yellowow,Bee Jason,smol,Purple,Blue Glasses,,Orange Spikes,Purple Cururu,
2071,Froggos #2071,355,225.5055390045,7,Red Ketchup,Green,Light Green,,Cockeyed,Blue,,,Cool,Purple Granular,
454,Froggos #454,356,224.9679027455,7,Aqua,Green,White,,Normal,Orange,,,Birthday,Blue Poison Dark,
1880,Froggos #1880,357,224.8585179835,9,Toxic Purple,Green,Light Pink,Mad Forg,Normal,White,Bloody Nose,,Top Hat,Purple Arrowhead,
179,Froggos #179,358,224.3771873852,8,Pink Choque,Orange,Salmon,Sport Blue,Normal,Red,,,Cracked Crown,Yellowow Long Wave,
607,Froggos #607,359,224.3165947089,9,White Snow,Orange,Light Pink,Snake,Cat,Green,Red Glasses,,Aviator,Blue Junoca,
2137,Froggos #2137,360,223.9971974138,9,Aqua,Orange,Light Green,Sport Blue,Flat,Red,Monocle,,Aviator,Aqua Long Wave,
2487,Froggos #2487,361,223.9359822014,8,Red Ketchup,Purple,White,,Flat,Blue,Dark Circles,,Blue Spikes,Yellowow Boyalo,
1219,Froggos #1219,362,223.8595136151,8,Toxic Purple,Yellowow,Light Pink,Flame Heart,smol,White,,,Bunny,Orange Granular,
768,Froggos #768,363,223.1691225653,9,Aqua,Purple,Salmon,Bee Jason,Normal,Purple,Dark Circles,Skull,,Purple Bubble,
1383,Froggos #1383,364,222.3970913583,8,Black,Purple,Tutti,Bee Jason,Normal,White,,,Red Spikes,Orange Boyalo,
2418,Froggos #2418,365,221.964563527,7,Aqua,Orange,Tutti,,Normal,Green,,,Dumb,Yellowow Poison Dark,
836,Froggos #836,366,221.9230713368,8,Yellowow,Green,Bubblegum,,Springs,Blue,Blue Glasses,,Bunny,Purple Nalon,
508,Froggos #508,367,221.4153653884,8,Red Ketchup,Orange,Salmon,F$#!,Cross,Black,,,Pirate,Blue Arrowhead,
918,Froggos #918,368,221.01062118,9,Yellowow,Blue,Light Green,Sport Blue,Cockeyed,Red,Blue Glasses,,Blue Fisherman,Blue Cururu,
1673,Froggos #1673,369,220.9543031184,9,Pink Choque,Yellowow,Light Pink,Seamed,Cross,White,Blue Glasses,,Red Fisherman,Purple Lich,
800,Froggos #800,370,220.3470231085,8,Pink Choque,Yellowow,Orangelo,Mad Forg,Big,Purple,,,Purple Spikes,Orange Bubble,
1440,Froggos #1440,371,220.2862154634,8,Red Ketchup,Green,Light Yellowow,,Normal,Yellowow,Bandages,,Blue Spikes,Red Arrowhead,
1159,Froggos #1159,372,220.2506870139,7,Dark Blue,Green,Light Green,,Big,Purple,Party Glasses,,,Aqua Poison Dark,
451,Froggos #451,373,220.0573753101,8,Musgow,Purple,Salmon,,Cross,White,Bandages,,Blue Fisherman,Aqua Lich,
964,Froggos #964,374,220.0303453142,8,Yellowow,Yellowow,Light Green,Skull,Cockeyed,White,Red Glasses,,,Yellowow Junoca,
141,Froggos #141,375,220.0134478388,7,Aqua,Yellowow,Light Green,,Dot,White,,,Leaf,Yellowow Boyalo,
567,Froggos #567,376,219.860083035,8,Black,Yellowow,Light Yellowow,Snake,Big,Green,,,Cool,Purple Long Wave,
2027,Froggos #2027,377,219.4791214561,9,White Snow,Orange,Light Pink,Crazy Dog,Dot,Purple,Blue Glasses,,Fancy,Orange Boyalo,
686,Froggos #686,378,219.3624790684,8,Toxic Purple,Green,Orangelo,Sport Blue,Dot,Orange,,,Top Hat,Orange Boyalo,
1100,Froggos #1100,379,219.227496302,8,Yellowow,Orange,Light Yellowow,Skull,Cross,Green,,,Birthday,Aqua Spikes,
1699,Froggos #1699,380,219.0219556385,8,Pink Choque,Green,Orangelo,Flame Heart,Normal,White,,,Top Hat,Orange Queta,
959,Froggos #959,381,219.019195637,8,Black,Green,Tutti,Bee Jason,Cat,Red,Party Glasses,,,Red Lich,
2172,Froggos #2172,382,218.9268750746,7,Musgow,Purple,Light Yellowow,,Cat,Red,,,Pirate,Orange Spikes,
1993,Froggos #1993,383,218.5542515265,8,Pink Choque,Orange,Salmon,Seamed,Flat,White,,,Sailor,Orange Junoca,
2238,Froggos #2238,384,217.7222652398,8,Dark Blue,Purple,White,Flame Heart,Normal,Orange,Party Glasses,,,Yellowow Bubble,
1694,Froggos #1694,385,217.3378893672,8,Pink Choque,Orange,Orangelo,Lizzzard,Cross,White,,,Birthday,Red Granular,
1933,Froggos #1933,386,216.6776407966,8,Musgow,Green,Light Yellowow,,Big,Green,Red Glasses,,Birthday,Orange Spikes,
2148,Froggos #2148,387,216.6489035395,8,Dark Blue,Purple,Bubblegum,Gardener,Cockeyed,Yellowow,,,Birthday,Orange Junoca,
928,Froggos #928,388,216.5575089636,8,Toxic Purple,Yellowow,Bubblegum,Lizzzard,Snake,White,,,Blue Fisherman,Blue Koba,
185,Froggos #185,389,215.914950526,9,Red Ketchup,Purple,Salmon,F$#!,Normal,White,Party Glasses,,Birthday,Orange Boyalo,
1577,Froggos #1577,390,215.9119550712,7,White Snow,Purple,Orangelo,,Flat,Red,Clown,,,Orange Lich,
1648,Froggos #1648,391,215.6513296818,9,Aqua,Green,Light Pink,Crazy Dog,Normal,Blue,Dark Circles,,EVA 01,Aqua Bubble,
1407,Froggos #1407,392,215.414994256,8,Pink Choque,Green,Orangelo,Flame Heart,Cross,Dark Purple,Monocle,,,Orange Bubble,
348,Froggos #348,393,215.0988940945,8,White Snow,Green,Orangelo,Bee Jason,Cat,Green,Bloody Nose,,,Red Arrowhead,
455,Froggos #455,394,214.9442829885,8,Red Ketchup,Orange,Light Yellowow,,Dot,Blue,smol glasses,,EVA 01,Purple Koba,
493,Froggos #493,395,214.8329866593,8,Dark Blue,Yellowow,Bubblegum,Flame Heart,Cat,Blue,,,Blue Spikes,Orange Koba,
2092,Froggos #2092,396,214.7670947134,7,Dark Blue,Green,Orangelo,,Cross,Red,Robin,,,Blue Arrowhead,
83,Froggos #83,397,214.5526048931,8,Aqua,Yellowow,Light Green,Snake,Cat,Blue,,,Pirate,Orange Nalon,
1069,Froggos #1069,398,214.3356440955,9,Black,Green,Tutti,Sport Blue,Normal,Purple,Blue Glasses,,EVA 01,Orange Cururu,
666,Froggos #666,399,214.2960021398,8,Aqua,Orange,Light Pink,,Flat,Red,smol glasses,,Sailor,Yellowow Lich,
95,Froggos #95,400,213.7314711004,6,Musgow,Purple,Salmon,,Springs,Green,,,,Aqua Boyalo,
1718,Froggos #1718,401,213.6733050881,8,Red Ketchup,Yellowow,Light Pink,F$#!,Flat,White,,,Red Fisherman,Orange Queta,
589,Froggos #589,402,213.0127736597,7,Pink Choque,Orange,Bubblegum,,Cockeyed,Green,,,Sailor,Red Cururu,
1322,Froggos #1322,403,212.9533295834,7,Pink Choque,Purple,Light Pink,,Big,Blue,,,Aviator,Purple Queta,
2293,Froggos #2293,404,212.8345362658,8,Musgow,Purple,Light Green,,Normal,White,,Bandages,Dumb,Blue Long Wave,
2039,Froggos #2039,405,212.6057842227,8,Dark Blue,Yellowow,White,,Cross,White,Monocle,,Red Fisherman,Red Granular,
1833,Froggos #1833,406,212.0656212274,9,Yellowow,Orange,Light Yellowow,Bee Jason,Flat,Yellowow,Clown,,Birthday,Yellowow Arrowhead,
220,Froggos #220,407,211.4364200005,8,Red Ketchup,Green,Light Yellowow,,Flat,White,Bandages,,EVA 01,Purple Long Wave,
1859,Froggos #1859,408,211.3031392893,9,Red Ketchup,Purple,Light Yellowow,Sport Green,Normal,Blue,Bandages,,Orange Spikes,Blue Spikes,
1128,Froggos #1128,409,211.2421136464,9,Yellowow,Yellowow,Orangelo,Aliens,Normal,Blue,,Skull,Dumb,Blue Spikes,
2350,Froggos #2350,410,211.1467043887,7,Pink Choque,Purple,Bubblegum,Mad Forg,Cockeyed,Yellowow,,,,Aqua Arrowhead,
1084,Froggos #1084,411,211.1206870353,7,Yellowow,Purple,Orangelo,,Normal,White,,,Cracked Crown,Blue Bubble,
2059,Froggos #2059,412,211.0473184595,7,Black,Yellowow,Light Green,,smol,White,,,Pirate,Yellowow Junoca,
2438,Froggos #2438,413,210.8271775057,6,Dark Blue,Yellowow,Light Yellowow,,Big,Orange,,,,Red Cururu,
525,Froggos #525,414,210.6193406537,9,Musgow,Purple,Light Green,Bee Jason,Normal,Red,Bloody Nose,,Blue Spikes,Aqua Long Wave,
576,Froggos #576,415,210.5262824754,9,Dark Blue,Green,Orangelo,Lizzzard,Cross,Blue,Broken Glasses,,Fancy,Aqua Squares,
1568,Froggos #1568,416,210.134523529,6,Red Ketchup,Green,Light Yellowow,,Snake,Red,,,,Blue Long Wave,
432,Froggos #432,417,209.3261989578,7,Yellowow,Blue,Light Yellowow,,Normal,Red,,,smol backwards purple,Red Nalon,
2232,Froggos #2232,418,208.8508696462,8,Pink Choque,Yellowow,Light Yellowow,,Normal,White,Broken Glasses,,Pirate,Aqua Bubble,
842,Froggos #842,419,208.8376238412,8,Pink Choque,Green,Bubblegum,Snake,Normal,White,,,EVA 01,Blue Bubble,
789,Froggos #789,420,208.4387555464,8,Pink Choque,Purple,Bubblegum,Crazy Flames,Snake,Red,Clown,,,Orange Nalon,
146,Froggos #146,421,208.2293500917,8,Aqua,Blue,Orangelo,Flame Heart,Cockeyed,Yellowow,,,Fancy,Aqua Bubble,
152,Froggos #152,422,208.226554789,6,Red Ketchup,Purple,Orangelo,,Dot,Yellowow,,,,Aqua Poison Dark,
2029,Froggos #2029,423,208.0294623719,8,Red Ketchup,Purple,Salmon,,Normal,Purple,Bandages,,Purple Spikes,Orange Junoca,
1160,Froggos #1160,424,207.9375235642,8,Yellowow,Yellowow,Light Yellowow,,Springs,Purple,Broken Glasses,,Blue Fisherman,Aqua Queta,
875,Froggos #875,425,207.6943005295,9,Yellowow,Orange,Light Pink,Crazy Flames,Normal,Green,Dark Circles,,Cool,Blue Cururu,
1482,Froggos #1482,426,207.3706660341,7,Yellowow,Green,Bubblegum,,Springs,Dark Purple,,,EVA 01,Purple Arrowhead,
1023,Froggos #1023,427,207.2012704863,6,Musgow,Purple,Light Green,,smol,Purple,,,,Aqua Lich,
238,Froggos #238,428,206.9511760608,8,Dark Blue,Purple,Light Pink,,Normal,Orange,Dark Circles,,Halloween Knife,Yellowow Nalon,
1710,Froggos #1710,429,206.7050530773,8,Dark Blue,Green,Light Yellowow,,Big,Green,Bandages,,EVA 01,Orange Arrowhead,
239,Froggos #239,430,206.6313858903,8,White Snow,Orange,Salmon,,Normal,Purple,Blue Glasses,,Top Hat,Blue Boyalo,
1479,Froggos #1479,431,206.5456330429,8,Dark Blue,Purple,White,,Springs,Purple,Dark Circles,,EVA 01,Aqua Junoca,
2260,Froggos #2260,432,206.3790616348,7,Black,Orange,Light Yellowow,,Normal,White,Red Glasses,,,Orange Queta,
472,Froggos #472,433,206.2168088585,8,Yellowow,Orange,Bubblegum,Snake,smol,Red,,,Birthday,Blue Cururu,
1179,Froggos #1179,434,206.0309679495,9,Red Ketchup,Green,Orangelo,,Normal,White,Clown,Bandages,Sailor,Yellowow Boyalo,
1239,Froggos #1239,435,206.004854968,7,Pink Choque,Green,Light Yellowow,,Normal,White,Party Glasses,,,Toxic Green Poison Dark,
1042,Froggos #1042,436,205.8465129304,9,Pink Choque,Orange,Tutti,Crazy Dog,Normal,Blue,Party Glasses,,Green Fisherman,Purple Spikes,
2012,Froggos #2012,437,205.728500836,7,Dark Blue,Purple,Salmon,,Normal,White,Party Glasses,,,Red Cururu,
102,Froggos #102,438,205.6878417744,9,Red Ketchup,Purple,Light Pink,Sport Green,Flat,White,Party Glasses,,Dumb,Blue Spikes,
1303,Froggos #1303,439,205.3194740127,9,White Snow,Yellowow,Bubblegum,Snake,Springs,Yellowow,Clown,,Blue Fisherman,Aqua Cururu,
2391,Froggos #2391,440,204.7761165975,8,Black,Orange,Tutti,,Springs,Red,,Bandages,Red Fisherman,Aqua Spikes,
779,Froggos #779,441,204.744296166,8,Red Ketchup,Green,Orangelo,Flame Heart,Flat,Blue,smol glasses,,,Purple Nalon,
636,Froggos #636,442,204.2424393994,8,Red Ketchup,Yellowow,Tutti,,Flat,Orange,Bloody Nose,,Green Fisherman,Yellowow Junoca,
975,Froggos #975,443,204.134807258,8,Red Ketchup,Purple,Orangelo,Snake,Cockeyed,Blue,,,Fancy,Red Granular,
2141,Froggos #2141,444,203.9016158117,9,Musgow,Purple,Salmon,Sport Green,Normal,White,Broken Glasses,,Fancy,Blue Nalon,
1189,Froggos #1189,445,203.5721501456,8,White Snow,Green,Light Pink,Mad Forg,Dot,Orange,,,Orange Spikes,Blue Cururu,
2161,Froggos #2161,446,203.3586088886,7,Aqua,Yellowow,Orangelo,,Big,White,,,Orange Spikes,Orange Poison Dark,
1354,Froggos #1354,447,203.0699664181,8,Pink Choque,Purple,Bubblegum,,Cross,White,Clown,,Pirate,Yellowow Cururu,
1769,Froggos #1769,448,202.5952507114,9,Yellowow,Green,Salmon,F$#!,Normal,Orange,Blue Glasses,,Top Hat,Aqua Bubble,
2316,Froggos #2316,449,202.1392157879,8,Pink Choque,Purple,Orangelo,Snake,Normal,White,,,Dumb,Red Long Wave,
1719,Froggos #1719,450,202.1084545065,6,Red Ketchup,Orange,Light Pink,,Flat,Black,,,,Red Koba,
2244,Froggos #2244,451,202.0081156505,8,Dark Blue,Orange,Salmon,Snake,Flat,Dark Purple,Dark Circles,,,Orange Cururu,
1074,Froggos #1074,452,201.9084041257,7,Musgow,Yellowow,Bubblegum,,Cockeyed,Blue,,,Red Fisherman,Yellowow Poison Dark,
532,Froggos #532,453,201.5808652398,8,Yellowow,Green,Salmon,Crazy Flames,Cross,Green,smol glasses,,,Orange Granular,
599,Froggos #599,454,201.1972802175,8,Dark Blue,Blue,Bubblegum,,Normal,Blue,Bandages,,Green Fisherman,Yellowow Granular,
2159,Froggos #2159,455,201.1873232923,8,Dark Blue,Orange,Salmon,Flame Heart,Normal,Black,,,Cool,Orange Nalon,
2496,Froggos #2496,456,201.1570328808,6,White Snow,Green,Salmon,,Snake,Red,,,,Yellowow Junoca,
1280,Froggos #1280,457,201.1474111224,7,Toxic Purple,Green,Light Pink,,Springs,Red,Broken Glasses,,,Blue Squares,
587,Froggos #587,458,201.1224698163,8,Yellowow,Purple,Light Green,,Normal,Green,,Skull,Cracked Crown,Aqua Squares,
1714,Froggos #1714,459,200.7316866899,9,Dark Blue,Purple,Tutti,Aliens,Dot,White,Broken Glasses,,Top Hat,Purple Lich,
273,Froggos #273,460,200.5900502697,6,Musgow,Yellowow,Light Green,,Normal,Green,,,,Toxic Green Poison Dark,
2406,Froggos #2406,461,200.5038314637,9,Red Ketchup,Purple,Light Green,Aliens,Flat,Blue,Red Glasses,,Top Hat,Blue Koba,
1114,Froggos #1114,462,200.468140537,8,Musgow,Yellowow,Salmon,Crazy Flames,Normal,White,,,Cracked Crown,Blue Koba,
1749,Froggos #1749,463,200.3674011122,8,Black,Green,Light Pink,Aliens,Flat,Green,,,Sailor,Aqua Bubble,
936,Froggos #936,464,199.9662057676,7,Red Ketchup,Blue,White,,Cross,Purple,,,Blue Fisherman,Aqua Nalon,
184,Froggos #184,465,199.9610798189,7,Aqua,Yellowow,Orangelo,Flame Heart,smol,White,,,,Aqua Boyalo,
113,Froggos #113,466,199.767556252,8,Dark Blue,Green,Orangelo,Mad Forg,Big,Red,,,Blue Fisherman,Blue Long Wave,
1026,Froggos #1026,467,199.7025389407,8,Yellowow,Purple,Light Green,Aliens,Normal,Green,,,Red Spikes,Orange Boyalo,
1127,Froggos #1127,468,199.0783050587,7,Yellowow,Purple,Light Pink,,Flat,Black,Bandages,,,Purple Junoca,
186,Froggos #186,469,199.0143938546,7,Yellowow,Purple,Salmon,Bee Jason,Normal,Black,,,,Purple Arrowhead,
524,Froggos #524,470,198.9791561309,7,Yellowow,Orange,Light Yellowow,,Cockeyed,Blue,,,Cool,Aqua Poison Dark,
1347,Froggos #1347,471,198.8777780146,7,White Snow,Blue,Light Pink,,Snake,Blue,,,Top Hat,Purple Squares,
2345,Froggos #2345,472,198.7820366732,7,White Snow,Purple,Light Green,,Normal,Red,,,Blue Spikes,Red Arrowhead,
1827,Froggos #1827,473,198.3243757918,8,Red Ketchup,Purple,Salmon,Flame Heart,Normal,Dark Purple,,,Red Fisherman,Orange Koba,
2162,Froggos #2162,474,198.1286667129,8,Black,Purple,Light Yellowow,Flame Heart,Cat,Yellowow,,,Dumb,Aqua Koba,
561,Froggos #561,475,198.0997400794,7,Black,Orange,Bubblegum,Snake,Normal,Orange,,,,Red Bubble,
1918,Froggos #1918,476,197.9455212496,8,Aqua,Orange,Light Yellowow,,smol,White,,Bandages,EVA 01,Blue Cururu,
76,Froggos #76,477,197.68464276,7,Yellowow,Orange,Light Yellowow,,Big,White,,,Cool,Yellowow Queta,
1003,Froggos #1003,478,197.427972658,7,Pink Choque,Purple,Orangelo,,smol,Blue,,,Blue Fisherman,Granular,
1902,Froggos #1902,479,197.1208085644,8,White Snow,Green,Light Yellowow,,Big,Yellowow,Bloody Nose,,Green Fisherman,Aqua Nalon,
14,Froggos #14,480,197.0207590179,7,Musgow,Blue,Light Yellowow,,Normal,White,,,Pirate,Aqua Bubble,
2428,Froggos #2428,481,196.9552252928,7,Red Ketchup,Yellowow,Light Pink,Mad Forg,Normal,Green,,,,Red Squares,
1868,Froggos #1868,482,196.256937258,8,White Snow,Green,Salmon,Crazy Flames,Cat,Blue,,,Orange Spikes,Yellowow Arrowhead,
578,Froggos #578,483,196.253961003,9,Yellowow,Green,Salmon,Crazy Flames,Normal,Green,Dark Circles,,Fancy,Orange Granular,
2252,Froggos #2252,484,195.8061846007,7,Pink Choque,Green,Light Yellowow,Sport Blue,Cat,Purple,,,,Orange Spikes,
904,Froggos #904,485,195.4726223883,9,Red Ketchup,Yellowow,Light Green,Crazy Flames,smol,White,Bloody Nose,,Blue Fisherman,Aqua Junoca,
2222,Froggos #2222,486,195.3631366771,7,Red Ketchup,Purple,Salmon,,Springs,Purple,,,Top Hat,Blue Bubble,
528,Froggos #528,487,195.2874184407,8,White Snow,Green,Orangelo,,Springs,Purple,,Bandages,Sailor,Aqua Koba,
182,Froggos #182,488,195.162544957,8,Yellowow,Yellowow,Light Pink,Sport Green,Cross,White,,,Green Fisherman,Blue Poison Dark,
1175,Froggos #1175,489,195.054538983,9,Yellowow,Orange,Light Yellowow,Mad Forg,Cross,White,Dark Circles,,Blue Fisherman,Yellowow Long Wave,
1752,Froggos #1752,490,194.8644974003,8,Red Ketchup,Green,Light Pink,Sport Green,Cockeyed,Green,,,Top Hat,Yellowow Junoca,
2490,Froggos #2490,491,194.8586516657,8,Aqua,Purple,Light Yellowow,,smol,Yellowow,Clown,,Cool,Red Granular,
350,Froggos #350,492,194.5902515986,7,Red Ketchup,Blue,Salmon,,Big,Dark Purple,,,Blue Fisherman,Orange Nalon,
1584,Froggos #1584,493,194.081168226,8,Yellowow,Yellowow,Light Yellowow,Sport Blue,Flat,Green,,,Dumb,Purple Bubble,
2343,Froggos #2343,494,193.9903562856,7,Toxic Purple,Orange,Orangelo,,Snake,White,,,Red Fisherman,Blue Spikes,
340,Froggos #340,495,193.7719219503,9,Yellowow,Orange,Orangelo,Mad Forg,Springs,White,Bloody Nose,,Dumb,Red Lich,
1594,Froggos #1594,496,193.4781750367,7,Yellowow,Green,Light Yellowow,,Dot,Purple,,,EVA 01,Orange Poison Dark,
1361,Froggos #1361,497,193.4694815785,7,Dark Blue,Yellowow,Light Pink,,Normal,Purple,,,Red Fisherman,Red Squares,
747,Froggos #747,498,193.2316331199,7,Musgow,Purple,Light Yellowow,,Cross,White,Party Glasses,,,Blue Poison Dark,
425,Froggos #425,499,193.217504866,7,Aqua,Yellowow,Light Yellowow,,Big,White,,,Forg,Red Arrowhead,
308,Froggos #308,500,192.9442202362,8,Pink Choque,Yellowow,Light Pink,Aliens,Cockeyed,Green,,,Aviator,Red Lich,
906,Froggos #906,501,192.7851849514,7,Musgow,Yellowow,Salmon,,Springs,Purple,Dark Circles,,,Orange Poison Dark,
812,Froggos #812,502,192.7814317689,8,Yellowow,Blue,Orangelo,Flame Heart,Flat,White,,Bandages,,Purple Koba,
1934,Froggos #1934,503,192.5673746797,8,Aqua,Blue,Light Green,F$#!,Cat,Yellowow,,,Blue Fisherman,Orange Boyalo,
1270,Froggos #1270,504,192.4633667057,8,Musgow,Green,Orangelo,F$#!,Normal,Blue,smol glasses,,,Yellowow Cururu,
1956,Froggos #1956,505,192.1543346822,6,Aqua,Blue,White,,Cross,Orange,,,,Yellowow Boyalo,
2299,Froggos #2299,506,191.9567642708,9,Dark Blue,Purple,Light Green,Lizzzard,Normal,Orange,Party Glasses,,Green Fisherman,Aqua Squares,
257,Froggos #257,507,191.9551186386,7,Toxic Purple,Purple,Light Green,,Flat,Blue,,,Sailor,Purple Cururu,
656,Froggos #656,508,191.8505225161,8,Dark Blue,Yellowow,Bubblegum,Gardener,Cockeyed,Red,,,Blue Fisherman,Red Lich,
328,Froggos #328,509,191.7527589118,8,Yellowow,Green,Orangelo,Gardener,Normal,Yellowow,,,Red Fisherman,Aqua Koba,
1998,Froggos #1998,510,191.4662206252,8,Yellowow,Green,Salmon,,Flat,Blue,Party Glasses,,Orange Spikes,Red Lich,
2019,Froggos #2019,511,191.0105418526,9,Aqua,Yellowow,Orangelo,Mad Forg,Big,Red,Clown,,Blue Fisherman,Aqua Granular,
766,Froggos #766,512,190.9056539495,9,Musgow,Green,Light Green,Flame Heart,Dot,Blue,Party Glasses,,Sailor,Yellowow Arrowhead,
420,Froggos #420,513,190.8611504863,7,Black,Yellowow,Light Yellowow,,Cockeyed,Red,,,Red Fisherman,Red Bubble,
1234,Froggos #1234,514,190.8393186483,8,Black,Green,Orangelo,,Big,White,Broken Glasses,,EVA 01,Red Junoca,
1920,Froggos #1920,515,189.5533588233,9,Dark Blue,Yellowow,Light Green,Sport Blue,Flat,Purple,Bandages,,Cool,Blue Granular,
1458,Froggos #1458,516,189.3233225023,7,Red Ketchup,Yellowow,Light Green,,Flat,Purple,,,Bunny,Aqua Cururu,
412,Froggos #412,517,189.1296456693,7,Yellowow,Purple,Light Yellowow,,Normal,White,,,Blue Spikes,Orange Spikes,
901,Froggos #901,518,189.0431497806,7,Musgow,Yellowow,Orangelo,,Dot,Purple,,,Sailor,Blue Poison Dark,
924,Froggos #924,519,189.0058956831,6,Dark Blue,Orange,Salmon,,Normal,Dark Purple,,,,Aqua Koba,
77,Froggos #77,520,188.9291635543,7,Red Ketchup,Green,Light Green,,Cockeyed,Green,Bandages,,,Blue Boyalo,
943,Froggos #943,521,188.6965766117,8,Red Ketchup,Orange,Light Pink,,Flat,Red,smol glasses,,Cool,Orange Squares,
1441,Froggos #1441,522,188.5272135233,9,Yellowow,Orange,Light Yellowow,F$#!,smol,Purple,Bandages,,Cool,Purple Junoca,
1224,Froggos #1224,523,188.4867517425,9,Red Ketchup,Yellowow,Salmon,Sport Blue,Cockeyed,Red,Red Glasses,,Green Fisherman,Orange Squares,
720,Froggos #720,524,188.4768876738,8,Red Ketchup,Purple,White,Lizzzard,Cross,Orange,,,EVA 01,Orange Cururu,
1681,Froggos #1681,525,188.4654224208,6,Red Ketchup,Green,Light Yellowow,,Big,Orange,,,,Red Long Wave,
316,Froggos #316,526,187.9539262106,9,Dark Blue,Purple,Bubblegum,F$#!,Dot,White,Bloody Nose,,Sailor,Purple Spikes,
821,Froggos #821,527,187.7746227175,8,Dark Blue,Orange,Light Yellowow,,Cockeyed,Green,Dark Circles,,Forg,Aqua Cururu,
937,Froggos #937,528,187.6162702903,8,Black,Blue,Salmon,F$#!,Normal,White,,,Dumb,Red Junoca,
1283,Froggos #1283,529,187.6002626633,8,Red Ketchup,Green,Orangelo,,Cockeyed,Blue,Blue Glasses,,Dumb,Orange Spikes,
1255,Froggos #1255,530,187.4549436281,7,Musgow,Orange,Tutti,,Normal,Orange,,,Purple Spikes,Purple Lich,
639,Froggos #639,531,187.2350857544,8,Red Ketchup,Yellowow,Bubblegum,Aliens,Normal,Yellowow,,,EVA 01,Purple Bubble,
1408,Froggos #1408,532,187.1036328327,7,Aqua,Orange,Orangelo,,Normal,Yellowow,,,Halloween Knife,Yellowow Cururu,
1052,Froggos #1052,533,186.7723838074,7,Dark Blue,Yellowow,Orangelo,Crazy Dog,Cross,White,,,,Blue Bubble,
2178,Froggos #2178,534,186.6951763771,8,Aqua,Green,Bubblegum,,Normal,Blue,Bandages,,Red Fisherman,Aqua Nalon,
495,Froggos #495,535,186.3471146435,7,Pink Choque,Purple,Bubblegum,,Cat,Orange,,,Cracked Crown,Blue Granular,
1125,Froggos #1125,536,186.2028397481,7,Yellowow,Orange,Light Green,,Cat,White,,,Red Fisherman,Purple Queta,
2495,Froggos #2495,537,186.0112353456,7,Dark Blue,Yellowow,Light Green,,Big,White,Bloody Nose,,,Orange Poison Dark,
1387,Froggos #1387,538,185.7239222874,8,Aqua,Green,Light Yellowow,,Springs,Red,Bandages,,Green Fisherman,Blue Cururu,
689,Froggos #689,539,185.4897575522,8,Musgow,Yellowow,Orangelo,Skull,Normal,Blue,Blue Glasses,,,Aqua Granular,
2287,Froggos #2287,540,185.2171048221,7,Black,Purple,Light Yellowow,,smol,Green,,,Red Spikes,Yellowow Nalon,
1470,Froggos #1470,541,185.0504222795,8,White Snow,Orange,Light Yellowow,Sport Blue,Flat,Purple,,,EVA 01,Aqua Cururu,
2411,Froggos #2411,542,185.0347389656,7,Aqua,Orange,Tutti,,Normal,Green,,,Forg,Blue Nalon,
759,Froggos #759,543,184.783544822,7,Toxic Purple,Green,Orangelo,,Cross,Orange,,,Dumb,Purple Koba,
1130,Froggos #1130,544,184.7736599345,7,Pink Choque,Yellowow,Orangelo,F$#!,Cockeyed,Blue,,,,Blue Long Wave,
1843,Froggos #1843,545,184.5591138677,7,Yellowow,Yellowow,Salmon,,Snake,White,,,Green Fisherman,Orange Arrowhead,
1864,Froggos #1864,546,184.5267029917,9,Aqua,Yellowow,Bubblegum,Flame Heart,Normal,Yellowow,,Skull,Cool,Aqua Long Wave,
2080,Froggos #2080,547,184.3934682464,9,Musgow,Green,Light Pink,Lizzzard,Normal,Purple,,Skull,Sailor,Red Nalon,
1953,Froggos #1953,548,184.1241022464,8,Yellowow,Purple,Light Green,Sport Blue,Flat,White,Monocle,,,Yellowow Lich,
250,Froggos #250,549,183.9684785542,7,Dark Blue,Yellowow,Bubblegum,,Cockeyed,Blue,,,Forg,Red Spikes,
1315,Froggos #1315,550,183.6897568609,7,Red Ketchup,Orange,Orangelo,Crazy Flames,Flat,Dark Purple,,,,Aqua Long Wave,
1167,Froggos #1167,551,183.6405689267,7,Dark Blue,Orange,Orangelo,,Normal,Blue,Clown,,,Blue Poison Dark,
338,Froggos #338,552,183.4766709083,8,Red Ketchup,Green,Light Pink,Aliens,Normal,White,,,Fancy,Blue Squares,
1008,Froggos #1008,553,183.2424828957,7,Red Ketchup,Purple,Light Green,,Dot,Blue,,,Pirate,Red Junoca,
1467,Froggos #1467,554,183.2397584034,9,Red Ketchup,Purple,Light Yellowow,Snake,Normal,White,Red Glasses,,Cool,Orange Boyalo,
401,Froggos #401,555,182.7099746024,8,Red Ketchup,Orange,Salmon,,Springs,Blue,Clown,,Green Fisherman,Blue Squares,
1302,Froggos #1302,556,182.6148019588,7,Red Ketchup,Purple,Light Green,,Flat,White,,,Dumb,Red Bubble,
2484,Froggos #2484,557,182.4571344702,8,Yellowow,Green,Bubblegum,,Normal,Red,Party Glasses,,EVA 01,Aqua Junoca,
228,Froggos #228,558,182.3600335527,8,White Snow,Purple,Light Green,Crazy Flames,Big,Red,,,Green Fisherman,Purple Nalon,
705,Froggos #705,559,182.2856446631,8,Red Ketchup,Purple,Bubblegum,,Cat,Orange,Blue Glasses,,Blue Fisherman,Blue Cururu,
329,Froggos #329,560,181.9873561282,8,White Snow,Green,Orangelo,Crazy Flames,Normal,Orange,,,Fancy,Orange Bubble,
1991,Froggos #1991,561,181.9666345195,9,White Snow,Yellowow,Light Green,,Normal,Orange,Bloody Nose,Skull,Top Hat,Blue Arrowhead,
2241,Froggos #2241,562,181.7701599642,7,Aqua,Purple,Orangelo,,Big,White,Blue Glasses,,,Blue Poison Dark,
617,Froggos #617,563,181.6413291243,9,Yellowow,Orange,Salmon,Sport Blue,Flat,Red,Bandages,,Sailor,Blue Arrowhead,
829,Froggos #829,564,181.6259377076,8,Red Ketchup,Yellowow,Orangelo,Sport Blue,Normal,White,,,Green Fisherman,Orange Spikes,
538,Froggos #538,565,181.4886453888,8,White Snow,Orange,Light Pink,Aliens,Cockeyed,White,,,EVA 01,Orange Koba,
1488,Froggos #1488,566,181.2900867799,8,Black,Orange,Light Yellowow,,Normal,White,Red Glasses,,Orange Spikes,Aqua Cururu,
1817,Froggos #1817,567,181.1038920621,8,Black,Yellowow,Light Green,Mad Forg,Springs,Yellowow,,,Cool,Purple Arrowhead,
1101,Froggos #1101,568,180.5877974039,8,Musgow,Yellowow,Salmon,,Dot,Red,,Skull,Green Fisherman,Aqua Junoca,
1132,Froggos #1132,569,180.3984577702,8,Aqua,Yellowow,Light Green,Crazy Flames,Big,Purple,Bloody Nose,,,Yellowow Nalon,
2298,Froggos #2298,570,180.2317531582,8,White Snow,Orange,Light Pink,,Normal,White,Clown,,Fancy,Purple Squares,
1533,Froggos #1533,571,180.0838411948,9,Pink Choque,Yellowow,Salmon,Snake,Big,Orange,Red Glasses,,Blue Fisherman,Blue Junoca,
2271,Froggos #2271,572,180.0485127337,8,Musgow,Yellowow,Light Pink,,Cat,Purple,Monocle,,Forg,Blue Arrowhead,
2382,Froggos #2382,573,179.9650914936,8,Yellowow,Green,Tutti,F$#!,Cockeyed,Purple,,,Green Fisherman,Blue Nalon,
434,Froggos #434,574,179.6814848683,7,Pink Choque,Green,Light Green,,Cross,White,,,Fancy,Yellowow Granular,
1589,Froggos #1589,575,179.4858747099,8,Pink Choque,Purple,Orangelo,Lizzzard,Flat,Orange,,,EVA 01,Aqua Cururu,
24,Froggos #24,576,179.1098100766,8,Dark Blue,Orange,Light Yellowow,,Snake,White,Bandages,,Dumb,Orange Cururu,
405,Froggos #405,577,178.8347545844,7,White Snow,Orange,Light Pink,,Normal,Orange,,,Red Spikes,Purple Squares,
2,Froggos #2,578,178.7573869899,8,Dark Blue,Yellowow,Light Green,,Normal,Blue,Dark Circles,,Cool,Orange Arrowhead,
26,Froggos #26,579,178.7485287225,8,Pink Choque,Purple,Light Green,,Flat,Orange,,Skull,Fancy,Blue Junoca,
687,Froggos #687,580,178.3699107791,8,White Snow,Orange,Orangelo,,Cross,White,Clown,,Aviator,Aqua Long Wave,
853,Froggos #853,581,178.2686014677,8,Pink Choque,Green,Salmon,Mad Forg,Cockeyed,White,,,Blue Fisherman,Yellowow Granular,
43,Froggos #43,582,178.2523943282,8,Pink Choque,Orange,Light Yellowow,F$#!,smol,White,,,Dumb,Blue Squares,
855,Froggos #855,583,177.9951018776,7,Yellowow,Green,Light Green,,Normal,White,Clown,,,Orange Poison Dark,
2341,Froggos #2341,584,177.129830547,8,Yellowow,Yellowow,Orangelo,Aliens,smol,Orange,,,Red Fisherman,Aqua Bubble,
1701,Froggos #1701,585,177.1225750467,7,Musgow,Purple,Orangelo,Gardener,Normal,Red,,,,Aqua Koba,
49,Froggos #49,586,177.0865421092,8,Dark Blue,Yellowow,Light Pink,Mad Forg,Big,Red,,,Fancy,Aqua Cururu,
468,Froggos #468,587,176.9659585819,7,Aqua,Orange,Orangelo,,Cockeyed,White,,,Red Spikes,Blue Spikes,
2129,Froggos #2129,588,176.9119142429,8,Aqua,Green,Light Yellowow,Crazy Dog,Springs,Green,,,Red Fisherman,Yellowow Boyalo,
374,Froggos #374,589,176.832084985,8,Red Ketchup,Yellowow,Bubblegum,Flame Heart,Dot,Purple,,,Top Hat,Yellowow Lich,
1900,Froggos #1900,590,176.6121236956,9,Dark Blue,Yellowow,Light Pink,Crazy Dog,Cross,White,Blue Glasses,,Red Fisherman,Purple Spikes,
1662,Froggos #1662,591,176.5886604967,6,Red Ketchup,Purple,Orangelo,,Normal,Blue,,,,Red Long Wave,
274,Froggos #274,592,176.3078436978,7,Aqua,Green,Light Pink,,smol,Orange,,,Dumb,Yellowow Junoca,
1529,Froggos #1529,593,176.2760926324,8,Musgow,Blue,Light Pink,,Cross,Red,,Bandages,Red Fisherman,Orange Granular,
2324,Froggos #2324,594,175.9387156153,9,Red Ketchup,Orange,Bubblegum,Aliens,Springs,Purple,Broken Glasses,,Blue Fisherman,Red Nalon,
270,Froggos #270,595,175.9357700947,8,Dark Blue,Green,Salmon,,Flat,Green,Bloody Nose,,Blue Fisherman,Purple Cururu,
1895,Froggos #1895,596,175.8824581876,8,Dark Blue,Orange,Light Green,,smol,Green,Red Glasses,,Orange Spikes,Orange Squares,
31,Froggos #31,597,175.4086596137,8,Pink Choque,Blue,Orangelo,Sport Green,Dot,Red,Blue Glasses,,,Yellowow Nalon,
2444,Froggos #2444,598,174.9908670186,8,Yellowow,Yellowow,Light Pink,Aliens,Cross,Yellowow,Bandages,,,Aqua Spikes,
359,Froggos #359,599,174.6670180329,8,Musgow,Yellowow,Light Pink,Mad Forg,Normal,Blue,,,Blue Fisherman,Aqua Nalon,
1451,Froggos #1451,600,174.6591541828,8,Dark Blue,Purple,Bubblegum,Sport Green,Cross,Red,,,Birthday,Yellowow Arrowhead,
550,Froggos #550,601,174.6213673063,8,Black,Green,Light Green,Crazy Flames,Dot,White,,,Red Fisherman,Yellowow Nalon,
1867,Froggos #1867,602,174.5792012848,6,Musgow,Green,Light Green,,Normal,White,,,,Purple Queta,
181,Froggos #181,603,174.4367774022,8,Pink Choque,Green,Bubblegum,Crazy Flames,Normal,Yellowow,,,Green Fisherman,Blue Spikes,
1653,Froggos #1653,604,174.4264458922,9,Aqua,Orange,Light Green,Flame Heart,Normal,Red,Blue Glasses,,Red Fisherman,Yellowow Cururu,
2272,Froggos #2272,605,174.1278176261,8,Dark Blue,Green,Bubblegum,Aliens,Cross,Orange,,,Red Fisherman,Purple Squares,
126,Froggos #126,606,173.9714525469,8,Yellowow,Yellowow,Bubblegum,Crazy Dog,Cockeyed,White,,,Sailor,Purple Nalon,
2175,Froggos #2175,607,173.9110750379,8,Red Ketchup,Yellowow,Light Green,Sport Blue,Normal,Blue,,,Dumb,Purple Koba,
2337,Froggos #2337,608,173.9026152876,7,Pink Choque,Yellowow,Salmon,Flame Heart,Big,Purple,,,,Yellowow Granular,
1713,Froggos #1713,609,173.8599889801,8,White Snow,Orange,Light Pink,,Normal,Red,Red Glasses,,Top Hat,Purple Koba,
988,Froggos #988,610,173.7814613177,8,Musgow,Purple,White,Mad Forg,Cockeyed,White,,,Cool,Blue Koba,
2182,Froggos #2182,611,173.7621766505,7,Musgow,Purple,Light Green,,Cockeyed,White,,,Bunny,Aqua Long Wave,
581,Froggos #581,612,173.6992854164,9,Yellowow,Purple,Light Green,Sport Green,Normal,White,Broken Glasses,,Blue Fisherman,Aqua Granular,
2402,Froggos #2402,613,173.6834115951,8,Musgow,Green,Light Yellowow,,Normal,Green,Broken Glasses,,Green Fisherman,Red Spikes,
180,Froggos #180,614,173.3211063954,9,Red Ketchup,Orange,Light Green,,Cross,Orange,Blue Glasses,Bandages,Blue Fisherman,Yellowow Squares,
712,Froggos #712,615,173.128802992,8,Musgow,Purple,Orangelo,Snake,Normal,Green,,,Top Hat,Purple Nalon,
210,Froggos #210,616,173.0501865841,8,Black,Yellowow,Light Green,,Cross,White,Red Glasses,,Dumb,Aqua Cururu,
1550,Froggos #1550,617,173.0264287439,8,Yellowow,Green,Bubblegum,,Cross,Red,Clown,,Cool,Blue Nalon,
426,Froggos #426,618,172.9670731054,7,Toxic Purple,Purple,Light Green,,Springs,White,,,Fancy,Aqua Long Wave,
2427,Froggos #2427,619,172.724150107,8,Pink Choque,Orange,Orangelo,,Flat,White,Red Glasses,,Top Hat,Orange Koba,
117,Froggos #117,620,172.59848289,8,Red Ketchup,Yellowow,Light Pink,F$#!,smol,Yellowow,,,Aviator,Aqua Long Wave,
2407,Froggos #2407,621,172.5980805895,8,Dark Blue,Orange,Salmon,,Normal,Orange,Blue Glasses,,Sailor,Blue Squares,
1154,Froggos #1154,622,172.300870265,8,Dark Blue,Green,Light Pink,Bee Jason,Normal,Orange,,,Aviator,Blue Granular,
2355,Froggos #2355,623,172.047740311,8,Red Ketchup,Orange,Salmon,Sport Green,Springs,White,,,Fancy,Aqua Granular,
2489,Froggos #2489,624,171.7170443679,7,Red Ketchup,Green,Light Green,,smol,Yellowow,,,Sailor,Yellowow Bubble,
591,Froggos #591,625,171.1646578296,8,White Snow,Orange,White,Flame Heart,Normal,White,,,Sailor,Aqua Squares,
637,Froggos #637,626,171.1519141018,8,Yellowow,Yellowow,Light Pink,Snake,Normal,Blue,Clown,,,Blue Spikes,
1684,Froggos #1684,627,171.0879891945,7,Pink Choque,Yellowow,Light Yellowow,,Normal,Green,,,Top Hat,Aqua Nalon,
630,Froggos #630,628,170.9617670165,9,Aqua,Yellowow,Light Yellowow,Crazy Dog,Normal,White,Bloody Nose,,Green Fisherman,Blue Junoca,
2282,Froggos #2282,629,170.9442463691,7,Musgow,Yellowow,Light Green,Gardener,Dot,Blue,,,,Orange Junoca,
41,Froggos #41,630,170.2250470044,8,Musgow,Green,Orangelo,Mad Forg,Snake,Yellowow,,,Cool,Yellowow Arrowhead,
140,Froggos #140,631,170.1896025512,8,Dark Blue,Blue,Salmon,Bee Jason,Normal,White,,,Blue Fisherman,Yellowow Lich,
838,Froggos #838,632,169.7806234841,7,Pink Choque,Blue,Light Yellowow,Bee Jason,Cockeyed,Blue,,,,Orange Koba,
470,Froggos #470,633,169.740143133,7,Red Ketchup,Yellowow,Orangelo,,Normal,Blue,,,Green Fisherman,Blue Boyalo,
981,Froggos #981,634,169.7193415878,8,Yellowow,Green,Salmon,Sport Green,Flat,White,,,Top Hat,Purple Squares,
1705,Froggos #1705,635,169.5212216493,8,Pink Choque,Purple,Orangelo,,Normal,Green,Red Glasses,,Fancy,Orange Bubble,
1319,Froggos #1319,636,169.3298773644,7,Musgow,Blue,White,,smol,White,,,EVA 01,Orange Granular,
2388,Froggos #2388,637,169.0821825642,7,Black,Green,Orangelo,,Springs,Green,,,Dumb,Aqua Junoca,
318,Froggos #318,638,168.8772436639,7,Aqua,Green,Light Green,,smol,Purple,Monocle,,,Yellowow Long Wave,
2078,Froggos #2078,639,168.2822486576,6,Yellowow,Yellowow,White,,Cross,White,,,,Blue Spikes,
1982,Froggos #1982,640,168.1874754827,7,Pink Choque,Orange,Light Yellowow,,Cockeyed,White,Dark Circles,,,Yellowow Junoca,
814,Froggos #814,641,168.176584154,8,Red Ketchup,Purple,Light Yellowow,Bee Jason,Flat,Yellowow,,,EVA 01,Aqua Squares,
2196,Froggos #2196,642,168.139557398,6,Yellowow,Blue,Orangelo,,Springs,Blue,,,,Yellowow Lich,
774,Froggos #774,643,168.0949046687,8,Musgow,Yellowow,Bubblegum,,Normal,White,Blue Glasses,,Cracked Crown,Purple Lich,
112,Froggos #112,644,167.8111999028,7,Toxic Purple,Yellowow,Light Green,,Dot,Yellowow,,,Blue Fisherman,Aqua Granular,
362,Froggos #362,645,167.6007965639,7,Dark Blue,Green,Light Yellowow,,Normal,White,,,Red Fisherman,Purple Long Wave,
61,Froggos #61,646,167.4992884715,6,Yellowow,Orange,Bubblegum,,Normal,Orange,,,,Yellowow Granular,
477,Froggos #477,647,167.3440492711,8,White Snow,Yellowow,Bubblegum,Crazy Dog,Cross,Red,,,Blue Fisherman,Aqua Granular,
1815,Froggos #1815,648,167.2209302758,7,Aqua,Green,Orangelo,,Normal,Yellowow,Red Glasses,,,Yellowow Bubble,
682,Froggos #682,649,166.9804674645,7,Aqua,Green,Orangelo,Flame Heart,Snake,Orange,,,,Yellowow Nalon,
674,Froggos #674,650,166.7358021344,7,Red Ketchup,Blue,Salmon,,smol,Blue,Bandages,,,Yellowow Lich,
1596,Froggos #1596,651,166.6362626668,7,Musgow,Yellowow,Light Green,,smol,White,,,Forg,Blue Nalon,
1264,Froggos #1264,652,166.51266213,8,Red Ketchup,Green,Light Green,,Normal,Green,Broken Glasses,,Blue Spikes,Red Nalon,
1969,Froggos #1969,653,165.879329468,6,White Snow,Purple,Light Green,,Dot,Orange,,,,Yellowow Long Wave,
739,Froggos #739,654,165.8519264527,8,White Snow,Orange,Orangelo,,Flat,Blue,Red Glasses,,Blue Fisherman,Yellowow Boyalo,
221,Froggos #221,655,165.7194080301,8,Red Ketchup,Orange,Salmon,F$#!,Normal,Green,,,Cool,Purple Bubble,
1730,Froggos #1730,656,165.3640170851,7,Dark Blue,Purple,Bubblegum,,Normal,White,,,Cracked Crown,Purple Spikes,
1792,Froggos #1792,657,165.358365243,7,White Snow,Purple,Light Yellowow,,smol,Purple,Bloody Nose,,,Blue Cururu,
998,Froggos #998,658,165.2813697661,7,Dark Blue,Blue,Orangelo,,Big,Blue,,,EVA 01,Aqua Spikes,
367,Froggos #367,659,165.1478185134,7,Dark Blue,Orange,Orangelo,,Big,Orange,,,Fancy,Aqua Koba,
2195,Froggos #2195,660,164.8534436125,7,Pink Choque,Orange,Light Yellowow,Bee Jason,Normal,White,,,,Yellowow Bubble,
1476,Froggos #1476,661,164.6165576028,7,Red Ketchup,Green,Tutti,Mad Forg,smol,Yellowow,,,,Aqua Junoca,
1260,Froggos #1260,662,164.2275849513,7,Yellowow,Purple,Light Green,Sport Green,Flat,White,,,,Red Granular,
380,Froggos #380,663,164.1854888044,8,Red Ketchup,Yellowow,Light Green,Mad Forg,Big,Red,,,Green Fisherman,Purple Arrowhead,
34,Froggos #34,664,163.9438100086,7,Dark Blue,Green,Light Yellowow,F$#!,Normal,Orange,,,,Yellowow Bubble,
199,Froggos #199,665,163.7659003056,7,Dark Blue,Yellowow,White,Sport Green,Normal,Blue,,,,Purple Arrowhead,
2286,Froggos #2286,666,163.1528076804,8,Black,Orange,Light Pink,Lizzzard,Big,Blue,,,Sailor,Red Nalon,
2270,Froggos #2270,667,163.1527080661,7,Yellowow,Green,Bubblegum,,Flat,Blue,,,Blue Spikes,Blue Granular,
375,Froggos #375,668,163.0620506793,8,Pink Choque,Green,Light Yellowow,Aliens,Cockeyed,Purple,,,Top Hat,Blue Junoca,
665,Froggos #665,669,162.6780058322,7,White Snow,Yellowow,Light Yellowow,,Normal,Dark Purple,,,Blue Fisherman,Blue Granular,
373,Froggos #373,670,162.2894835229,7,Toxic Purple,Yellowow,Light Pink,F$#!,smol,Yellowow,,,,Blue Granular,
2379,Froggos #2379,671,161.9670221362,7,Dark Blue,Orange,Salmon,,smol,Red,,,Red Spikes,Orange Granular,
71,Froggos #71,672,161.9191842376,8,Dark Blue,Green,Orangelo,Aliens,Big,Red,,,Dumb,Aqua Long Wave,
2250,Froggos #2250,673,161.6416576016,7,Musgow,Green,Light Yellowow,,smol,Orange,,,Red Spikes,Yellowow Arrowhead,
2253,Froggos #2253,674,161.592502863,8,Musgow,Purple,Light Yellowow,Snake,smol,Orange,,,Green Fisherman,Orange Nalon,
1103,Froggos #1103,675,161.4569205419,7,Pink Choque,Green,Light Green,,smol,Orange,,,Orange Spikes,Orange Bubble,
969,Froggos #969,676,161.1836985639,8,Musgow,Yellowow,Salmon,Lizzzard,Normal,White,,,Cool,Blue Nalon,
1401,Froggos #1401,677,161.1347988217,7,Red Ketchup,Blue,Salmon,Crazy Dog,smol,Orange,,,,Aqua Granular,
2274,Froggos #2274,678,160.9687217181,8,White Snow,Orange,Bubblegum,Flame Heart,Normal,Green,,,Blue Fisherman,Blue Nalon,
1692,Froggos #1692,679,160.9391750582,8,Pink Choque,Green,Light Yellowow,F$#!,Big,Green,Red Glasses,,,Aqua Squares,
2049,Froggos #2049,680,160.8819244254,8,Red Ketchup,Yellowow,Salmon,,Cockeyed,Purple,Bandages,,Sailor,Purple Spikes,
2201,Froggos #2201,681,160.8161254103,6,Black,Orange,Bubblegum,,Flat,White,,,,Yellowow Boyalo,
1509,Froggos #1509,682,160.4446025816,7,Red Ketchup,Blue,Light Yellowow,,Normal,White,Red Glasses,,,Yellowow Long Wave,
1024,Froggos #1024,683,160.357364792,7,Musgow,Purple,Light Pink,Mad Forg,Cross,Orange,,,,Yellowow Long Wave,
1456,Froggos #1456,684,160.2986128816,6,Pink Choque,Orange,Light Green,,Cockeyed,Blue,,,,Purple Bubble,
2180,Froggos #2180,685,160.2963502863,7,Yellowow,Purple,Orangelo,,Flat,Orange,,,Orange Spikes,Blue Koba,
1398,Froggos #1398,686,159.8729902429,7,Yellowow,Yellowow,Salmon,,Flat,White,,,Cool,Orange Arrowhead,
1871,Froggos #1871,687,159.7824756649,7,Aqua,Green,Orangelo,,Flat,White,,Skull,,Purple Nalon,
416,Froggos #416,688,159.6308721401,8,Dark Blue,Green,Tutti,Aliens,Flat,Purple,,,Cool,Yellowow Squares,
2325,Froggos #2325,689,159.2586028136,8,Musgow,Yellowow,Salmon,Sport Green,Normal,Red,Blue Glasses,,,Red Junoca,
2023,Froggos #2023,690,159.0004833783,8,Pink Choque,Green,Salmon,Lizzzard,Dot,White,,,Sailor,Orange Granular,
1050,Froggos #1050,691,158.802299443,6,Pink Choque,Orange,Bubblegum,,smol,White,,,,Purple Cururu,
1885,Froggos #1885,692,158.761985869,7,Musgow,Purple,Light Green,,Big,White,,,Sailor,Purple Cururu,
1625,Froggos #1625,693,158.6400374843,7,Aqua,Green,Light Green,,Springs,Yellowow,Monocle,,,Purple Junoca,
1210,Froggos #1210,694,158.3061626889,7,Aqua,Yellowow,Light Yellowow,,Normal,Blue,,,Red Fisherman,Yellowow Bubble,
104,Froggos #104,695,158.2074029172,7,Dark Blue,Purple,Light Yellowow,,Normal,Blue,,,EVA 01,Blue Cururu,
241,Froggos #241,696,157.7711509034,7,Musgow,Yellowow,Orangelo,,smol,Orange,,,Forg,Purple Spikes,
1891,Froggos #1891,697,157.7057947902,7,Musgow,Green,Orangelo,Crazy Dog,Big,Red,,,,Purple Arrowhead,
1541,Froggos #1541,698,157.7053694142,8,White Snow,Green,Salmon,Crazy Flames,Normal,Orange,Party Glasses,,,Red Nalon,
2433,Froggos #2433,699,157.6585568468,8,Aqua,Orange,Orangelo,Mad Forg,Normal,Orange,,,Red Fisherman,Aqua Koba,
154,Froggos #154,700,157.1066691493,8,Yellowow,Yellowow,Salmon,Flame Heart,Flat,White,,,Red Fisherman,Purple Nalon,
1062,Froggos #1062,701,156.7442988653,7,White Snow,Green,Light Pink,,Cockeyed,Purple,,,Blue Spikes,Purple Lich,
1595,Froggos #1595,702,156.6953925256,7,Musgow,Yellowow,Light Green,Aliens,Cross,Green,,,,Red Junoca,
302,Froggos #302,703,156.5201802102,7,Pink Choque,Blue,Salmon,,Normal,White,Bloody Nose,,,Blue Spikes,
430,Froggos #430,704,156.3112945446,7,Toxic Purple,Green,Tutti,F$#!,smol,White,,,,Blue Arrowhead,
1492,Froggos #1492,705,155.6827161849,7,Red Ketchup,Yellowow,Light Pink,,Normal,Blue,,,Green Fisherman,Yellowow Junoca,
516,Froggos #516,706,155.3515063968,7,Dark Blue,Orange,Orangelo,Flame Heart,Cat,White,,,,Orange Koba,
2156,Froggos #2156,707,154.8439857541,8,Musgow,Purple,Salmon,Sport Green,Cat,Red,,,Blue Fisherman,Yellowow Arrowhead,
363,Froggos #363,708,154.4679624716,8,Red Ketchup,Green,Salmon,Flame Heart,Cockeyed,White,Red Glasses,,,Yellowow Nalon,
605,Froggos #605,709,154.3513407907,8,Red Ketchup,Yellowow,Light Yellowow,Flame Heart,Normal,Purple,Bloody Nose,,,Aqua Spikes,
559,Froggos #559,710,154.2837869686,7,Pink Choque,Purple,Light Yellowow,F$#!,smol,White,,,,Purple Bubble,
1570,Froggos #1570,711,154.1126717539,7,Red Ketchup,Purple,Light Yellowow,Sport Green,Snake,Yellowow,,,,Orange Cururu,
1633,Froggos #1633,712,154.0199254383,8,White Snow,Purple,Salmon,Aliens,smol,Blue,,,Green Fisherman,Orange Cururu,
291,Froggos #291,713,154.0118264273,7,Red Ketchup,Purple,Light Green,,Normal,Green,,,Blue Fisherman,Orange Arrowhead,
1218,Froggos #1218,714,153.8597147998,6,Toxic Purple,Purple,Orangelo,,Dot,Blue,,,,Purple Lich,
1649,Froggos #1649,715,153.315975949,6,Pink Choque,Purple,Salmon,,Dot,Blue,,,,Aqua Koba,
476,Froggos #476,716,152.8549819933,7,Dark Blue,Purple,Light Yellowow,,Springs,White,,,Red Fisherman,Red Spikes,
1494,Froggos #1494,717,152.785954729,7,Red Ketchup,Green,Salmon,,Snake,Purple,,,Red Fisherman,Orange Squares,
660,Froggos #660,718,152.7550874302,6,Musgow,Blue,Orangelo,,Cockeyed,Yellowow,,,,Aqua Squares,
327,Froggos #327,719,152.7294166284,6,Red Ketchup,Purple,White,,Cockeyed,Green,,,,Yellowow Arrowhead,
2367,Froggos #2367,720,152.6924878858,7,Black,Orange,Salmon,Crazy Dog,Normal,Red,,,,Orange Nalon,
2234,Froggos #2234,721,152.2791629648,7,Aqua,Purple,Light Yellowow,,Cross,Orange,,,Orange Spikes,Blue Junoca,
557,Froggos #557,722,152.2696965,7,White Snow,Green,Light Green,Bee Jason,Big,Blue,,,,Yellowow Cururu,
1102,Froggos #1102,723,152.1309640166,8,Yellowow,Green,Salmon,,Normal,White,Red Glasses,,Cool,Yellowow Lich,
198,Froggos #198,724,151.9507264484,7,White Snow,Green,Light Green,,Big,White,Dark Circles,,,Blue Nalon,
671,Froggos #671,725,151.6866652793,6,Yellowow,Purple,Orangelo,,Flat,Yellowow,,,,Red Junoca,
1773,Froggos #1773,726,151.3657918129,8,Musgow,Green,Orangelo,F$#!,Normal,White,,,Green Fisherman,Yellowow Boyalo,
1002,Froggos #1002,727,151.0054734895,7,White Snow,Yellowow,Orangelo,Crazy Flames,Normal,White,,,,Red Koba,
997,Froggos #997,728,150.8406861536,7,White Snow,Blue,Light Green,,Cross,White,,,Green Fisherman,Orange Nalon,
408,Froggos #408,729,150.7938942787,7,White Snow,Yellowow,Light Green,Crazy Dog,Cockeyed,Purple,,,,Aqua Spikes,
2179,Froggos #2179,730,150.7746179656,8,Yellowow,Orange,Salmon,Crazy Flames,Big,White,,,Blue Fisherman,Orange Granular,
1038,Froggos #1038,731,150.3338755427,8,Red Ketchup,Yellowow,Salmon,,Normal,White,Red Glasses,,Red Fisherman,Purple Arrowhead,
1962,Froggos #1962,732,150.2494005392,7,Dark Blue,Green,Bubblegum,,smol,White,,,Dumb,Aqua Junoca,
896,Froggos #896,733,149.9381462967,7,Aqua,Yellowow,Light Green,,Normal,Orange,,,Top Hat,Purple Squares,
390,Froggos #390,734,149.8596915679,7,Musgow,Orange,Light Yellowow,,Springs,Orange,,,Cool,Purple Koba,
2053,Froggos #2053,735,149.8349753911,7,White Snow,Purple,Salmon,,Normal,Blue,,,Cool,Purple Cururu,
1878,Froggos #1878,736,149.7139709961,7,Yellowow,Blue,Tutti,,Cockeyed,White,,,Cool,Orange Granular,
1687,Froggos #1687,737,149.6646381284,8,Red Ketchup,Purple,Light Pink,Flame Heart,Normal,White,Bloody Nose,,,Red Lich,
743,Froggos #743,738,149.5056332988,7,Red Ketchup,Orange,Salmon,Sport Green,Big,Blue,,,,Purple Squares,
1433,Froggos #1433,739,149.4066707906,7,Black,Yellowow,Bubblegum,,Cockeyed,Yellowow,,,Blue Fisherman,Orange Bubble,
2151,Froggos #2151,740,149.3164139519,8,White Snow,Orange,Light Green,Snake,Dot,White,,,Dumb,Yellowow Squares,
1481,Froggos #1481,741,149.2411238626,8,Dark Blue,Orange,Bubblegum,Lizzzard,Normal,Red,,,Red Fisherman,Yellowow Arrowhead,
55,Froggos #55,742,148.9608070416,7,Red Ketchup,Yellowow,Light Green,Lizzzard,Cross,Red,,,,Red Lich,
2011,Froggos #2011,743,148.9044374043,6,Yellowow,Green,Bubblegum,,Dot,White,,,,Purple Koba,
2056,Froggos #2056,743,148.9044374043,6,Yellowow,Green,Bubblegum,,Dot,White,,,,Aqua Koba,
558,Froggos #558,745,148.8881950614,7,Yellowow,Orange,Tutti,Snake,Normal,Orange,,,,Orange Squares,
859,Froggos #859,746,148.6289152465,7,Red Ketchup,Purple,Light Green,F$#!,Dot,Red,,,,Orange Koba,
9,Froggos #9,747,148.1769023369,8,Pink Choque,Yellowow,Orangelo,,Flat,Purple,Blue Glasses,,Cool,Purple Spikes,
478,Froggos #478,748,147.5494248899,7,Yellowow,Orange,Orangelo,,Cat,Green,,,Red Fisherman,Orange Nalon,
2239,Froggos #2239,749,147.4290374268,8,Dark Blue,Green,Salmon,Snake,Normal,Purple,,,Red Fisherman,Purple Spikes,
968,Froggos #968,750,147.0022240152,7,Red Ketchup,Purple,Orangelo,,Snake,Purple,,,Cool,Blue Granular,
1811,Froggos #1811,751,146.8994205616,7,Dark Blue,Yellowow,Light Green,,smol,White,,,Dumb,Yellowow Lich,
1983,Froggos #1983,752,146.889126585,7,White Snow,Purple,Orangelo,,smol,Purple,,,Cool,Red Junoca,
834,Froggos #834,753,146.8299422182,7,Musgow,Purple,Light Green,,Cockeyed,White,Bloody Nose,,,Red Junoca,
2102,Froggos #2102,754,146.740048162,8,Red Ketchup,Orange,Bubblegum,Mad Forg,Flat,Green,,,Green Fisherman,Blue Granular,
1873,Froggos #1873,755,146.1704738214,7,Red Ketchup,Yellowow,Bubblegum,,Cockeyed,Yellowow,,,Cool,Purple Nalon,
1708,Froggos #1708,756,146.1682976601,6,Aqua,Orange,Light Green,,smol,Yellowow,,,,Blue Koba,
1716,Froggos #1716,757,146.1086770859,7,Red Ketchup,Yellowow,Light Pink,,smol,White,,,Green Fisherman,Yellowow Long Wave,
519,Froggos #519,758,146.0484711098,7,Aqua,Yellowow,Light Green,,Springs,White,,,Dumb,Orange Nalon,
321,Froggos #321,759,146.0371167087,7,Dark Blue,Yellowow,Light Yellowow,,smol,Red,Party Glasses,,,Aqua Squares,
2015,Froggos #2015,760,145.8676990469,7,Yellowow,Orange,Orangelo,,Normal,Purple,,,Orange Spikes,Aqua Squares,
1514,Froggos #1514,761,145.2051502482,6,Red Ketchup,Green,Bubblegum,,Cross,Orange,,,,Orange Bubble,
2386,Froggos #2386,762,145.0340859709,7,Yellowow,Green,Light Yellowow,,Cockeyed,White,,,Sailor,Yellowow Lich,
962,Froggos #962,763,144.4695618234,7,Pink Choque,Yellowow,Light Green,F$#!,Normal,Yellowow,,,,Purple Nalon,
560,Froggos #560,764,144.44440931,7,Black,Yellowow,Light Yellowow,,Springs,White,,,Fancy,Yellowow Squares,
648,Froggos #648,765,144.3082114935,8,Dark Blue,Green,Salmon,Flame Heart,Normal,Blue,Bloody Nose,,,Blue Granular,
2070,Froggos #2070,766,144.1997031655,6,Dark Blue,Yellowow,Light Yellowow,,Cross,Purple,,,,Aqua Granular,
1190,Froggos #1190,767,143.8951969114,7,Musgow,Purple,Orangelo,,Normal,Orange,Dark Circles,,,Purple Koba,
1990,Froggos #1990,768,143.6709343931,7,Yellowow,Yellowow,Orangelo,,Cross,Green,,,Cool,Yellowow Boyalo,
1882,Froggos #1882,769,143.5997176613,6,Red Ketchup,Purple,Light Pink,,Dot,Orange,,,,Yellowow Nalon,
1960,Froggos #1960,770,143.4049481445,7,Red Ketchup,Green,Orangelo,,Normal,Red,,,Cool,Aqua Bubble,
139,Froggos #139,771,143.0123155045,6,Musgow,Yellowow,Orangelo,,Normal,Purple,,,,Orange Boyalo,
1310,Froggos #1310,772,142.9742825829,7,Dark Blue,Yellowow,Bubblegum,,Cat,Green,Blue Glasses,,,Blue Junoca,
2240,Froggos #2240,773,142.8206687116,8,Yellowow,Orange,Light Green,Sport Green,Normal,White,,,EVA 01,Blue Granular,
719,Froggos #719,774,142.8183720512,7,Aqua,Orange,Light Green,,Big,Yellowow,,,Cool,Yellowow Nalon,
1237,Froggos #1237,775,142.7133815889,7,White Snow,Orange,Light Green,,Normal,Yellowow,,,Green Fisherman,Red Koba,
2354,Froggos #2354,776,142.5600400304,7,Red Ketchup,Purple,Salmon,Crazy Dog,Dot,White,,,,Purple Junoca,
852,Froggos #852,777,142.299837292,7,Red Ketchup,Purple,Light Yellowow,,smol,Orange,Monocle,,,Orange Junoca,
929,Froggos #929,778,142.1130344556,8,Aqua,Yellowow,Orangelo,Mad Forg,Springs,Yellowow,,,Red Fisherman,Purple Lich,
1257,Froggos #1257,779,141.9499813289,8,Red Ketchup,Yellowow,Light Yellowow,Sport Green,Normal,Yellowow,Monocle,,,Yellowow Squares,
267,Froggos #267,780,141.8721633798,7,Yellowow,Green,Salmon,,Normal,Orange,,,Red Spikes,Red Nalon,
1081,Froggos #1081,781,141.7669042011,7,Pink Choque,Purple,Light Pink,,Flat,Green,Blue Glasses,,,Blue Koba,
668,Froggos #668,782,141.7340809114,6,Black,Purple,Orangelo,,smol,White,,,,Orange Squares,
623,Froggos #623,783,141.3978624883,7,Dark Blue,Orange,Light Green,,Springs,Green,,,Red Fisherman,Blue Koba,
1182,Froggos #1182,784,141.294386766,7,Red Ketchup,Blue,Light Green,F$#!,Cockeyed,Blue,,,,Orange Cururu,
488,Froggos #488,785,141.0681815017,7,Pink Choque,Purple,Light Yellowow,,Springs,Blue,,,Red Fisherman,Purple Junoca,
1276,Froggos #1276,786,140.9283656456,7,Dark Blue,Yellowow,Orangelo,,Cockeyed,Orange,,,Blue Fisherman,Aqua Koba,
797,Froggos #797,787,140.7672342651,8,Musgow,Yellowow,Bubblegum,Snake,smol,Green,,,Blue Fisherman,Purple Lich,
2166,Froggos #2166,788,140.5608928108,7,Red Ketchup,Purple,Light Pink,,smol,White,,,Fancy,Purple Spikes,
262,Froggos #262,789,140.5484854994,7,Yellowow,Green,Light Yellowow,,Dot,White,,,Dumb,Orange Nalon,
1698,Froggos #1698,790,140.2873974419,7,Yellowow,Purple,Light Pink,Sport Green,Normal,Blue,,,,Orange Boyalo,
1767,Froggos #1767,791,139.5569444688,8,Red Ketchup,Yellowow,Light Green,Sport Blue,Cross,Green,,,Cool,Blue Arrowhead,
2086,Froggos #2086,792,139.4300944866,8,Pink Choque,Green,Light Pink,,Normal,White,Bloody Nose,,Blue Fisherman,Purple Spikes,
168,Froggos #168,793,139.2731898004,7,Red Ketchup,Orange,Light Green,,Normal,White,,,Green Fisherman,Red Spikes,
258,Froggos #258,794,139.2422619157,6,Musgow,Orange,Light Pink,,Normal,White,,,,Purple Squares,
699,Froggos #699,795,138.8222994643,7,Musgow,Yellowow,Light Green,,Normal,White,,,Sailor,Red Junoca,
1486,Froggos #1486,796,138.8135806182,7,Aqua,Yellowow,Light Pink,,Normal,Purple,,,Sailor,Yellowow Cururu,
497,Froggos #497,797,138.6605172515,7,Dark Blue,Green,Orangelo,Snake,smol,Purple,,,,Aqua Squares,
548,Froggos #548,798,138.3369288777,6,White Snow,Green,Salmon,,Big,Purple,,,,Blue Junoca,
80,Froggos #80,799,138.1773049365,7,Dark Blue,Orange,Salmon,Aliens,Cross,Orange,,,,Yellowow Arrowhead,
1222,Froggos #1222,800,137.9823753405,6,Musgow,Yellowow,Orangelo,,Cross,White,,,,Red Lich,
22,Froggos #22,801,137.5545839881,7,Yellowow,Purple,Orangelo,,Springs,Green,,,Fancy,Yellowow Squares,
1943,Froggos #1943,802,136.8730987084,7,Musgow,Green,Light Pink,Bee Jason,Cross,Orange,,,,Orange Cururu,
614,Froggos #614,803,136.4456204349,6,White Snow,Orange,Light Pink,,Flat,White,,,,Orange Squares,
1370,Froggos #1370,804,135.389092933,8,Yellowow,Green,Light Pink,Mad Forg,Normal,Purple,Clown,,,Red Nalon,
1524,Froggos #1524,805,134.8097812837,6,Dark Blue,Yellowow,Bubblegum,,Dot,Blue,,,,Orange Granular,
20,Froggos #20,806,134.5939038933,7,White Snow,Yellowow,Light Yellowow,Crazy Flames,smol,Blue,,,,Yellowow Squares,
1374,Froggos #1374,807,134.4178560255,7,Musgow,Purple,Light Yellowow,Mad Forg,Normal,Purple,,,,Aqua Cururu,
2372,Froggos #2372,808,134.2605563462,7,White Snow,Yellowow,Light Yellowow,,Normal,Orange,,,Sailor,Orange Junoca,
452,Froggos #452,809,134.1383923903,7,Red Ketchup,Green,Light Pink,Flame Heart,Flat,White,,,,Orange Bubble,
342,Froggos #342,810,133.8797881031,7,Musgow,Yellowow,Light Green,,Flat,Purple,,,Dumb,Orange Cururu,
788,Froggos #788,811,133.7541896295,6,Yellowow,Orange,Light Pink,,Big,Red,,,,Blue Granular,
38,Froggos #38,812,133.7145163731,7,Aqua,Blue,Light Pink,,Normal,Blue,,,Cool,Yellowow Arrowhead,
781,Froggos #781,813,133.4944590024,8,Yellowow,Orange,Salmon,Flame Heart,Normal,Red,,,Blue Fisherman,Orange Cururu,
2362,Froggos #2362,814,133.0571718533,7,Red Ketchup,Orange,Orangelo,,Cockeyed,Blue,,,Green Fisherman,Aqua Spikes,
2443,Froggos #2443,815,132.6602594651,7,White Snow,Yellowow,Light Yellowow,,Normal,Red,,,Cool,Blue Koba,
1944,Froggos #1944,816,132.5761165911,7,Red Ketchup,Orange,Orangelo,,Dot,White,Monocle,,,Yellowow Arrowhead,
235,Froggos #235,817,132.5635208485,6,Musgow,Purple,Tutti,,smol,Purple,,,,Blue Arrowhead,
2383,Froggos #2383,818,132.5471677101,7,Yellowow,Yellowow,Orangelo,,Normal,Orange,Broken Glasses,,,Purple Spikes,
2112,Froggos #2112,819,131.6949286209,6,Yellowow,Purple,Light Yellowow,,Flat,Green,,,,Blue Granular,
482,Froggos #482,820,131.6228236753,7,Dark Blue,Green,Orangelo,,Dot,Orange,,,Green Fisherman,Purple Spikes,
2268,Froggos #2268,821,131.3272688147,7,Musgow,Green,Salmon,F$#!,Cross,Purple,,,,Blue Granular,
1523,Froggos #1523,822,131.2889097578,8,Red Ketchup,Yellowow,Light Pink,Sport Green,Big,White,,,Green Fisherman,Purple Lich,
143,Froggos #143,823,130.3454588942,7,Yellowow,Green,Salmon,,Cross,Purple,,,Cool,Orange Squares,
698,Froggos #698,824,130.2944330574,6,Red Ketchup,Green,Tutti,,Normal,Orange,,,,Yellowow Squares,
1064,Froggos #1064,825,129.989245183,7,Musgow,Yellowow,Light Pink,,Big,White,,,Sailor,Aqua Long Wave,
1950,Froggos #1950,826,129.7583318648,7,Aqua,Yellowow,Orangelo,,Cross,Green,,,Blue Fisherman,Orange Junoca,
79,Froggos #79,827,129.6631377084,7,Musgow,Orange,Light Green,,Cross,White,,,Blue Fisherman,Aqua Granular,
1263,Froggos #1263,828,128.4524919756,7,Yellowow,Yellowow,Orangelo,Crazy Dog,Normal,Yellowow,,,,Blue Junoca,
1055,Froggos #1055,829,125.0701773397,7,Yellowow,Green,Bubblegum,,Normal,White,,,Red Fisherman,Yellowow Cururu,
606,Froggos #606,830,124.2182205309,7,Dark Blue,Yellowow,Light Pink,,Normal,White,,,Cool,Yellowow Cururu,
1666,Froggos #1666,831,124.1758848059,7,Aqua,Orange,Orangelo,,Dot,White,Monocle,,,Red Nalon,
6,Froggos #6,832,124.1718275642,7,Pink Choque,Orange,Light Yellowow,,Normal,Red,,,Cool,Orange Junoca,
163,Froggos #163,833,123.9757572891,6,Dark Blue,Green,Light Green,,Normal,Purple,,,,Blue Junoca,
792,Froggos #792,834,123.8049351106,7,Dark Blue,Green,Light Pink,,Flat,Red,Dark Circles,,,Purple Lich,
2223,Froggos #2223,835,123.6543323165,7,Musgow,Yellowow,Orangelo,,smol,White,,,Green Fisherman,Aqua Squares,
110,Froggos #110,836,122.2324064409,7,Aqua,Green,Bubblegum,Mad Forg,Dot,Blue,,,,Red Nalon,
1572,Froggos #1572,837,121.5329741733,6,Yellowow,Purple,Orangelo,,Flat,Red,,,,Yellowow Squares,
2000,Froggos #2000,838,117.2570569669,7,Musgow,Purple,Light Yellowow,,Normal,Green,Monocle,,,Blue Arrowhead,
130,Froggos #130,839,116.2501591789,6,Red Ketchup,Purple,Bubblegum,,Normal,Red,,,,Purple Lich,
851,Froggos #851,840,115.8566615114,7,White Snow,Yellowow,Light Pink,,Normal,White,,,Cool,Aqua Long Wave,
471,Froggos #471,841,115.6004484334,7,Red Ketchup,Green,Bubblegum,,Normal,Purple,,,Blue Fisherman,Aqua Long Wave,
571,Froggos #571,842,115.3756353859,6,Pink Choque,Orange,Light Pink,,Normal,Yellowow,,,,Red Nalon,
2054,Froggos #2054,843,114.5107469464,6,Red Ketchup,Yellowow,Orangelo,,Dot,Purple,,,,Blue Arrowhead,
563,Froggos #563,844,114.4134744678,6,Musgow,Green,Light Green,,Cross,White,,,,Red Nalon,
2064,Froggos #2064,845,112.8350902784,7,Aqua,Purple,Light Pink,,Cockeyed,White,,,Green Fisherman,Purple Lich,
725,Froggos #725,846,112.6758295621,6,Dark Blue,Green,Salmon,,Dot,White,,,,Blue Arrowhead,
888,Froggos #888,847,110.5812986218,7,Red Ketchup,Purple,Orangelo,,Normal,Green,,,Sailor,Red Nalon,
1857,Froggos #1857,848,108.5364541725,7,Aqua,Orange,Light Pink,Flame Heart,Normal,Red,,,,Blue Arrowhead,
586,Froggos #586,849,105.9646815355,7,Musgow,Green,Light Green,,Normal,Purple,,,Blue Fisherman,Yellowow Squares,
1436,Froggos #1436,850,102.9812841384,6,Dark Blue,Purple,Orangelo,,Normal,White,,,,Blue Arrowhead,
