ID,Name,Rank,Rarity_Score,Attributes,Centered,Color Palette,Extra Rotation,Outlined,Padding,Petals,Segments,Shape Type,Shrink,Use Palette Background
545,Hash Three Points #545,1,1093.875446118076,10,No,Rocketpop,17,No,315,52,6,Strip,0.32,No
956,Hash Three Points #956,2,1091.2015504510746,10,Yes,Safford,-17,No,-256,52,6,Strip,0.26,No
2,Hash Three Points #2,3,430.58065520604754,10,Yes,Monochrome,-16,No,263,48,6,Strip,0.38,No
504,Hash Three Points #504,4,414.5230674113608,10,Yes,Wasteland,-16,Yes,-256,48,7,Strip,0.38,Yes
147,Hash Three Points #147,5,402.1133926162963,10,No,Sonoran Sunset,-16,Yes,-256,50,7,Strip,0.26,No
990,Hash Three Points #990,6,332.5483382450601,10,No,Viva la Vida,16,Yes,315,52,8,Strip,0.17,No
248,Hash Three Points #248,7,312.4771749901291,10,No,Hunter,16,No,-256,48,7,Strip,0.05,No
234,Hash Three Points #234,8,311.02757191586534,10,No,Wasteland,16,Yes,-256,48,7,Strip,0.35,Yes
100,Hash Three Points #100,9,305.47960067231645,10,No,Safford,16,No,-256,48,6,Strip,0.2,No
245,Hash Three Points #245,10,211.46635698706106,10,No,Hunter,15,Yes,-256,50,6,Strip,0.41,No
560,Hash Three Points #560,11,210.02247101150692,10,No,Monochrome,15,No,-256,50,6,Strip,0.44,No
670,Hash Three Points #670,12,208.4118503724781,10,No,Safford,15,No,315,50,7,Strip,0.26,No
955,Hash Three Points #955,13,202.3829695855386,10,No,Wasteland,15,No,-256,48,8,Strip,0.17,Yes
1014,Hash Three Points #1014,14,200.88861133508382,10,No,Ketchup and Mustard,15,No,-256,46,6,Strip,0.47,Yes
109,Hash Three Points #109,15,197.8589087790212,10,No,Safford,15,No,-256,44,6,Strip,0.2,No
924,Hash Three Points #924,16,195.42510060914347,10,No,Safford,15,No,-256,46,7,Strip,0.08,No
959,Hash Three Points #959,17,191.71467765211153,10,No,Earth,-15,No,362,50,8,Fan,0.41,Yes
197,Hash Three Points #197,18,190.67865989995906,10,No,Mint,-15,No,392,50,7,Fan,0.2,Yes
289,Hash Three Points #289,19,184.48503899430233,10,No,Ketchup and Mustard,-15,No,263,48,6,Strip,0.26,No
111,Hash Three Points #111,20,178.54517261913094,10,No,Spring,-15,Yes,-256,52,8,Strip,0.5,Yes
657,Hash Three Points #657,21,177.6126436380635,10,No,Kanagawa,-15,No,-256,48,6,Strip,0.14,Yes
505,Hash Three Points #505,22,175.99194698083863,10,No,Spring,-15,No,-256,52,7,Strip,0.23,Yes
81,Hash Three Points #81,23,173.95837223467933,10,No,Ketchup and Mustard,-15,No,-256,48,8,Strip,0.14,No
615,Hash Three Points #615,24,169.2161832362957,10,No,Safford,-15,No,-256,48,8,Strip,0.29,Yes
151,Hash Three Points #151,25,164.88646277085041,10,No,Mint,-13,Yes,362,52,8,Fan,0.38,Yes
644,Hash Three Points #644,26,162.23254447148832,10,Yes,Hunter,-13,No,-256,38,6,Strip,0.17,Yes
852,Hash Three Points #852,27,162.06085903410926,10,No,Earth,-13,No,278,48,6,Strip,0.47,Yes
361,Hash Three Points #361,28,161.8764967356141,10,No,Earth,-13,No,295,42,6,Strip,0.26,Yes
33,Hash Three Points #33,29,160.25449814520897,10,No,Safford,-15,No,-256,48,7,Strip,0.35,Yes
161,Hash Three Points #161,30,160.19437370553158,10,No,Bone,14,No,337,46,6,Strip,0.23,Yes
651,Hash Three Points #651,31,155.76859753396513,10,No,Rocketpop,14,Yes,337,46,7,Strip,0.32,No
342,Hash Three Points #342,32,155.61511761472383,10,No,Mint,-13,No,295,48,7,Strip,0.35,Yes
795,Hash Three Points #795,33,155.49455007674453,10,No,Vaporwave,14,No,337,48,7,Strip,0.26,Yes
866,Hash Three Points #866,34,155.44756934324568,10,No,Rose,14,No,263,50,6,Strip,0.41,No
785,Hash Three Points #785,35,154.17837098619455,10,No,Mint,14,No,392,44,7,Fan,0.35,Yes
772,Hash Three Points #772,36,154.09562676277667,10,No,Bone,14,No,427,46,8,Fan,0.05,Yes
246,Hash Three Points #246,37,152.46252546441747,10,No,Rocketpop,14,Yes,263,50,7,Strip,0.2,No
967,Hash Three Points #967,38,151.5742638636819,10,No,Monochrome,-13,No,-256,42,8,Strip,0.29,No
802,Hash Three Points #802,39,149.68832535685297,10,No,Bone,-13,No,-256,42,7,Strip,0.29,Yes
104,Hash Three Points #104,40,149.36151880862556,10,No,Viva la Vida,-13,Yes,-256,44,6,Strip,0.05,No
811,Hash Three Points #811,41,146.70102741908167,10,No,Kanagawa,-13,No,-256,50,8,Strip,0.05,Yes
825,Hash Three Points #825,42,145.90887033261464,10,No,Bone,-13,No,-256,52,6,Strip,0.17,Yes
312,Hash Three Points #312,43,145.10259086260723,10,No,Sonoran Sunset,-13,No,-256,44,7,Strip,0.38,No
952,Hash Three Points #952,44,144.40009676102875,10,No,Safford,-13,No,315,48,7,Strip,0.2,No
903,Hash Three Points #903,45,143.41874743455205,10,No,Kanagawa,13,Yes,362,40,6,Fan,0.29,Yes
65,Hash Three Points #65,46,141.97949131378238,10,No,Hunter,14,No,-256,48,6,Strip,0.14,No
36,Hash Three Points #36,47,141.4357621119075,10,No,Viva la Vida,14,No,-256,52,7,Strip,0.08,No
39,Hash Three Points #39,48,138.68349979664055,10,No,Safford,14,Yes,315,46,7,Strip,0.35,Yes
559,Hash Three Points #559,49,138.50135188416522,10,No,Monochrome,14,Yes,-256,42,7,Strip,0.32,Yes
357,Hash Three Points #357,50,137.79196025133768,10,No,Wasteland,14,Yes,-256,44,8,Strip,0.35,Yes
548,Hash Three Points #548,51,137.43040910060913,10,No,Rocketpop,-12,No,392,40,8,Fan,0.08,No
797,Hash Three Points #797,52,136.49066652359932,10,No,Mint,13,No,337,52,6,Strip,0.44,Yes
25,Hash Three Points #25,53,136.21974767838384,10,No,Bone,14,No,-256,48,6,Strip,0.05,Yes
6,Hash Three Points #6,54,134.55236445913033,10,No,Viva la Vida,13,No,278,48,7,Strip,0.11,No
66,Hash Three Points #66,55,134.4683881117253,10,No,Kanagawa,12,No,278,44,7,Strip,0.2,Yes
365,Hash Three Points #365,56,133.8469846599334,10,No,Hunter,12,No,337,35,7,Strip,0.32,No
515,Hash Three Points #515,57,132.9594583195455,10,No,Earth,12,No,362,40,7,Fan,0.5,Yes
686,Hash Three Points #686,58,132.65118510893856,10,No,Hunter,13,Yes,427,38,7,Fan,0.35,No
963,Hash Three Points #963,59,131.45604511638373,10,No,Spring,12,Yes,427,46,6,Fan,0.47,Yes
202,Hash Three Points #202,60,131.33255405058753,10,No,Sonoran Sunset,-12,No,337,38,7,Strip,0.35,No
920,Hash Three Points #920,61,131.16957385636795,10,No,Rose,11,Yes,278,52,7,Strip,0.26,No
830,Hash Three Points #830,62,131.07922353392544,10,No,Wasteland,13,No,392,46,7,Fan,0.14,Yes
854,Hash Three Points #854,63,129.76562232099164,10,Yes,Rocketpop,-9,No,392,27,6,Fan,0.14,No
972,Hash Three Points #972,64,129.49432777860167,10,No,Viva la Vida,-12,No,263,38,7,Strip,0.2,No
693,Hash Three Points #693,65,128.81255748753335,10,No,Rocketpop,11,No,392,35,7,Fan,0.23,No
191,Hash Three Points #191,66,128.0322508141871,10,No,Monochrome,11,Yes,362,33,6,Fan,0.44,No
838,Hash Three Points #838,67,128.02367135307196,10,No,Ketchup and Mustard,-14,Yes,337,48,6,Strip,0.44,No
1007,Hash Three Points #1007,68,127.68964522389695,10,No,Hunter,-14,No,278,44,7,Strip,0.11,No
588,Hash Three Points #588,69,127.65613817412061,10,No,Bone,-14,Yes,392,52,7,Fan,0.5,Yes
326,Hash Three Points #326,70,127.6382882455,10,No,Vaporwave,11,No,295,38,8,Strip,0.23,Yes
423,Hash Three Points #423,71,127.5850527246953,10,No,Ketchup and Mustard,-12,No,278,46,7,Strip,0.05,No
842,Hash Three Points #842,72,127.36928245500684,10,No,Vaporwave,11,No,392,38,7,Fan,0.11,Yes
596,Hash Three Points #596,73,127.3246821793841,10,No,Earth,13,Yes,362,46,7,Fan,0.32,Yes
186,Hash Three Points #186,74,127.1385198281509,10,No,Monochrome,13,No,315,42,8,Strip,0.08,No
742,Hash Three Points #742,75,126.90376371569688,10,Yes,Sonoran Sunset,-10,No,362,31,7,Fan,0.41,No
869,Hash Three Points #869,76,126.85181004882502,10,No,Safford,12,No,278,42,8,Strip,0.11,No
759,Hash Three Points #759,77,126.48281749693044,10,No,Kanagawa,-14,No,278,46,7,Strip,0.41,Yes
700,Hash Three Points #700,78,126.41345777580962,10,No,Sonoran Sunset,-12,No,295,42,7,Strip,0.05,No
279,Hash Three Points #279,79,125.85436899683678,10,No,Sonoran Sunset,11,No,278,52,7,Strip,0.05,Yes
131,Hash Three Points #131,80,125.48945928744466,10,No,Hunter,13,No,263,42,7,Strip,0.47,No
694,Hash Three Points #694,81,125.29381340108912,10,Yes,Kanagawa,-14,Yes,-256,42,6,Strip,0.17,Yes
329,Hash Three Points #329,82,125.23025426376283,10,No,Mint,-12,No,263,42,6,Strip,0.47,Yes
453,Hash Three Points #453,83,125.14655464567208,10,No,Hunter,-14,No,392,48,7,Fan,0.38,No
395,Hash Three Points #395,84,125.13612851729894,10,No,Safford,-12,Yes,362,50,8,Fan,0.5,No
873,Hash Three Points #873,85,125.03047180086368,10,No,Safford,-12,Yes,427,42,6,Fan,0.17,No
601,Hash Three Points #601,86,124.81555890058856,10,No,Spring,12,No,-256,40,8,Strip,0.29,Yes
18,Hash Three Points #18,87,124.6121349107102,10,No,Monochrome,11,Yes,263,44,7,Strip,0.11,No
636,Hash Three Points #636,88,123.8507087985315,10,No,Mint,11,No,315,40,7,Strip,0.23,Yes
840,Hash Three Points #840,89,123.56968296833338,10,No,Monochrome,11,No,362,44,7,Fan,0.2,No
738,Hash Three Points #738,90,123.09124421167397,10,No,Mint,11,Yes,362,50,7,Fan,0.47,Yes
853,Hash Three Points #853,91,123.0873203474967,10,No,Spring,-11,No,362,40,7,Fan,0.5,Yes
308,Hash Three Points #308,92,122.97391485322943,10,No,Kanagawa,-9,No,337,40,8,Strip,0.14,Yes
805,Hash Three Points #805,93,122.16600186118733,10,Yes,Ketchup and Mustard,-9,No,392,27,7,Fan,0.32,No
442,Hash Three Points #442,94,121.95595350518539,10,No,Rocketpop,11,No,362,35,7,Fan,0.35,No
397,Hash Three Points #397,95,121.4892025673761,10,No,Kanagawa,-12,No,-256,40,6,Strip,0.38,Yes
1005,Hash Three Points #1005,96,121.45331977046087,10,Yes,Viva la Vida,0,Yes,427,23,6,Fan,0.11,No
226,Hash Three Points #226,97,121.3190672753799,10,No,Sonoran Sunset,-11,Yes,392,42,7,Fan,0.17,Yes
427,Hash Three Points #427,98,121.16373163690936,10,Yes,Spring,0,Yes,337,44,7,Strip,0.41,Yes
927,Hash Three Points #927,99,120.9970662518908,10,No,Bone,-11,Yes,392,44,7,Fan,0.47,Yes
338,Hash Three Points #338,100,120.92339232862136,10,No,Safford,12,No,392,42,7,Fan,0.47,Yes
546,Hash Three Points #546,101,120.91266293466546,10,No,Monochrome,-11,No,427,46,6,Fan,0.38,No
858,Hash Three Points #858,102,120.63248924843722,10,No,Spring,-11,No,295,35,7,Strip,0.41,Yes
264,Hash Three Points #264,103,120.20827667616068,10,No,Sonoran Sunset,11,No,315,48,6,Strip,0.23,No
367,Hash Three Points #367,104,120.14446321244999,10,No,Rose,12,No,-256,40,8,Strip,0.41,Yes
242,Hash Three Points #242,105,120.14041889520999,10,No,Spring,-11,No,362,48,7,Fan,0.14,Yes
887,Hash Three Points #887,106,120.02375672141615,10,No,Sonoran Sunset,-10,No,278,40,7,Strip,0.05,No
110,Hash Three Points #110,107,119.38742282580178,10,No,Safford,11,No,337,46,8,Strip,0.26,No
52,Hash Three Points #52,108,119.27007869041363,10,Yes,Rocketpop,-9,No,315,27,7,Strip,0.44,No
429,Hash Three Points #429,109,119.21023047913374,10,No,Safford,11,No,362,40,8,Fan,0.32,No
98,Hash Three Points #98,110,119.16413423859103,10,No,Vaporwave,-14,No,427,46,7,Fan,0.32,Yes
426,Hash Three Points #426,111,118.91309961328454,10,No,Earth,13,Yes,-256,44,6,Strip,0.44,Yes
355,Hash Three Points #355,112,118.90251109376683,10,No,Viva la Vida,13,Yes,-256,42,7,Strip,0.38,No
299,Hash Three Points #299,113,118.81607203974755,10,No,Viva la Vida,13,No,-256,46,8,Strip,0.14,No
666,Hash Three Points #666,114,118.80544396924874,10,Yes,Vaporwave,0,No,337,23,6,Strip,0.08,Yes
89,Hash Three Points #89,115,118.32488117549813,10,No,Ketchup and Mustard,11,No,263,35,7,Strip,0.47,No
993,Hash Three Points #993,116,118.15657477080484,10,Yes,Monochrome,-10,Yes,-256,31,6,Strip,0.14,No
681,Hash Three Points #681,117,118.09358901310787,10,No,Earth,-14,No,315,52,8,Strip,0.2,Yes
597,Hash Three Points #597,118,117.96700379334256,10,Yes,Wasteland,0,No,278,23,7,Strip,0.14,Yes
354,Hash Three Points #354,119,117.90170807499707,10,Yes,Ketchup and Mustard,-10,Yes,-256,29,8,Strip,0.29,No
746,Hash Three Points #746,120,117.84166118547883,10,No,Kanagawa,-9,No,278,42,8,Strip,0.23,Yes
243,Hash Three Points #243,121,117.68383957838766,10,No,Kanagawa,12,No,-256,40,7,Strip,0.17,Yes
723,Hash Three Points #723,122,117.64881086603975,10,No,Rocketpop,-2,Yes,427,40,6,Fan,0.14,No
1006,Hash Three Points #1006,123,117.47020534022946,10,No,Vaporwave,-11,No,427,35,7,Fan,0.47,Yes
468,Hash Three Points #468,124,117.16371590974884,10,No,Hunter,-11,Yes,315,52,7,Strip,0.41,No
654,Hash Three Points #654,125,117.0956992566278,10,No,Bone,-10,No,427,48,6,Fan,0.41,Yes
343,Hash Three Points #343,126,117.00114991253972,10,No,Wasteland,13,No,-256,40,6,Strip,0.08,Yes
482,Hash Three Points #482,127,116.91407202224241,10,No,Earth,13,No,-256,40,7,Strip,0.11,Yes
95,Hash Three Points #95,128,116.63939435316922,10,No,Hunter,-11,Yes,315,42,7,Strip,0.11,No
266,Hash Three Points #266,129,116.46403076260606,10,No,Monochrome,-11,No,263,44,7,Strip,0.5,No
832,Hash Three Points #832,130,116.25438740440521,10,No,Ketchup and Mustard,-10,No,392,38,6,Fan,0.05,No
747,Hash Three Points #747,131,116.12892350686259,10,No,Hunter,10,Yes,278,44,8,Strip,0.5,No
901,Hash Three Points #901,132,116.09759905885798,10,No,Sonoran Sunset,13,No,-256,42,6,Strip,0.44,No
828,Hash Three Points #828,133,116.02459343468198,10,No,Monochrome,12,No,-256,50,8,Strip,0.5,No
374,Hash Three Points #374,134,115.94121507809074,10,No,Hunter,-14,Yes,-256,44,8,Strip,0.29,No
949,Hash Three Points #949,135,115.91884248461619,10,No,Monochrome,-10,No,427,52,7,Fan,0.2,No
167,Hash Three Points #167,136,115.84495373482926,10,No,Wasteland,13,Yes,-256,48,6,Strip,0.14,Yes
566,Hash Three Points #566,137,115.78151370130769,10,Yes,Hunter,-7,No,337,21,6,Strip,0.11,No
567,Hash Three Points #567,138,115.60695523063075,10,No,Viva la Vida,12,No,-256,46,8,Strip,0.26,No
105,Hash Three Points #105,139,115.549166857175,10,No,Ketchup and Mustard,11,Yes,-256,40,6,Strip,0.44,No
138,Hash Three Points #138,140,115.46347364478416,10,No,Safford,-11,No,427,35,6,Fan,0.23,Yes
259,Hash Three Points #259,141,115.37349573955095,10,No,Rose,8,Yes,278,38,6,Strip,0.5,No
356,Hash Three Points #356,142,115.24557003593563,10,No,Mint,-12,No,-256,44,6,Strip,0.38,Yes
51,Hash Three Points #51,143,115.17170629030738,10,No,Viva la Vida,-10,No,362,42,7,Fan,0.35,Yes
267,Hash Three Points #267,144,114.96411181304242,10,No,Vaporwave,-11,No,263,44,8,Strip,0.35,Yes
757,Hash Three Points #757,145,114.88523286430421,10,No,Hunter,-11,No,263,46,8,Strip,0.05,No
645,Hash Three Points #645,146,114.80105405869266,10,No,Kanagawa,-9,No,278,44,7,Strip,0.11,Yes
146,Hash Three Points #146,147,114.7429268555118,10,Yes,Rocketpop,0,Yes,392,29,8,Fan,0.32,No
897,Hash Three Points #897,148,114.6244476873751,10,Yes,Rose,0,Yes,392,33,7,Fan,0.35,No
730,Hash Three Points #730,149,114.59799682337736,10,No,Earth,10,Yes,278,52,7,Strip,0.44,Yes
679,Hash Three Points #679,150,114.52778058278247,10,No,Sonoran Sunset,-9,Yes,427,44,8,Fan,0.38,No
821,Hash Three Points #821,151,114.28179125457955,10,No,Sonoran Sunset,12,No,-256,48,6,Strip,0.44,Yes
281,Hash Three Points #281,152,114.14869371029218,10,No,Sonoran Sunset,12,No,-256,44,6,Strip,0.26,No
455,Hash Three Points #455,153,114.04807436625953,10,No,Mint,11,No,-256,44,8,Strip,0.29,Yes
611,Hash Three Points #611,154,114.04583825213466,10,No,Ketchup and Mustard,10,Yes,337,42,6,Strip,0.23,Yes
614,Hash Three Points #614,155,113.92241881434468,10,No,Safford,12,No,315,48,6,Strip,0.32,No
322,Hash Three Points #322,156,113.80949752617892,10,No,Rocketpop,12,Yes,-256,52,8,Strip,0.47,Yes
524,Hash Three Points #524,157,113.78331337442836,10,No,Hunter,13,No,-256,50,7,Strip,0.17,Yes
810,Hash Three Points #810,158,113.71667243500644,10,No,Viva la Vida,11,No,-256,48,7,Strip,0.29,No
366,Hash Three Points #366,159,113.67944861295051,10,No,Safford,-12,Yes,-256,40,6,Strip,0.23,No
889,Hash Three Points #889,160,113.5678493689511,10,No,Bone,-11,Yes,315,50,7,Strip,0.47,Yes
485,Hash Three Points #485,161,113.47867097510007,10,No,Spring,10,No,392,35,7,Fan,0.44,Yes
556,Hash Three Points #556,162,113.28493593090715,10,No,Kanagawa,13,No,-256,52,7,Strip,0.32,Yes
646,Hash Three Points #646,163,113.17722267595967,10,No,Rose,-10,Yes,263,46,8,Strip,0.35,No
1015,Hash Three Points #1015,164,112.99898462774078,10,No,Vaporwave,-8,No,278,40,7,Strip,0.5,Yes
607,Hash Three Points #607,165,112.73269560606442,10,No,Viva la Vida,3,Yes,337,50,8,Strip,0.26,No
76,Hash Three Points #76,166,112.67762538914387,10,No,Safford,-10,No,295,40,7,Strip,0.14,No
447,Hash Three Points #447,167,112.67316582222543,10,No,Viva la Vida,7,No,392,25,6,Fan,0.08,No
334,Hash Three Points #334,168,112.63535177150368,10,No,Mint,13,No,-256,44,7,Strip,0.11,Yes
731,Hash Three Points #731,169,112.61430784629736,10,No,Ketchup and Mustard,10,No,278,50,8,Strip,0.23,No
331,Hash Three Points #331,170,112.4839257778559,10,No,Spring,-12,No,-256,46,8,Strip,0.32,Yes
257,Hash Three Points #257,171,112.46164683067545,10,No,Mint,12,Yes,-256,44,7,Strip,0.05,Yes
440,Hash Three Points #440,172,112.33338100649098,10,No,Spring,-6,No,392,23,6,Fan,0.29,Yes
839,Hash Three Points #839,173,112.33285254817554,10,No,Rose,-11,No,315,52,7,Strip,0.05,No
748,Hash Three Points #748,174,112.31243538899378,10,No,Mint,-8,Yes,392,33,8,Fan,0.14,Yes
291,Hash Three Points #291,175,112.31162675809927,10,No,Vaporwave,-12,Yes,-256,46,8,Strip,0.35,Yes
674,Hash Three Points #674,176,112.27187218232817,10,No,Rocketpop,-12,No,-256,50,6,Strip,0.35,No
48,Hash Three Points #48,177,112.24476631431284,10,No,Viva la Vida,-4,Yes,295,40,6,Strip,0.23,No
926,Hash Three Points #926,178,112.11960443295936,10,No,Rocketpop,13,No,-256,52,7,Strip,0.26,No
68,Hash Three Points #68,179,112.08103439963551,10,Yes,Vaporwave,0,Yes,362,31,7,Fan,0.11,Yes
41,Hash Three Points #41,180,112.0028774282698,10,Yes,Rose,0,No,263,46,6,Strip,0.41,No
317,Hash Three Points #317,181,112.0024599944205,10,No,Bone,-10,No,263,44,7,Strip,0.2,Yes
616,Hash Three Points #616,182,111.92466666460476,10,Yes,Safford,0,No,392,40,6,Fan,0.17,Yes
549,Hash Three Points #549,183,111.66847082052682,10,Yes,Wasteland,0,No,295,42,8,Strip,0.17,Yes
303,Hash Three Points #303,184,111.58321541496906,10,No,Mint,8,Yes,337,35,8,Strip,0.35,Yes
523,Hash Three Points #523,185,111.55825797177081,10,No,Sonoran Sunset,-8,No,337,35,6,Strip,0.26,No
706,Hash Three Points #706,186,111.52352376190272,10,Yes,Safford,0,No,337,48,8,Strip,0.14,No
394,Hash Three Points #394,187,111.52317868973569,10,No,Kanagawa,-8,Yes,337,31,7,Strip,0.08,Yes
827,Hash Three Points #827,188,111.47621821504076,10,No,Wasteland,-12,Yes,-256,50,7,Strip,0.05,Yes
410,Hash Three Points #410,189,111.42958247651191,10,No,Wasteland,-12,No,-256,38,7,Strip,0.26,Yes
758,Hash Three Points #758,190,111.42596847849896,10,No,Spring,-9,No,362,42,6,Fan,0.5,Yes
621,Hash Three Points #621,191,111.4089150528024,10,Yes,Sonoran Sunset,-10,No,-256,31,7,Strip,0.38,No
712,Hash Three Points #712,192,111.31671433449395,10,No,Bone,8,Yes,427,52,7,Fan,0.23,Yes
582,Hash Three Points #582,193,111.10222424974347,10,No,Bone,11,No,-256,40,7,Strip,0.2,Yes
250,Hash Three Points #250,194,110.99680786496843,10,Yes,Monochrome,0,No,315,31,7,Strip,0.29,No
359,Hash Three Points #359,195,110.96901642768746,10,Yes,Mint,0,Yes,315,35,7,Strip,0.08,Yes
220,Hash Three Points #220,196,110.96271407309911,10,No,Rose,10,No,392,35,7,Fan,0.26,No
495,Hash Three Points #495,197,110.89598389856745,10,No,Viva la Vida,1,Yes,337,44,7,Strip,0.44,No
764,Hash Three Points #764,198,110.87436195340123,10,No,Mint,-12,No,-256,50,7,Strip,0.32,Yes
750,Hash Three Points #750,199,110.80058530223587,10,No,Bone,-8,Yes,427,27,7,Fan,0.23,Yes
91,Hash Three Points #91,200,110.64660203591221,10,No,Spring,-2,No,263,40,7,Strip,0.23,Yes
910,Hash Three Points #910,201,110.59987851026354,10,Yes,Viva la Vida,-7,No,427,21,7,Fan,0.35,No
409,Hash Three Points #409,202,110.39443777442591,10,No,Sonoran Sunset,12,Yes,-256,46,7,Strip,0.35,No
793,Hash Three Points #793,203,110.37020638409689,10,No,Viva la Vida,-11,Yes,-256,42,6,Strip,0.44,No
62,Hash Three Points #62,204,110.25954788316298,10,No,Hunter,3,Yes,392,50,6,Fan,0.11,No
69,Hash Three Points #69,205,110.19645431668724,10,No,Rose,8,Yes,427,27,7,Fan,0.41,No
918,Hash Three Points #918,206,110.17893257377281,10,No,Viva la Vida,-3,No,337,21,8,Strip,0.11,No
229,Hash Three Points #229,207,109.98633403526465,10,Yes,Vaporwave,0,No,263,44,8,Strip,0.35,Yes
391,Hash Three Points #391,208,109.8869780582269,10,No,Hunter,10,Yes,362,35,8,Fan,0.47,No
287,Hash Three Points #287,209,109.88023706087668,10,No,Spring,-5,Yes,392,35,7,Fan,0.14,Yes
219,Hash Three Points #219,210,109.83145461051103,10,No,Monochrome,-2,Yes,392,42,7,Fan,0.32,No
928,Hash Three Points #928,211,109.81040025182759,10,No,Ketchup and Mustard,-10,No,295,46,7,Strip,0.2,No
494,Hash Three Points #494,212,109.73685526659544,10,No,Monochrome,7,Yes,278,46,6,Strip,0.11,No
541,Hash Three Points #541,213,109.61551636241171,10,No,Viva la Vida,-14,Yes,-256,46,8,Strip,0.17,No
890,Hash Three Points #890,214,109.61421033135142,10,No,Viva la Vida,-5,No,427,21,6,Fan,0.14,No
552,Hash Three Points #552,215,109.52662063400541,10,No,Ketchup and Mustard,12,No,-256,52,7,Strip,0.32,No
509,Hash Three Points #509,216,109.51901027455568,10,No,Safford,-10,Yes,315,40,8,Strip,0.41,No
978,Hash Three Points #978,217,109.30057647243305,10,No,Kanagawa,3,Yes,427,42,6,Fan,0.08,Yes
976,Hash Three Points #976,218,109.27105864325478,10,No,Bone,7,Yes,427,44,6,Fan,0.11,Yes
252,Hash Three Points #252,219,109.22635240977715,10,No,Safford,-14,No,263,50,7,Strip,0.35,Yes
491,Hash Three Points #491,220,109.18287236534616,10,No,Vaporwave,11,No,-256,42,7,Strip,0.44,Yes
710,Hash Three Points #710,221,109.1342775692207,10,No,Safford,12,No,-256,40,8,Strip,0.2,No
983,Hash Three Points #983,222,108.94914437267377,10,No,Earth,-6,No,427,40,8,Fan,0.5,Yes
323,Hash Three Points #323,223,108.93593283156434,10,No,Earth,-5,Yes,427,40,7,Fan,0.44,Yes
763,Hash Three Points #763,224,108.93372199664938,10,No,Ketchup and Mustard,10,Yes,427,33,7,Fan,0.14,No
137,Hash Three Points #137,225,108.92173768745927,10,No,Earth,7,No,337,35,6,Strip,0.17,Yes
815,Hash Three Points #815,226,108.84853545467561,10,No,Vaporwave,-4,Yes,392,29,6,Fan,0.29,Yes
46,Hash Three Points #46,227,108.7409746165011,10,No,Monochrome,10,No,337,48,7,Strip,0.26,No
623,Hash Three Points #623,228,108.74085874468065,10,No,Kanagawa,1,No,392,21,8,Fan,0.23,Yes
163,Hash Three Points #163,229,108.72451444912164,10,No,Rocketpop,-14,Yes,-256,44,7,Strip,0.23,No
168,Hash Three Points #168,230,108.6852591484412,10,No,Sonoran Sunset,9,No,278,50,8,Strip,0.08,No
503,Hash Three Points #503,231,108.6575575899559,10,No,Hunter,3,No,337,38,8,Strip,0.2,No
634,Hash Three Points #634,232,108.6209351975704,10,No,Rocketpop,10,No,278,38,7,Strip,0.32,No
950,Hash Three Points #950,233,108.59526796943494,10,Yes,Safford,0,No,427,44,8,Fan,0.41,No
502,Hash Three Points #502,234,108.3941405668582,10,No,Rose,4,No,362,40,8,Fan,0.23,No
228,Hash Three Points #228,235,108.38733255569934,10,No,Rose,7,No,362,35,8,Fan,0.23,Yes
794,Hash Three Points #794,236,108.35886401953371,10,Yes,Monochrome,-8,No,-256,25,8,Strip,0.5,No
225,Hash Three Points #225,237,108.04921337096297,10,No,Hunter,-14,No,-256,44,8,Strip,0.17,No
99,Hash Three Points #99,238,107.83928120994626,10,No,Rose,-5,Yes,337,23,7,Strip,0.38,No
732,Hash Three Points #732,239,107.77675583783476,10,No,Wasteland,-9,No,295,46,8,Strip,0.23,Yes
45,Hash Three Points #45,240,107.77145377303776,10,No,Mint,-4,No,427,42,8,Fan,0.29,Yes
829,Hash Three Points #829,241,107.75310498637512,10,No,Monochrome,7,No,427,21,6,Fan,0.5,No
784,Hash Three Points #784,242,107.70651939743391,10,No,Viva la Vida,-6,No,392,35,8,Fan,0.47,No
127,Hash Three Points #127,243,107.6960274555381,10,No,Wasteland,-5,No,337,35,7,Strip,0.29,Yes
35,Hash Three Points #35,244,107.58176819164373,10,No,Bone,10,No,362,50,7,Fan,0.41,Yes
847,Hash Three Points #847,245,107.56112300053938,10,Yes,Safford,0,Yes,315,40,8,Strip,0.5,No
360,Hash Three Points #360,246,107.49735918381371,10,No,Rose,1,No,337,38,7,Strip,0.44,No
155,Hash Three Points #155,247,107.45114938127156,10,No,Earth,-3,Yes,295,50,7,Strip,0.29,Yes
182,Hash Three Points #182,248,107.37296533677011,10,No,Vaporwave,-6,No,278,44,6,Strip,0.11,Yes
581,Hash Three Points #581,249,107.34678087745115,10,No,Bone,4,No,337,25,6,Strip,0.2,Yes
535,Hash Three Points #535,250,107.2944257194785,10,No,Sonoran Sunset,-2,Yes,263,46,6,Strip,0.44,No
239,Hash Three Points #239,251,107.18368299837498,10,No,Rose,9,No,337,29,6,Strip,0.08,No
779,Hash Three Points #779,252,107.16675524034649,10,No,Hunter,10,Yes,315,52,8,Strip,0.11,No
118,Hash Three Points #118,253,107.10477402580675,10,No,Bone,-2,No,263,25,7,Strip,0.38,Yes
97,Hash Three Points #97,254,107.08915640898704,10,No,Safford,-11,No,427,46,7,Fan,0.05,No
382,Hash Three Points #382,255,107.06460276031223,10,No,Mint,4,Yes,337,25,7,Strip,0.26,Yes
297,Hash Three Points #297,256,107.05839049729121,10,No,Rocketpop,3,No,392,27,6,Fan,0.44,No
438,Hash Three Points #438,257,106.98741907861336,10,No,Rose,8,No,392,33,6,Fan,0.05,No
631,Hash Three Points #631,258,106.96836944266141,10,No,Ketchup and Mustard,-14,Yes,-256,52,8,Strip,0.17,No
945,Hash Three Points #945,259,106.91823232943491,10,No,Earth,-8,No,337,29,8,Strip,0.05,Yes
529,Hash Three Points #529,260,106.88408867419574,10,No,Vaporwave,8,Yes,263,42,8,Strip,0.41,Yes
762,Hash Three Points #762,261,106.7736117286787,10,Yes,Ketchup and Mustard,-8,No,-256,25,6,Strip,0.38,No
157,Hash Three Points #157,262,106.74265928384109,10,No,Monochrome,10,No,295,48,6,Strip,0.5,No
770,Hash Three Points #770,263,106.73275774086666,10,No,Safford,-10,No,362,38,6,Fan,0.32,Yes
460,Hash Three Points #460,264,106.61931683161167,10,No,Earth,-5,No,278,50,8,Strip,0.41,Yes
87,Hash Three Points #87,265,106.58858140328572,10,No,Monochrome,-9,Yes,263,33,7,Strip,0.11,No
54,Hash Three Points #54,266,106.58626311751819,10,No,Rose,-1,Yes,427,44,8,Fan,0.29,Yes
862,Hash Three Points #862,267,106.55536748525444,10,No,Monochrome,-4,Yes,427,42,6,Fan,0.41,No
512,Hash Three Points #512,268,106.50496361191796,10,No,Viva la Vida,9,No,427,31,6,Fan,0.41,No
527,Hash Three Points #527,269,106.37565539698217,10,No,Spring,-14,No,-256,52,6,Strip,0.47,Yes
701,Hash Three Points #701,270,106.37280889264167,10,No,Ketchup and Mustard,-14,No,-256,52,8,Strip,0.41,No
307,Hash Three Points #307,271,106.34601337640034,10,No,Rocketpop,11,No,-256,42,8,Strip,0.47,No
1011,Hash Three Points #1011,272,106.30587221282656,10,No,Rose,9,No,392,44,6,Fan,0.32,No
145,Hash Three Points #145,273,106.26876499912409,10,No,Monochrome,-14,No,-256,44,6,Strip,0.32,No
627,Hash Three Points #627,274,106.18475683941432,10,No,Hunter,9,No,392,38,7,Fan,0.2,No
796,Hash Three Points #796,275,106.07381650482954,10,Yes,Safford,0,No,315,27,8,Strip,0.29,No
489,Hash Three Points #489,276,106.04786868200236,10,No,Mint,-4,Yes,278,21,6,Strip,0.35,Yes
773,Hash Three Points #773,277,106.01051802619278,10,No,Hunter,-3,No,392,38,6,Fan,0.2,No
247,Hash Three Points #247,278,105.95250643952983,10,No,Spring,-8,Yes,362,48,6,Fan,0.47,Yes
241,Hash Three Points #241,279,105.87403444994106,10,No,Bone,-8,No,362,42,7,Fan,0.5,Yes
200,Hash Three Points #200,280,105.80131594142784,10,No,Vaporwave,-8,Yes,362,35,7,Fan,0.05,Yes
939,Hash Three Points #939,281,105.79432943345373,10,No,Spring,9,No,427,44,7,Fan,0.08,Yes
315,Hash Three Points #315,282,105.75053378263756,10,No,Rocketpop,-2,No,315,52,8,Strip,0.14,No
893,Hash Three Points #893,283,105.71121861872578,10,No,Viva la Vida,-6,No,337,27,7,Strip,0.47,No
643,Hash Three Points #643,284,105.64262639562415,10,No,Wasteland,-9,Yes,362,46,8,Fan,0.47,Yes
177,Hash Three Points #177,285,105.55496898892338,10,No,Monochrome,-4,No,427,25,7,Fan,0.23,No
341,Hash Three Points #341,286,105.52730118397606,10,Yes,Sonoran Sunset,-9,No,-256,27,8,Strip,0.47,No
625,Hash Three Points #625,287,105.52126152599482,10,No,Bone,-6,No,362,42,6,Fan,0.44,Yes
891,Hash Three Points #891,288,105.44934536277452,10,No,Wasteland,3,Yes,278,23,6,Strip,0.05,Yes
579,Hash Three Points #579,289,105.38872344669723,10,No,Monochrome,9,No,263,52,7,Strip,0.29,No
27,Hash Three Points #27,290,105.37919496166874,10,No,Kanagawa,-11,Yes,-256,42,7,Strip,0.26,Yes
511,Hash Three Points #511,291,105.35413121705861,10,No,Ketchup and Mustard,3,Yes,392,27,7,Fan,0.38,No
942,Hash Three Points #942,292,105.3055788046677,10,No,Vaporwave,4,Yes,362,38,7,Fan,0.14,Yes
848,Hash Three Points #848,293,105.22000989661721,10,No,Monochrome,9,No,278,33,7,Strip,0.08,No
820,Hash Three Points #820,294,105.21477851032716,10,No,Spring,8,No,315,35,6,Strip,0.41,Yes
1016,Hash Three Points #1016,295,105.07746135071305,10,No,Viva la Vida,1,No,295,35,8,Strip,0.26,No
112,Hash Three Points #112,296,105.07265207294591,10,No,Vaporwave,-8,No,295,29,6,Strip,0.38,Yes
207,Hash Three Points #207,297,105.05626992838691,10,No,Rocketpop,7,No,362,38,6,Fan,0.08,No
290,Hash Three Points #290,298,105.05051127310828,10,No,Hunter,-9,No,263,33,8,Strip,0.05,No
385,Hash Three Points #385,299,105.01063978554663,10,No,Earth,-6,No,295,23,6,Strip,0.44,Yes
262,Hash Three Points #262,300,104.98499214857878,10,No,Spring,1,No,392,44,8,Fan,0.17,Yes
836,Hash Three Points #836,301,104.98105501367473,10,No,Ketchup and Mustard,-14,Yes,-256,46,7,Strip,0.38,No
745,Hash Three Points #745,302,104.96301629721034,10,No,Rocketpop,7,No,362,48,8,Fan,0.14,No
477,Hash Three Points #477,303,104.95065878687413,10,No,Earth,4,No,427,25,6,Fan,0.26,Yes
557,Hash Three Points #557,304,104.90802079889363,10,No,Hunter,-3,No,392,21,7,Fan,0.26,No
584,Hash Three Points #584,305,104.87577397182301,10,No,Mint,4,No,337,44,7,Strip,0.38,Yes
514,Hash Three Points #514,306,104.82990900385886,10,No,Earth,-3,No,337,38,7,Strip,0.26,Yes
293,Hash Three Points #293,307,104.82164334226171,10,No,Monochrome,-10,No,-256,40,8,Strip,0.11,Yes
348,Hash Three Points #348,308,104.73930945905599,10,No,Hunter,8,No,295,52,7,Strip,0.05,No
577,Hash Three Points #577,309,104.7281247469091,10,No,Kanagawa,2,Yes,278,23,6,Strip,0.35,Yes
165,Hash Three Points #165,310,104.70720613186677,10,No,Hunter,1,No,392,23,8,Fan,0.17,No
835,Hash Three Points #835,311,104.65101541168252,10,No,Bone,4,No,337,21,7,Strip,0.2,Yes
5,Hash Three Points #5,312,104.6373020042644,10,No,Earth,-8,No,362,52,6,Fan,0.47,Yes
587,Hash Three Points #587,313,104.62451545106532,10,No,Safford,-12,Yes,-256,42,7,Strip,0.32,No
1017,Hash Three Points #1017,314,104.57829206056931,10,No,Rocketpop,-14,No,-256,46,8,Strip,0.26,No
1020,Hash Three Points #1020,315,104.4667053032602,10,No,Sonoran Sunset,-4,Yes,392,31,6,Fan,0.08,Yes
629,Hash Three Points #629,316,104.43872633766871,10,No,Earth,-11,Yes,-256,52,7,Strip,0.08,Yes
749,Hash Three Points #749,317,104.39857811701613,10,No,Kanagawa,-2,Yes,315,46,6,Strip,0.17,Yes
662,Hash Three Points #662,318,104.37504469510134,10,No,Wasteland,-3,No,278,50,6,Strip,0.26,Yes
82,Hash Three Points #82,319,104.32705935440839,10,No,Kanagawa,5,Yes,263,25,8,Strip,0.23,Yes
953,Hash Three Points #953,320,104.31310045536311,10,No,Monochrome,-2,No,263,29,8,Strip,0.08,No
244,Hash Three Points #244,321,104.23829197817724,10,No,Sonoran Sunset,-3,Yes,278,46,7,Strip,0.11,No
673,Hash Three Points #673,322,104.22111825373798,10,No,Sonoran Sunset,-14,No,-256,48,7,Strip,0.38,No
799,Hash Three Points #799,323,104.18446834367302,10,No,Viva la Vida,-4,No,427,31,7,Fan,0.44,No
641,Hash Three Points #641,324,104.18190008965006,10,No,Vaporwave,-9,No,295,29,7,Strip,0.17,Yes
719,Hash Three Points #719,325,104.06912080263643,10,No,Rose,1,Yes,427,21,7,Fan,0.17,No
309,Hash Three Points #309,326,104.044700039682,10,No,Sonoran Sunset,-7,No,278,35,8,Strip,0.29,No
975,Hash Three Points #975,327,104.00468581627939,10,No,Rose,3,No,362,27,7,Fan,0.44,No
915,Hash Three Points #915,328,103.9935157692913,10,No,Wasteland,2,No,278,40,7,Strip,0.38,Yes
132,Hash Three Points #132,329,103.93289327262968,10,No,Mint,4,No,337,44,8,Strip,0.32,Yes
59,Hash Three Points #59,330,103.8975349851097,10,No,Rose,-10,Yes,-256,38,8,Strip,0.26,No
608,Hash Three Points #608,331,103.8782858110874,10,No,Vaporwave,-2,No,263,38,8,Strip,0.35,Yes
904,Hash Three Points #904,332,103.81212788571914,10,No,Hunter,7,Yes,315,23,8,Strip,0.41,No
1022,Hash Three Points #1022,333,103.78785160121609,10,No,Earth,-3,Yes,362,21,8,Fan,0.17,Yes
632,Hash Three Points #632,334,103.74655569444897,10,No,Rocketpop,3,No,295,38,8,Strip,0.41,No
148,Hash Three Points #148,335,103.63732249460921,10,No,Kanagawa,5,No,278,33,8,Strip,0.5,Yes
639,Hash Three Points #639,336,103.63296123245038,10,No,Hunter,-6,No,315,21,7,Strip,0.29,No
876,Hash Three Points #876,337,103.55877601907598,10,No,Wasteland,-9,No,362,29,8,Fan,0.05,Yes
1004,Hash Three Points #1004,338,103.55523341816081,10,No,Ketchup and Mustard,-6,No,392,38,7,Fan,0.5,No
295,Hash Three Points #295,339,103.5309283542085,10,No,Mint,4,Yes,295,25,7,Strip,0.08,Yes
970,Hash Three Points #970,340,103.48279478950963,10,No,Bone,-6,No,392,48,7,Fan,0.08,Yes
850,Hash Three Points #850,341,103.42954654467925,10,No,Bone,4,No,315,38,8,Strip,0.29,Yes
466,Hash Three Points #466,342,103.36329825040082,10,No,Ketchup and Mustard,4,No,392,23,8,Fan,0.11,No
826,Hash Three Points #826,343,103.36155402402731,10,Yes,Spring,0,No,-256,40,6,Strip,0.26,Yes
296,Hash Three Points #296,344,103.24500155660783,10,No,Kanagawa,4,No,427,50,7,Fan,0.2,Yes
319,Hash Three Points #319,345,103.24104124234782,10,No,Kanagawa,-10,No,-256,50,8,Strip,0.08,Yes
143,Hash Three Points #143,346,103.16259718020991,10,No,Rose,5,No,362,35,6,Fan,0.44,No
986,Hash Three Points #986,347,103.13931172242148,10,No,Kanagawa,9,No,295,46,7,Strip,0.38,Yes
688,Hash Three Points #688,348,103.10549613466179,10,No,Wasteland,-14,No,-256,50,7,Strip,0.2,Yes
108,Hash Three Points #108,349,103.0961787510795,10,No,Mint,-2,No,263,29,8,Strip,0.08,Yes
508,Hash Three Points #508,350,103.07407929259516,10,No,Vaporwave,-5,Yes,315,42,8,Strip,0.29,Yes
894,Hash Three Points #894,351,103.04710998438253,10,No,Vaporwave,-11,Yes,-256,38,7,Strip,0.17,Yes
844,Hash Three Points #844,352,103.03756808922788,10,No,Sonoran Sunset,-5,No,392,48,7,Fan,0.14,No
744,Hash Three Points #744,353,103.02837927881907,10,No,Sonoran Sunset,8,Yes,315,46,6,Strip,0.38,No
461,Hash Three Points #461,354,102.97895104838267,10,No,Wasteland,-3,Yes,392,29,6,Fan,0.41,Yes
878,Hash Three Points #878,355,102.94637704789758,10,No,Bone,-3,No,263,25,7,Strip,0.14,Yes
183,Hash Three Points #183,356,102.85450642202164,10,No,Wasteland,8,No,278,29,7,Strip,0.35,Yes
1021,Hash Three Points #1021,357,102.74637465618235,10,No,Bone,-10,Yes,-256,40,7,Strip,0.05,Yes
434,Hash Three Points #434,358,102.71786567528733,10,No,Ketchup and Mustard,-14,No,-256,48,6,Strip,0.2,No
253,Hash Three Points #253,359,102.68017251991546,10,No,Spring,9,Yes,427,29,7,Fan,0.05,Yes
663,Hash Three Points #663,360,102.64178010074974,10,No,Safford,-12,No,-256,46,8,Strip,0.32,No
53,Hash Three Points #53,361,102.63037943376925,10,No,Ketchup and Mustard,10,Yes,263,31,8,Strip,0.2,Yes
256,Hash Three Points #256,362,102.55355665495361,10,No,Wasteland,4,No,392,33,8,Fan,0.23,Yes
130,Hash Three Points #130,363,102.51351020550429,10,No,Wasteland,7,Yes,295,27,6,Strip,0.32,Yes
961,Hash Three Points #961,364,102.50373053014381,10,No,Safford,-10,No,263,33,6,Strip,0.17,No
726,Hash Three Points #726,365,102.3844568304033,10,No,Mint,-11,No,-256,50,8,Strip,0.17,Yes
1012,Hash Three Points #1012,366,102.3776677604811,10,No,Bone,-11,No,-256,42,7,Strip,0.11,Yes
217,Hash Three Points #217,367,102.35124234459315,10,No,Bone,-5,No,362,38,7,Fan,0.23,Yes
330,Hash Three Points #330,368,102.34797327006147,10,No,Safford,10,No,337,42,7,Strip,0.08,No
637,Hash Three Points #637,369,102.31364680308215,10,No,Mint,6,No,337,25,6,Strip,0.26,Yes
126,Hash Three Points #126,370,102.28483471055482,10,No,Monochrome,1,No,278,31,7,Strip,0.08,Yes
193,Hash Three Points #193,371,102.2710817010674,10,No,Sonoran Sunset,-6,No,278,48,7,Strip,0.2,No
42,Hash Three Points #42,372,102.22880277436143,10,No,Sonoran Sunset,-11,No,-256,35,6,Strip,0.32,No
721,Hash Three Points #721,373,102.1741754455239,10,No,Spring,-3,No,362,23,6,Fan,0.2,Yes
798,Hash Three Points #798,374,102.1264032388124,10,No,Kanagawa,8,No,362,29,7,Fan,0.47,Yes
174,Hash Three Points #174,375,102.03016328067721,10,No,Wasteland,4,No,337,31,8,Strip,0.5,Yes
603,Hash Three Points #603,376,102.01166638115868,10,No,Viva la Vida,-7,Yes,295,33,6,Strip,0.29,No
462,Hash Three Points #462,377,101.96651011406382,10,No,Rocketpop,-6,No,295,25,8,Strip,0.35,No
822,Hash Three Points #822,378,101.96078541573672,10,No,Ketchup and Mustard,-8,No,263,35,7,Strip,0.26,No
475,Hash Three Points #475,379,101.93391936819256,10,No,Bone,1,No,427,46,8,Fan,0.11,Yes
376,Hash Three Points #376,380,101.8785937474913,10,No,Rocketpop,7,No,427,23,7,Fan,0.32,No
44,Hash Three Points #44,381,101.85995492422495,10,No,Vaporwave,9,No,427,48,7,Fan,0.41,Yes
633,Hash Three Points #633,382,101.85836109836728,10,No,Rocketpop,2,No,392,21,7,Fan,0.44,No
1002,Hash Three Points #1002,383,101.83001332581745,10,No,Sonoran Sunset,-6,Yes,362,33,7,Fan,0.38,No
702,Hash Three Points #702,384,101.81644417987658,10,No,Rocketpop,-6,No,315,35,8,Strip,0.14,No
124,Hash Three Points #124,385,101.81480459539743,10,No,Rose,9,No,295,33,6,Strip,0.2,No
380,Hash Three Points #380,386,101.77586458673842,10,No,Mint,-5,Yes,295,38,7,Strip,0.5,Yes
650,Hash Three Points #650,387,101.75796432340034,10,No,Safford,1,No,278,25,8,Strip,0.14,No
498,Hash Three Points #498,388,101.69747807687179,10,No,Safford,8,No,337,44,7,Strip,0.08,No
407,Hash Three Points #407,389,101.6880828916143,10,No,Bone,-4,No,263,35,6,Strip,0.41,Yes
261,Hash Three Points #261,390,101.6554154449982,10,No,Monochrome,9,Yes,427,33,7,Fan,0.47,No
595,Hash Three Points #595,391,101.62068534743743,10,No,Sonoran Sunset,5,No,392,25,8,Fan,0.32,No
448,Hash Three Points #448,392,101.59805433034995,10,No,Ketchup and Mustard,-8,Yes,263,29,6,Strip,0.2,No
416,Hash Three Points #416,393,101.47231095191617,10,No,Hunter,-3,Yes,427,46,7,Fan,0.32,No
624,Hash Three Points #624,394,101.45119093079614,10,No,Hunter,-3,No,427,46,7,Fan,0.5,No
678,Hash Three Points #678,395,101.42599728703755,10,No,Wasteland,-4,No,278,31,6,Strip,0.26,Yes
562,Hash Three Points #562,396,101.39269793632135,10,No,Spring,5,Yes,315,50,8,Strip,0.14,Yes
640,Hash Three Points #640,397,101.36192374731525,10,No,Vaporwave,-3,No,295,21,7,Strip,0.38,Yes
213,Hash Three Points #213,398,101.3016634237348,10,No,Sonoran Sunset,-3,No,295,33,8,Strip,0.44,No
71,Hash Three Points #71,399,101.26113900568559,10,Yes,Spring,0,Yes,-256,44,8,Strip,0.2,Yes
860,Hash Three Points #860,400,101.22485222057111,10,No,Ketchup and Mustard,-6,Yes,315,31,8,Strip,0.29,No
620,Hash Three Points #620,401,101.18842203216934,10,No,Earth,2,No,427,50,8,Fan,0.5,Yes
50,Hash Three Points #50,402,101.11424571498176,10,No,Earth,-7,Yes,278,23,8,Strip,0.41,Yes
133,Hash Three Points #133,403,101.04857022916306,10,No,Rose,3,No,263,42,8,Strip,0.2,No
162,Hash Three Points #162,404,101.02747603084022,10,Yes,Viva la Vida,0,No,-256,31,8,Strip,0.44,No
136,Hash Three Points #136,405,100.83520682905927,10,No,Ketchup and Mustard,2,No,427,25,8,Fan,0.08,No
768,Hash Three Points #768,406,100.83428617984484,10,Yes,Hunter,0,No,-256,23,6,Strip,0.38,No
221,Hash Three Points #221,407,100.80772785402294,10,No,Sonoran Sunset,-3,No,362,25,6,Fan,0.35,No
528,Hash Three Points #528,408,100.79256887565424,10,No,Safford,-8,No,427,31,8,Fan,0.14,No
539,Hash Three Points #539,409,100.75779011023954,10,No,Rose,-1,No,295,52,6,Strip,0.14,No
872,Hash Three Points #872,410,100.73382402982736,10,No,Monochrome,5,No,278,46,7,Strip,0.41,No
800,Hash Three Points #800,411,100.72101330382665,10,No,Bone,-10,No,-256,38,7,Strip,0.38,Yes
964,Hash Three Points #964,412,100.6270129980866,10,No,Bone,4,No,427,46,7,Fan,0.5,Yes
449,Hash Three Points #449,413,100.56419144888514,10,No,Rocketpop,-4,No,295,21,7,Strip,0.08,No
907,Hash Three Points #907,414,100.55327503411932,10,No,Spring,9,Yes,315,38,7,Strip,0.2,Yes
565,Hash Three Points #565,415,100.46756402555772,10,No,Mint,5,No,278,23,6,Strip,0.35,Yes
874,Hash Three Points #874,416,100.46702326805077,10,No,Kanagawa,1,No,295,35,7,Strip,0.05,Yes
115,Hash Three Points #115,417,100.45844481812163,10,Yes,Rose,0,No,-256,21,7,Strip,0.44,No
209,Hash Three Points #209,418,100.44206500602961,10,No,Safford,10,Yes,392,46,6,Fan,0.35,Yes
947,Hash Three Points #947,419,100.42876318435201,10,No,Safford,9,No,278,44,8,Strip,0.41,No
575,Hash Three Points #575,420,100.41059673768838,10,No,Monochrome,5,No,427,38,8,Fan,0.32,No
628,Hash Three Points #628,421,100.37540688589488,10,No,Mint,6,Yes,337,42,6,Strip,0.47,Yes
265,Hash Three Points #265,422,100.35989515536639,10,No,Sonoran Sunset,-3,Yes,295,38,7,Strip,0.05,No
412,Hash Three Points #412,423,100.31878983924126,10,Yes,Viva la Vida,0,No,-256,38,8,Strip,0.05,No
917,Hash Three Points #917,424,100.29299290879702,10,No,Viva la Vida,6,No,362,38,7,Fan,0.38,No
965,Hash Three Points #965,425,100.29243640218036,10,No,Rose,2,No,362,21,7,Fan,0.23,No
404,Hash Three Points #404,426,100.26329032044154,10,No,Rocketpop,-8,No,315,29,8,Strip,0.38,No
94,Hash Three Points #94,427,100.22457219305662,10,No,Ketchup and Mustard,3,No,295,25,7,Strip,0.2,No
285,Hash Three Points #285,428,100.19194251368276,10,No,Mint,6,No,337,31,8,Strip,0.23,Yes
345,Hash Three Points #345,429,100.15064517376308,10,No,Rocketpop,-3,No,263,21,6,Strip,0.08,No
384,Hash Three Points #384,430,100.11647311150193,10,No,Vaporwave,-1,No,278,46,6,Strip,0.23,Yes
284,Hash Three Points #284,431,100.10019036640256,10,No,Vaporwave,4,No,392,27,7,Fan,0.35,Yes
368,Hash Three Points #368,432,100.08199735748929,10,No,Kanagawa,3,Yes,263,33,7,Strip,0.17,Yes
517,Hash Three Points #517,433,100.06903283035167,10,No,Viva la Vida,-9,Yes,-256,40,6,Strip,0.47,No
456,Hash Three Points #456,434,100.01512913510271,10,No,Rocketpop,-3,No,427,23,7,Fan,0.2,No
736,Hash Three Points #736,435,100.00662941644428,10,No,Safford,-9,No,263,52,8,Strip,0.08,No
574,Hash Three Points #574,436,99.99590913700361,10,Yes,Earth,0,No,-256,25,7,Strip,0.23,Yes
377,Hash Three Points #377,437,99.98857633324201,10,No,Mint,3,No,427,52,7,Fan,0.47,Yes
113,Hash Three Points #113,438,99.8881646652239,10,Yes,Viva la Vida,-7,No,-256,21,7,Strip,0.29,No
64,Hash Three Points #64,439,99.88096435989182,10,No,Earth,9,Yes,263,29,7,Strip,0.41,Yes
996,Hash Three Points #996,440,99.8343490822032,10,No,Spring,-7,No,337,25,8,Strip,0.32,Yes
214,Hash Three Points #214,441,99.78347567087803,10,No,Hunter,-4,No,315,21,6,Strip,0.08,Yes
925,Hash Three Points #925,442,99.7466109389002,10,No,Rose,-7,Yes,295,29,6,Strip,0.29,Yes
935,Hash Three Points #935,443,99.63700351475183,10,No,Spring,8,No,315,31,7,Strip,0.11,Yes
760,Hash Three Points #760,444,99.54447873193779,10,No,Viva la Vida,9,No,315,35,7,Strip,0.32,No
540,Hash Three Points #540,445,99.51878148183827,10,No,Vaporwave,2,No,278,33,8,Strip,0.17,Yes
741,Hash Three Points #741,446,99.48956552826358,10,No,Hunter,-10,No,-256,48,7,Strip,0.23,No
413,Hash Three Points #413,447,99.42454556309401,10,No,Bone,6,Yes,362,50,6,Fan,0.17,Yes
751,Hash Three Points #751,448,99.38218696911704,10,No,Mint,-10,No,-256,38,8,Strip,0.17,Yes
21,Hash Three Points #21,449,99.36257997536136,10,No,Hunter,2,Yes,263,27,8,Strip,0.26,No
777,Hash Three Points #777,450,99.34811059618191,10,No,Spring,-9,Yes,-256,35,6,Strip,0.38,Yes
122,Hash Three Points #122,451,99.34136521009356,10,No,Kanagawa,5,No,295,33,8,Strip,0.5,Yes
249,Hash Three Points #249,452,99.33624402381874,10,Yes,Rose,0,No,-256,42,8,Strip,0.26,No
149,Hash Three Points #149,453,99.23402200619083,10,No,Sonoran Sunset,5,No,295,31,7,Strip,0.29,No
415,Hash Three Points #415,454,99.21479471373709,10,Yes,Bone,0,Yes,-256,52,7,Strip,0.26,Yes
532,Hash Three Points #532,455,99.14776091494298,10,No,Wasteland,-1,Yes,295,29,8,Strip,0.29,Yes
3,Hash Three Points #3,456,99.13852359764097,10,No,Earth,-5,No,295,27,6,Strip,0.32,Yes
1019,Hash Three Points #1019,457,99.08104965136489,10,No,Mint,6,Yes,392,29,7,Fan,0.23,Yes
635,Hash Three Points #635,458,99.04193427362452,10,No,Rocketpop,-1,No,278,52,7,Strip,0.08,Yes
316,Hash Three Points #316,459,99.01426082547421,10,No,Mint,1,Yes,263,52,7,Strip,0.5,Yes
843,Hash Three Points #843,460,98.99579763439873,10,No,Wasteland,6,No,427,21,7,Fan,0.14,Yes
740,Hash Three Points #740,461,98.97103957628283,10,No,Vaporwave,-2,No,315,29,7,Strip,0.41,Yes
801,Hash Three Points #801,462,98.9371290686086,10,Yes,Wasteland,0,Yes,-256,25,7,Strip,0.08,Yes
179,Hash Three Points #179,463,98.81398830329539,10,No,Earth,-8,No,315,50,7,Strip,0.35,Yes
591,Hash Three Points #591,464,98.77453498050512,10,No,Mint,-1,No,392,21,8,Fan,0.17,Yes
510,Hash Three Points #510,465,98.74094146242243,10,No,Kanagawa,-5,No,362,29,6,Fan,0.05,Yes
689,Hash Three Points #689,466,98.73843642814614,10,No,Earth,2,No,362,25,7,Fan,0.11,Yes
230,Hash Three Points #230,467,98.73074973662989,10,No,Monochrome,-3,No,315,48,6,Strip,0.14,No
913,Hash Three Points #913,468,98.66755009662896,10,No,Kanagawa,-4,No,315,27,8,Strip,0.26,Yes
980,Hash Three Points #980,469,98.65681716002513,10,No,Rose,-10,Yes,-256,48,7,Strip,0.17,No
31,Hash Three Points #31,470,98.60898085902204,10,No,Monochrome,-7,No,337,25,7,Strip,0.26,No
199,Hash Three Points #199,471,98.59646884950334,10,No,Monochrome,3,No,263,42,7,Strip,0.17,No
464,Hash Three Points #464,472,98.54283208152762,10,No,Bone,3,No,427,31,7,Fan,0.47,Yes
38,Hash Three Points #38,473,98.53125358842615,10,No,Vaporwave,2,No,427,23,7,Fan,0.08,Yes
390,Hash Three Points #390,474,98.4421471566126,10,No,Viva la Vida,8,Yes,-256,29,8,Strip,0.29,No
4,Hash Three Points #4,475,98.43994153327357,10,No,Sonoran Sunset,-1,No,392,44,8,Fan,0.17,No
107,Hash Three Points #107,476,98.434520516809,10,No,Earth,6,No,392,42,8,Fan,0.05,Yes
493,Hash Three Points #493,477,98.3955234549804,10,No,Earth,-6,No,315,52,6,Strip,0.26,Yes
886,Hash Three Points #886,478,98.34849505026932,10,No,Rocketpop,3,No,362,31,7,Fan,0.5,No
325,Hash Three Points #325,479,98.20678242459073,10,No,Mint,-7,No,295,25,8,Strip,0.14,Yes
422,Hash Three Points #422,480,98.205779962868,10,Yes,Spring,0,No,-256,46,6,Strip,0.11,Yes
102,Hash Three Points #102,481,98.1812317346842,10,No,Bone,-5,No,295,48,8,Strip,0.32,Yes
274,Hash Three Points #274,482,98.1434868417501,10,Yes,Kanagawa,0,No,-256,29,7,Strip,0.44,Yes
709,Hash Three Points #709,483,98.0881663367574,10,No,Vaporwave,1,No,315,25,8,Strip,0.11,Yes
80,Hash Three Points #80,484,98.0488893208434,10,No,Safford,10,Yes,315,38,6,Strip,0.08,No
851,Hash Three Points #851,485,98.02109272014916,10,No,Sonoran Sunset,6,No,427,38,7,Fan,0.08,No
430,Hash Three Points #430,486,98.00817757545279,10,No,Sonoran Sunset,5,No,392,33,7,Fan,0.5,No
855,Hash Three Points #855,487,97.99551331825464,10,No,Bone,10,No,-256,38,6,Strip,0.29,Yes
754,Hash Three Points #754,488,97.92421153928295,10,Yes,Monochrome,0,No,-256,44,7,Strip,0.08,Yes
672,Hash Three Points #672,489,97.91568928488034,10,Yes,Kanagawa,0,No,-256,44,7,Strip,0.2,Yes
444,Hash Three Points #444,490,97.7600642097231,10,No,Safford,-9,No,295,33,7,Strip,0.11,No
1018,Hash Three Points #1018,491,97.7492258253232,10,No,Monochrome,5,No,362,29,8,Fan,0.08,No
488,Hash Three Points #488,492,97.69149827691186,10,No,Kanagawa,-9,No,-256,40,8,Strip,0.05,Yes
351,Hash Three Points #351,493,97.47245135884371,10,No,Viva la Vida,6,No,362,42,7,Fan,0.17,No
684,Hash Three Points #684,494,97.4540548199758,10,No,Kanagawa,-3,No,315,21,8,Strip,0.47,Yes
766,Hash Three Points #766,495,97.4296259836185,10,No,Monochrome,5,No,392,31,7,Fan,0.17,No
465,Hash Three Points #465,496,97.41854573219634,10,No,Rocketpop,2,No,295,35,7,Strip,0.5,Yes
665,Hash Three Points #665,497,97.36727957407368,10,No,Sonoran Sunset,6,No,337,29,7,Strip,0.08,No
521,Hash Three Points #521,498,97.28642292754603,10,No,Ketchup and Mustard,3,No,315,50,7,Strip,0.44,No
185,Hash Three Points #185,499,97.250471285592,10,No,Ketchup and Mustard,5,Yes,295,25,7,Strip,0.05,No
568,Hash Three Points #568,500,97.24640634279271,10,No,Monochrome,4,No,427,29,7,Fan,0.47,No
344,Hash Three Points #344,501,97.21227184546052,10,No,Hunter,4,No,263,29,7,Strip,0.41,Yes
298,Hash Three Points #298,502,97.21125513182706,10,No,Safford,9,Yes,362,27,7,Fan,0.44,No
929,Hash Three Points #929,503,97.16534992005573,10,No,Monochrome,1,No,315,35,6,Strip,0.17,No
282,Hash Three Points #282,504,97.16219643179846,10,No,Vaporwave,4,Yes,263,29,7,Strip,0.5,Yes
971,Hash Three Points #971,505,97.13644042980704,10,No,Rocketpop,-4,No,315,25,6,Strip,0.2,No
519,Hash Three Points #519,506,97.13436641307575,10,No,Safford,-3,Yes,392,38,7,Fan,0.26,No
677,Hash Three Points #677,507,97.09386945789294,10,No,Monochrome,4,Yes,-256,40,8,Strip,0.29,No
790,Hash Three Points #790,508,97.0742028481231,10,No,Wasteland,2,No,427,29,7,Fan,0.14,Yes
973,Hash Three Points #973,509,97.00651311576462,10,No,Earth,5,No,263,25,7,Strip,0.11,Yes
49,Hash Three Points #49,510,96.97482825267485,10,No,Vaporwave,-6,No,263,48,7,Strip,0.11,Yes
117,Hash Three Points #117,511,96.96939388987094,10,No,Wasteland,9,No,315,38,6,Strip,0.17,Yes
254,Hash Three Points #254,512,96.95760408764927,10,No,Bone,7,No,315,29,6,Strip,0.17,Yes
181,Hash Three Points #181,513,96.95111206971318,10,No,Earth,1,No,362,27,7,Fan,0.35,Yes
506,Hash Three Points #506,514,96.94025393787248,10,No,Safford,-11,No,-256,44,8,Strip,0.23,No
994,Hash Three Points #994,515,96.8251355711685,10,No,Hunter,-5,No,315,52,7,Strip,0.41,No
919,Hash Three Points #919,516,96.80846546901347,10,No,Rocketpop,2,No,427,48,6,Fan,0.17,Yes
386,Hash Three Points #386,517,96.77516643625464,10,No,Safford,10,No,263,31,8,Strip,0.44,No
1003,Hash Three Points #1003,518,96.76917708068498,10,No,Rose,-7,No,337,23,7,Strip,0.2,Yes
716,Hash Three Points #716,519,96.76693449791223,10,Yes,Sonoran Sunset,0,No,-256,38,6,Strip,0.05,No
260,Hash Three Points #260,520,96.6994733870481,10,No,Viva la Vida,-2,No,-256,38,8,Strip,0.38,No
231,Hash Three Points #231,521,96.68498084499721,10,No,Ketchup and Mustard,-10,Yes,-256,52,7,Strip,0.35,No
63,Hash Three Points #63,522,96.67888431745254,10,No,Wasteland,3,No,362,31,6,Fan,0.05,Yes
648,Hash Three Points #648,523,96.6304891337724,10,No,Spring,5,No,362,42,7,Fan,0.05,Yes
135,Hash Three Points #135,524,96.60115185100933,10,Yes,Rocketpop,0,Yes,-256,38,7,Strip,0.35,No
383,Hash Three Points #383,525,96.53707360709141,10,No,Rose,6,No,362,33,6,Fan,0.5,No
606,Hash Three Points #606,526,96.52029696718469,10,No,Safford,-6,Yes,362,27,7,Fan,0.44,No
371,Hash Three Points #371,527,96.51362644555961,10,No,Monochrome,6,No,362,31,7,Fan,0.14,No
707,Hash Three Points #707,528,96.50186297106008,10,No,Ketchup and Mustard,1,Yes,315,25,6,Strip,0.05,No
572,Hash Three Points #572,529,96.49915859738013,10,No,Safford,3,Yes,392,29,7,Fan,0.38,No
43,Hash Three Points #43,530,96.42700844089893,10,No,Viva la Vida,-2,No,-256,27,6,Strip,0.44,No
882,Hash Three Points #882,531,96.42208513652166,10,No,Kanagawa,2,No,315,31,6,Strip,0.14,Yes
237,Hash Three Points #237,532,96.31074742484135,10,No,Spring,5,No,362,33,8,Fan,0.35,Yes
561,Hash Three Points #561,533,96.24832958818526,10,No,Sonoran Sunset,2,Yes,427,48,7,Fan,0.05,No
276,Hash Three Points #276,534,96.20296608948868,10,No,Rocketpop,5,Yes,263,42,6,Strip,0.05,Yes
722,Hash Three Points #722,535,96.19985295937799,10,No,Rocketpop,2,Yes,295,31,7,Strip,0.08,No
782,Hash Three Points #782,536,96.177289475511,10,No,Safford,7,Yes,427,33,7,Fan,0.11,No
159,Hash Three Points #159,537,96.16200017880837,10,No,Ketchup and Mustard,-3,No,295,33,6,Strip,0.32,No
691,Hash Three Points #691,538,96.10460933520383,10,No,Monochrome,-8,No,-256,27,8,Strip,0.29,No
481,Hash Three Points #481,539,95.99241923964837,10,No,Sonoran Sunset,-1,No,278,31,8,Strip,0.05,No
364,Hash Three Points #364,540,95.98320111638311,10,No,Spring,-1,No,427,33,7,Fan,0.11,Yes
733,Hash Three Points #733,541,95.89973631495425,10,No,Bone,-4,No,362,29,7,Fan,0.35,Yes
40,Hash Three Points #40,542,95.88817506382236,10,No,Mint,4,No,362,31,7,Fan,0.17,Yes
144,Hash Three Points #144,543,95.87507940515869,10,No,Safford,-4,No,362,50,8,Fan,0.44,No
175,Hash Three Points #175,544,95.85296239400594,10,No,Vaporwave,2,No,427,23,7,Fan,0.35,Yes
16,Hash Three Points #16,545,95.79835631925431,10,No,Viva la Vida,-2,No,-256,21,6,Strip,0.11,Yes
472,Hash Three Points #472,546,95.74964261737266,10,No,Spring,-7,No,362,23,6,Fan,0.11,Yes
435,Hash Three Points #435,547,95.65396241308864,10,No,Mint,-9,Yes,-256,29,6,Strip,0.14,Yes
675,Hash Three Points #675,548,95.63346478478874,10,No,Rocketpop,-7,Yes,295,25,7,Strip,0.11,No
160,Hash Three Points #160,549,95.56878854129693,10,No,Monochrome,5,No,315,29,7,Strip,0.29,No
715,Hash Three Points #715,550,95.53419149698992,10,No,Earth,9,No,263,31,7,Strip,0.32,Yes
977,Hash Three Points #977,551,95.51867196255931,10,Yes,Rose,0,No,-256,29,7,Strip,0.11,No
752,Hash Three Points #752,552,95.44803222291146,10,No,Sonoran Sunset,6,No,362,48,6,Fan,0.08,No
881,Hash Three Points #881,553,95.3197191007264,10,No,Earth,1,Yes,315,50,7,Strip,0.05,Yes
327,Hash Three Points #327,554,95.29651462351748,10,No,Mint,-1,No,295,52,7,Strip,0.38,Yes
984,Hash Three Points #984,555,95.29328950910276,10,No,Spring,10,No,-256,35,6,Strip,0.38,Yes
306,Hash Three Points #306,556,95.28418105772599,10,No,Ketchup and Mustard,5,No,295,23,6,Strip,0.05,No
630,Hash Three Points #630,557,95.25936284829194,10,No,Safford,-4,Yes,295,48,8,Strip,0.23,No
554,Hash Three Points #554,558,95.22435771407663,10,No,Safford,-6,No,362,21,7,Fan,0.23,No
339,Hash Three Points #339,559,95.18937851136944,10,No,Wasteland,10,No,315,31,7,Strip,0.32,Yes
916,Hash Three Points #916,560,95.18332485527894,10,No,Safford,-2,No,315,52,6,Strip,0.11,No
833,Hash Three Points #833,561,95.15319957076942,10,No,Monochrome,-7,No,392,23,6,Fan,0.47,No
676,Hash Three Points #676,562,95.06553803390715,10,No,Safford,9,No,362,35,7,Fan,0.41,No
550,Hash Three Points #550,563,95.06441357887951,10,No,Safford,-4,Yes,362,25,6,Fan,0.05,No
301,Hash Three Points #301,564,95.05059057002845,10,No,Safford,6,No,337,40,8,Strip,0.05,Yes
154,Hash Three Points #154,565,95.01070960292826,10,No,Viva la Vida,1,Yes,-256,40,6,Strip,0.38,No
484,Hash Three Points #484,566,95.0092877663512,10,No,Safford,8,Yes,263,29,8,Strip,0.2,No
496,Hash Three Points #496,567,95.00905484997452,10,No,Spring,5,No,315,21,7,Strip,0.11,Yes
877,Hash Three Points #877,568,94.97907213657311,10,No,Mint,9,No,315,48,7,Strip,0.11,Yes
164,Hash Three Points #164,569,94.88872429208847,10,No,Rose,-2,No,-256,42,8,Strip,0.44,No
388,Hash Three Points #388,570,94.85613175423278,10,Yes,Ketchup and Mustard,0,No,-256,33,6,Strip,0.5,No
352,Hash Three Points #352,571,94.85439756590546,10,No,Vaporwave,-7,Yes,278,29,7,Strip,0.17,Yes
954,Hash Three Points #954,572,94.84633169526232,10,No,Bone,-5,No,315,33,8,Strip,0.26,Yes
667,Hash Three Points #667,573,94.83346957391048,10,No,Rocketpop,2,No,315,23,6,Strip,0.23,No
283,Hash Three Points #283,574,94.74109243170925,10,Yes,Wasteland,0,No,-256,21,6,Strip,0.47,Yes
653,Hash Three Points #653,575,94.70395877624617,10,No,Rocketpop,-1,No,263,23,7,Strip,0.14,No
37,Hash Three Points #37,576,94.60655524007754,10,No,Monochrome,4,No,315,27,7,Strip,0.17,No
194,Hash Three Points #194,577,94.57898442517983,10,No,Rose,10,No,-256,42,8,Strip,0.23,No
578,Hash Three Points #578,578,94.50234756527497,10,No,Ketchup and Mustard,-1,Yes,427,23,7,Fan,0.35,No
29,Hash Three Points #29,579,94.44011487960387,10,No,Wasteland,-2,No,-256,27,6,Strip,0.29,Yes
981,Hash Three Points #981,580,94.34666427556043,10,No,Mint,2,No,362,44,7,Fan,0.05,Yes
991,Hash Three Points #991,581,94.23951810312262,10,Yes,Hunter,-7,No,-256,21,6,Strip,0.2,No
859,Hash Three Points #859,582,94.09011719076406,10,No,Vaporwave,5,No,263,44,6,Strip,0.47,Yes
70,Hash Three Points #70,583,94.08317006228745,10,No,Vaporwave,6,No,315,25,6,Strip,0.11,Yes
171,Hash Three Points #171,584,94.00056173165997,10,No,Safford,-5,Yes,362,38,7,Fan,0.11,No
544,Hash Three Points #544,585,93.98039954114657,10,No,Spring,4,No,315,31,8,Strip,0.35,Yes
8,Hash Three Points #8,586,93.9455807933157,10,No,Earth,-5,No,315,31,7,Strip,0.23,Yes
817,Hash Three Points #817,587,93.87131031519765,10,Yes,Ketchup and Mustard,0,No,-256,38,7,Strip,0.32,No
19,Hash Three Points #19,588,93.84331675208198,10,No,Hunter,-7,No,362,35,7,Fan,0.17,No
570,Hash Three Points #570,589,93.74855586945388,10,Yes,Vaporwave,0,No,-256,31,6,Strip,0.32,Yes
96,Hash Three Points #96,590,93.74148078619564,10,No,Wasteland,-7,No,295,25,8,Strip,0.26,Yes
911,Hash Three Points #911,591,93.7029696502829,10,No,Vaporwave,2,No,295,31,6,Strip,0.05,Yes
0,Hash Three Points #0,592,93.66072700950197,10,No,Rocketpop,-7,No,427,48,8,Fan,0.5,No
335,Hash Three Points #335,593,93.65938476824448,10,No,Mint,-4,Yes,-256,25,6,Strip,0.29,Yes
729,Hash Three Points #729,594,93.56659118143263,10,No,Safford,-5,Yes,315,50,6,Strip,0.14,No
486,Hash Three Points #486,595,93.50905045113579,10,No,Bone,-5,No,315,38,7,Strip,0.47,Yes
140,Hash Three Points #140,596,93.39193640932885,10,No,Mint,6,No,315,27,8,Strip,0.23,Yes
569,Hash Three Points #569,597,93.38436557657226,10,No,Safford,-5,No,295,50,7,Strip,0.44,No
268,Hash Three Points #268,598,93.35110751417683,10,No,Mint,-7,No,362,48,8,Fan,0.23,Yes
714,Hash Three Points #714,599,93.29776971779401,10,No,Spring,8,No,-256,40,7,Strip,0.17,Yes
125,Hash Three Points #125,600,93.28672158874042,10,No,Mint,-7,No,295,23,8,Strip,0.26,Yes
930,Hash Three Points #930,601,93.00366896149828,10,No,Spring,-2,Yes,-256,33,8,Strip,0.26,Yes
870,Hash Three Points #870,602,92.97782513206806,10,No,Safford,10,No,295,33,7,Strip,0.47,No
892,Hash Three Points #892,603,92.95550340176014,10,No,Safford,5,No,427,21,8,Fan,0.26,No
1010,Hash Three Points #1010,604,92.8804502541727,10,No,Kanagawa,-8,Yes,-256,50,6,Strip,0.47,Yes
647,Hash Three Points #647,605,92.87596565302489,10,No,Ketchup and Mustard,7,Yes,-256,35,7,Strip,0.29,No
353,Hash Three Points #353,606,92.75718857287863,10,Yes,Wasteland,0,No,-256,29,7,Strip,0.08,Yes
868,Hash Three Points #868,607,92.70893415209136,10,No,Ketchup and Mustard,-1,No,362,48,7,Fan,0.23,No
479,Hash Three Points #479,608,92.70793109699993,10,No,Earth,8,No,-256,40,6,Strip,0.05,Yes
812,Hash Three Points #812,609,92.63626719935476,10,No,Rocketpop,10,No,-256,50,6,Strip,0.38,No
728,Hash Three Points #728,610,92.63445314477343,10,No,Monochrome,-9,No,-256,35,7,Strip,0.2,No
375,Hash Three Points #375,611,92.57960306789649,10,Yes,Wasteland,0,No,-256,46,7,Strip,0.26,Yes
487,Hash Three Points #487,612,92.49002680039557,10,No,Sonoran Sunset,2,No,263,48,7,Strip,0.5,No
803,Hash Three Points #803,613,92.46891148404629,10,No,Spring,8,Yes,-256,31,8,Strip,0.41,Yes
340,Hash Three Points #340,614,92.45353769011814,10,No,Monochrome,-2,Yes,-256,23,8,Strip,0.05,No
458,Hash Three Points #458,615,92.44000133810236,10,Yes,Ketchup and Mustard,0,No,-256,29,6,Strip,0.32,No
313,Hash Three Points #313,616,92.42345242596045,10,No,Rose,-2,No,-256,27,7,Strip,0.23,No
600,Hash Three Points #600,617,92.18141639614824,10,No,Kanagawa,-9,Yes,-256,33,7,Strip,0.32,Yes
372,Hash Three Points #372,618,92.10120566196692,10,No,Mint,-7,Yes,362,48,7,Fan,0.11,Yes
861,Hash Three Points #861,619,92.05438810206007,10,No,Wasteland,-8,No,-256,35,8,Strip,0.44,Yes
604,Hash Three Points #604,620,91.99511931711025,10,No,Sonoran Sunset,-5,No,315,27,7,Strip,0.05,Yes
119,Hash Three Points #119,621,91.97472423348302,10,No,Earth,-9,No,-256,29,8,Strip,0.41,Yes
837,Hash Three Points #837,622,91.87859164728091,10,No,Rose,-2,No,-256,23,6,Strip,0.2,No
921,Hash Three Points #921,623,91.84454583343017,10,No,Ketchup and Mustard,5,No,362,46,7,Fan,0.32,No
845,Hash Three Points #845,624,91.80020551029179,10,No,Safford,4,Yes,263,35,8,Strip,0.47,No
880,Hash Three Points #880,625,91.7719750700761,10,No,Rose,7,Yes,-256,42,6,Strip,0.5,No
227,Hash Three Points #227,626,91.71308578704412,10,No,Bone,-2,No,-256,35,8,Strip,0.32,Yes
56,Hash Three Points #56,627,91.59762911229754,10,No,Viva la Vida,8,No,-256,50,7,Strip,0.17,No
590,Hash Three Points #590,628,91.59341665510433,10,No,Hunter,10,No,-256,52,6,Strip,0.32,No
871,Hash Three Points #871,629,91.5602646219523,10,No,Viva la Vida,3,No,-256,35,6,Strip,0.41,No
392,Hash Three Points #392,630,91.55273218412238,10,No,Earth,7,Yes,-256,40,7,Strip,0.17,Yes
235,Hash Three Points #235,631,91.52421153928294,10,No,Bone,-9,No,-256,33,7,Strip,0.38,Yes
9,Hash Three Points #9,632,91.47029883865446,10,No,Spring,3,Yes,-256,21,6,Strip,0.11,Yes
946,Hash Three Points #946,633,91.42410069262831,10,No,Bone,-6,No,-256,38,7,Strip,0.29,Yes
563,Hash Three Points #563,634,91.39378465445434,10,No,Ketchup and Mustard,-8,No,-256,52,8,Strip,0.44,No
425,Hash Three Points #425,635,91.35237589793455,10,No,Ketchup and Mustard,10,Yes,-256,35,6,Strip,0.32,No
1023,Hash Three Points #1023,636,91.35132229620251,10,No,Monochrome,8,Yes,-256,29,8,Strip,0.5,No
958,Hash Three Points #958,637,91.32994128151638,10,No,Safford,5,Yes,362,23,7,Fan,0.41,No
592,Hash Three Points #592,638,91.31914840424761,10,No,Earth,9,No,-256,50,7,Strip,0.29,Yes
940,Hash Three Points #940,639,91.20249800602443,10,Yes,Sonoran Sunset,0,No,-256,29,7,Strip,0.47,Yes
305,Hash Three Points #305,640,91.19588534979476,10,No,Bone,-1,No,295,33,7,Strip,0.05,Yes
652,Hash Three Points #652,641,91.16172077558483,10,No,Hunter,-7,No,295,23,7,Strip,0.47,No
218,Hash Three Points #218,642,91.15068991011367,10,No,Monochrome,4,Yes,-256,40,6,Strip,0.2,No
337,Hash Three Points #337,643,91.10378033962823,10,No,Vaporwave,-8,Yes,-256,35,8,Strip,0.47,Yes
470,Hash Three Points #470,644,91.09186090621147,10,No,Safford,-5,No,427,44,7,Fan,0.32,No
905,Hash Three Points #905,645,91.0884096245671,10,No,Spring,9,No,-256,40,6,Strip,0.32,Yes
85,Hash Three Points #85,646,91.02381062751437,10,No,Monochrome,-2,No,-256,29,8,Strip,0.38,No
150,Hash Three Points #150,647,91.0053171580245,10,No,Safford,3,Yes,362,46,7,Fan,0.05,No
387,Hash Three Points #387,648,90.99614554474545,10,No,Mint,-9,No,-256,31,8,Strip,0.11,Yes
536,Hash Three Points #536,649,90.94687149243015,10,No,Hunter,10,No,-256,42,6,Strip,0.35,No
922,Hash Three Points #922,650,90.87396222326026,10,No,Mint,-1,Yes,315,33,6,Strip,0.26,Yes
885,Hash Three Points #885,651,90.80856482295712,10,No,Kanagawa,7,No,-256,25,7,Strip,0.41,Yes
938,Hash Three Points #938,652,90.80477790638926,10,No,Safford,-6,No,315,27,7,Strip,0.14,No
846,Hash Three Points #846,653,90.79514529566494,10,No,Spring,7,Yes,-256,25,7,Strip,0.2,Yes
204,Hash Three Points #204,654,90.77977905474158,10,No,Mint,-2,No,-256,33,8,Strip,0.23,Yes
655,Hash Three Points #655,655,90.52588474011479,10,No,Viva la Vida,9,Yes,-256,52,8,Strip,0.47,No
270,Hash Three Points #270,656,90.455534312083,10,No,Safford,2,No,392,46,8,Fan,0.17,No
211,Hash Three Points #211,657,90.45030780552167,10,No,Vaporwave,-8,Yes,-256,48,7,Strip,0.23,Yes
879,Hash Three Points #879,658,90.31499363552456,10,No,Ketchup and Mustard,-1,No,263,23,6,Strip,0.35,No
30,Hash Three Points #30,659,90.27634064836953,10,No,Mint,-7,No,392,29,7,Fan,0.05,Yes
300,Hash Three Points #300,660,90.21765961971573,10,No,Mint,1,No,-256,21,8,Strip,0.29,Yes
103,Hash Three Points #103,661,90.16507491747352,10,No,Rose,7,No,-256,31,7,Strip,0.29,Yes
452,Hash Three Points #452,662,90.1421823667888,10,No,Rocketpop,-7,Yes,263,46,7,Strip,0.41,No
804,Hash Three Points #804,663,90.09567147848483,10,No,Bone,7,No,-256,42,7,Strip,0.14,Yes
1001,Hash Three Points #1001,664,90.04202359242711,10,No,Mint,2,No,263,33,7,Strip,0.32,Yes
203,Hash Three Points #203,665,89.99820702436818,10,No,Sonoran Sunset,7,No,-256,25,8,Strip,0.11,Yes
224,Hash Three Points #224,666,89.98865145671397,10,No,Rose,4,Yes,-256,21,8,Strip,0.5,No
530,Hash Three Points #530,667,89.93685974925438,10,No,Wasteland,-7,Yes,263,46,6,Strip,0.26,Yes
47,Hash Three Points #47,668,89.88689433232813,10,No,Safford,2,No,392,50,7,Fan,0.05,No
638,Hash Three Points #638,669,89.80018205921994,10,No,Wasteland,3,No,-256,25,8,Strip,0.14,Yes
896,Hash Three Points #896,670,89.731655630598,10,No,Vaporwave,-9,Yes,-256,33,7,Strip,0.32,Yes
483,Hash Three Points #483,671,89.69479445390428,10,No,Safford,-4,No,315,23,6,Strip,0.38,Yes
776,Hash Three Points #776,672,89.68336285564988,10,No,Vaporwave,9,Yes,-256,44,7,Strip,0.44,Yes
713,Hash Three Points #713,673,89.67978316651829,10,No,Sonoran Sunset,8,No,-256,35,6,Strip,0.32,No
865,Hash Three Points #865,674,89.65494321180974,10,No,Wasteland,8,Yes,-256,23,7,Strip,0.41,Yes
863,Hash Three Points #863,675,89.60570431748107,10,No,Bone,1,Yes,-256,52,6,Strip,0.23,Yes
198,Hash Three Points #198,676,89.5962307070776,10,No,Monochrome,-3,Yes,-256,38,6,Strip,0.08,No
998,Hash Three Points #998,677,89.57467989866971,10,No,Earth,8,No,-256,52,7,Strip,0.11,Yes
278,Hash Three Points #278,678,89.54088958367741,10,No,Safford,-8,No,315,27,7,Strip,0.35,No
346,Hash Three Points #346,679,89.53053416113876,10,No,Monochrome,-2,No,-256,23,7,Strip,0.2,No
857,Hash Three Points #857,680,89.43284637335054,10,No,Monochrome,-4,Yes,-256,23,7,Strip,0.14,No
979,Hash Three Points #979,681,89.42646666231454,10,No,Spring,8,Yes,-256,29,8,Strip,0.47,Yes
294,Hash Three Points #294,682,89.39628192764408,10,No,Vaporwave,-9,No,-256,48,8,Strip,0.35,Yes
659,Hash Three Points #659,683,89.33397502080845,10,No,Rose,3,Yes,-256,48,6,Strip,0.38,No
658,Hash Three Points #658,684,89.22684984588261,10,No,Ketchup and Mustard,10,No,-256,50,7,Strip,0.08,No
414,Hash Three Points #414,685,89.21522907660284,10,No,Ketchup and Mustard,-7,No,263,23,6,Strip,0.17,Yes
396,Hash Three Points #396,686,89.19834376602095,10,No,Bone,8,No,-256,33,8,Strip,0.26,Yes
598,Hash Three Points #598,687,89.18557456838792,10,No,Earth,7,Yes,-256,23,7,Strip,0.41,Yes
534,Hash Three Points #534,688,89.16596767457968,10,No,Sonoran Sunset,9,Yes,-256,46,8,Strip,0.23,No
813,Hash Three Points #813,689,89.04939408191552,10,No,Hunter,-8,No,-256,38,7,Strip,0.35,No
982,Hash Three Points #982,690,89.03064915643569,10,No,Safford,4,Yes,263,33,8,Strip,0.35,No
210,Hash Three Points #210,691,89.02500859215911,10,No,Safford,4,No,295,46,8,Strip,0.47,No
819,Hash Three Points #819,692,89.0119860841327,10,No,Mint,-7,No,263,50,7,Strip,0.17,Yes
419,Hash Three Points #419,693,88.97299826774932,10,No,Safford,-5,No,263,33,6,Strip,0.08,Yes
196,Hash Three Points #196,694,88.93094580434536,10,No,Hunter,-3,Yes,-256,46,6,Strip,0.23,No
271,Hash Three Points #271,695,88.92186903330855,10,Yes,Safford,0,No,-256,44,7,Strip,0.08,No
490,Hash Three Points #490,696,88.92074044005633,10,No,Kanagawa,7,Yes,-256,21,7,Strip,0.47,Yes
73,Hash Three Points #73,697,88.89564139971257,10,No,Rocketpop,-2,Yes,-256,33,6,Strip,0.35,No
474,Hash Three Points #474,698,88.88199251935856,10,No,Wasteland,1,Yes,-256,40,8,Strip,0.26,Yes
328,Hash Three Points #328,699,88.80341133878323,10,No,Sonoran Sunset,9,No,-256,35,6,Strip,0.41,No
84,Hash Three Points #84,700,88.76471249237997,10,No,Kanagawa,-4,No,-256,40,7,Strip,0.17,Yes
417,Hash Three Points #417,701,88.75919402048828,10,No,Wasteland,7,Yes,-256,35,8,Strip,0.2,Yes
999,Hash Three Points #999,702,88.65109538291446,10,No,Wasteland,-9,No,-256,31,7,Strip,0.38,Yes
660,Hash Three Points #660,703,88.62974547960297,10,No,Rocketpop,10,Yes,-256,31,7,Strip,0.26,No
944,Hash Three Points #944,704,88.59163532503047,10,Yes,Safford,0,No,-256,29,6,Strip,0.38,No
775,Hash Three Points #775,705,88.57479531495993,10,No,Viva la Vida,-3,No,-256,27,7,Strip,0.44,No
849,Hash Three Points #849,706,88.53890428956989,10,No,Hunter,10,No,-256,46,7,Strip,0.2,No
156,Hash Three Points #156,707,88.52473442179367,10,No,Hunter,6,Yes,-256,21,7,Strip,0.29,No
451,Hash Three Points #451,708,88.48282789885145,10,Yes,Safford,0,Yes,-256,21,7,Strip,0.47,No
571,Hash Three Points #571,709,88.45950023807032,10,No,Monochrome,-7,No,295,31,7,Strip,0.05,No
405,Hash Three Points #405,710,88.34743975530054,10,No,Rose,8,No,-256,33,7,Strip,0.5,Yes
875,Hash Three Points #875,711,88.24067617899331,10,No,Spring,-3,No,-256,21,8,Strip,0.11,Yes
824,Hash Three Points #824,712,88.23467246494344,10,No,Spring,7,No,-256,27,7,Strip,0.41,Yes
189,Hash Three Points #189,713,88.2288930113668,10,No,Kanagawa,3,No,-256,23,7,Strip,0.38,Yes
538,Hash Three Points #538,714,88.20149553907137,10,No,Spring,4,No,-256,48,6,Strip,0.14,Yes
101,Hash Three Points #101,715,88.18625227039738,10,No,Spring,1,No,-256,27,6,Strip,0.44,Yes
619,Hash Three Points #619,716,88.1675938656949,10,No,Sonoran Sunset,7,No,-256,42,6,Strip,0.11,No
685,Hash Three Points #685,717,88.12496091620133,10,No,Rose,3,Yes,-256,48,7,Strip,0.23,No
985,Hash Three Points #985,718,88.11789272313598,10,No,Earth,-1,No,315,31,7,Strip,0.41,Yes
378,Hash Three Points #378,719,88.08136966384345,10,No,Earth,7,No,-256,25,7,Strip,0.26,Yes
525,Hash Three Points #525,720,88.04515036792836,10,No,Bone,-3,No,-256,27,8,Strip,0.44,Yes
690,Hash Three Points #690,721,88.0161737306493,10,No,Viva la Vida,-6,No,-256,21,7,Strip,0.2,No
500,Hash Three Points #500,722,88.00016645954389,10,No,Wasteland,-2,No,-256,52,8,Strip,0.35,Yes
318,Hash Three Points #318,723,87.99930874119721,10,No,Ketchup and Mustard,-9,No,-256,46,6,Strip,0.35,Yes
74,Hash Three Points #74,724,87.99643355788129,10,No,Rose,4,Yes,-256,42,8,Strip,0.17,Yes
724,Hash Three Points #724,725,87.9707413535547,10,No,Vaporwave,-2,No,-256,33,7,Strip,0.41,Yes
695,Hash Three Points #695,726,87.96186540711305,10,No,Rocketpop,8,No,-256,29,6,Strip,0.5,No
215,Hash Three Points #215,727,87.94952376375382,10,No,Rose,7,No,-256,52,6,Strip,0.32,No
900,Hash Three Points #900,728,87.9425239137301,10,No,Kanagawa,10,No,-256,48,7,Strip,0.35,Yes
350,Hash Three Points #350,729,87.92436632687435,10,No,Viva la Vida,1,No,-256,23,7,Strip,0.23,No
436,Hash Three Points #436,730,87.91099832606974,10,No,Bone,7,No,-256,52,7,Strip,0.41,Yes
363,Hash Three Points #363,731,87.85170787399198,10,No,Rocketpop,9,No,-256,52,8,Strip,0.08,Yes
441,Hash Three Points #441,732,87.6764695008863,10,No,Rose,-6,Yes,-256,23,8,Strip,0.47,No
696,Hash Three Points #696,733,87.6359217179066,10,No,Viva la Vida,6,No,-256,25,8,Strip,0.23,No
205,Hash Three Points #205,734,87.60428769563265,10,No,Hunter,-6,No,-256,21,7,Strip,0.5,No
992,Hash Three Points #992,735,87.58609465106713,10,No,Spring,-4,No,-256,23,6,Strip,0.08,Yes
966,Hash Three Points #966,736,87.54336768695563,10,No,Vaporwave,9,Yes,-256,52,6,Strip,0.05,Yes
589,Hash Three Points #589,737,87.53659825818053,10,No,Kanagawa,4,No,-256,42,7,Strip,0.23,Yes
206,Hash Three Points #206,738,87.49989130325548,10,No,Viva la Vida,-1,Yes,-256,23,8,Strip,0.44,No
609,Hash Three Points #609,739,87.49492901863276,10,No,Viva la Vida,6,No,-256,52,8,Strip,0.14,No
808,Hash Three Points #808,740,87.43286346161463,10,No,Rose,-8,No,-256,31,8,Strip,0.35,No
735,Hash Three Points #735,741,87.41326235593894,10,No,Earth,9,No,-256,33,8,Strip,0.23,Yes
26,Hash Three Points #26,742,87.41068383505898,10,No,Viva la Vida,4,No,-256,29,7,Strip,0.14,No
613,Hash Three Points #613,743,87.37474131798972,10,No,Wasteland,-2,Yes,-256,31,8,Strip,0.35,Yes
20,Hash Three Points #20,744,87.17957317349452,10,No,Kanagawa,-3,No,-256,40,7,Strip,0.47,Yes
533,Hash Three Points #533,745,87.05259014016485,10,No,Sonoran Sunset,7,No,-256,21,8,Strip,0.32,No
586,Hash Three Points #586,746,86.9768890495435,10,No,Mint,-2,No,-256,33,7,Strip,0.26,Yes
7,Hash Three Points #7,747,86.84730790174811,10,No,Ketchup and Mustard,-3,Yes,-256,25,8,Strip,0.17,No
727,Hash Three Points #727,748,86.84603747374312,10,No,Ketchup and Mustard,-6,Yes,-256,50,6,Strip,0.17,No
895,Hash Three Points #895,749,86.813929714783,10,No,Ketchup and Mustard,8,No,-256,31,7,Strip,0.44,No
823,Hash Three Points #823,750,86.80818653423299,10,No,Hunter,4,No,-256,42,6,Strip,0.26,No
753,Hash Three Points #753,751,86.75652097075103,10,No,Sonoran Sunset,-6,No,-256,27,6,Strip,0.41,No
1000,Hash Three Points #1000,752,86.75650495396135,10,No,Mint,7,No,-256,23,6,Strip,0.17,Yes
583,Hash Three Points #583,753,86.75005801674233,10,No,Earth,-6,Yes,-256,27,7,Strip,0.26,Yes
962,Hash Three Points #962,754,86.69313312451031,10,No,Safford,2,No,315,46,7,Strip,0.29,No
223,Hash Three Points #223,755,86.54540438978881,10,No,Ketchup and Mustard,-8,Yes,-256,48,7,Strip,0.2,No
437,Hash Three Points #437,756,86.46479258306245,10,No,Safford,6,Yes,263,44,8,Strip,0.47,No
379,Hash Three Points #379,757,86.42650633366932,10,No,Rocketpop,-8,No,-256,29,7,Strip,0.08,No
594,Hash Three Points #594,758,86.411540219401,10,No,Vaporwave,8,No,-256,29,7,Strip,0.11,Yes
32,Hash Three Points #32,759,86.39326148083617,10,No,Rose,-6,Yes,-256,33,8,Strip,0.32,No
55,Hash Three Points #55,760,86.32580676074988,10,No,Sonoran Sunset,-2,No,-256,31,6,Strip,0.47,No
814,Hash Three Points #814,761,86.23009489800874,10,No,Safford,-10,No,-256,46,7,Strip,0.32,No
783,Hash Three Points #783,762,86.22746470605352,10,No,Ketchup and Mustard,4,Yes,-256,23,6,Strip,0.5,No
923,Hash Three Points #923,763,86.21406175731015,10,No,Wasteland,3,Yes,-256,21,8,Strip,0.32,Yes
834,Hash Three Points #834,764,86.18152174119854,10,No,Ketchup and Mustard,3,No,-256,21,7,Strip,0.44,No
258,Hash Three Points #258,765,86.15732598502758,10,No,Earth,-4,Yes,-256,21,8,Strip,0.47,Yes
612,Hash Three Points #612,766,86.15546742010439,10,No,Hunter,1,No,-256,50,8,Strip,0.2,No
576,Hash Three Points #576,767,86.1304323644124,10,No,Rocketpop,8,No,-256,46,6,Strip,0.35,No
551,Hash Three Points #551,768,86.1116304674358,10,No,Hunter,-1,No,-256,40,6,Strip,0.08,No
531,Hash Three Points #531,769,86.09027578983681,10,No,Wasteland,3,Yes,-256,27,7,Strip,0.38,Yes
60,Hash Three Points #60,770,86.07128102045809,10,No,Sonoran Sunset,-4,Yes,-256,27,6,Strip,0.2,No
547,Hash Three Points #547,771,86.0494330413679,10,No,Monochrome,1,No,-256,25,7,Strip,0.08,No
936,Hash Three Points #936,772,86.04865693321591,10,No,Rocketpop,4,No,-256,21,6,Strip,0.11,No
238,Hash Three Points #238,773,86.03265061771442,10,No,Sonoran Sunset,8,Yes,-256,31,7,Strip,0.35,No
807,Hash Three Points #807,774,85.99901200271574,10,No,Monochrome,1,Yes,-256,23,8,Strip,0.32,No
656,Hash Three Points #656,775,85.96335500038202,10,No,Vaporwave,-5,No,-256,44,6,Strip,0.38,Yes
558,Hash Three Points #558,776,85.95592948019711,10,No,Rocketpop,-5,No,-256,25,7,Strip,0.23,No
399,Hash Three Points #399,777,85.92794226659302,10,No,Rose,-4,No,-256,42,8,Strip,0.17,No
336,Hash Three Points #336,778,85.91808079484484,10,No,Viva la Vida,3,No,-256,27,7,Strip,0.05,No
170,Hash Three Points #170,779,85.85860533666757,10,No,Monochrome,-6,No,-256,35,7,Strip,0.2,No
362,Hash Three Points #362,780,85.81459209334315,10,No,Kanagawa,4,No,-256,33,7,Strip,0.44,Yes
711,Hash Three Points #711,781,85.80892052444068,10,No,Hunter,-4,No,-256,31,8,Strip,0.38,No
86,Hash Three Points #86,782,85.80289750150033,10,No,Kanagawa,1,No,-256,44,7,Strip,0.5,Yes
403,Hash Three Points #403,783,85.77524022509772,10,No,Rocketpop,7,Yes,-256,42,7,Strip,0.35,No
11,Hash Three Points #11,784,85.76986256418701,10,No,Wasteland,-4,Yes,-256,21,8,Strip,0.2,Yes
288,Hash Three Points #288,785,85.65873813782876,10,No,Vaporwave,4,No,-256,25,7,Strip,0.41,Yes
661,Hash Three Points #661,786,85.57164115676255,10,No,Bone,-1,Yes,-256,21,8,Strip,0.23,Yes
184,Hash Three Points #184,787,85.54622367409974,10,No,Rocketpop,-8,No,-256,27,7,Strip,0.47,No
680,Hash Three Points #680,788,85.53190880374157,10,No,Hunter,-3,Yes,-256,33,7,Strip,0.5,No
120,Hash Three Points #120,789,85.48763497520969,10,No,Rose,3,No,-256,31,8,Strip,0.26,No
347,Hash Three Points #347,790,85.47830306646284,10,No,Viva la Vida,9,No,-256,31,7,Strip,0.2,No
908,Hash Three Points #908,791,85.38444856692234,10,No,Kanagawa,-6,No,-256,33,7,Strip,0.11,Yes
272,Hash Three Points #272,792,85.36858217420274,10,No,Hunter,-5,No,-256,27,8,Strip,0.2,No
463,Hash Three Points #463,793,85.33631983588086,10,No,Wasteland,10,No,-256,29,7,Strip,0.26,Yes
756,Hash Three Points #756,794,85.3121386494112,10,No,Earth,7,Yes,-256,29,7,Strip,0.17,Yes
734,Hash Three Points #734,795,85.28279406508953,10,No,Spring,2,No,-256,27,6,Strip,0.23,Yes
83,Hash Three Points #83,796,85.2547004812012,10,No,Vaporwave,1,No,-256,52,8,Strip,0.5,Yes
931,Hash Three Points #931,797,85.23900008653791,10,No,Rose,2,No,-256,40,6,Strip,0.35,No
292,Hash Three Points #292,798,85.21845819597408,10,No,Mint,3,Yes,-256,48,7,Strip,0.41,Yes
169,Hash Three Points #169,799,85.21817375920907,10,No,Kanagawa,5,No,-256,42,6,Strip,0.5,Yes
79,Hash Three Points #79,800,85.13159793420903,10,No,Kanagawa,5,No,-256,23,7,Strip,0.44,Yes
725,Hash Three Points #725,801,85.07157011109578,10,No,Vaporwave,-4,No,-256,25,8,Strip,0.05,Yes
90,Hash Three Points #90,802,84.98729706588588,10,No,Ketchup and Mustard,4,No,-256,21,6,Strip,0.5,No
774,Hash Three Points #774,803,84.96384990435408,10,No,Monochrome,-3,No,-256,29,7,Strip,0.14,No
302,Hash Three Points #302,804,84.95796383451125,10,No,Safford,5,Yes,315,27,7,Strip,0.17,No
899,Hash Three Points #899,805,84.90934410701125,10,No,Sonoran Sunset,-4,No,-256,50,8,Strip,0.17,No
172,Hash Three Points #172,806,84.9080657747501,10,No,Vaporwave,-2,No,-256,31,7,Strip,0.35,Yes
909,Hash Three Points #909,807,84.83555033381359,10,No,Kanagawa,1,No,-256,29,7,Strip,0.44,Yes
349,Hash Three Points #349,808,84.82693647216641,10,No,Bone,9,No,-256,48,7,Strip,0.11,Yes
555,Hash Three Points #555,809,84.82657144753755,10,No,Rocketpop,2,Yes,-256,25,7,Strip,0.38,No
333,Hash Three Points #333,810,84.61159667715533,10,No,Hunter,6,Yes,-256,27,6,Strip,0.5,No
492,Hash Three Points #492,811,84.61095464088605,10,No,Spring,-5,No,-256,25,7,Strip,0.32,Yes
898,Hash Three Points #898,812,84.60199736425935,10,No,Kanagawa,3,No,-256,46,6,Strip,0.47,Yes
888,Hash Three Points #888,813,84.56374560865962,10,No,Mint,-5,No,-256,35,6,Strip,0.17,Yes
28,Hash Three Points #28,814,84.54441283696055,10,No,Ketchup and Mustard,6,Yes,-256,46,6,Strip,0.29,No
622,Hash Three Points #622,815,84.5136364750842,10,No,Earth,4,Yes,-256,31,8,Strip,0.2,Yes
642,Hash Three Points #642,816,84.50960620770724,10,No,Sonoran Sunset,-5,Yes,-256,23,6,Strip,0.35,No
128,Hash Three Points #128,817,84.48025828811907,10,No,Earth,8,No,-256,29,7,Strip,0.35,Yes
240,Hash Three Points #240,818,84.3893932776867,10,No,Wasteland,-2,No,-256,46,7,Strip,0.32,Yes
286,Hash Three Points #286,819,84.36397934679269,10,No,Bone,-6,No,-256,38,7,Strip,0.35,Yes
618,Hash Three Points #618,820,84.30368544986301,10,No,Earth,5,Yes,-256,50,7,Strip,0.08,Yes
75,Hash Three Points #75,821,84.27375734846379,10,No,Bone,-6,No,-256,50,7,Strip,0.05,Yes
139,Hash Three Points #139,822,84.24750401118584,10,No,Wasteland,-1,No,-256,40,6,Strip,0.44,Yes
781,Hash Three Points #781,823,84.23437736826787,10,No,Rose,6,No,-256,42,6,Strip,0.44,No
816,Hash Three Points #816,824,84.17098388295122,10,No,Kanagawa,-3,No,-256,52,7,Strip,0.05,Yes
697,Hash Three Points #697,825,84.16223681788694,10,No,Rocketpop,6,No,-256,25,6,Strip,0.44,No
236,Hash Three Points #236,826,84.15971196203722,10,No,Wasteland,-7,No,263,33,7,Strip,0.05,Yes
883,Hash Three Points #883,827,84.09162374468576,10,No,Earth,-5,No,-256,25,7,Strip,0.17,Yes
208,Hash Three Points #208,828,84.02302903465258,10,No,Kanagawa,5,No,-256,23,6,Strip,0.2,Yes
969,Hash Three Points #969,829,83.9585290403489,10,No,Earth,2,No,-256,21,8,Strip,0.08,Yes
1,Hash Three Points #1,830,83.93216887267305,10,No,Sonoran Sunset,-4,No,-256,52,7,Strip,0.11,No
687,Hash Three Points #687,831,83.90710956484966,10,No,Vaporwave,-5,Yes,-256,27,6,Strip,0.47,Yes
664,Hash Three Points #664,832,83.89557605559241,10,No,Viva la Vida,-1,Yes,-256,27,7,Strip,0.41,No
10,Hash Three Points #10,833,83.89096200510394,10,No,Spring,3,No,-256,31,7,Strip,0.26,Yes
57,Hash Three Points #57,834,83.88605372788346,10,No,Vaporwave,-5,No,-256,50,7,Strip,0.08,Yes
951,Hash Three Points #951,835,83.82376131133603,10,No,Sonoran Sunset,7,No,-256,31,8,Strip,0.32,No
121,Hash Three Points #121,836,83.81403203154687,10,No,Earth,-3,No,-256,31,6,Strip,0.08,Yes
769,Hash Three Points #769,837,83.6660718260882,10,No,Ketchup and Mustard,3,No,-256,27,7,Strip,0.41,No
497,Hash Three Points #497,838,83.65172014183835,10,No,Vaporwave,-4,No,-256,48,6,Strip,0.5,Yes
997,Hash Three Points #997,839,83.64208691764091,10,No,Kanagawa,5,Yes,-256,48,7,Strip,0.5,Yes
439,Hash Three Points #439,840,83.63921362281864,10,No,Safford,-8,No,-256,35,7,Strip,0.44,No
914,Hash Three Points #914,841,83.6171380937457,10,No,Hunter,-7,No,-256,40,8,Strip,0.5,No
310,Hash Three Points #310,842,83.56582555275563,10,No,Mint,1,No,-256,42,8,Strip,0.17,Yes
743,Hash Three Points #743,843,83.55677571679207,10,No,Monochrome,3,Yes,-256,33,7,Strip,0.35,No
602,Hash Three Points #602,844,83.53566158584925,10,No,Safford,10,No,-256,48,8,Strip,0.44,Yes
454,Hash Three Points #454,845,83.47334291036995,10,No,Bone,1,No,-256,31,6,Strip,0.11,Yes
450,Hash Three Points #450,846,83.46890095125784,10,No,Wasteland,-4,No,-256,33,8,Strip,0.23,Yes
275,Hash Three Points #275,847,83.44306382707805,10,No,Earth,-4,Yes,-256,23,7,Strip,0.47,Yes
573,Hash Three Points #573,848,83.41473121037893,10,No,Bone,-1,No,-256,21,6,Strip,0.23,Yes
507,Hash Three Points #507,849,83.33594337586297,10,No,Rocketpop,5,No,-256,33,7,Strip,0.29,No
134,Hash Three Points #134,850,83.30780979613843,10,No,Safford,-1,No,263,44,7,Strip,0.2,No
153,Hash Three Points #153,851,83.22742856437645,10,No,Rocketpop,1,No,-256,21,6,Strip,0.05,No
381,Hash Three Points #381,852,83.10476608176836,10,No,Mint,5,Yes,-256,38,7,Strip,0.26,Yes
1013,Hash Three Points #1013,853,83.05029773588193,10,No,Sonoran Sunset,2,Yes,-256,25,7,Strip,0.2,No
22,Hash Three Points #22,854,82.87710795431857,10,No,Vaporwave,9,No,-256,42,7,Strip,0.47,Yes
304,Hash Three Points #304,855,82.8045055148772,10,No,Vaporwave,3,No,-256,33,8,Strip,0.32,Yes
699,Hash Three Points #699,856,82.70122400595419,10,No,Spring,6,Yes,-256,21,7,Strip,0.17,Yes
178,Hash Three Points #178,857,82.689340753051,10,No,Mint,1,No,-256,38,6,Strip,0.47,Yes
553,Hash Three Points #553,858,82.55524822645435,10,No,Safford,2,No,315,33,8,Strip,0.2,No
771,Hash Three Points #771,859,82.53081880406526,10,No,Rose,-1,No,-256,50,6,Strip,0.08,No
13,Hash Three Points #13,860,82.5086565864595,10,No,Rocketpop,-3,No,-256,35,7,Strip,0.32,No
789,Hash Three Points #789,861,82.50293460249563,10,No,Wasteland,7,Yes,-256,33,7,Strip,0.35,Yes
703,Hash Three Points #703,862,82.49198379718375,10,No,Safford,-3,No,-256,52,8,Strip,0.29,No
400,Hash Three Points #400,863,82.4860508180316,10,No,Wasteland,-5,No,-256,46,8,Strip,0.38,Yes
518,Hash Three Points #518,864,82.45170247206039,10,No,Safford,-8,No,-256,38,7,Strip,0.38,No
471,Hash Three Points #471,865,82.44831056796602,10,No,Vaporwave,-6,No,-256,52,7,Strip,0.47,Yes
176,Hash Three Points #176,866,82.37126635654167,10,No,Wasteland,-1,No,-256,38,7,Strip,0.29,Yes
499,Hash Three Points #499,867,82.35595646467719,10,No,Bone,2,Yes,-256,23,7,Strip,0.2,Yes
273,Hash Three Points #273,868,82.27393482216998,10,No,Rose,5,Yes,-256,27,7,Strip,0.32,No
932,Hash Three Points #932,869,82.27243052161514,10,No,Safford,-6,Yes,-256,27,6,Strip,0.44,No
233,Hash Three Points #233,870,82.27048043378159,10,No,Bone,-3,No,-256,23,7,Strip,0.35,Yes
369,Hash Three Points #369,871,82.24862982760844,10,No,Safford,-8,Yes,-256,33,7,Strip,0.23,No
123,Hash Three Points #123,872,82.22784632740735,10,No,Wasteland,7,No,-256,27,7,Strip,0.35,Yes
708,Hash Three Points #708,873,82.21535591856743,10,No,Wasteland,2,No,-256,40,6,Strip,0.35,Yes
192,Hash Three Points #192,874,82.1372286082378,10,No,Bone,2,Yes,-256,21,7,Strip,0.05,Yes
995,Hash Three Points #995,875,82.0174153546879,10,No,Earth,1,Yes,-256,31,7,Strip,0.2,Yes
314,Hash Three Points #314,876,82.00749360734983,10,No,Earth,-7,No,-256,38,7,Strip,0.29,Yes
564,Hash Three Points #564,877,81.98989889271223,10,No,Earth,6,Yes,-256,52,7,Strip,0.11,Yes
216,Hash Three Points #216,878,81.92229084565503,10,No,Rose,6,No,-256,25,8,Strip,0.35,No
408,Hash Three Points #408,879,81.79480451680797,10,No,Earth,2,No,-256,23,7,Strip,0.38,Yes
792,Hash Three Points #792,880,81.79061395063032,10,No,Ketchup and Mustard,1,No,-256,27,7,Strip,0.08,No
867,Hash Three Points #867,881,81.78359155462368,10,No,Vaporwave,5,No,-256,38,7,Strip,0.5,Yes
443,Hash Three Points #443,882,81.63900405936198,10,No,Safford,8,No,-256,38,7,Strip,0.11,No
321,Hash Three Points #321,883,81.51331341251989,10,No,Viva la Vida,2,No,-256,29,7,Strip,0.5,No
23,Hash Three Points #23,884,81.45972009360948,10,No,Bone,-4,No,-256,33,7,Strip,0.17,Yes
761,Hash Three Points #761,885,81.45023619373725,10,No,Bone,-7,Yes,-256,50,6,Strip,0.5,Yes
737,Hash Three Points #737,886,81.32048150521167,10,No,Spring,-5,No,-256,31,7,Strip,0.2,Yes
593,Hash Three Points #593,887,81.31402790704418,10,No,Rose,-7,No,-256,35,6,Strip,0.38,No
418,Hash Three Points #418,888,81.15969402637833,10,No,Earth,-5,No,-256,29,7,Strip,0.5,Yes
717,Hash Three Points #717,889,81.11233620518492,10,No,Ketchup and Mustard,-7,No,-256,25,7,Strip,0.29,No
14,Hash Three Points #14,890,81.02362956382977,10,No,Rocketpop,6,Yes,-256,33,6,Strip,0.41,No
467,Hash Three Points #467,891,80.864404963966,10,No,Vaporwave,1,No,-256,23,7,Strip,0.05,Yes
943,Hash Three Points #943,892,80.7791155110578,10,No,Spring,-7,No,-256,38,6,Strip,0.08,Yes
683,Hash Three Points #683,893,80.77639787887166,10,No,Kanagawa,6,Yes,-256,31,7,Strip,0.26,Yes
78,Hash Three Points #78,894,80.74034876441993,10,No,Rocketpop,6,No,-256,23,6,Strip,0.5,No
459,Hash Three Points #459,895,80.7353320582009,10,No,Safford,7,Yes,-256,29,8,Strip,0.38,No
522,Hash Three Points #522,896,80.70543689422038,10,No,Mint,-5,No,-256,31,7,Strip,0.08,Yes
277,Hash Three Points #277,897,80.64665372448304,10,No,Spring,6,No,-256,27,8,Strip,0.32,Yes
974,Hash Three Points #974,898,80.64665372448303,10,No,Earth,6,No,-256,35,8,Strip,0.32,Yes
542,Hash Three Points #542,899,80.59778503272815,10,No,Viva la Vida,-1,No,-256,27,6,Strip,0.47,No
457,Hash Three Points #457,900,80.58834432483128,10,No,Safford,-8,No,-256,44,7,Strip,0.26,No
67,Hash Three Points #67,901,80.5585524865261,10,No,Mint,2,No,-256,31,7,Strip,0.14,Yes
934,Hash Three Points #934,902,80.5359762501182,10,No,Hunter,-1,No,-256,31,7,Strip,0.14,Yes
72,Hash Three Points #72,903,80.52645968767693,10,No,Sonoran Sunset,4,Yes,-256,29,7,Strip,0.47,No
682,Hash Three Points #682,904,80.52218615253145,10,No,Rocketpop,-4,No,-256,31,7,Strip,0.26,No
92,Hash Three Points #92,905,80.51955898390754,10,No,Wasteland,-3,No,-256,35,7,Strip,0.47,Yes
580,Hash Three Points #580,906,80.51649968596152,10,No,Sonoran Sunset,-5,Yes,-256,46,7,Strip,0.47,No
263,Hash Three Points #263,907,80.47016343614996,10,No,Rocketpop,-1,Yes,-256,23,7,Strip,0.41,No
469,Hash Three Points #469,908,80.42547913585082,10,No,Earth,-1,Yes,-256,31,8,Strip,0.5,Yes
88,Hash Three Points #88,909,80.42277507359688,10,No,Ketchup and Mustard,-7,Yes,-256,25,8,Strip,0.5,No
755,Hash Three Points #755,910,80.38798552138067,10,No,Safford,3,No,-256,21,6,Strip,0.38,No
389,Hash Three Points #389,911,80.37120958385754,10,No,Monochrome,-1,Yes,-256,25,7,Strip,0.47,No
476,Hash Three Points #476,912,80.2635622788978,10,No,Rose,2,No,-256,44,7,Strip,0.32,No
599,Hash Three Points #599,913,80.18934912178685,10,No,Wasteland,-5,No,-256,21,7,Strip,0.05,Yes
201,Hash Three Points #201,914,80.1555486456639,10,No,Mint,-7,No,-256,25,6,Strip,0.38,Yes
24,Hash Three Points #24,915,80.1469379873894,10,No,Rose,6,No,-256,27,8,Strip,0.05,No
180,Hash Three Points #180,916,80.14690564516891,10,No,Kanagawa,-1,No,-256,25,7,Strip,0.35,Yes
311,Hash Three Points #311,917,80.06497446512057,10,No,Safford,8,Yes,-256,48,6,Strip,0.47,No
187,Hash Three Points #187,918,80.05382618661729,10,No,Wasteland,6,Yes,-256,50,6,Strip,0.32,Yes
720,Hash Three Points #720,919,80.0307658685588,10,No,Kanagawa,2,No,-256,31,7,Strip,0.26,Yes
358,Hash Three Points #358,920,80.0038109695018,10,No,Vaporwave,2,Yes,-256,29,8,Strip,0.32,Yes
806,Hash Three Points #806,921,79.93703283984618,10,No,Bone,6,No,-256,27,7,Strip,0.5,Yes
61,Hash Three Points #61,922,79.86599384537128,10,No,Wasteland,6,No,-256,42,8,Strip,0.08,Yes
232,Hash Three Points #232,923,79.80952899622858,10,No,Rocketpop,-5,No,-256,27,7,Strip,0.47,No
114,Hash Three Points #114,924,79.7817486617975,10,No,Wasteland,-4,No,-256,29,7,Strip,0.5,Yes
704,Hash Three Points #704,925,79.77600317991204,10,No,Wasteland,5,No,-256,31,7,Strip,0.14,Yes
152,Hash Three Points #152,926,79.75067539456272,10,No,Ketchup and Mustard,-5,No,-256,33,7,Strip,0.11,No
941,Hash Three Points #941,927,79.62999617555482,10,No,Hunter,-1,Yes,-256,31,6,Strip,0.32,No
420,Hash Three Points #420,928,79.62357172313276,10,No,Wasteland,-1,No,-256,23,7,Strip,0.14,Yes
269,Hash Three Points #269,929,79.47970081697336,10,No,Vaporwave,1,No,-256,29,7,Strip,0.2,Yes
106,Hash Three Points #106,930,79.30177198893315,10,No,Bone,5,No,-256,27,7,Strip,0.35,Yes
424,Hash Three Points #424,931,79.2970490727117,10,No,Safford,9,No,-256,38,7,Strip,0.38,Yes
778,Hash Three Points #778,932,79.29304020447972,10,No,Safford,-9,No,-256,33,7,Strip,0.35,No
884,Hash Three Points #884,933,79.27272579283789,10,No,Mint,-1,No,-256,35,7,Strip,0.11,Yes
406,Hash Three Points #406,934,79.24866003113382,10,No,Kanagawa,-1,No,-256,31,7,Strip,0.38,Yes
831,Hash Three Points #831,935,79.24573609689746,10,No,Monochrome,-7,No,-256,31,8,Strip,0.14,No
116,Hash Three Points #116,936,79.22437732725166,10,No,Spring,-1,No,-256,48,7,Strip,0.38,Yes
12,Hash Three Points #12,937,79.21000285389019,10,No,Ketchup and Mustard,-6,No,-256,31,7,Strip,0.32,No
780,Hash Three Points #780,938,79.18178380081656,10,No,Sonoran Sunset,-1,No,-256,50,7,Strip,0.41,No
433,Hash Three Points #433,939,79.11300278165791,10,No,Safford,9,No,-256,27,7,Strip,0.44,No
718,Hash Three Points #718,940,79.10069257518967,10,No,Wasteland,5,No,-256,21,7,Strip,0.17,Yes
912,Hash Three Points #912,941,79.01967251046096,10,No,Rocketpop,-1,No,-256,52,6,Strip,0.2,No
767,Hash Three Points #767,942,78.98346025611471,10,No,Mint,-1,No,-256,38,7,Strip,0.11,Yes
188,Hash Three Points #188,943,78.80229324319124,10,No,Earth,6,No,-256,27,6,Strip,0.35,Yes
370,Hash Three Points #370,944,78.75965194594883,10,No,Ketchup and Mustard,2,No,-256,42,6,Strip,0.05,No
948,Hash Three Points #948,945,78.65821445442084,10,No,Hunter,-1,No,-256,46,7,Strip,0.08,No
280,Hash Three Points #280,946,78.586603937241,10,No,Wasteland,-3,No,-256,31,7,Strip,0.17,Yes
791,Hash Three Points #791,947,78.54864851244798,10,No,Mint,-7,No,-256,23,8,Strip,0.38,Yes
501,Hash Three Points #501,948,78.49734709205354,10,No,Bone,6,No,-256,50,7,Strip,0.05,Yes
841,Hash Three Points #841,949,78.46638159865752,10,No,Rose,-7,No,-256,52,6,Strip,0.2,No
142,Hash Three Points #142,950,78.46363363309547,10,No,Sonoran Sunset,1,No,-256,46,7,Strip,0.47,No
445,Hash Three Points #445,951,78.43939214229587,10,No,Ketchup and Mustard,-1,No,-256,50,7,Strip,0.38,No
957,Hash Three Points #957,952,78.43292262170613,10,No,Mint,-1,No,-256,23,7,Strip,0.41,Yes
788,Hash Three Points #788,953,78.42148932936357,10,No,Earth,5,No,-256,27,7,Strip,0.47,Yes
988,Hash Three Points #988,954,78.39214333508104,10,No,Rocketpop,5,No,-256,46,7,Strip,0.26,No
421,Hash Three Points #421,955,78.29651324189678,10,No,Safford,-3,No,-256,33,7,Strip,0.29,No
739,Hash Three Points #739,956,78.27164024262429,10,No,Spring,6,Yes,-256,33,7,Strip,0.47,Yes
520,Hash Three Points #520,957,78.25052022150426,10,No,Spring,6,No,-256,42,7,Strip,0.47,Yes
190,Hash Three Points #190,958,78.19960076120033,10,No,Spring,-7,No,-256,29,7,Strip,0.14,Yes
17,Hash Three Points #17,959,78.1796007871755,10,No,Ketchup and Mustard,6,No,-256,21,8,Strip,0.35,No
129,Hash Three Points #129,960,78.14941318565431,10,No,Mint,-7,Yes,-256,44,7,Strip,0.11,Yes
478,Hash Three Points #478,961,78.01001581940665,10,No,Sonoran Sunset,-7,Yes,-256,35,7,Strip,0.2,No
255,Hash Three Points #255,962,77.96096566118429,10,No,Vaporwave,6,No,-256,46,6,Strip,0.17,Yes
393,Hash Three Points #393,963,77.95517543435687,10,No,Safford,1,Yes,-256,21,7,Strip,0.11,No
605,Hash Three Points #605,964,77.91818778718249,10,No,Safford,9,No,-256,44,7,Strip,0.11,No
77,Hash Three Points #77,965,77.89477324864524,10,No,Safford,5,Yes,-256,21,6,Strip,0.41,No
585,Hash Three Points #585,966,77.79027772695765,10,No,Safford,-4,No,-256,29,6,Strip,0.14,Yes
34,Hash Three Points #34,967,77.58146790191932,10,No,Ketchup and Mustard,-1,No,-256,38,8,Strip,0.05,No
937,Hash Three Points #937,968,77.54321078709812,10,No,Rose,-1,Yes,-256,33,7,Strip,0.35,No
432,Hash Three Points #432,969,77.53466144380675,10,No,Hunter,-7,No,-256,29,6,Strip,0.41,No
15,Hash Three Points #15,970,77.52295728281031,10,No,Wasteland,-7,No,-256,27,6,Strip,0.23,Yes
617,Hash Three Points #617,971,77.47899169247378,10,No,Ketchup and Mustard,2,No,-256,29,8,Strip,0.17,No
320,Hash Three Points #320,972,77.47251287642172,10,No,Ketchup and Mustard,5,Yes,-256,33,7,Strip,0.05,Yes
158,Hash Three Points #158,973,77.45189255838805,10,No,Vaporwave,-7,No,-256,25,8,Strip,0.05,Yes
373,Hash Three Points #373,974,77.2399181109273,10,No,Wasteland,2,No,-256,44,7,Strip,0.32,Yes
324,Hash Three Points #324,975,77.19331643157301,10,No,Safford,-6,No,-256,46,6,Strip,0.41,No
398,Hash Three Points #398,976,77.06597450479504,10,No,Safford,3,Yes,-256,21,7,Strip,0.47,Yes
480,Hash Three Points #480,977,77.02211220460217,10,No,Sonoran Sunset,-7,No,-256,35,8,Strip,0.32,No
987,Hash Three Points #987,978,76.98095057731425,10,No,Safford,5,No,-256,38,6,Strip,0.23,No
1008,Hash Three Points #1008,979,76.95168696303192,10,No,Ketchup and Mustard,6,No,-256,35,7,Strip,0.32,No
668,Hash Three Points #668,980,76.91288910553035,10,No,Vaporwave,5,No,-256,48,7,Strip,0.05,Yes
933,Hash Three Points #933,981,76.87959049769796,10,No,Safford,-6,Yes,-256,44,7,Strip,0.35,Yes
626,Hash Three Points #626,982,76.83174173509838,10,No,Safford,-4,No,-256,27,8,Strip,0.26,No
332,Hash Three Points #332,983,76.82354902363953,10,No,Wasteland,6,No,-256,23,8,Strip,0.47,Yes
513,Hash Three Points #513,984,76.81508764770737,10,No,Ketchup and Mustard,-1,Yes,-256,48,7,Strip,0.26,No
864,Hash Three Points #864,985,76.75912753492582,10,No,Safford,4,No,-256,21,7,Strip,0.41,No
431,Hash Three Points #431,986,76.7126629516608,10,No,Safford,-6,No,-256,44,8,Strip,0.35,No
251,Hash Three Points #251,987,76.32811655838753,10,No,Vaporwave,-7,No,-256,23,7,Strip,0.41,Yes
787,Hash Three Points #787,988,76.09924738164814,10,No,Viva la Vida,-7,No,-256,29,6,Strip,0.47,No
818,Hash Three Points #818,989,75.86535994950505,10,No,Ketchup and Mustard,-7,No,-256,29,6,Strip,0.44,Yes
473,Hash Three Points #473,990,75.83187207415472,10,No,Safford,-4,No,-256,33,8,Strip,0.08,Yes
692,Hash Three Points #692,991,75.81715001060707,10,No,Safford,1,Yes,-256,33,8,Strip,0.17,No
902,Hash Three Points #902,992,75.6397418331989,10,No,Safford,-6,No,-256,33,8,Strip,0.2,No
141,Hash Three Points #141,993,75.6236178742475,10,No,Safford,2,Yes,-256,44,7,Strip,0.38,No
968,Hash Three Points #968,994,75.31863901595413,10,No,Rocketpop,-7,No,-256,23,7,Strip,0.26,No
698,Hash Three Points #698,995,75.13325267659836,10,No,Safford,5,No,-256,23,8,Strip,0.08,No
212,Hash Three Points #212,996,74.9514993279886,10,No,Wasteland,2,No,-256,46,7,Strip,0.05,Yes
610,Hash Three Points #610,997,74.94134873582502,10,No,Vaporwave,-7,No,-256,35,7,Strip,0.05,Yes
401,Hash Three Points #401,998,74.87630583823903,10,No,Sonoran Sunset,-7,Yes,-256,33,7,Strip,0.2,No
543,Hash Three Points #543,999,74.47845760198402,10,No,Earth,6,No,-256,29,7,Strip,0.47,Yes
906,Hash Three Points #906,1000,74.47100040439554,10,No,Safford,-5,No,-256,42,6,Strip,0.35,No
1009,Hash Three Points #1009,1000,74.47100040439554,10,No,Safford,1,No,-256,31,6,Strip,0.5,No
765,Hash Three Points #765,1002,74.0610376305618,10,No,Safford,6,No,-256,52,6,Strip,0.38,No
402,Hash Three Points #402,1003,73.92643334420126,10,No,Safford,-1,Yes,-256,27,7,Strip,0.44,Yes
58,Hash Three Points #58,1004,73.65252231219156,10,No,Safford,-4,No,-256,33,7,Strip,0.5,No
705,Hash Three Points #705,1005,73.60130572417455,10,No,Safford,-1,Yes,-256,27,8,Strip,0.26,No
446,Hash Three Points #446,1006,73.43690129242904,10,No,Safford,-3,No,-256,50,7,Strip,0.47,No
93,Hash Three Points #93,1007,73.20806623740908,10,No,Safford,-7,No,-256,50,8,Strip,0.14,No
222,Hash Three Points #222,1008,73.04430992275007,10,No,Safford,9,No,-256,48,7,Strip,0.47,No
786,Hash Three Points #786,1009,72.83926399545612,10,No,Safford,-5,No,-256,33,6,Strip,0.32,Yes
960,Hash Three Points #960,1010,72.68505458578403,10,No,Ketchup and Mustard,6,No,-256,29,7,Strip,0.47,No
856,Hash Three Points #856,1011,72.63073157639738,10,No,Safford,-1,No,-256,21,8,Strip,0.26,Yes
166,Hash Three Points #166,1012,72.31072254972041,10,No,Safford,-1,No,-256,27,8,Strip,0.41,No
428,Hash Three Points #428,1013,72.18319113020978,10,No,Wasteland,-7,Yes,-256,29,7,Strip,0.32,Yes
537,Hash Three Points #537,1014,71.83366489777012,10,No,Safford,2,No,-256,50,7,Strip,0.2,No
195,Hash Three Points #195,1015,71.67201197286474,10,No,Safford,6,No,-256,35,6,Strip,0.35,No
411,Hash Three Points #411,1016,70.44690955896772,10,No,Safford,1,No,-256,31,7,Strip,0.05,No
649,Hash Three Points #649,1017,70.25901882934528,10,No,Safford,-7,No,-256,29,8,Strip,0.14,No
989,Hash Three Points #989,1018,69.9585756242225,10,No,Safford,5,No,-256,48,7,Strip,0.17,Yes
526,Hash Three Points #526,1019,69.88639960926844,10,No,Safford,-1,No,-256,31,8,Strip,0.5,No
173,Hash Three Points #173,1020,68.17414836438562,10,No,Safford,6,No,-256,33,6,Strip,0.47,No
669,Hash Three Points #669,1021,67.81062253726162,10,No,Safford,-7,No,-256,27,7,Strip,0.5,No
809,Hash Three Points #809,1022,67.29947817082088,10,No,Safford,2,No,-256,29,7,Strip,0.47,No
671,Hash Three Points #671,1023,66.83553287570628,10,No,Safford,-7,No,-256,46,6,Strip,0.2,No
516,Hash Three Points #516,1024,66.35858748217501,10,No,Safford,-1,No,-256,46,7,Strip,0.05,Yes
