ID,Name,Rank,Rarity_Score,Amount of Clouds,Atmosphere,Attributes,Extra,Hidden Message,Sky Element
2875,Kumulus #2875,1,2040.6067129088406,2,Apocalypse,5,Superpose,Save Lives,Moon
2958,Kumulus #2958,2,1344.511175898931,21,Chemical,2,,,
3194,Kumulus #3194,3,1340.9944575936884,1,Savannah,4,Giraffe,,Red Balloon
2376,Kumulus #2376,4,1199.4379077428578,1,Originals,4,,Love Nature,UFO
3155,Kumulus #3155,4,1199.4379077428578,1,Originals,4,Invasion,,UFO
2643,Kumulus #2643,6,1183.5560266903158,1,Marina,3,Boat,,
2948,Kumulus #2948,7,1159.8600174092917,2,Originals,3,,,Lightning
2211,Kumulus #2211,8,1157.4811198474972,1,Originals,3,,,Red Hang-glider
2678,Kumulus #2678,9,653.911175898931,9,Bubble,2,,,
3060,Kumulus #3060,10,602.1174713432238,1,Radioactive,3,,,Helicopter
3115,Kumulus #3115,10,602.1174713432238,1,Radioactive,3,,,Helicopter
2656,Kumulus #2656,12,600.0694458280951,2,Mojito ,3,,Stop Pollution,
2351,Kumulus #2351,13,595.5916385778742,2,Sunset,3,,Stop Pollution,
3181,Kumulus #3181,14,584.3600174092918,2,Originals,3,,Save Lives,
2487,Kumulus #2487,15,579.1761064544866,9,Originals,2,,,
2360,Kumulus #2360,16,578.8805052874911,1,Gold,2,,,
2410,Kumulus #2410,16,578.8805052874911,1,Gold,2,,,
2270,Kumulus #2270,18,519.6278425655977,Storm,Faces,2,,,
2663,Kumulus #2663,18,519.6278425655977,Storm,Faces,2,,,
2901,Kumulus #2901,18,519.6278425655977,Storm,Faces,2,,,
3094,Kumulus #3094,18,519.6278425655977,Storm,Faces,2,,,
3167,Kumulus #3167,22,477.74445759368837,1,Savannah,4,Tiger,,Red Balloon
2458,Kumulus #2458,23,453.32930607853683,1,Savannah,4,Zebra,,Birds
3219,Kumulus #3219,24,447.5166255355136,1,Originals,4,,Save Water,Rain
2730,Kumulus #2730,25,443.8442073834878,4,Mojito ,3,Mint Leaf,,
2346,Kumulus #2346,26,436.5684201870696,2,Rainbow,3,Doble Rainbow,,
2547,Kumulus #2547,26,436.5684201870696,2,Rainbow,3,Doble Rainbow,,
2981,Kumulus #2981,28,434.1895226252752,1,Rainbow,3,Doble Rainbow,,
2434,Kumulus #2434,29,428.41588616511694,1,Savannah,4,Cheetah,Protect Oceans,
2649,Kumulus #2649,30,418.7583099475903,4,Savannah,3,Tiger,,
3275,Kumulus #3275,31,416.22269335698246,1,Marina,3,,,Green Hang-glider
2652,Kumulus #2652,32,414.5878691428983,Storm,Worldwide,3,,,Glider
2557,Kumulus #2557,33,409.46433744009,1,Aurora,3,,,Green Hang-glider
2161,Kumulus #2161,34,405.85721493296745,1,Mojito ,3,Mint Leaf,,
2789,Kumulus #2789,34,405.85721493296745,1,Mojito ,3,Mint Leaf,,
2507,Kumulus #2507,36,402.0169925047932,1,Stracciatella,3,,,Green Hang-glider
2352,Kumulus #2352,37,397.4373112922706,3,Originals,3,,,Rain
2916,Kumulus #2916,38,390.14778651416407,1,Originals,3,,,Rain
2813,Kumulus #2813,39,387.34277312115324,7,Originals,2,,,
3108,Kumulus #3108,39,387.34277312115324,7,Originals,2,,,
3281,Kumulus #3281,39,387.34277312115324,7,Originals,2,,,
2171,Kumulus #2171,42,383.1502150588645,2,Savannah,3,Zebra,,
2327,Kumulus #2327,42,383.1502150588645,2,Savannah,3,Tiger,,
2465,Kumulus #2465,44,380.77131749707,1,Savannah,3,Zebra,,
2519,Kumulus #2519,44,380.77131749707,1,Savannah,3,Cheetah,,
2627,Kumulus #2627,44,380.77131749707,1,Savannah,3,Cheetah,,
2638,Kumulus #2638,44,380.77131749707,1,Savannah,3,Tiger,,
2842,Kumulus #2842,44,380.77131749707,1,Savannah,3,Zebra,,
2994,Kumulus #2994,44,380.77131749707,1,Savannah,3,Cheetah,,
2569,Kumulus #2569,50,352.97081087004165,1,Aurora,4,,Water Is Life,Glider 
2162,Kumulus #2162,51,346.0466289495357,3,Apocalypse,4,Superpose,,UFO
2262,Kumulus #2262,52,329.6574893836684,8,Originals,3,,Save Water,
2272,Kumulus #2272,53,322.01651542516487,2,Illuminations,3,,Protect Oceans,
2417,Kumulus #2417,54,310.2361494332962,8,Originals,3,,,Moon
2464,Kumulus #2464,55,304.0898410541753,3,Apocalypse,3,Superpose,,
3237,Kumulus #3237,56,301.5206446256039,3,Originals,3,,,Fighter Jet 
2244,Kumulus #2244,57,299.1792138378632,2,Apocalypse,3,Superpose,,
2621,Kumulus #2621,57,299.1792138378632,2,Apocalypse,3,Superpose,,
2738,Kumulus #2738,57,299.1792138378632,2,Apocalypse,3,Superpose,,
3211,Kumulus #3211,57,299.1792138378632,2,Apocalypse,3,Superpose,,
2319,Kumulus #2319,61,294.2311198474974,1,Originals,3,,,Fighter Jet 
2715,Kumulus #2715,61,294.2311198474974,1,Originals,3,,,Fighter Jet 
2820,Kumulus #2820,61,294.2311198474974,1,Originals,3,,,Fighter Jet 
3053,Kumulus #3053,64,293.99530288305795,6,Worldwide,2,,,
2555,Kumulus #2555,65,293.5094028492856,2,Illuminations,2,,,
2802,Kumulus #2802,65,293.5094028492856,2,Illuminations,2,,,
2890,Kumulus #2890,67,291.42610645448656,8,Originals,2,,,
3161,Kumulus #3161,67,291.42610645448656,8,Originals,2,,,
2626,Kumulus #2626,69,291.13050528749113,1,Illuminations,2,,,
2997,Kumulus #2997,70,283.91081087004164,1,Aurora,4,,Less Plastic,Glider 
3072,Kumulus #3072,71,251.48228622007406,4,Chemical,3,,,Glider
2416,Kumulus #2416,72,233.20083107134482,4,Chemical,2,,,
2692,Kumulus #2692,72,233.20083107134482,4,Chemical,2,,,
3223,Kumulus #3223,74,224.07752431531213,4,Worldwide,3,,,Glider
2454,Kumulus #2454,75,218.4508046765572,1,Radioactive,3,,,Glider 
2606,Kumulus #2606,75,218.4508046765572,1,Radioactive,3,,,Glider 
2811,Kumulus #2811,75,218.4508046765572,1,Radioactive,3,,,Glider 
3295,Kumulus #3295,78,217.63100410675662,1,Aurora,3,,,Glider 
2827,Kumulus #2827,79,215.79512379227054,5,Originals,3,,Water Is Life,
3226,Kumulus #3226,80,213.81551986475066,1,Purple Haze,4,Stars,,Red Balloon
3086,Kumulus #3086,81,205.7960691665829,4,Worldwide,2,,,
2600,Kumulus #2600,82,202.50336339893101,3,Chemical,2,,,
2809,Kumulus #2809,82,202.50336339893101,3,Chemical,2,,,
2199,Kumulus #2199,84,193.0073060810498,2,Worldwide,3,,,UFO
2496,Kumulus #2496,85,191.67355211283245,4,Aurora,3,,Only One Earth,
3254,Kumulus #3254,86,189.40036834959912,1,Purple Haze,4,Stars,,Birds
2396,Kumulus #2396,87,186.51458771232595,1,Psychedelic,4,,Water Is Life,Glider
3285,Kumulus #3285,88,184.1540350331675,5,Originals,4,,Less Plastic,Glider
2972,Kumulus #2972,89,180.79064240929182,2,Rainbow,3,,Only One Earth,
2927,Kumulus #2927,90,177.36100711603632,6,Psychedelic,3,,,Glider
2340,Kumulus #2340,91,174.21121878948182,1,Purple Haze,4,Stars,Save Water,
2329,Kumulus #2329,92,171.7889199772832,1,Originals,4,,Only One Earth,Glider
2348,Kumulus #2348,92,171.7889199772832,1,Originals,4,,Only One Earth,Glider
2847,Kumulus #2847,92,171.7889199772832,1,Originals,4,,Only One Earth,Glider
2448,Kumulus #2448,95,168.55041313240253,1,Cotton Candy,4,,Protect Oceans,Red Balloon
2154,Kumulus #2154,96,167.80907671606258,1,Worldwide,2,,,
2377,Kumulus #2377,96,167.80907671606258,1,Worldwide,2,,,
2375,Kumulus #2375,98,164.4869484361792,1,Purple Haze,4,Stars,Protect Oceans,
2432,Kumulus #2432,98,164.4869484361792,1,Purple Haze,4,Stars,Protect Oceans,
2823,Kumulus #2823,100,161.88456536031788,1,Psychedelic,3,,Only One Earth,
3271,Kumulus #3271,101,161.79588501021925,3,Radioactive,3,,Only One Earth,
2426,Kumulus #2426,102,159.52861891847468,1,Originals,4,,Water Is Life,Moon
2586,Kumulus #2586,103,159.0000310883943,1,Originals,4,,Water Is Life,Glider
2701,Kumulus #2701,103,159.0000310883943,1,Originals,4,,Water Is Life,Glider
2452,Kumulus #2452,105,158.7991676634928,1,Purple Haze,4,Stars,,UFO
2891,Kumulus #2891,105,158.7991676634928,1,Purple Haze,4,Stars,,UFO
2708,Kumulus #2708,107,157.94952262527514,1,Bubble,3,,,Red Balloon
2297,Kumulus #2297,108,157.16877640090408,2,Purple Haze,4,Stars,,Moon
2695,Kumulus #2695,109,157.15670771662042,6,Originals,3,,,Fighter Jet
2190,Kumulus #2190,110,154.7898788391096,1,Purple Haze,4,Stars,,Moon
2545,Kumulus #2545,111,154.3843271465682,6,Originals,3,,,UFO
2893,Kumulus #2893,112,154.26129100902924,1,Purple Haze,4,Stars,,Glider
3222,Kumulus #3222,112,154.26129100902924,1,Purple Haze,4,Stars,,Glider
3267,Kumulus #3267,112,154.26129100902924,1,Purple Haze,4,Stars,,Glider
2328,Kumulus #2328,115,149.55084932510928,1,Apocalypse,3,,,Glider
2860,Kumulus #2860,115,149.55084932510928,1,Apocalypse,3,,,Glider
2628,Kumulus #2628,117,145.60162990496863,1,Sunset,3,,Only One Earth,
2754,Kumulus #2754,118,139.96909168766163,5,Stracciatella,3,,Protect Oceans,
2941,Kumulus #2941,119,137.82415605033506,5,Originals,3,,Save Water,
2447,Kumulus #2447,120,136.74890629818069,2,Originals,3,,Only One Earth,
2241,Kumulus #2241,121,133.98176719950544,1,Rainbow,4,,Less Plastic,Glider
2367,Kumulus #2367,122,133.45032583812653,1,Stracciatella,3,,Water Is Life,
2172,Kumulus #2172,123,131.56499534337544,6,Originals,2,,,
2696,Kumulus #2696,123,131.56499534337544,6,Originals,2,,,
2705,Kumulus #2705,123,131.56499534337544,6,Originals,2,,,
3263,Kumulus #3263,123,131.56499534337544,6,Originals,2,,,
3278,Kumulus #3278,123,131.56499534337544,6,Originals,2,,,
2286,Kumulus #2286,128,128.87064462560386,3,Originals,3,,Water Is Life,
2418,Kumulus #2418,129,127.25618929194181,1,Rainbow,3,,,Red Balloon
2371,Kumulus #2371,130,126.32631302149484,4,Originals,4,,Save Water,Fighter Jet
2450,Kumulus #2450,131,123.96001740929181,2,Originals,3,,Water Is Life,
2968,Kumulus #2968,131,123.96001740929181,2,Originals,3,,Water Is Life,
2332,Kumulus #2332,133,121.03838024016515,2,Originals,4,,Save Water,Green Balloon
2511,Kumulus #2511,134,120.9058444643556,1,Cotton Candy,3,,,Red Balloon
2619,Kumulus #2619,135,120.72411911180077,2,Bubble,3,,Save Water,
2546,Kumulus #2546,136,119.72912461687973,5,Radioactive,2,,,
2905,Kumulus #2905,137,118.90932404707915,5,Aurora,2,,,
2955,Kumulus #2955,137,118.90932404707915,5,Aurora,2,,,
2415,Kumulus #2415,139,118.1008310713448,4,Bubble,2,,,
2824,Kumulus #2824,140,117.87422826988248,5,Originals,3,,,Glider
2184,Kumulus #2184,141,116.84237976813228,1,Purple Haze,3,Stars,,
2349,Kumulus #2349,141,116.84237976813228,1,Purple Haze,3,Stars,,
2548,Kumulus #2548,141,116.84237976813228,1,Purple Haze,3,Stars,,
3000,Kumulus #3000,141,116.84237976813228,1,Purple Haze,3,Stars,,
3007,Kumulus #3007,141,116.84237976813228,1,Purple Haze,3,Stars,,
3009,Kumulus #3009,141,116.84237976813228,1,Purple Haze,3,Stars,,
3145,Kumulus #3145,141,116.84237976813228,1,Purple Haze,3,Stars,,
3197,Kumulus #3197,141,116.84237976813228,1,Purple Haze,3,Stars,,
2539,Kumulus #2539,149,111.80829220218023,1,Originals,4,,Save Water,Airliner
2612,Kumulus #2612,149,111.80829220218023,1,Originals,4,,Save Water,Airliner
2801,Kumulus #2801,151,110.72900980476231,1,Psychedelic,3,,,Red Balloon
2223,Kumulus #2223,152,109.28936002364912,1,Marina,3,,,Red Balloon
2248,Kumulus #2248,152,109.28936002364912,1,Marina,3,,,Red Balloon
2441,Kumulus #2441,152,109.28936002364912,1,Marina,3,,,Red Balloon
2588,Kumulus #2588,155,106.44387033372611,1,Originals,4,,Protect Oceans,Birds
2878,Kumulus #2878,156,105.33237976813228,1,Purple Haze,3,,Less Plastic,
2734,Kumulus #2734,157,105.31206798581174,2,Bubble,3,,,UFO
3093,Kumulus #3093,157,105.31206798581174,2,Bubble,3,,,UFO
3149,Kumulus #3149,159,104.5697331468885,2,Fire,3,,Save Water,
2311,Kumulus #2311,160,102.93317042401728,1,Bubble,3,,,UFO
3188,Kumulus #3188,161,102.84103777679029,1,Rainbow,3,,,Birds
2310,Kumulus #2310,162,102.53100410675663,1,Aurora,3,,,Red Balloon
2805,Kumulus #2805,163,101.94983930135139,2,Sunset,4,,Save Water,Fighter Jet
2592,Kumulus #2592,164,99.59277312115323,5,Originals,2,,,
2770,Kumulus #2770,164,99.59277312115323,5,Originals,2,,,
2906,Kumulus #2906,164,99.59277312115323,5,Originals,2,,,
3047,Kumulus #3047,164,99.59277312115323,5,Originals,2,,,
3204,Kumulus #3204,168,98.92388159963411,1,Bubble,3,,,Moon
2896,Kumulus #2896,169,98.39529376955375,1,Bubble,3,,,Glider
2907,Kumulus #2907,170,97.39847894775335,2,Originals,3,,,Red balloon
3101,Kumulus #3101,170,97.39847894775335,2,Originals,3,,,Red balloon
2368,Kumulus #2368,172,96.8568053046523,2,Originals,4,,Less Plastic,UFO
2342,Kumulus #2342,173,96.82497191120751,2,Sunset,3,,,Red Balloon
2568,Kumulus #2568,174,96.49069294920409,1,Cotton Candy,3,,,Birds
2195,Kumulus #2195,175,95.01958138595889,1,Originals,3,,,Red balloon
2213,Kumulus #2213,175,95.01958138595889,1,Originals,3,,,Red balloon
2281,Kumulus #2281,175,95.01958138595889,1,Originals,3,,,Red balloon
2312,Kumulus #2312,175,95.01958138595889,1,Originals,3,,,Red balloon
2323,Kumulus #2323,175,95.01958138595889,1,Originals,3,,,Red balloon
2433,Kumulus #2433,175,95.01958138595889,1,Originals,3,,,Red balloon
2957,Kumulus #2957,175,95.01958138595889,1,Originals,3,,,Red balloon
2984,Kumulus #2984,175,95.01958138595889,1,Originals,3,,,Red balloon
3196,Kumulus #3196,175,95.01958138595889,1,Originals,3,,,Red balloon
3200,Kumulus #3200,175,95.01958138595889,1,Originals,3,,,Red balloon
3225,Kumulus #3225,175,95.01958138595889,1,Originals,3,,,Red balloon
3034,Kumulus #3034,186,94.44607434941307,1,Sunset,3,,,Red Balloon
3036,Kumulus #3036,186,94.44607434941307,1,Sunset,3,,,Red Balloon
2221,Kumulus #2221,188,92.84751648026914,2,Originals,4,,Less Plastic,Moon
2204,Kumulus #2204,189,92.82876572466455,4,Sunset,3,,Save Water,
2593,Kumulus #2593,190,89.94003108839432,1,Originals,4,,Less Plastic,Glider
2306,Kumulus #2306,191,89.84667138625431,1,Sunset,4,,Protect Oceans,Fighter Jet
2255,Kumulus #2255,192,89.15768202089946,2,Fire,3,,,UFO
2816,Kumulus #2816,193,88.33932057097455,1,Originals,4,,Save Water,Fighter Jet
3247,Kumulus #3247,194,87.40749773801147,4,Rainbow,2,,,
3038,Kumulus #3038,195,87.403363398931,3,Bubble,2,,,
2320,Kumulus #2320,196,86.778784459105,1,Fire,3,,,UFO
3106,Kumulus #3106,196,86.778784459105,1,Fire,3,,,UFO
3191,Kumulus #3191,198,85.90457499577846,3,Originals,4,,Protect Oceans,Fighter Jet
2239,Kumulus #2239,199,85.8855514684223,3,Marina,3,,Less Plastic,
2996,Kumulus #2996,200,85.1483931965163,2,Fire,3,,,Moon
2164,Kumulus #2164,201,84.87420850849762,1,Marina,3,,,Birds
2201,Kumulus #2201,202,83.70258681386578,1,Stracciatella,4,,Protect Oceans,Moon
2623,Kumulus #2623,203,83.13219442572627,3,Originals,4,,Protect Oceans,UFO
2667,Kumulus #2667,204,82.5364141617386,1,Sunset,4,,Protect Oceans,Glider
2322,Kumulus #2322,205,82.49273618261896,2,Bubble,2,,,
2534,Kumulus #2534,205,82.49273618261896,2,Bubble,2,,,
3138,Kumulus #3138,205,82.49273618261896,2,Bubble,2,,,
2937,Kumulus #2937,208,82.24090780464147,1,Fire,3,,,Glider
2358,Kumulus #2358,209,81.55765117653921,1,Originals,4,,Save Water,Moon
3136,Kumulus #3136,210,81.30154338908679,1,Cotton Candy,3,,Save Water,
2763,Kumulus #2763,211,80.1138386208245,1,Bubble,2,,,
3126,Kumulus #3126,211,80.1138386208245,1,Bubble,2,,,
2862,Kumulus #2862,213,79.37896963761904,2,Mojito ,3,,,Green Balloon
2228,Kumulus #2228,214,78.93565316140567,1,Radioactive,3,,,Birds
2845,Kumulus #2845,215,78.5960266903158,1,Marina,3,,Less Plastic,
3241,Kumulus #3241,216,78.1158525916051,1,Aurora,3,,,Birds
2935,Kumulus #2935,217,75.52007304440728,3,Mojito ,3,,Less Plastic,
2193,Kumulus #2193,218,74.50873008448261,1,Mojito ,3,,,Birds
2650,Kumulus #2650,218,74.50873008448261,1,Mojito ,3,,,Birds
2283,Kumulus #2283,220,74.21227838503104,2,Originals,4,,Protect Oceans,Moon
2513,Kumulus #2513,221,73.17901704120425,3,Cotton Candy,3,,,UFO
2792,Kumulus #2792,222,73.15984964765035,1,Stracciatella,3,,,Green Balloon
3016,Kumulus #3016,222,73.15984964765035,1,Stracciatella,3,,,Green Balloon
3270,Kumulus #3270,222,73.15984964765035,1,Stracciatella,3,,,Green Balloon
3170,Kumulus #3170,225,73.04740521810281,2,Stracciatella,3,,,Birds
2300,Kumulus #2300,226,72.65747134322385,1,Radioactive,3,,Less Plastic,
2524,Kumulus #2524,227,72.52226482560354,1,Sunset,3,,,Green Balloon
2829,Kumulus #2829,227,72.52226482560354,1,Sunset,3,,,Green Balloon
3146,Kumulus #3146,227,72.52226482560354,1,Sunset,3,,,Green Balloon
3280,Kumulus #3280,227,72.52226482560354,1,Sunset,3,,,Green Balloon
2461,Kumulus #2461,231,72.23983709068393,1,Rainbow,3,,,UFO
2540,Kumulus #2540,232,71.87287420277957,4,Originals,3,,Protect Oceans,
2584,Kumulus #2584,232,71.87287420277957,4,Originals,3,,Protect Oceans,
2230,Kumulus #2230,234,71.57727303578417,1,Cotton Candy,3,,Protect Oceans,
2583,Kumulus #2583,234,71.57727303578417,1,Cotton Candy,3,,Protect Oceans,
2870,Kumulus #2870,236,71.30479299315623,1,Originals,4,,Protect Oceans,Glider
2292,Kumulus #2292,237,71.1247087294935,1,Psychedelic,3,,Save Water,
3096,Kumulus #3096,238,71.03602837939488,3,Radioactive,3,,Save Water,
2197,Kumulus #2197,239,70.88031825083198,4,Psychedelic,2,,,
3143,Kumulus #3143,240,70.60944582809523,2,Mojito ,3,,Less Plastic,
3269,Kumulus #3269,240,70.60944582809523,2,Mojito ,3,,Less Plastic,
3080,Kumulus #3080,242,70.03092283426156,1,Sunset,3,,,Birds
2506,Kumulus #2506,243,69.68505894838032,1,Marina,3,,Save Water,
2614,Kumulus #2614,243,69.68505894838032,1,Marina,3,,Save Water,
2536,Kumulus #2536,245,68.6899631542974,3,Psychedelic,3,,Protect Oceans,
2374,Kumulus #2374,246,67.7019604362204,1,Rainbow,3,,,Glider
3291,Kumulus #3291,246,67.7019604362204,1,Rainbow,3,,,Glider
2243,Kumulus #2243,248,66.76922339992099,2,Stracciatella,3,,Less Plastic,
2527,Kumulus #2527,248,66.76922339992099,2,Stracciatella,3,,Less Plastic,
2436,Kumulus #2436,250,66.33835021770668,2,Fire,2,,,
2686,Kumulus #2686,250,66.33835021770668,2,Fire,2,,,
2854,Kumulus #2854,250,66.33835021770668,2,Fire,2,,,
2979,Kumulus #2979,250,66.33835021770668,2,Fire,2,,,
3064,Kumulus #3064,250,66.33835021770668,2,Fire,2,,,
2772,Kumulus #2772,255,64.39032583812654,1,Stracciatella,3,,Less Plastic,
3148,Kumulus #3148,256,64.25910100050902,2,Cotton Candy,3,,,Moon
2431,Kumulus #2431,257,63.95945265591221,1,Fire,2,,,
2637,Kumulus #2637,257,63.95945265591221,1,Fire,2,,,
2676,Kumulus #2676,257,63.95945265591221,1,Fire,2,,,
2766,Kumulus #2766,257,63.95945265591221,1,Fire,2,,,
2933,Kumulus #2933,257,63.95945265591221,1,Fire,2,,,
3142,Kumulus #3142,257,63.95945265591221,1,Fire,2,,,
3208,Kumulus #3208,257,63.95945265591221,1,Fire,2,,,
3228,Kumulus #3228,257,63.95945265591221,1,Fire,2,,,
2883,Kumulus #2883,265,63.75274101607973,1,Sunset,3,,Less Plastic,
3069,Kumulus #3069,265,63.75274101607973,1,Sunset,3,,Less Plastic,
2275,Kumulus #2275,267,63.746503601288374,1,Radioactive,3,,Save Water,
2206,Kumulus #2206,268,63.669541218815624,2,Originals,3,,,Green Balloon
2321,Kumulus #2321,268,63.669541218815624,2,Originals,3,,,Green Balloon
2693,Kumulus #2693,268,63.669541218815624,2,Originals,3,,,Green Balloon
3135,Kumulus #3135,268,63.669541218815624,2,Originals,3,,,Green Balloon
2825,Kumulus #2825,272,62.17580460570997,4,Originals,3,,,Moon
2779,Kumulus #2779,273,61.880203438714574,1,Cotton Candy,3,,,Moon
2210,Kumulus #2210,274,61.72897795893721,3,Originals,3,,,Airliner
3299,Kumulus #3299,274,61.72897795893721,3,Originals,3,,,Airliner
2551,Kumulus #2551,276,61.6472167756296,4,Originals,3,,,Glider
2731,Kumulus #2731,277,61.351615608634205,1,Cotton Candy,3,,,Glider
3032,Kumulus #3032,277,61.351615608634205,1,Cotton Candy,3,,,Glider
3063,Kumulus #3063,277,61.351615608634205,1,Cotton Candy,3,,,Glider
2285,Kumulus #2285,280,61.29064365702117,1,Originals,3,,,Green Balloon
2439,Kumulus #2439,280,61.29064365702117,1,Originals,3,,,Green Balloon
2522,Kumulus #2522,280,61.29064365702117,1,Originals,3,,,Green Balloon
2662,Kumulus #2662,280,61.29064365702117,1,Originals,3,,,Green Balloon
2818,Kumulus #2818,280,61.29064365702117,1,Originals,3,,,Green Balloon
2879,Kumulus #2879,280,61.29064365702117,1,Originals,3,,,Green Balloon
3050,Kumulus #3050,280,61.29064365702117,1,Originals,3,,,Green Balloon
3154,Kumulus #3154,280,61.29064365702117,1,Originals,3,,,Green Balloon
2712,Kumulus #2712,288,59.960788595077695,1,Marina,3,,Protect Oceans,
3037,Kumulus #3037,288,59.960788595077695,1,Marina,3,,Protect Oceans,
3107,Kumulus #3107,288,59.960788595077695,1,Marina,3,,Protect Oceans,
3272,Kumulus #3272,291,59.07519004570377,4,Mojito ,2,,,
2152,Kumulus #2152,292,58.79930166567918,1,Originals,3,,,Birds
2196,Kumulus #2196,292,58.79930166567918,1,Originals,3,,,Birds
2520,Kumulus #2520,292,58.79930166567918,1,Originals,3,,,Birds
2664,Kumulus #2664,292,58.79930166567918,1,Originals,3,,,Birds
2797,Kumulus #2797,292,58.79930166567918,1,Originals,3,,,Birds
2884,Kumulus #2884,292,58.79930166567918,1,Originals,3,,,Birds
2951,Kumulus #2951,292,58.79930166567918,1,Originals,3,,,Birds
2989,Kumulus #2989,292,58.79930166567918,1,Originals,3,,,Birds
3012,Kumulus #3012,292,58.79930166567918,1,Originals,3,,,Birds
3133,Kumulus #3133,292,58.79930166567918,1,Originals,3,,,Birds
2233,Kumulus #2233,302,57.85825565798551,2,Stracciatella,3,,Save Water,
2178,Kumulus #2178,303,57.220670835938705,2,Sunset,3,,Save Water,
2697,Kumulus #2697,304,56.81835074262514,2,Originals,3,,,Airliner
2819,Kumulus #2819,304,56.81835074262514,2,Originals,3,,,Airliner
2897,Kumulus #2897,304,56.81835074262514,2,Originals,3,,,Airliner
3294,Kumulus #3294,304,56.81835074262514,2,Originals,3,,,Airliner
2336,Kumulus #2336,308,56.710030065597664,3,Rainbow,2,,,
2587,Kumulus #2587,308,56.710030065597664,3,Rainbow,2,,,
2887,Kumulus #2887,308,56.710030065597664,3,Rainbow,2,,,
2900,Kumulus #2900,308,56.710030065597664,3,Rainbow,2,,,
2902,Kumulus #2902,312,55.712657603504454,1,Psychedelic,3,,,UFO
2422,Kumulus #2422,313,55.47935809619106,1,Stracciatella,3,,Save Water,
2153,Kumulus #2153,314,54.4394531808307,1,Originals,3,,,Airliner
2175,Kumulus #2175,314,54.4394531808307,1,Originals,3,,,Airliner
2208,Kumulus #2208,314,54.4394531808307,1,Originals,3,,,Airliner
2234,Kumulus #2234,314,54.4394531808307,1,Originals,3,,,Airliner
2273,Kumulus #2273,314,54.4394531808307,1,Originals,3,,,Airliner
2435,Kumulus #2435,314,54.4394531808307,1,Originals,3,,,Airliner
2769,Kumulus #2769,314,54.4394531808307,1,Originals,3,,,Airliner
2803,Kumulus #2803,314,54.4394531808307,1,Originals,3,,,Airliner
2882,Kumulus #2882,314,54.4394531808307,1,Originals,3,,,Airliner
2923,Kumulus #2923,314,54.4394531808307,1,Originals,3,,,Airliner
2938,Kumulus #2938,314,54.4394531808307,1,Originals,3,,,Airliner
3117,Kumulus #3117,314,54.4394531808307,1,Originals,3,,,Airliner
3156,Kumulus #3156,314,54.4394531808307,1,Originals,3,,,Airliner
3182,Kumulus #3182,314,54.4394531808307,1,Originals,3,,,Airliner
3201,Kumulus #3201,314,54.4394531808307,1,Originals,3,,,Airliner
3300,Kumulus #3300,314,54.4394531808307,1,Originals,3,,,Airliner
2598,Kumulus #2598,330,54.273007822391264,1,Marina,3,,,UFO
3261,Kumulus #3261,331,54.08226634091575,2,Psychedelic,3,,,Moon
2256,Kumulus #2256,332,54.02223324798576,1,Radioactive,3,,Protect Oceans,
2266,Kumulus #2266,332,54.02223324798576,1,Radioactive,3,,Protect Oceans,
2633,Kumulus #2633,332,54.02223324798576,1,Radioactive,3,,Protect Oceans,
3130,Kumulus #3130,335,53.969434746534944,3,Mojito ,3,,,Fighter Jet
2573,Kumulus #2573,336,53.55367851083538,2,Psychedelic,3,,,Glider
2760,Kumulus #2760,336,53.55367851083538,2,Psychedelic,3,,,Glider
2475,Kumulus #2475,338,52.52111984749736,1,Originals,3,,Less Plastic,
2582,Kumulus #2582,338,52.52111984749736,1,Originals,3,,Less Plastic,
2718,Kumulus #2718,338,52.52111984749736,1,Originals,3,,Less Plastic,
2982,Kumulus #2982,338,52.52111984749736,1,Originals,3,,Less Plastic,
3090,Kumulus #3090,338,52.52111984749736,1,Originals,3,,Less Plastic,
3131,Kumulus #3131,338,52.52111984749736,1,Originals,3,,Less Plastic,
3192,Kumulus #3192,338,52.52111984749736,1,Originals,3,,Less Plastic,
3042,Kumulus #3042,345,52.40702769894815,3,Sunset,3,,Protect Oceans,
2561,Kumulus #2561,346,51.97420773285714,2,Mojito ,3,,Protect Oceans,
2219,Kumulus #2219,347,51.799402849285606,2,Rainbow,2,,,
2263,Kumulus #2263,347,51.799402849285606,2,Rainbow,2,,,
2453,Kumulus #2453,347,51.799402849285606,2,Rainbow,2,,,
2602,Kumulus #2602,347,51.799402849285606,2,Rainbow,2,,,
3259,Kumulus #3259,347,51.799402849285606,2,Rainbow,2,,,
3110,Kumulus #3110,352,51.70336877912129,1,Psychedelic,3,,,Moon
2993,Kumulus #2993,353,51.17478094904092,1,Psychedelic,3,,,Glider
3239,Kumulus #3239,353,51.17478094904092,1,Psychedelic,3,,,Glider
2188,Kumulus #2188,355,50.89967688366839,3,Originals,3,,Save Water,
2647,Kumulus #2647,356,50.287032475550944,1,Aurora,3,,,Fighter Jet
2169,Kumulus #2169,357,50.2637189980081,1,Marina,3,,,Moon
2881,Kumulus #2881,357,50.2637189980081,1,Marina,3,,,Moon
2170,Kumulus #2170,359,49.73513116792773,1,Marina,3,,,Glider
2556,Kumulus #2556,359,49.73513116792773,1,Marina,3,,,Glider
2983,Kumulus #2983,359,49.73513116792773,1,Marina,3,,,Glider
2397,Kumulus #2397,362,49.595310171062685,1,Mojito ,3,,Protect Oceans,
2505,Kumulus #2505,362,49.595310171062685,1,Mojito ,3,,Protect Oceans,
2822,Kumulus #2822,362,49.595310171062685,1,Mojito ,3,,Protect Oceans,
2999,Kumulus #2999,362,49.595310171062685,1,Mojito ,3,,Protect Oceans,
2885,Kumulus #2885,366,49.4916274963139,3,Sunset,3,,,Fighter Jet
2344,Kumulus #2344,367,49.42050528749115,1,Rainbow,2,,,
3059,Kumulus #3059,367,49.42050528749115,1,Rainbow,2,,,
3073,Kumulus #3073,367,49.42050528749115,1,Rainbow,2,,,
3256,Kumulus #3256,367,49.42050528749115,1,Rainbow,2,,,
3279,Kumulus #3279,367,49.42050528749115,1,Rainbow,2,,,
2952,Kumulus #2952,372,48.33445247529933,1,Radioactive,3,,,UFO
2629,Kumulus #2629,373,47.51465190549875,1,Aurora,3,,,UFO
3286,Kumulus #3286,373,47.51465190549875,1,Aurora,3,,,UFO
3212,Kumulus #3212,375,46.71924692626172,3,Sunset,3,,,UFO
3301,Kumulus #3301,375,46.71924692626172,3,Sunset,3,,,UFO
2200,Kumulus #2200,377,46.67990996842844,1,Mojito ,3,,,Fighter Jet
2986,Kumulus #2986,378,46.65917752201923,3,Mojito ,3,,,Glider
2776,Kumulus #2776,379,46.2864269601707,2,Mojito ,3,,,UFO
2965,Kumulus #2965,379,46.2864269601707,2,Mojito ,3,,,UFO
2445,Kumulus #2445,381,45.989049667356326,2,Originals,3,,Save Water,
2971,Kumulus #2971,382,45.75508774288845,1,Stracciatella,3,,Protect Oceans,
2921,Kumulus #2921,383,45.21858510204865,2,Stracciatella,3,,,Fighter Jet
3253,Kumulus #3253,383,45.21858510204865,2,Stracciatella,3,,,Fighter Jet
2655,Kumulus #2655,385,44.32516365091617,1,Radioactive,3,,,Moon
2910,Kumulus #2910,385,44.32516365091617,1,Radioactive,3,,,Moon
2732,Kumulus #2732,387,43.907529398376255,1,Mojito ,3,,,UFO
2390,Kumulus #2390,388,43.61015210556188,1,Originals,3,,Save Water,
2409,Kumulus #2409,388,43.61015210556188,1,Originals,3,,Save Water,
2658,Kumulus #2658,388,43.61015210556188,1,Originals,3,,Save Water,
2717,Kumulus #2717,388,43.61015210556188,1,Originals,3,,Save Water,
2756,Kumulus #2756,388,43.61015210556188,1,Originals,3,,Save Water,
3186,Kumulus #3186,388,43.61015210556188,1,Originals,3,,Save Water,
2995,Kumulus #2995,394,43.50536308111559,1,Aurora,3,,,Moon
2198,Kumulus #2198,395,43.365761626900344,4,Originals,2,,,
2510,Kumulus #2510,395,43.365761626900344,4,Originals,2,,,
2762,Kumulus #2762,395,43.365761626900344,4,Originals,2,,,
2778,Kumulus #2778,395,43.365761626900344,4,Originals,2,,,
2785,Kumulus #2785,395,43.365761626900344,4,Originals,2,,,
2791,Kumulus #2791,395,43.365761626900344,4,Originals,2,,,
2908,Kumulus #2908,395,43.365761626900344,4,Originals,2,,,
3046,Kumulus #3046,395,43.365761626900344,4,Originals,2,,,
3055,Kumulus #3055,395,43.365761626900344,4,Originals,2,,,
3103,Kumulus #3103,395,43.365761626900344,4,Originals,2,,,
3276,Kumulus #3276,395,43.365761626900344,4,Originals,2,,,
2232,Kumulus #2232,406,43.07016045990495,1,Cotton Candy,2,,,
2249,Kumulus #2249,406,43.07016045990495,1,Cotton Candy,2,,,
2264,Kumulus #2264,406,43.07016045990495,1,Cotton Candy,2,,,
2379,Kumulus #2379,406,43.07016045990495,1,Cotton Candy,2,,,
2380,Kumulus #2380,406,43.07016045990495,1,Cotton Candy,2,,,
2395,Kumulus #2395,406,43.07016045990495,1,Cotton Candy,2,,,
2419,Kumulus #2419,406,43.07016045990495,1,Cotton Candy,2,,,
2468,Kumulus #2468,406,43.07016045990495,1,Cotton Candy,2,,,
2486,Kumulus #2486,406,43.07016045990495,1,Cotton Candy,2,,,
2572,Kumulus #2572,406,43.07016045990495,1,Cotton Candy,2,,,
2576,Kumulus #2576,406,43.07016045990495,1,Cotton Candy,2,,,
2685,Kumulus #2685,406,43.07016045990495,1,Cotton Candy,2,,,
2716,Kumulus #2716,406,43.07016045990495,1,Cotton Candy,2,,,
2874,Kumulus #2874,406,43.07016045990495,1,Cotton Candy,2,,,
2980,Kumulus #2980,406,43.07016045990495,1,Cotton Candy,2,,,
3202,Kumulus #3202,406,43.07016045990495,1,Cotton Candy,2,,,
3246,Kumulus #3246,406,43.07016045990495,1,Cotton Candy,2,,,
2304,Kumulus #2304,423,42.839687540254204,1,Stracciatella,3,,,Fighter Jet
2530,Kumulus #2530,423,42.839687540254204,1,Stracciatella,3,,,Fighter Jet
2549,Kumulus #2549,423,42.839687540254204,1,Stracciatella,3,,,Fighter Jet
2831,Kumulus #2831,423,42.839687540254204,1,Stracciatella,3,,,Fighter Jet
2959,Kumulus #2959,423,42.839687540254204,1,Stracciatella,3,,,Fighter Jet
3057,Kumulus #3057,423,42.839687540254204,1,Stracciatella,3,,,Fighter Jet
3082,Kumulus #3082,423,42.839687540254204,1,Stracciatella,3,,,Fighter Jet
3169,Kumulus #3169,423,42.839687540254204,1,Stracciatella,3,,,Fighter Jet
3199,Kumulus #3199,423,42.839687540254204,1,Stracciatella,3,,,Fighter Jet
3214,Kumulus #3214,423,42.839687540254204,1,Stracciatella,3,,,Fighter Jet
2985,Kumulus #2985,433,42.446204531996464,2,Stracciatella,3,,,UFO
2231,Kumulus #2231,434,42.20210271820739,1,Sunset,3,,,Fighter Jet
2362,Kumulus #2362,434,42.20210271820739,1,Sunset,3,,,Fighter Jet
2562,Kumulus #2562,434,42.20210271820739,1,Sunset,3,,,Fighter Jet
2904,Kumulus #2904,434,42.20210271820739,1,Sunset,3,,,Fighter Jet
3184,Kumulus #3184,438,41.80861970994965,2,Sunset,3,,,UFO
2529,Kumulus #2529,439,41.74855030570717,2,Mojito ,3,,,Glider
2722,Kumulus #2722,439,41.74855030570717,2,Mojito ,3,,,Glider
2949,Kumulus #2949,439,41.74855030570717,2,Mojito ,3,,,Glider
3262,Kumulus #3262,439,41.74855030570717,2,Mojito ,3,,,Glider
2559,Kumulus #2559,443,41.17540653036578,3,Originals,3,,Protect Oceans,
2245,Kumulus #2245,444,40.182850578418176,3,Psychedelic,2,,,
2412,Kumulus #2412,444,40.182850578418176,3,Psychedelic,2,,,
2804,Kumulus #2804,444,40.182850578418176,3,Psychedelic,2,,,
2189,Kumulus #2189,447,40.06730697020201,1,Stracciatella,3,,,UFO
2366,Kumulus #2366,447,40.06730697020201,1,Stracciatella,3,,,UFO
2744,Kumulus #2744,447,40.06730697020201,1,Stracciatella,3,,,UFO
3002,Kumulus #3002,447,40.06730697020201,1,Stracciatella,3,,,UFO
2543,Kumulus #2543,451,39.89824057399309,1,Mojito ,3,,,Moon
2720,Kumulus #2720,451,39.89824057399309,1,Mojito ,3,,,Moon
2391,Kumulus #2391,453,39.42972214815521,1,Sunset,3,,,UFO
2498,Kumulus #2498,454,39.369652743912724,1,Mojito ,3,,,Glider
2532,Kumulus #2532,454,39.369652743912724,1,Mojito ,3,,,Glider
2294,Kumulus #2294,456,38.26000632773153,3,Originals,3,,,Fighter Jet
2903,Kumulus #2903,456,38.26000632773153,3,Originals,3,,,Fighter Jet
2318,Kumulus #2318,458,37.79933088556649,2,Sunset,3,,,Moon
3215,Kumulus #3215,459,37.27074305548612,2,Sunset,3,,,Glider
2181,Kumulus #2181,460,36.26477931405371,2,Originals,3,,Protect Oceans,
2269,Kumulus #2269,460,36.26477931405371,2,Originals,3,,Protect Oceans,
2420,Kumulus #2420,460,36.26477931405371,2,Originals,3,,Protect Oceans,
3079,Kumulus #3079,460,36.26477931405371,2,Originals,3,,Protect Oceans,
2166,Kumulus #2166,464,36.05801814581885,1,Stracciatella,3,,,Moon
2945,Kumulus #2945,464,36.05801814581885,1,Stracciatella,3,,,Moon
3104,Kumulus #3104,464,36.05801814581885,1,Stracciatella,3,,,Moon
3139,Kumulus #3139,464,36.05801814581885,1,Stracciatella,3,,,Moon
2250,Kumulus #2250,468,35.52943031573848,1,Stracciatella,3,,,Glider
2274,Kumulus #2274,468,35.52943031573848,1,Stracciatella,3,,,Glider
2694,Kumulus #2694,468,35.52943031573848,1,Stracciatella,3,,,Glider
3122,Kumulus #3122,468,35.52943031573848,1,Stracciatella,3,,,Glider
2798,Kumulus #2798,472,35.420433323772045,1,Sunset,3,,,Moon
3052,Kumulus #3052,472,35.420433323772045,1,Sunset,3,,,Moon
3099,Kumulus #3099,472,35.420433323772045,1,Sunset,3,,,Moon
2726,Kumulus #2726,475,35.272223362106125,2,Psychedelic,2,,,
2858,Kumulus #2858,475,35.272223362106125,2,Psychedelic,2,,,
2992,Kumulus #2992,475,35.272223362106125,2,Psychedelic,2,,,
3243,Kumulus #3243,475,35.272223362106125,2,Psychedelic,2,,,
2424,Kumulus #2424,479,34.891845493691676,1,Sunset,3,,,Glider
2711,Kumulus #2711,479,34.891845493691676,1,Sunset,3,,,Glider
2926,Kumulus #2926,479,34.891845493691676,1,Sunset,3,,,Glider
3168,Kumulus #3168,479,34.891845493691676,1,Sunset,3,,,Glider
2177,Kumulus #2177,483,33.885881752259266,1,Originals,3,,Protect Oceans,
2800,Kumulus #2800,483,33.885881752259266,1,Originals,3,,Protect Oceans,
3044,Kumulus #3044,483,33.885881752259266,1,Originals,3,,Protect Oceans,
3147,Kumulus #3147,483,33.885881752259266,1,Originals,3,,Protect Oceans,
3174,Kumulus #3174,483,33.885881752259266,1,Originals,3,,Protect Oceans,
2258,Kumulus #2258,488,33.83257358099293,2,Marina,2,,,
2316,Kumulus #2316,488,33.83257358099293,2,Marina,2,,,
2743,Kumulus #2743,488,33.83257358099293,2,Marina,2,,,
2745,Kumulus #2745,488,33.83257358099293,2,Marina,2,,,
3062,Kumulus #3062,488,33.83257358099293,2,Marina,2,,,
2330,Kumulus #2330,493,33.349379111419466,2,Originals,3,,,Fighter Jet
2558,Kumulus #2558,493,33.349379111419466,2,Originals,3,,,Fighter Jet
2156,Kumulus #2156,495,32.89332580031167,1,Psychedelic,2,,,
2302,Kumulus #2302,495,32.89332580031167,1,Psychedelic,2,,,
2357,Kumulus #2357,495,32.89332580031167,1,Psychedelic,2,,,
2427,Kumulus #2427,495,32.89332580031167,1,Psychedelic,2,,,
2509,Kumulus #2509,495,32.89332580031167,1,Psychedelic,2,,,
2560,Kumulus #2560,495,32.89332580031167,1,Psychedelic,2,,,
2617,Kumulus #2617,495,32.89332580031167,1,Psychedelic,2,,,
2886,Kumulus #2886,495,32.89332580031167,1,Psychedelic,2,,,
2919,Kumulus #2919,495,32.89332580031167,1,Psychedelic,2,,,
2942,Kumulus #2942,495,32.89332580031167,1,Psychedelic,2,,,
2990,Kumulus #2990,495,32.89332580031167,1,Psychedelic,2,,,
3067,Kumulus #3067,495,32.89332580031167,1,Psychedelic,2,,,
3097,Kumulus #3097,495,32.89332580031167,1,Psychedelic,2,,,
3116,Kumulus #3116,495,32.89332580031167,1,Psychedelic,2,,,
3128,Kumulus #3128,495,32.89332580031167,1,Psychedelic,2,,,
3180,Kumulus #3180,495,32.89332580031167,1,Psychedelic,2,,,
3244,Kumulus #3244,495,32.89332580031167,1,Psychedelic,2,,,
3251,Kumulus #3251,495,32.89332580031167,1,Psychedelic,2,,,
2567,Kumulus #2567,513,32.80464545021305,3,Radioactive,2,,,
2579,Kumulus #2579,513,32.80464545021305,3,Radioactive,2,,,
2620,Kumulus #2620,513,32.80464545021305,3,Radioactive,2,,,
2768,Kumulus #2768,513,32.80464545021305,3,Radioactive,2,,,
2815,Kumulus #2815,513,32.80464545021305,3,Radioactive,2,,,
3171,Kumulus #3171,513,32.80464545021305,3,Radioactive,2,,,
3249,Kumulus #3249,513,32.80464545021305,3,Radioactive,2,,,
2218,Kumulus #2218,520,31.98484488041248,3,Aurora,2,,,
2378,Kumulus #2378,520,31.98484488041248,3,Aurora,2,,,
3084,Kumulus #3084,520,31.98484488041248,3,Aurora,2,,,
3189,Kumulus #3189,520,31.98484488041248,3,Aurora,2,,,
2173,Kumulus #2173,524,31.478336933296173,3,Originals,3,,,Moon
2220,Kumulus #2220,524,31.478336933296173,3,Originals,3,,,Moon
2405,Kumulus #2405,524,31.478336933296173,3,Originals,3,,,Moon
2525,Kumulus #2525,524,31.478336933296173,3,Originals,3,,,Moon
2703,Kumulus #2703,524,31.478336933296173,3,Originals,3,,,Moon
2841,Kumulus #2841,524,31.478336933296173,3,Originals,3,,,Moon
2865,Kumulus #2865,524,31.478336933296173,3,Originals,3,,,Moon
2967,Kumulus #2967,524,31.478336933296173,3,Originals,3,,,Moon
3245,Kumulus #3245,524,31.478336933296173,3,Originals,3,,,Moon
2298,Kumulus #2298,533,31.45367601919848,1,Marina,2,,,
2317,Kumulus #2317,533,31.45367601919848,1,Marina,2,,,
2355,Kumulus #2355,533,31.45367601919848,1,Marina,2,,,
2493,Kumulus #2493,533,31.45367601919848,1,Marina,2,,,
2541,Kumulus #2541,533,31.45367601919848,1,Marina,2,,,
2680,Kumulus #2680,533,31.45367601919848,1,Marina,2,,,
2683,Kumulus #2683,533,31.45367601919848,1,Marina,2,,,
2698,Kumulus #2698,533,31.45367601919848,1,Marina,2,,,
2706,Kumulus #2706,533,31.45367601919848,1,Marina,2,,,
2750,Kumulus #2750,533,31.45367601919848,1,Marina,2,,,
2773,Kumulus #2773,533,31.45367601919848,1,Marina,2,,,
2846,Kumulus #2846,533,31.45367601919848,1,Marina,2,,,
2928,Kumulus #2928,533,31.45367601919848,1,Marina,2,,,
2966,Kumulus #2966,533,31.45367601919848,1,Marina,2,,,
3029,Kumulus #3029,533,31.45367601919848,1,Marina,2,,,
3124,Kumulus #3124,533,31.45367601919848,1,Marina,2,,,
3274,Kumulus #3274,533,31.45367601919848,1,Marina,2,,,
2176,Kumulus #2176,550,30.970481549625017,1,Originals,3,,,Fighter Jet
2609,Kumulus #2609,550,30.970481549625017,1,Originals,3,,,Fighter Jet
2689,Kumulus #2689,550,30.970481549625017,1,Originals,3,,,Fighter Jet
2719,Kumulus #2719,550,30.970481549625017,1,Originals,3,,,Fighter Jet
2721,Kumulus #2721,550,30.970481549625017,1,Originals,3,,,Fighter Jet
2833,Kumulus #2833,550,30.970481549625017,1,Originals,3,,,Fighter Jet
2848,Kumulus #2848,550,30.970481549625017,1,Originals,3,,,Fighter Jet
2863,Kumulus #2863,550,30.970481549625017,1,Originals,3,,,Fighter Jet
2961,Kumulus #2961,550,30.970481549625017,1,Originals,3,,,Fighter Jet
3015,Kumulus #3015,550,30.970481549625017,1,Originals,3,,,Fighter Jet
3081,Kumulus #3081,550,30.970481549625017,1,Originals,3,,,Fighter Jet
3102,Kumulus #3102,550,30.970481549625017,1,Originals,3,,,Fighter Jet
3119,Kumulus #3119,550,30.970481549625017,1,Originals,3,,,Fighter Jet
3120,Kumulus #3120,550,30.970481549625017,1,Originals,3,,,Fighter Jet
3160,Kumulus #3160,550,30.970481549625017,1,Originals,3,,,Fighter Jet
3216,Kumulus #3216,550,30.970481549625017,1,Originals,3,,,Fighter Jet
3266,Kumulus #3266,550,30.970481549625017,1,Originals,3,,,Fighter Jet
2287,Kumulus #2287,567,30.949749103215805,3,Originals,3,,,Glider
2370,Kumulus #2370,567,30.949749103215805,3,Originals,3,,,Glider
2671,Kumulus #2671,567,30.949749103215805,3,Originals,3,,,Glider
2411,Kumulus #2411,570,30.576998541367278,2,Originals,3,,,UFO
3022,Kumulus #3022,570,30.576998541367278,2,Originals,3,,,UFO
2361,Kumulus #2361,572,28.377722373289977,3,Mojito ,2,,,
2635,Kumulus #2635,572,28.377722373289977,3,Mojito ,2,,,
2956,Kumulus #2956,572,28.377722373289977,3,Mojito ,2,,,
3031,Kumulus #3031,572,28.377722373289977,3,Mojito ,2,,,
3255,Kumulus #3255,572,28.377722373289977,3,Mojito ,2,,,
2157,Kumulus #2157,577,28.198100979572825,1,Originals,3,,,UFO
2163,Kumulus #2163,577,28.198100979572825,1,Originals,3,,,UFO
2314,Kumulus #2314,577,28.198100979572825,1,Originals,3,,,UFO
2359,Kumulus #2359,577,28.198100979572825,1,Originals,3,,,UFO
2430,Kumulus #2430,577,28.198100979572825,1,Originals,3,,,UFO
2482,Kumulus #2482,577,28.198100979572825,1,Originals,3,,,UFO
2553,Kumulus #2553,577,28.198100979572825,1,Originals,3,,,UFO
2674,Kumulus #2674,577,28.198100979572825,1,Originals,3,,,UFO
2688,Kumulus #2688,577,28.198100979572825,1,Originals,3,,,UFO
2727,Kumulus #2727,577,28.198100979572825,1,Originals,3,,,UFO
2755,Kumulus #2755,577,28.198100979572825,1,Originals,3,,,UFO
2767,Kumulus #2767,577,28.198100979572825,1,Originals,3,,,UFO
2894,Kumulus #2894,577,28.198100979572825,1,Originals,3,,,UFO
2918,Kumulus #2918,577,28.198100979572825,1,Originals,3,,,UFO
2943,Kumulus #2943,577,28.198100979572825,1,Originals,3,,,UFO
3010,Kumulus #3010,577,28.198100979572825,1,Originals,3,,,UFO
3217,Kumulus #3217,577,28.198100979572825,1,Originals,3,,,UFO
2238,Kumulus #2238,594,27.894018233900994,2,Radioactive,2,,,
2354,Kumulus #2354,594,27.894018233900994,2,Radioactive,2,,,
2679,Kumulus #2679,594,27.894018233900994,2,Radioactive,2,,,
2867,Kumulus #2867,594,27.894018233900994,2,Radioactive,2,,,
2963,Kumulus #2963,594,27.894018233900994,2,Radioactive,2,,,
3172,Kumulus #3172,594,27.894018233900994,2,Radioactive,2,,,
3293,Kumulus #3293,594,27.894018233900994,2,Radioactive,2,,,
2279,Kumulus #2279,601,27.074217664100424,2,Aurora,2,,,
2347,Kumulus #2347,601,27.074217664100424,2,Aurora,2,,,
2455,Kumulus #2455,601,27.074217664100424,2,Aurora,2,,,
2467,Kumulus #2467,601,27.074217664100424,2,Aurora,2,,,
2485,Kumulus #2485,601,27.074217664100424,2,Aurora,2,,,
2624,Kumulus #2624,601,27.074217664100424,2,Aurora,2,,,
2795,Kumulus #2795,601,27.074217664100424,2,Aurora,2,,,
2826,Kumulus #2826,601,27.074217664100424,2,Aurora,2,,,
3098,Kumulus #3098,601,27.074217664100424,2,Aurora,2,,,
3114,Kumulus #3114,601,27.074217664100424,2,Aurora,2,,,
3165,Kumulus #3165,601,27.074217664100424,2,Aurora,2,,,
3287,Kumulus #3287,601,27.074217664100424,2,Aurora,2,,,
3297,Kumulus #3297,601,27.074217664100424,2,Aurora,2,,,
2470,Kumulus #2470,614,26.567709716984115,2,Originals,3,,,Moon
2596,Kumulus #2596,614,26.567709716984115,2,Originals,3,,,Moon
2669,Kumulus #2669,614,26.567709716984115,2,Originals,3,,,Moon
2687,Kumulus #2687,614,26.567709716984115,2,Originals,3,,,Moon
2866,Kumulus #2866,614,26.567709716984115,2,Originals,3,,,Moon
2977,Kumulus #2977,614,26.567709716984115,2,Originals,3,,,Moon
3071,Kumulus #3071,614,26.567709716984115,2,Originals,3,,,Moon
3183,Kumulus #3183,614,26.567709716984115,2,Originals,3,,,Moon
3195,Kumulus #3195,614,26.567709716984115,2,Originals,3,,,Moon
3232,Kumulus #3232,614,26.567709716984115,2,Originals,3,,,Moon
2259,Kumulus #2259,624,26.039121886903747,2,Originals,3,,,Glider
2516,Kumulus #2516,624,26.039121886903747,2,Originals,3,,,Glider
2564,Kumulus #2564,624,26.039121886903747,2,Originals,3,,,Glider
2753,Kumulus #2753,624,26.039121886903747,2,Originals,3,,,Glider
2392,Kumulus #2392,628,25.515120672106544,1,Radioactive,2,,,
2476,Kumulus #2476,628,25.515120672106544,1,Radioactive,2,,,
2490,Kumulus #2490,628,25.515120672106544,1,Radioactive,2,,,
2515,Kumulus #2515,628,25.515120672106544,1,Radioactive,2,,,
2528,Kumulus #2528,628,25.515120672106544,1,Radioactive,2,,,
2590,Kumulus #2590,628,25.515120672106544,1,Radioactive,2,,,
2595,Kumulus #2595,628,25.515120672106544,1,Radioactive,2,,,
2636,Kumulus #2636,628,25.515120672106544,1,Radioactive,2,,,
2746,Kumulus #2746,628,25.515120672106544,1,Radioactive,2,,,
2774,Kumulus #2774,628,25.515120672106544,1,Radioactive,2,,,
2856,Kumulus #2856,628,25.515120672106544,1,Radioactive,2,,,
2898,Kumulus #2898,628,25.515120672106544,1,Radioactive,2,,,
2978,Kumulus #2978,628,25.515120672106544,1,Radioactive,2,,,
3020,Kumulus #3020,628,25.515120672106544,1,Radioactive,2,,,
3041,Kumulus #3041,628,25.515120672106544,1,Radioactive,2,,,
3049,Kumulus #3049,628,25.515120672106544,1,Radioactive,2,,,
3074,Kumulus #3074,628,25.515120672106544,1,Radioactive,2,,,
3137,Kumulus #3137,628,25.515120672106544,1,Radioactive,2,,,
3185,Kumulus #3185,628,25.515120672106544,1,Radioactive,2,,,
3252,Kumulus #3252,628,25.515120672106544,1,Radioactive,2,,,
3258,Kumulus #3258,628,25.515120672106544,1,Radioactive,2,,,
2203,Kumulus #2203,649,24.695320102305974,1,Aurora,2,,,
2265,Kumulus #2265,649,24.695320102305974,1,Aurora,2,,,
2324,Kumulus #2324,649,24.695320102305974,1,Aurora,2,,,
2356,Kumulus #2356,649,24.695320102305974,1,Aurora,2,,,
2449,Kumulus #2449,649,24.695320102305974,1,Aurora,2,,,
2491,Kumulus #2491,649,24.695320102305974,1,Aurora,2,,,
2517,Kumulus #2517,649,24.695320102305974,1,Aurora,2,,,
2550,Kumulus #2550,649,24.695320102305974,1,Aurora,2,,,
2575,Kumulus #2575,649,24.695320102305974,1,Aurora,2,,,
2577,Kumulus #2577,649,24.695320102305974,1,Aurora,2,,,
2578,Kumulus #2578,649,24.695320102305974,1,Aurora,2,,,
2581,Kumulus #2581,649,24.695320102305974,1,Aurora,2,,,
2645,Kumulus #2645,649,24.695320102305974,1,Aurora,2,,,
2780,Kumulus #2780,649,24.695320102305974,1,Aurora,2,,,
2781,Kumulus #2781,649,24.695320102305974,1,Aurora,2,,,
2793,Kumulus #2793,649,24.695320102305974,1,Aurora,2,,,
2794,Kumulus #2794,649,24.695320102305974,1,Aurora,2,,,
2796,Kumulus #2796,649,24.695320102305974,1,Aurora,2,,,
2806,Kumulus #2806,649,24.695320102305974,1,Aurora,2,,,
2925,Kumulus #2925,649,24.695320102305974,1,Aurora,2,,,
2932,Kumulus #2932,649,24.695320102305974,1,Aurora,2,,,
3061,Kumulus #3061,649,24.695320102305974,1,Aurora,2,,,
3127,Kumulus #3127,649,24.695320102305974,1,Aurora,2,,,
3175,Kumulus #3175,649,24.695320102305974,1,Aurora,2,,,
2364,Kumulus #2364,673,24.53749994511574,3,Stracciatella,2,,,
2408,Kumulus #2408,673,24.53749994511574,3,Stracciatella,2,,,
2872,Kumulus #2872,673,24.53749994511574,3,Stracciatella,2,,,
2988,Kumulus #2988,673,24.53749994511574,3,Stracciatella,2,,,
3025,Kumulus #3025,673,24.53749994511574,3,Stracciatella,2,,,
3151,Kumulus #3151,673,24.53749994511574,3,Stracciatella,2,,,
2252,Kumulus #2252,679,24.188812155189662,1,Originals,3,,,Moon
2537,Kumulus #2537,679,24.188812155189662,1,Originals,3,,,Moon
2542,Kumulus #2542,679,24.188812155189662,1,Originals,3,,,Moon
2604,Kumulus #2604,679,24.188812155189662,1,Originals,3,,,Moon
2630,Kumulus #2630,679,24.188812155189662,1,Originals,3,,,Moon
2790,Kumulus #2790,679,24.188812155189662,1,Originals,3,,,Moon
2834,Kumulus #2834,679,24.188812155189662,1,Originals,3,,,Moon
2868,Kumulus #2868,679,24.188812155189662,1,Originals,3,,,Moon
2944,Kumulus #2944,679,24.188812155189662,1,Originals,3,,,Moon
3158,Kumulus #3158,679,24.188812155189662,1,Originals,3,,,Moon
3163,Kumulus #3163,679,24.188812155189662,1,Originals,3,,,Moon
3190,Kumulus #3190,679,24.188812155189662,1,Originals,3,,,Moon
3234,Kumulus #3234,679,24.188812155189662,1,Originals,3,,,Moon
3240,Kumulus #3240,679,24.188812155189662,1,Originals,3,,,Moon
3292,Kumulus #3292,679,24.188812155189662,1,Originals,3,,,Moon
2159,Kumulus #2159,694,23.899915123068933,3,Sunset,2,,,
2253,Kumulus #2253,694,23.899915123068933,3,Sunset,2,,,
2335,Kumulus #2335,694,23.899915123068933,3,Sunset,2,,,
2403,Kumulus #2403,694,23.899915123068933,3,Sunset,2,,,
2608,Kumulus #2608,694,23.899915123068933,3,Sunset,2,,,
2660,Kumulus #2660,694,23.899915123068933,3,Sunset,2,,,
2953,Kumulus #2953,694,23.899915123068933,3,Sunset,2,,,
3006,Kumulus #3006,694,23.899915123068933,3,Sunset,2,,,
3289,Kumulus #3289,694,23.899915123068933,3,Sunset,2,,,
2301,Kumulus #2301,703,23.660224325109294,1,Originals,3,,,Glider
2399,Kumulus #2399,703,23.660224325109294,1,Originals,3,,,Glider
2413,Kumulus #2413,703,23.660224325109294,1,Originals,3,,,Glider
2666,Kumulus #2666,703,23.660224325109294,1,Originals,3,,,Glider
2775,Kumulus #2775,703,23.660224325109294,1,Originals,3,,,Glider
2946,Kumulus #2946,703,23.660224325109294,1,Originals,3,,,Glider
3066,Kumulus #3066,703,23.660224325109294,1,Originals,3,,,Glider
3166,Kumulus #3166,703,23.660224325109294,1,Originals,3,,,Glider
2165,Kumulus #2165,711,23.46709515697792,2,Mojito ,2,,,
2428,Kumulus #2428,711,23.46709515697792,2,Mojito ,2,,,
2566,Kumulus #2566,711,23.46709515697792,2,Mojito ,2,,,
2699,Kumulus #2699,711,23.46709515697792,2,Mojito ,2,,,
2759,Kumulus #2759,711,23.46709515697792,2,Mojito ,2,,,
2828,Kumulus #2828,711,23.46709515697792,2,Mojito ,2,,,
2880,Kumulus #2880,711,23.46709515697792,2,Mojito ,2,,,
3100,Kumulus #3100,711,23.46709515697792,2,Mojito ,2,,,
3235,Kumulus #3235,711,23.46709515697792,2,Mojito ,2,,,
3260,Kumulus #3260,711,23.46709515697792,2,Mojito ,2,,,
2224,Kumulus #2224,721,21.08819759518347,1,Mojito ,2,,,
2261,Kumulus #2261,721,21.08819759518347,1,Mojito ,2,,,
2307,Kumulus #2307,721,21.08819759518347,1,Mojito ,2,,,
2334,Kumulus #2334,721,21.08819759518347,1,Mojito ,2,,,
2425,Kumulus #2425,721,21.08819759518347,1,Mojito ,2,,,
2462,Kumulus #2462,721,21.08819759518347,1,Mojito ,2,,,
2463,Kumulus #2463,721,21.08819759518347,1,Mojito ,2,,,
2521,Kumulus #2521,721,21.08819759518347,1,Mojito ,2,,,
2526,Kumulus #2526,721,21.08819759518347,1,Mojito ,2,,,
2646,Kumulus #2646,721,21.08819759518347,1,Mojito ,2,,,
2702,Kumulus #2702,721,21.08819759518347,1,Mojito ,2,,,
2723,Kumulus #2723,721,21.08819759518347,1,Mojito ,2,,,
2737,Kumulus #2737,721,21.08819759518347,1,Mojito ,2,,,
2873,Kumulus #2873,721,21.08819759518347,1,Mojito ,2,,,
2924,Kumulus #2924,721,21.08819759518347,1,Mojito ,2,,,
2974,Kumulus #2974,721,21.08819759518347,1,Mojito ,2,,,
3013,Kumulus #3013,721,21.08819759518347,1,Mojito ,2,,,
3039,Kumulus #3039,721,21.08819759518347,1,Mojito ,2,,,
3134,Kumulus #3134,721,21.08819759518347,1,Mojito ,2,,,
3179,Kumulus #3179,721,21.08819759518347,1,Mojito ,2,,,
2151,Kumulus #2151,741,19.626872728803683,2,Stracciatella,2,,,
2167,Kumulus #2167,741,19.626872728803683,2,Stracciatella,2,,,
2179,Kumulus #2179,741,19.626872728803683,2,Stracciatella,2,,,
2205,Kumulus #2205,741,19.626872728803683,2,Stracciatella,2,,,
2477,Kumulus #2477,741,19.626872728803683,2,Stracciatella,2,,,
2492,Kumulus #2492,741,19.626872728803683,2,Stracciatella,2,,,
2684,Kumulus #2684,741,19.626872728803683,2,Stracciatella,2,,,
2690,Kumulus #2690,741,19.626872728803683,2,Stracciatella,2,,,
2729,Kumulus #2729,741,19.626872728803683,2,Stracciatella,2,,,
2764,Kumulus #2764,741,19.626872728803683,2,Stracciatella,2,,,
2812,Kumulus #2812,741,19.626872728803683,2,Stracciatella,2,,,
3177,Kumulus #3177,741,19.626872728803683,2,Stracciatella,2,,,
2191,Kumulus #2191,753,18.989287906756875,2,Sunset,2,,,
2288,Kumulus #2288,753,18.989287906756875,2,Sunset,2,,,
2353,Kumulus #2353,753,18.989287906756875,2,Sunset,2,,,
2479,Kumulus #2479,753,18.989287906756875,2,Sunset,2,,,
2514,Kumulus #2514,753,18.989287906756875,2,Sunset,2,,,
2535,Kumulus #2535,753,18.989287906756875,2,Sunset,2,,,
2654,Kumulus #2654,753,18.989287906756875,2,Sunset,2,,,
2751,Kumulus #2751,753,18.989287906756875,2,Sunset,2,,,
2761,Kumulus #2761,753,18.989287906756875,2,Sunset,2,,,
2799,Kumulus #2799,753,18.989287906756875,2,Sunset,2,,,
2843,Kumulus #2843,753,18.989287906756875,2,Sunset,2,,,
2913,Kumulus #2913,753,18.989287906756875,2,Sunset,2,,,
2939,Kumulus #2939,753,18.989287906756875,2,Sunset,2,,,
3065,Kumulus #3065,753,18.989287906756875,2,Sunset,2,,,
3121,Kumulus #3121,753,18.989287906756875,2,Sunset,2,,,
3157,Kumulus #3157,753,18.989287906756875,2,Sunset,2,,,
3173,Kumulus #3173,753,18.989287906756875,2,Sunset,2,,,
3198,Kumulus #3198,753,18.989287906756875,2,Sunset,2,,,
3224,Kumulus #3224,753,18.989287906756875,2,Sunset,2,,,
3230,Kumulus #3230,753,18.989287906756875,2,Sunset,2,,,
2217,Kumulus #2217,773,17.24797516700923,1,Stracciatella,2,,,
2280,Kumulus #2280,773,17.24797516700923,1,Stracciatella,2,,,
2291,Kumulus #2291,773,17.24797516700923,1,Stracciatella,2,,,
2343,Kumulus #2343,773,17.24797516700923,1,Stracciatella,2,,,
2365,Kumulus #2365,773,17.24797516700923,1,Stracciatella,2,,,
2389,Kumulus #2389,773,17.24797516700923,1,Stracciatella,2,,,
2442,Kumulus #2442,773,17.24797516700923,1,Stracciatella,2,,,
2457,Kumulus #2457,773,17.24797516700923,1,Stracciatella,2,,,
2494,Kumulus #2494,773,17.24797516700923,1,Stracciatella,2,,,
2531,Kumulus #2531,773,17.24797516700923,1,Stracciatella,2,,,
2611,Kumulus #2611,773,17.24797516700923,1,Stracciatella,2,,,
2616,Kumulus #2616,773,17.24797516700923,1,Stracciatella,2,,,
2657,Kumulus #2657,773,17.24797516700923,1,Stracciatella,2,,,
2724,Kumulus #2724,773,17.24797516700923,1,Stracciatella,2,,,
2757,Kumulus #2757,773,17.24797516700923,1,Stracciatella,2,,,
2814,Kumulus #2814,773,17.24797516700923,1,Stracciatella,2,,,
2838,Kumulus #2838,773,17.24797516700923,1,Stracciatella,2,,,
2844,Kumulus #2844,773,17.24797516700923,1,Stracciatella,2,,,
2871,Kumulus #2871,773,17.24797516700923,1,Stracciatella,2,,,
2930,Kumulus #2930,773,17.24797516700923,1,Stracciatella,2,,,
2954,Kumulus #2954,773,17.24797516700923,1,Stracciatella,2,,,
3011,Kumulus #3011,773,17.24797516700923,1,Stracciatella,2,,,
3058,Kumulus #3058,773,17.24797516700923,1,Stracciatella,2,,,
3125,Kumulus #3125,773,17.24797516700923,1,Stracciatella,2,,,
3227,Kumulus #3227,773,17.24797516700923,1,Stracciatella,2,,,
3242,Kumulus #3242,773,17.24797516700923,1,Stracciatella,2,,,
2216,Kumulus #2216,799,16.610390344962422,1,Sunset,2,,,
2299,Kumulus #2299,799,16.610390344962422,1,Sunset,2,,,
2303,Kumulus #2303,799,16.610390344962422,1,Sunset,2,,,
2315,Kumulus #2315,799,16.610390344962422,1,Sunset,2,,,
2387,Kumulus #2387,799,16.610390344962422,1,Sunset,2,,,
2401,Kumulus #2401,799,16.610390344962422,1,Sunset,2,,,
2599,Kumulus #2599,799,16.610390344962422,1,Sunset,2,,,
2601,Kumulus #2601,799,16.610390344962422,1,Sunset,2,,,
2634,Kumulus #2634,799,16.610390344962422,1,Sunset,2,,,
2659,Kumulus #2659,799,16.610390344962422,1,Sunset,2,,,
2681,Kumulus #2681,799,16.610390344962422,1,Sunset,2,,,
2851,Kumulus #2851,799,16.610390344962422,1,Sunset,2,,,
2876,Kumulus #2876,799,16.610390344962422,1,Sunset,2,,,
2889,Kumulus #2889,799,16.610390344962422,1,Sunset,2,,,
3018,Kumulus #3018,799,16.610390344962422,1,Sunset,2,,,
3040,Kumulus #3040,799,16.610390344962422,1,Sunset,2,,,
3070,Kumulus #3070,799,16.610390344962422,1,Sunset,2,,,
3088,Kumulus #3088,799,16.610390344962422,1,Sunset,2,,,
3109,Kumulus #3109,799,16.610390344962422,1,Sunset,2,,,
3187,Kumulus #3187,799,16.610390344962422,1,Sunset,2,,,
3206,Kumulus #3206,799,16.610390344962422,1,Sunset,2,,,
3220,Kumulus #3220,799,16.610390344962422,1,Sunset,2,,,
2158,Kumulus #2158,821,12.668293954486558,3,Originals,2,,,
2180,Kumulus #2180,821,12.668293954486558,3,Originals,2,,,
2251,Kumulus #2251,821,12.668293954486558,3,Originals,2,,,
2254,Kumulus #2254,821,12.668293954486558,3,Originals,2,,,
2257,Kumulus #2257,821,12.668293954486558,3,Originals,2,,,
2260,Kumulus #2260,821,12.668293954486558,3,Originals,2,,,
2268,Kumulus #2268,821,12.668293954486558,3,Originals,2,,,
2271,Kumulus #2271,821,12.668293954486558,3,Originals,2,,,
2296,Kumulus #2296,821,12.668293954486558,3,Originals,2,,,
2350,Kumulus #2350,821,12.668293954486558,3,Originals,2,,,
2404,Kumulus #2404,821,12.668293954486558,3,Originals,2,,,
2414,Kumulus #2414,821,12.668293954486558,3,Originals,2,,,
2437,Kumulus #2437,821,12.668293954486558,3,Originals,2,,,
2451,Kumulus #2451,821,12.668293954486558,3,Originals,2,,,
2474,Kumulus #2474,821,12.668293954486558,3,Originals,2,,,
2478,Kumulus #2478,821,12.668293954486558,3,Originals,2,,,
2502,Kumulus #2502,821,12.668293954486558,3,Originals,2,,,
2503,Kumulus #2503,821,12.668293954486558,3,Originals,2,,,
2523,Kumulus #2523,821,12.668293954486558,3,Originals,2,,,
2603,Kumulus #2603,821,12.668293954486558,3,Originals,2,,,
2639,Kumulus #2639,821,12.668293954486558,3,Originals,2,,,
2651,Kumulus #2651,821,12.668293954486558,3,Originals,2,,,
2665,Kumulus #2665,821,12.668293954486558,3,Originals,2,,,
2672,Kumulus #2672,821,12.668293954486558,3,Originals,2,,,
2707,Kumulus #2707,821,12.668293954486558,3,Originals,2,,,
2714,Kumulus #2714,821,12.668293954486558,3,Originals,2,,,
2735,Kumulus #2735,821,12.668293954486558,3,Originals,2,,,
2742,Kumulus #2742,821,12.668293954486558,3,Originals,2,,,
2758,Kumulus #2758,821,12.668293954486558,3,Originals,2,,,
2782,Kumulus #2782,821,12.668293954486558,3,Originals,2,,,
2783,Kumulus #2783,821,12.668293954486558,3,Originals,2,,,
2849,Kumulus #2849,821,12.668293954486558,3,Originals,2,,,
2857,Kumulus #2857,821,12.668293954486558,3,Originals,2,,,
2859,Kumulus #2859,821,12.668293954486558,3,Originals,2,,,
2947,Kumulus #2947,821,12.668293954486558,3,Originals,2,,,
2970,Kumulus #2970,821,12.668293954486558,3,Originals,2,,,
3019,Kumulus #3019,821,12.668293954486558,3,Originals,2,,,
3023,Kumulus #3023,821,12.668293954486558,3,Originals,2,,,
3030,Kumulus #3030,821,12.668293954486558,3,Originals,2,,,
3048,Kumulus #3048,821,12.668293954486558,3,Originals,2,,,
3112,Kumulus #3112,821,12.668293954486558,3,Originals,2,,,
3141,Kumulus #3141,821,12.668293954486558,3,Originals,2,,,
3150,Kumulus #3150,821,12.668293954486558,3,Originals,2,,,
3162,Kumulus #3162,821,12.668293954486558,3,Originals,2,,,
3178,Kumulus #3178,821,12.668293954486558,3,Originals,2,,,
3193,Kumulus #3193,821,12.668293954486558,3,Originals,2,,,
3209,Kumulus #3209,821,12.668293954486558,3,Originals,2,,,
3257,Kumulus #3257,821,12.668293954486558,3,Originals,2,,,
3268,Kumulus #3268,821,12.668293954486558,3,Originals,2,,,
3290,Kumulus #3290,821,12.668293954486558,3,Originals,2,,,
2155,Kumulus #2155,871,7.757666738174499,2,Originals,2,,,
2160,Kumulus #2160,871,7.757666738174499,2,Originals,2,,,
2174,Kumulus #2174,871,7.757666738174499,2,Originals,2,,,
2182,Kumulus #2182,871,7.757666738174499,2,Originals,2,,,
2183,Kumulus #2183,871,7.757666738174499,2,Originals,2,,,
2185,Kumulus #2185,871,7.757666738174499,2,Originals,2,,,
2186,Kumulus #2186,871,7.757666738174499,2,Originals,2,,,
2194,Kumulus #2194,871,7.757666738174499,2,Originals,2,,,
2209,Kumulus #2209,871,7.757666738174499,2,Originals,2,,,
2212,Kumulus #2212,871,7.757666738174499,2,Originals,2,,,
2225,Kumulus #2225,871,7.757666738174499,2,Originals,2,,,
2226,Kumulus #2226,871,7.757666738174499,2,Originals,2,,,
2242,Kumulus #2242,871,7.757666738174499,2,Originals,2,,,
2246,Kumulus #2246,871,7.757666738174499,2,Originals,2,,,
2267,Kumulus #2267,871,7.757666738174499,2,Originals,2,,,
2309,Kumulus #2309,871,7.757666738174499,2,Originals,2,,,
2313,Kumulus #2313,871,7.757666738174499,2,Originals,2,,,
2337,Kumulus #2337,871,7.757666738174499,2,Originals,2,,,
2372,Kumulus #2372,871,7.757666738174499,2,Originals,2,,,
2373,Kumulus #2373,871,7.757666738174499,2,Originals,2,,,
2388,Kumulus #2388,871,7.757666738174499,2,Originals,2,,,
2394,Kumulus #2394,871,7.757666738174499,2,Originals,2,,,
2406,Kumulus #2406,871,7.757666738174499,2,Originals,2,,,
2421,Kumulus #2421,871,7.757666738174499,2,Originals,2,,,
2423,Kumulus #2423,871,7.757666738174499,2,Originals,2,,,
2456,Kumulus #2456,871,7.757666738174499,2,Originals,2,,,
2473,Kumulus #2473,871,7.757666738174499,2,Originals,2,,,
2480,Kumulus #2480,871,7.757666738174499,2,Originals,2,,,
2483,Kumulus #2483,871,7.757666738174499,2,Originals,2,,,
2501,Kumulus #2501,871,7.757666738174499,2,Originals,2,,,
2518,Kumulus #2518,871,7.757666738174499,2,Originals,2,,,
2538,Kumulus #2538,871,7.757666738174499,2,Originals,2,,,
2544,Kumulus #2544,871,7.757666738174499,2,Originals,2,,,
2552,Kumulus #2552,871,7.757666738174499,2,Originals,2,,,
2554,Kumulus #2554,871,7.757666738174499,2,Originals,2,,,
2563,Kumulus #2563,871,7.757666738174499,2,Originals,2,,,
2565,Kumulus #2565,871,7.757666738174499,2,Originals,2,,,
2571,Kumulus #2571,871,7.757666738174499,2,Originals,2,,,
2574,Kumulus #2574,871,7.757666738174499,2,Originals,2,,,
2597,Kumulus #2597,871,7.757666738174499,2,Originals,2,,,
2610,Kumulus #2610,871,7.757666738174499,2,Originals,2,,,
2618,Kumulus #2618,871,7.757666738174499,2,Originals,2,,,
2631,Kumulus #2631,871,7.757666738174499,2,Originals,2,,,
2632,Kumulus #2632,871,7.757666738174499,2,Originals,2,,,
2640,Kumulus #2640,871,7.757666738174499,2,Originals,2,,,
2644,Kumulus #2644,871,7.757666738174499,2,Originals,2,,,
2648,Kumulus #2648,871,7.757666738174499,2,Originals,2,,,
2661,Kumulus #2661,871,7.757666738174499,2,Originals,2,,,
2668,Kumulus #2668,871,7.757666738174499,2,Originals,2,,,
2673,Kumulus #2673,871,7.757666738174499,2,Originals,2,,,
2682,Kumulus #2682,871,7.757666738174499,2,Originals,2,,,
2700,Kumulus #2700,871,7.757666738174499,2,Originals,2,,,
2704,Kumulus #2704,871,7.757666738174499,2,Originals,2,,,
2733,Kumulus #2733,871,7.757666738174499,2,Originals,2,,,
2741,Kumulus #2741,871,7.757666738174499,2,Originals,2,,,
2747,Kumulus #2747,871,7.757666738174499,2,Originals,2,,,
2748,Kumulus #2748,871,7.757666738174499,2,Originals,2,,,
2771,Kumulus #2771,871,7.757666738174499,2,Originals,2,,,
2786,Kumulus #2786,871,7.757666738174499,2,Originals,2,,,
2817,Kumulus #2817,871,7.757666738174499,2,Originals,2,,,
2837,Kumulus #2837,871,7.757666738174499,2,Originals,2,,,
2840,Kumulus #2840,871,7.757666738174499,2,Originals,2,,,
2850,Kumulus #2850,871,7.757666738174499,2,Originals,2,,,
2864,Kumulus #2864,871,7.757666738174499,2,Originals,2,,,
2899,Kumulus #2899,871,7.757666738174499,2,Originals,2,,,
2909,Kumulus #2909,871,7.757666738174499,2,Originals,2,,,
2915,Kumulus #2915,871,7.757666738174499,2,Originals,2,,,
2922,Kumulus #2922,871,7.757666738174499,2,Originals,2,,,
2929,Kumulus #2929,871,7.757666738174499,2,Originals,2,,,
2934,Kumulus #2934,871,7.757666738174499,2,Originals,2,,,
2936,Kumulus #2936,871,7.757666738174499,2,Originals,2,,,
2950,Kumulus #2950,871,7.757666738174499,2,Originals,2,,,
2962,Kumulus #2962,871,7.757666738174499,2,Originals,2,,,
2973,Kumulus #2973,871,7.757666738174499,2,Originals,2,,,
2975,Kumulus #2975,871,7.757666738174499,2,Originals,2,,,
2998,Kumulus #2998,871,7.757666738174499,2,Originals,2,,,
3001,Kumulus #3001,871,7.757666738174499,2,Originals,2,,,
3004,Kumulus #3004,871,7.757666738174499,2,Originals,2,,,
3008,Kumulus #3008,871,7.757666738174499,2,Originals,2,,,
3014,Kumulus #3014,871,7.757666738174499,2,Originals,2,,,
3021,Kumulus #3021,871,7.757666738174499,2,Originals,2,,,
3024,Kumulus #3024,871,7.757666738174499,2,Originals,2,,,
3027,Kumulus #3027,871,7.757666738174499,2,Originals,2,,,
3028,Kumulus #3028,871,7.757666738174499,2,Originals,2,,,
3035,Kumulus #3035,871,7.757666738174499,2,Originals,2,,,
3054,Kumulus #3054,871,7.757666738174499,2,Originals,2,,,
3056,Kumulus #3056,871,7.757666738174499,2,Originals,2,,,
3076,Kumulus #3076,871,7.757666738174499,2,Originals,2,,,
3077,Kumulus #3077,871,7.757666738174499,2,Originals,2,,,
3083,Kumulus #3083,871,7.757666738174499,2,Originals,2,,,
3087,Kumulus #3087,871,7.757666738174499,2,Originals,2,,,
3092,Kumulus #3092,871,7.757666738174499,2,Originals,2,,,
3095,Kumulus #3095,871,7.757666738174499,2,Originals,2,,,
3105,Kumulus #3105,871,7.757666738174499,2,Originals,2,,,
3111,Kumulus #3111,871,7.757666738174499,2,Originals,2,,,
3113,Kumulus #3113,871,7.757666738174499,2,Originals,2,,,
3153,Kumulus #3153,871,7.757666738174499,2,Originals,2,,,
3164,Kumulus #3164,871,7.757666738174499,2,Originals,2,,,
3210,Kumulus #3210,871,7.757666738174499,2,Originals,2,,,
3221,Kumulus #3221,871,7.757666738174499,2,Originals,2,,,
3233,Kumulus #3233,871,7.757666738174499,2,Originals,2,,,
3248,Kumulus #3248,871,7.757666738174499,2,Originals,2,,,
3250,Kumulus #3250,871,7.757666738174499,2,Originals,2,,,
3273,Kumulus #3273,871,7.757666738174499,2,Originals,2,,,
3283,Kumulus #3283,871,7.757666738174499,2,Originals,2,,,
3288,Kumulus #3288,871,7.757666738174499,2,Originals,2,,,
2168,Kumulus #2168,977,5.378769176380048,1,Originals,2,,,
2187,Kumulus #2187,977,5.378769176380048,1,Originals,2,,,
2192,Kumulus #2192,977,5.378769176380048,1,Originals,2,,,
2202,Kumulus #2202,977,5.378769176380048,1,Originals,2,,,
2207,Kumulus #2207,977,5.378769176380048,1,Originals,2,,,
2214,Kumulus #2214,977,5.378769176380048,1,Originals,2,,,
2215,Kumulus #2215,977,5.378769176380048,1,Originals,2,,,
2222,Kumulus #2222,977,5.378769176380048,1,Originals,2,,,
2227,Kumulus #2227,977,5.378769176380048,1,Originals,2,,,
2229,Kumulus #2229,977,5.378769176380048,1,Originals,2,,,
2235,Kumulus #2235,977,5.378769176380048,1,Originals,2,,,
2236,Kumulus #2236,977,5.378769176380048,1,Originals,2,,,
2237,Kumulus #2237,977,5.378769176380048,1,Originals,2,,,
2240,Kumulus #2240,977,5.378769176380048,1,Originals,2,,,
2247,Kumulus #2247,977,5.378769176380048,1,Originals,2,,,
2276,Kumulus #2276,977,5.378769176380048,1,Originals,2,,,
2277,Kumulus #2277,977,5.378769176380048,1,Originals,2,,,
2278,Kumulus #2278,977,5.378769176380048,1,Originals,2,,,
2282,Kumulus #2282,977,5.378769176380048,1,Originals,2,,,
2284,Kumulus #2284,977,5.378769176380048,1,Originals,2,,,
2289,Kumulus #2289,977,5.378769176380048,1,Originals,2,,,
2290,Kumulus #2290,977,5.378769176380048,1,Originals,2,,,
2293,Kumulus #2293,977,5.378769176380048,1,Originals,2,,,
2295,Kumulus #2295,977,5.378769176380048,1,Originals,2,,,
2305,Kumulus #2305,977,5.378769176380048,1,Originals,2,,,
2308,Kumulus #2308,977,5.378769176380048,1,Originals,2,,,
2325,Kumulus #2325,977,5.378769176380048,1,Originals,2,,,
2326,Kumulus #2326,977,5.378769176380048,1,Originals,2,,,
2331,Kumulus #2331,977,5.378769176380048,1,Originals,2,,,
2333,Kumulus #2333,977,5.378769176380048,1,Originals,2,,,
2338,Kumulus #2338,977,5.378769176380048,1,Originals,2,,,
2339,Kumulus #2339,977,5.378769176380048,1,Originals,2,,,
2341,Kumulus #2341,977,5.378769176380048,1,Originals,2,,,
2345,Kumulus #2345,977,5.378769176380048,1,Originals,2,,,
2363,Kumulus #2363,977,5.378769176380048,1,Originals,2,,,
2369,Kumulus #2369,977,5.378769176380048,1,Originals,2,,,
2381,Kumulus #2381,977,5.378769176380048,1,Originals,2,,,
2382,Kumulus #2382,977,5.378769176380048,1,Originals,2,,,
2383,Kumulus #2383,977,5.378769176380048,1,Originals,2,,,
2384,Kumulus #2384,977,5.378769176380048,1,Originals,2,,,
2385,Kumulus #2385,977,5.378769176380048,1,Originals,2,,,
2386,Kumulus #2386,977,5.378769176380048,1,Originals,2,,,
2393,Kumulus #2393,977,5.378769176380048,1,Originals,2,,,
2398,Kumulus #2398,977,5.378769176380048,1,Originals,2,,,
2400,Kumulus #2400,977,5.378769176380048,1,Originals,2,,,
2402,Kumulus #2402,977,5.378769176380048,1,Originals,2,,,
2407,Kumulus #2407,977,5.378769176380048,1,Originals,2,,,
2429,Kumulus #2429,977,5.378769176380048,1,Originals,2,,,
2438,Kumulus #2438,977,5.378769176380048,1,Originals,2,,,
2440,Kumulus #2440,977,5.378769176380048,1,Originals,2,,,
2443,Kumulus #2443,977,5.378769176380048,1,Originals,2,,,
2444,Kumulus #2444,977,5.378769176380048,1,Originals,2,,,
2446,Kumulus #2446,977,5.378769176380048,1,Originals,2,,,
2459,Kumulus #2459,977,5.378769176380048,1,Originals,2,,,
2460,Kumulus #2460,977,5.378769176380048,1,Originals,2,,,
2466,Kumulus #2466,977,5.378769176380048,1,Originals,2,,,
2469,Kumulus #2469,977,5.378769176380048,1,Originals,2,,,
2471,Kumulus #2471,977,5.378769176380048,1,Originals,2,,,
2472,Kumulus #2472,977,5.378769176380048,1,Originals,2,,,
2481,Kumulus #2481,977,5.378769176380048,1,Originals,2,,,
2484,Kumulus #2484,977,5.378769176380048,1,Originals,2,,,
2488,Kumulus #2488,977,5.378769176380048,1,Originals,2,,,
2489,Kumulus #2489,977,5.378769176380048,1,Originals,2,,,
2495,Kumulus #2495,977,5.378769176380048,1,Originals,2,,,
2497,Kumulus #2497,977,5.378769176380048,1,Originals,2,,,
2499,Kumulus #2499,977,5.378769176380048,1,Originals,2,,,
2500,Kumulus #2500,977,5.378769176380048,1,Originals,2,,,
2504,Kumulus #2504,977,5.378769176380048,1,Originals,2,,,
2508,Kumulus #2508,977,5.378769176380048,1,Originals,2,,,
2512,Kumulus #2512,977,5.378769176380048,1,Originals,2,,,
2533,Kumulus #2533,977,5.378769176380048,1,Originals,2,,,
2570,Kumulus #2570,977,5.378769176380048,1,Originals,2,,,
2580,Kumulus #2580,977,5.378769176380048,1,Originals,2,,,
2585,Kumulus #2585,977,5.378769176380048,1,Originals,2,,,
2589,Kumulus #2589,977,5.378769176380048,1,Originals,2,,,
2591,Kumulus #2591,977,5.378769176380048,1,Originals,2,,,
2594,Kumulus #2594,977,5.378769176380048,1,Originals,2,,,
2605,Kumulus #2605,977,5.378769176380048,1,Originals,2,,,
2607,Kumulus #2607,977,5.378769176380048,1,Originals,2,,,
2613,Kumulus #2613,977,5.378769176380048,1,Originals,2,,,
2615,Kumulus #2615,977,5.378769176380048,1,Originals,2,,,
2622,Kumulus #2622,977,5.378769176380048,1,Originals,2,,,
2625,Kumulus #2625,977,5.378769176380048,1,Originals,2,,,
2641,Kumulus #2641,977,5.378769176380048,1,Originals,2,,,
2642,Kumulus #2642,977,5.378769176380048,1,Originals,2,,,
2653,Kumulus #2653,977,5.378769176380048,1,Originals,2,,,
2670,Kumulus #2670,977,5.378769176380048,1,Originals,2,,,
2675,Kumulus #2675,977,5.378769176380048,1,Originals,2,,,
2677,Kumulus #2677,977,5.378769176380048,1,Originals,2,,,
2691,Kumulus #2691,977,5.378769176380048,1,Originals,2,,,
2709,Kumulus #2709,977,5.378769176380048,1,Originals,2,,,
2710,Kumulus #2710,977,5.378769176380048,1,Originals,2,,,
2713,Kumulus #2713,977,5.378769176380048,1,Originals,2,,,
2725,Kumulus #2725,977,5.378769176380048,1,Originals,2,,,
2728,Kumulus #2728,977,5.378769176380048,1,Originals,2,,,
2736,Kumulus #2736,977,5.378769176380048,1,Originals,2,,,
2739,Kumulus #2739,977,5.378769176380048,1,Originals,2,,,
2740,Kumulus #2740,977,5.378769176380048,1,Originals,2,,,
2749,Kumulus #2749,977,5.378769176380048,1,Originals,2,,,
2752,Kumulus #2752,977,5.378769176380048,1,Originals,2,,,
2765,Kumulus #2765,977,5.378769176380048,1,Originals,2,,,
2777,Kumulus #2777,977,5.378769176380048,1,Originals,2,,,
2784,Kumulus #2784,977,5.378769176380048,1,Originals,2,,,
2787,Kumulus #2787,977,5.378769176380048,1,Originals,2,,,
2788,Kumulus #2788,977,5.378769176380048,1,Originals,2,,,
2807,Kumulus #2807,977,5.378769176380048,1,Originals,2,,,
2808,Kumulus #2808,977,5.378769176380048,1,Originals,2,,,
2810,Kumulus #2810,977,5.378769176380048,1,Originals,2,,,
2821,Kumulus #2821,977,5.378769176380048,1,Originals,2,,,
2830,Kumulus #2830,977,5.378769176380048,1,Originals,2,,,
2832,Kumulus #2832,977,5.378769176380048,1,Originals,2,,,
2835,Kumulus #2835,977,5.378769176380048,1,Originals,2,,,
2836,Kumulus #2836,977,5.378769176380048,1,Originals,2,,,
2839,Kumulus #2839,977,5.378769176380048,1,Originals,2,,,
2852,Kumulus #2852,977,5.378769176380048,1,Originals,2,,,
2853,Kumulus #2853,977,5.378769176380048,1,Originals,2,,,
2855,Kumulus #2855,977,5.378769176380048,1,Originals,2,,,
2861,Kumulus #2861,977,5.378769176380048,1,Originals,2,,,
2869,Kumulus #2869,977,5.378769176380048,1,Originals,2,,,
2877,Kumulus #2877,977,5.378769176380048,1,Originals,2,,,
2888,Kumulus #2888,977,5.378769176380048,1,Originals,2,,,
2892,Kumulus #2892,977,5.378769176380048,1,Originals,2,,,
2895,Kumulus #2895,977,5.378769176380048,1,Originals,2,,,
2911,Kumulus #2911,977,5.378769176380048,1,Originals,2,,,
2912,Kumulus #2912,977,5.378769176380048,1,Originals,2,,,
2914,Kumulus #2914,977,5.378769176380048,1,Originals,2,,,
2917,Kumulus #2917,977,5.378769176380048,1,Originals,2,,,
2920,Kumulus #2920,977,5.378769176380048,1,Originals,2,,,
2931,Kumulus #2931,977,5.378769176380048,1,Originals,2,,,
2940,Kumulus #2940,977,5.378769176380048,1,Originals,2,,,
2960,Kumulus #2960,977,5.378769176380048,1,Originals,2,,,
2964,Kumulus #2964,977,5.378769176380048,1,Originals,2,,,
2969,Kumulus #2969,977,5.378769176380048,1,Originals,2,,,
2976,Kumulus #2976,977,5.378769176380048,1,Originals,2,,,
2987,Kumulus #2987,977,5.378769176380048,1,Originals,2,,,
2991,Kumulus #2991,977,5.378769176380048,1,Originals,2,,,
3003,Kumulus #3003,977,5.378769176380048,1,Originals,2,,,
3005,Kumulus #3005,977,5.378769176380048,1,Originals,2,,,
3017,Kumulus #3017,977,5.378769176380048,1,Originals,2,,,
3026,Kumulus #3026,977,5.378769176380048,1,Originals,2,,,
3033,Kumulus #3033,977,5.378769176380048,1,Originals,2,,,
3043,Kumulus #3043,977,5.378769176380048,1,Originals,2,,,
3045,Kumulus #3045,977,5.378769176380048,1,Originals,2,,,
3051,Kumulus #3051,977,5.378769176380048,1,Originals,2,,,
3068,Kumulus #3068,977,5.378769176380048,1,Originals,2,,,
3075,Kumulus #3075,977,5.378769176380048,1,Originals,2,,,
3078,Kumulus #3078,977,5.378769176380048,1,Originals,2,,,
3085,Kumulus #3085,977,5.378769176380048,1,Originals,2,,,
3089,Kumulus #3089,977,5.378769176380048,1,Originals,2,,,
3091,Kumulus #3091,977,5.378769176380048,1,Originals,2,,,
3118,Kumulus #3118,977,5.378769176380048,1,Originals,2,,,
3123,Kumulus #3123,977,5.378769176380048,1,Originals,2,,,
3129,Kumulus #3129,977,5.378769176380048,1,Originals,2,,,
3132,Kumulus #3132,977,5.378769176380048,1,Originals,2,,,
3140,Kumulus #3140,977,5.378769176380048,1,Originals,2,,,
3144,Kumulus #3144,977,5.378769176380048,1,Originals,2,,,
3152,Kumulus #3152,977,5.378769176380048,1,Originals,2,,,
3159,Kumulus #3159,977,5.378769176380048,1,Originals,2,,,
3176,Kumulus #3176,977,5.378769176380048,1,Originals,2,,,
3203,Kumulus #3203,977,5.378769176380048,1,Originals,2,,,
3205,Kumulus #3205,977,5.378769176380048,1,Originals,2,,,
3207,Kumulus #3207,977,5.378769176380048,1,Originals,2,,,
3213,Kumulus #3213,977,5.378769176380048,1,Originals,2,,,
3218,Kumulus #3218,977,5.378769176380048,1,Originals,2,,,
3229,Kumulus #3229,977,5.378769176380048,1,Originals,2,,,
3231,Kumulus #3231,977,5.378769176380048,1,Originals,2,,,
3236,Kumulus #3236,977,5.378769176380048,1,Originals,2,,,
3238,Kumulus #3238,977,5.378769176380048,1,Originals,2,,,
3264,Kumulus #3264,977,5.378769176380048,1,Originals,2,,,
3265,Kumulus #3265,977,5.378769176380048,1,Originals,2,,,
3277,Kumulus #3277,977,5.378769176380048,1,Originals,2,,,
3282,Kumulus #3282,977,5.378769176380048,1,Originals,2,,,
3284,Kumulus #3284,977,5.378769176380048,1,Originals,2,,,
3296,Kumulus #3296,977,5.378769176380048,1,Originals,2,,,
3298,Kumulus #3298,977,5.378769176380048,1,Originals,2,,,
