ID,Name,Rank,Rarity_Score,Attributes,Background,Body,Crown,Custom,Head,Name
111,Monarx #111,1,1541.6032719836403,4,In my shadow,Cotton collar,Hostile spikes,,Ghoul,
487,Monarx #487,2,1478.7977164280846,4,Depression modified,Captain rot,Smoking gold,,Tiny head,
202,Monarx #202,3,1453.72827198364,4,Metal storm,Marble tux,Feather crown,,Bird bomb,
571,Monarx #571,4,966.5487848041529,4,Dark marble,Cyclone,Feather crown,,Cream cheese,
163,Monarx #163,5,962.8949386503067,4,Epiphany,Vivid luck,Feather crown,,The grudge,
247,Monarx #247,6,960.5199386503067,4,Obsidian modified,Fox skin,Charcoal moth,,Blind eyes,
59,Monarx #59,7,937.8205128205128,2,,,,Legendary,,Little prince
531,Monarx #531,7,937.8205128205128,2,,,,Legendary,,Old hippie
565,Monarx #565,7,937.8205128205128,2,,,,Legendary,,Wise but old
312,Monarx #312,10,889.5338275391956,4,Mind break,Puddle suit,Pope modified,,Intelligencia,
655,Monarx #655,11,886.0626736930418,4,Crimson river,Wolf man,Dog feathers,,Moldy heart,
318,Monarx #318,12,881.0893830947512,4,Horizon,Wolf man,Crown of nothing,,Pixie cops modified,
260,Monarx #260,13,872.6283302586984,4,Midnight,Monk shreds,Cursed  gold,,Sunflower,
278,Monarx #278,14,855.7800396604077,4,Buried sand,The muddler,Flower patch,,Linen head,
622,Monarx #622,15,829.9189285492967,4,Darkness,Satan leather,Crown of nothing,,Loner baby,
251,Monarx #251,16,827.0542523757969,4,Amazon,Aquatic majesty,Oval gems,,Cream cheese jaw and bandages,
100,Monarx #100,17,826.5264745980191,4,Mantle,Graduation robes,Rorschach,,Lava fountain,
205,Monarx #205,18,813.0921311636757,4,Depression,Men in black,Mighty fall,,Comet Jaw,
9,Monarx #9,19,782.6538461538462,2,,,,Rare,,Journey of solitude
23,Monarx #23,19,782.6538461538462,2,,,,Rare,,King George
31,Monarx #31,19,782.6538461538462,2,,,,Rare,,Alone in the dark
258,Monarx #258,19,782.6538461538462,2,,,,Rare,,Invisible presence
419,Monarx #419,19,782.6538461538462,2,,,,Rare,,Brooding my insanity
450,Monarx #450,19,782.6538461538462,2,,,,Rare,,Welcome to my hell
461,Monarx #461,19,782.6538461538462,2,,,,Rare,,Spite
502,Monarx #502,19,782.6538461538462,2,,,,Rare,,Ahead of the curve
547,Monarx #547,19,782.6538461538462,2,,,,Rare,,Melancholy
662,Monarx #662,19,782.6538461538462,2,,,,Rare,,I see you
397,Monarx #397,29,683.9237848041529,4,Meat swamp,Roadkill sweater,Broken shoehorn,,Red wolf,
234,Monarx #234,30,650.1866053169733,4,Olive dream,Naval blues,Unicorn,,Butter drop,
366,Monarx #366,31,634.0487848041529,4,Heaven,Train wreck,Icicle crown,,Chin boot,
578,Monarx #578,32,613.2421608725289,4,Acceptance,Captain rot,Golden circle,,Alien santa,
136,Monarx #136,33,609.0199386503067,4,Grudge,Majestic amber,Tourist crown,,Intense,
186,Monarx #186,34,599.8078174381855,4,Abandoned,Quarter pounder,Tiny hope,,Copper nose,
627,Monarx #627,35,593.9782719836401,4,Nightmare,Cotton candy,Turquoise glee,,Burning gold sensation,
300,Monarx #300,36,587.9328174381855,4,Granite hall,Seashell robe,Frosty sunshine,,Cage,
259,Monarx #259,37,587.8682292485973,4,Abandoned apartment,Flex ball,Golden chaos,,Copper nose,
151,Monarx #151,38,584.7421608725289,4,Surreal,Dead branches,Lambado,,Alien santa,
228,Monarx #228,39,565.0824386503067,4,Midnight stone,Quarter pounder,Doom dome,,Melty rocks,
181,Monarx #181,40,562.6375857091302,4,Avalanche,Men in black,Fish bones,,Drunk boi,
123,Monarx #123,41,555.4744841048522,4,Avalanche,Red hood,Tiny hope,,Drunk boi,
429,Monarx #429,42,550.988372993741,4,Obsidian,Emerald trench coat,Dancing crown,,Doom guy,
298,Monarx #298,43,549.6449386503067,4,Blizzard,Oil spill,Rook,,Fishy heart,
582,Monarx #582,44,547.7977164280845,4,Tangerine,Soldier trench coat,Coral lava,,Three eyed ape,
538,Monarx #538,45,547.7977164280844,4,Memory,Tornado,Golden chaos,,Call face,
616,Monarx #616,46,541.6876736930417,4,Iron vein,Train wreck,Atlantis fire,,Grandpa portal,
588,Monarx #588,47,541.5264745980191,4,Homicidal,Ribbon cloth_,Melting throne,,Car wreck,
209,Monarx #209,48,540.4088275391956,4,Tranquility,Count decor,Roots,,Grand fungi,
456,Monarx #456,49,539.8404514708195,4,Battlefield,Flex ball,Poseidon,,Car wreck,
239,Monarx #239,50,538.0338275391956,4,Solitude,Autumn hail,Northern lights,,Call face,
333,Monarx #333,50,538.0338275391956,4,Obsidian,Ribbon cloth_,Glass chalk,,Suspicion,
95,Monarx #95,52,534.6247651963097,4,Throne modified,Graduation robes,Pinser,,Oh i see,
438,Monarx #438,53,534.2987848041529,4,Not alone,Blood bath,Broken shoehorn,,Ukraine,
525,Monarx #525,54,533.8116053169733,4,Rust,Oak frame,Shattered pride,,Maroon portal,
332,Monarx #332,55,531.4366053169733,4,Homicidal,From the past,Northern lights,,Pheonix dome,
598,Monarx #598,56,530.6449386503067,4,Devestation,Crimson collar,Cute crown,,Worms,
369,Monarx #369,57,527.1737848041529,4,Glacier,Paper bag,Rorschach,,Melty rocks,
116,Monarx #116,58,523.2800396604077,4,Iron vein,Flamingo abuse,Emerald gaze,,Blood face,
595,Monarx #595,59,521.4328174381855,4,Not alone,Why so serious,Coral lava,,Burning gold sensation,
526,Monarx #526,60,519.0172191475872,4,Dark marble,Seashell robe,Unicorn,,Oil spill,
157,Monarx #157,61,516.6182292485973,4,Blizzard,Raven nest,Dog feathers,,Attitude,
451,Monarx #451,62,511.6449386503067,4,Mind spill,Vixen hunter,Feather crown,,Cream cheese,
517,Monarx #517,63,511.3404514708196,4,Dark marble,Wolf man,Cursed gold,,Worms,
78,Monarx #78,64,510.32549420586236,4,Heaven,Grand admiral,Colleseum,,Tiny head,
380,Monarx #380,65,495.5071181374862,4,Abandoned,Count decor,Northern crown,,Grand fungi,
375,Monarx #375,66,494.5542523757969,4,Emerald,Men in black,Rook,,Donut lops,
495,Monarx #495,67,489.46166359203164,4,Wishful thinking,Roadkill sweater,Jagged cold,,Sleepy willow,
398,Monarx #398,68,487.5904514708195,4,Forrest Fire,Itunes,Pinser,,Grim leaper,
218,Monarx #218,69,484.4237848041529,4,Adobe,Authority,Pinser,,Behemoth,
336,Monarx #336,70,483.9366053169734,4,Champion,Train wreck,Phantom mirage,,Pheonix dome,
201,Monarx #201,71,479.1866053169734,4,Sun ray,Paper bag,Turquoise glee,,Cage,
256,Monarx #256,72,477.6032719836401,4,Nightmare,Glitter boi,Crown of nothing,,Oil spill,
402,Monarx #402,73,474.1375857091303,4,Throne modified,Graduation robes,Melted raven,,Leather santa,
191,Monarx #191,74,472.85327198364007,4,Meatwad,Uranus,Tourist crown,,Amber sister i,
307,Monarx #307,75,467.79878480415283,4,Granite hall,Cotton candy,Icicle crown,,Clairvoyant,
586,Monarx #586,76,462.8254942058623,4,Jade cave,Superman,Three peaks,,Man bun,
140,Monarx #140,77,459.13104976141784,4,Jungle cliff,Tornado,Flaming raven,,Man bun,
651,Monarx #651,78,458.5626736930418,4,Jade cave,Count decor,Jagged cold,,Grand fungi,
569,Monarx #569,79,458.56267369304175,4,Suspicion,Earthly camoflauge,Pinser,,Planet implosion,
75,Monarx #75,80,457.28382753919567,4,Buried sand,Crimson collar,Bloody cross,,Crimson jason,
269,Monarx #269,80,457.28382753919567,4,Where am i,Golden tulip,Metal rhino,,Intense,
248,Monarx #248,82,456.22827198364007,4,In my shadow,Crows nest,Frosty sunshine,,Flamingo,
533,Monarx #533,83,452.0300396604078,4,Nightfall,Seashell robe,Pope,,Rose peach,
552,Monarx #552,84,451.7421608725289,4,Battlefield,Authority,Atlantis fire,,Behemoth,
443,Monarx #443,85,451.64493865030676,4,Mania,Count decor,Neon life giver,,Grand fungi,
540,Monarx #540,86,449.89493865030676,4,Solitude,Commandment,Cute crown,,Grim leaper,
557,Monarx #557,87,449.63104976141784,4,Arabia,Fox skin,Golden chaos,,Eye of intelligencia,
7,Monarx #7,88,447.1241053169734,4,Tangerine,Cotton collar,Feather crown,,Portal madness,
249,Monarx #249,89,443.784895915264,4,Clay church,The accountant,Flaming raven,,Pheonix dome,
279,Monarx #279,90,442.4088275391956,4,Crimson river,Pink prime,Melted raven,,Cream cheese,
55,Monarx #55,91,440.1550396604078,4,Tranquility,The muddler,Shattered pride,,Xenomorph,
589,Monarx #589,92,438.8116053169734,4,Mania,Emerald glare,Roots,,Purple haze,
324,Monarx #324,93,438.59569622606426,4,Olive dream,The muddler,Elders wisdom,,Freezer,
542,Monarx #542,94,438.3078174381855,4,Doubt,Salesman,Elders wisdom,,Witness protection,
126,Monarx #126,95,435.90882753919567,4,Paint it red,Commandment,Crown of novice,,Intense,
415,Monarx #415,96,435.827630957999,4,Seizure,Mad king,Icicle crown,,Knot sure,
424,Monarx #424,97,435.3404514708196,4,Darkness,Paper bag,Tourist crown,,Happy face,
56,Monarx #56,98,434.85327198364007,4,Burgandy vision,Crows nest,Crown of novice,,Attitude,
292,Monarx #292,99,430.69314126468583,4,Paranoia,Flamingo abuse,Melting throne,,Knot sure,
159,Monarx #159,100,428.9744841048522,4,Blood bath,The muddler,Melted raven,,Knot sure,
227,Monarx #227,100,428.9744841048522,4,Charcoal mine,Superman,Melted raven,,Cage,
427,Monarx #427,102,425.88104976141784,4,Forrest Fire,Crimson collar,Crown of nothing,,Comet,
497,Monarx #497,103,425.3126736930418,4,Jungle cliff,The accountant,Bloody cross,,Venom kiss,
660,Monarx #660,104,422.1866053169734,4,Scarlet,Glitter boi,Pope,,Comet,
280,Monarx #280,105,421.61822924859734,4,Grudge,Tar coat,Broken shoehorn,,Lava fountain,
386,Monarx #386,106,420.60327198364007,4,Homicidal,Modest monarch,Rorschach,,Marble whisper,
72,Monarx #72,107,419.7036507715189,4,Perserverance,Fox skin,Shattered pride,,Flower meadow,
64,Monarx #64,108,419.01993865030676,4,Burgandy vision,Crime scene,Crown of novice,,Rose peach,
359,Monarx #359,109,418.492160872529,4,Paint it red,Lava scum,Moldy ancestors,,The grudge,
511,Monarx #511,110,418.39493865030676,4,Helens edge,Golden tulip,Melted raven,,Santa,
440,Monarx #440,111,416.9709190424636,4,Chemical spill,Salesman,Melting throne,,Freezer,
344,Monarx #344,112,413.7661507715189,4,Arizona,Vein milk,Northern lights,,Pixie cops,
430,Monarx #430,112,413.7661507715189,4,Sandpaper,Itunes,Junkyard crown,,Man bun,
17,Monarx #17,114,413.1737848041529,4,Homicidal,Authority,Jagged cold,,Behemoth,
341,Monarx #341,115,412.4467063270745,4,Granite hall,Puddle suit,Diving gale,,Flower meadow,
120,Monarx #120,116,412.3821181374862,4,Abandoned,From the past,Pinser,,Xenomorph,
282,Monarx #282,116,412.3821181374862,4,In my shadow,Earthly camoflauge,Brass club,,Intelligencia,
539,Monarx #539,118,412.2209190424636,4,Silence,Graduation robes,Flower patch,,Butterfly soup,
187,Monarx #187,119,411.10327198364007,4,Rust,Crows nest,Three preists,,Portal melted,
297,Monarx #297,120,408.72827198364007,4,Grudge,Grand admiral,Rorschach,,Fishy heart,
87,Monarx #87,121,407.4088275391956,4,Nightfall,Uranus,Charcoal moth,,Red riding hood,
560,Monarx #560,122,406.8404514708195,4,Clay church,Crows nest,Jagged cold,,Mo,
574,Monarx #574,123,405.0578174381855,4,In my shadow,Why so serious,Charcoal moth,,Take over,
129,Monarx #129,124,404.6379942058623,4,Perserverance,Captain rot,Turquoise glee,,Pixie cops,
293,Monarx #293,125,403.1460070263751,4,Chaos overhead,From the past,Northern crown,,Visionary,
349,Monarx #349,126,402.1310497614179,4,Blood spill,Majestic amber,Crown of nothing,,Marble whisper,
468,Monarx #468,127,401.13758570913024,4,Sun ray,Uranus,Oval gems,,Eye of intelligencia,
421,Monarx #421,128,400.81160531697344,4,Desperation,Quarter pounder,Moldy ancestors,,Socratasha,
630,Monarx #630,129,400.0199386503067,4,Mirage,Uranus,Steel edge,,Red riding hood,
110,Monarx #110,130,399.84213116367573,4,Sacrafice,Graduation robes,Jade thorns,,Witness protection,
86,Monarx #86,131,398.9643830947512,4,Arabia,Authority,Flaming raven,,Behemoth,
65,Monarx #65,132,398.9237848041529,4,Abandoned apartment,The accountant,Glass chalk,,Crimson jason,
505,Monarx #505,133,397.0199386503067,4,Emerald,Salesman,Neon life giver,,Attitude,
498,Monarx #498,134,395.75711813748626,4,Where am i,Pink prime,Rook,,Grandpa portal,
117,Monarx #117,135,395.7571181374862,4,Emerald,Lava scum,Brass club,,Blood face,
423,Monarx #423,135,395.7571181374862,4,Glacier,From the past,Turquoise glee,,Undercover alien,
144,Monarx #144,137,391.7074386503067,4,Perserverance,Train wreck,Poseidon,,Red riding hood,
146,Monarx #146,138,389.72827198364007,4,Desperation,Cotton collar,Fish bones,,Witness protection,
85,Monarx #85,139,389.7116635920317,4,Blue forrest,The accountant,Pope,,Lava face,
570,Monarx #570,140,389.2244841048522,4,Arabia,Lava scum,Mighty fall,,Socratasha,
444,Monarx #444,141,388.9366053169734,4,Insanity,Naval blues,Junkyard crown,,Butter drop,
457,Monarx #457,141,388.9366053169734,4,Memory,Rot suit,Junkyard crown,,Doom guy,
664,Monarx #664,143,388.6967063270744,4,Jade cave,Majestic amber,Tiny hope,,The grudge,
13,Monarx #13,144,388.4328174381855,4,Battlefield,The muddler,Frosty sunshine,,Crayon eater,
631,Monarx #631,144,388.4328174381855,4,Arizona,Commandment,Three preists,,Leather dome,
84,Monarx #84,146,387.35327198364007,4,Am i dead,Itunes,Crown of novice,,Beak lips,
73,Monarx #73,147,386.95743865030676,4,Avalanche,Burn survivor,Three preists,,Donut lops,
389,Monarx #389,147,386.95743865030676,4,Despair,Fox skin,Bloody cross,,Portal madness,
52,Monarx #52,149,386.03382753919567,4,Ash and stains,Vein milk,Fish bones,,Santa,
115,Monarx #115,149,386.03382753919567,4,Clay church,Autumn hail,Crown of novice,,Sunshine,
154,Monarx #154,149,386.03382753919567,4,Avalanche,Puddle suit,Happy ogre,,Three eyed ape,
166,Monarx #166,152,385.6379942058623,4,Ash and stains,Burn survivor,Rorschach,,Pixie cops,
255,Monarx #255,153,385.242160872529,4,Am i dead,Rot suit,Silver drip,,Venom kiss,
644,Monarx #644,153,385.242160872529,4,Clay church,Autumn hail,Jade thorns,,Sleepy willow,
40,Monarx #40,155,384.6737848041529,4,Surreal,Cotton candy,Pinser,,Beak lips,
471,Monarx #471,156,384.4744841048522,4,Champion,The muddler,Roots,,Grinning lamb,
303,Monarx #303,157,384.1866053169734,4,Damascus steel,Salesman,Golden circle,,Crimson jason,
551,Monarx #551,158,383.65882753919567,4,Mind spill,Majestic amber,Dancing crown,,The rock,
529,Monarx #529,159,383.39493865030676,4,Clairvoyance,Crimson collar,Diving gale,,Take over,
192,Monarx #192,160,382.7293403597085,4,Forrest Fire,Puddle suit,Neon life giver,,Meteor head,
268,Monarx #268,161,381.01993865030676,4,Clairvoyance,Color gentleman,Northern lights,,Blind eyes,
171,Monarx #171,162,380.1203174381855,4,Perserverance,Aquatic majesty,Mighty fall,,Planet implosion,
425,Monarx #425,163,379.9237848041529,4,Abandoned apartment,Oil spill,Broken shoehorn,,Maroon portal,
21,Monarx #21,164,379.70049420586236,4,Jade cave,Vein milk,Diving gale,,Donut lops,
11,Monarx #11,165,378.1411507715189,4,Apathy,Emerald trench coat,Three peaks,,Socratasha,
527,Monarx #527,166,377.85327198364007,4,Damascus steel,Naval blues,Poseidon,,Butter drop,
319,Monarx #319,167,373.10327198364007,4,Surreal,Crows nest,Moldy ancestors,,Grinning lamb,
433,Monarx #433,167,373.10327198364007,4,Silence,Oak frame,Feather crown,,Chin boot,
287,Monarx #287,169,372.6375857091303,4,Mind spill,Train wreck,Oval gems,,Black portal,
390,Monarx #390,169,372.6375857091303,4,Acceptance,Naval blues,Oval gems,,Butter drop,
47,Monarx #47,171,372.5994841048522,4,Wishful thinking,Quarter pounder,Roots,,Judgement,
48,Monarx #48,172,372.3116053169734,4,Battlefield,Golden tulip,Lambado,,Leather dome,
19,Monarx #19,173,371.8078174381855,4,Delusion,The admiral,Charcoal moth,,Leather dome,
294,Monarx #294,174,371.30402955939763,4,Haze,The atlantic,Phantom mirage,,Mona lisa,
81,Monarx #81,175,370.69314126468583,4,Crimson river,Men in black,Melted raven,,Planet implosion,
288,Monarx #288,176,370.4643830947512,4,Blood spill,Soldier trench coat,Diving gale,,The rock,
387,Monarx #387,176,370.4643830947512,4,Nightfall,Aquatic majesty,Metal rhino,,Bowl stack,
199,Monarx #199,178,369.8960070263751,4,Nightfall,Flex ball,Jade thorns,,The rock,
403,Monarx #403,179,369.40882753919567,4,Mirage,Vixen hunter,Dancing crown,,Crayon eater,
130,Monarx #130,180,369.0369841048522,4,Perserverance,Monk shreds,Roots,,Blind eyes,
659,Monarx #659,181,368.8404514708195,4,Golden sea,Pink prime,Northern crown,,Take over,
602,Monarx #602,182,368.51993865030676,4,Meat swamp,Golden tulip,Neon life giver,,Silver portal,
33,Monarx #33,183,368.37476519630974,4,Dark marble,Men in black,Bloody cross,,Amber sister i,
510,Monarx #510,184,368.0487848041529,4,Haze,The accountant,Cute crown,,Burning gold sensation,
504,Monarx #504,185,368.04878480415283,4,Amazon,Mad king,Feather crown,,Butterfly soup,
545,Monarx #545,186,367.58559521596334,4,Arizona,Itunes,Crown of nothing,,Eye of intelligencia,
534,Monarx #534,187,366.76993865030676,4,Burgandy vision,Color gentleman,Phantom mirage,,Homeless crown,
646,Monarx #646,188,366.55679762466565,4,Perserverance,Flex ball,Icicle crown,,Freezer,
208,Monarx #208,189,366.2661507715189,4,Scarlet,The admiral,Flower patch,,B orange,
432,Monarx #432,189,366.2661507715189,4,Blood spill,Why so serious,Diving gale,,Burning gold sensation,
276,Monarx #276,191,365.76236289273095,4,Fractured mind,Commandment,Emerald gaze,,Lava face,
150,Monarx #150,192,364.41892854929665,4,Sacrafice,Authority,Golden chaos,,Behemoth,
621,Monarx #621,193,363.0754942058623,4,Paint it red,Aquatic majesty,Silver drip,,Bowl stack,
240,Monarx #240,194,362.06791844828655,4,Helens edge,The muddler,Tiny hope,,Venom kiss,
284,Monarx #284,195,362.0199386503067,4,Champion,Modest monarch,Poseidon,,Moldy clown,
584,Monarx #584,196,361.22827198364007,4,Desperation,Earthly camoflauge,Happy ogre,,Portal melted,
25,Monarx #25,197,360.7244841048522,4,Yogurt,The admiral,Flower patch,,Beak lips,
343,Monarx #343,198,360.304660872529,4,Chaos overhead,Cotton candy,Doom dome,,Three eyed ape,
352,Monarx #352,199,359.90882753919567,4,Inception,The aristocrat,Golden circle,,Flamingo,
222,Monarx #222,200,359.28382753919567,4,Scarlet,Flamingo abuse,Neon life giver,,Grim leaper,
413,Monarx #413,200,359.28382753919567,4,Blood spill,Captain rot,Melted raven,,Portal melted,
245,Monarx #245,202,359.2491053169734,4,Acceptance,Burn survivor,Golden circle,,Beak lips,
592,Monarx #592,203,358.8126736930418,4,Adobe,Oil spill,Icicle crown,,Rocky poet,
597,Monarx #597,203,358.8126736930418,4,Glacier,Autumn hail,Charcoal moth,,B orange,
399,Monarx #399,205,356.9654514708196,4,Doubt,Grand admiral,Dog feathers,,Suspicion,
162,Monarx #162,206,356.47827198364007,4,Yogurt,Cotton collar,Frosty sunshine,,Grinning lamb,
581,Monarx #581,206,356.47827198364007,4,Paranoia,Earthly camoflauge,Steel edge,,Ukraine,
184,Monarx #184,208,355.6866053169734,4,Tranquility,Puddle suit,Jade thorns,,Tiny head,
310,Monarx #310,209,355.18281743818557,4,Adobe,The admiral,Phantom mirage,,Sleepy willow,
342,Monarx #342,210,355.15882753919567,4,Depression,Ribbon cloth_,Cute crown,,Meat head,
98,Monarx #98,211,354.63104976141784,4,Destiny,Dead branches,Atlantis fire,,Maroon portal,
509,Monarx #509,212,354.3911507715189,4,Haze,Animal tyrant,Cursed gold,,Hangover,
634,Monarx #634,213,353.0071181374862,4,Midnight stone,Cotton candy,Dog feathers,,Maroon portal,
68,Monarx #68,214,352.8078174381855,4,Shattered,Itunes,Emerald gaze,,Amber sister i,
378,Monarx #378,215,352.6866053169734,4,Grandmaster,Emerald glare,Neon life giver,,Purple haze,
521,Monarx #521,215,352.6866053169734,4,Apathy,Naval blues,Melted raven,,Butter drop,
82,Monarx #82,217,352.4119841048522,4,Scarlet,Monk shreds,Doom dome,,Grim leaper,
632,Monarx #632,217,352.4119841048522,4,Meat swamp,Monk shreds,Doom dome,,Silver portal,
374,Monarx #374,219,349.96713116367573,4,Insanity,The muddler,Oval gems,,Marble whisper,
361,Monarx #361,220,349.6411507715189,4,Seizure,Animal tyrant,Cute crown,,The rock,
514,Monarx #514,220,349.6411507715189,4,Sacrafice,Emerald glare,Turquoise glee,,Purple haze,
528,Monarx #528,222,349.1133729937411,4,Helens edge,The muddler,Colleseum,,Venom kiss,
257,Monarx #257,223,349.0893830947512,4,Yogurt,Vixen hunter,Flaming raven,,Ukraine,
406,Monarx #406,224,348.8875857091303,4,Grandmaster,Vivid luck,Oval gems,,Meat head,
27,Monarx #27,225,348.2977164280846,4,Delusion,Red hood,Metal rhino,,Venom kiss,
29,Monarx #29,226,348.16577198364007,4,Olive dream,Cotton collar,Doom dome,,B orange,
296,Monarx #296,227,346.47448410485225,4,Sacrafice,Majestic amber,Cursed gold,,Butterfly soup,
206,Monarx #206,228,346.45049420586236,4,Mt everest,Tar coat,Diving gale,,Blind eyes,
535,Monarx #535,229,345.9467063270744,4,Abandoned apartment,The admiral,Poseidon,,Oil spill,
265,Monarx #265,230,345.94670632707437,4,Meat swamp,Dead branches,Coral lava,,Mona lisa,
340,Monarx #340,231,345.7209190424636,4,Midnight,Graduation robes,Poseidon,,Chin boot,
156,Monarx #156,232,344.9292523757969,4,Fractured mind,Men in black,Happy ogre,,Undercover alien,
329,Monarx #329,233,344.60327198364007,4,Abandoned,Color gentleman,Moldy ancestors,,Mo,
615,Monarx #615,234,344.42546449700905,4,Shattered,Monk shreds,Oval gems,,Visionary,
253,Monarx #253,235,343.5956962260643,4,Damascus steel,Seashell robe,Mighty fall,,Undercover alien,
454,Monarx #454,236,343.5071181374862,4,Jungle cliff,Rot suit,Broken shoehorn,,Shark fin,
466,Monarx #466,237,343.46651984688793,4,Haze,Tar coat,Jagged cold,,Happy face,
188,Monarx #188,238,341.1321181374862,4,Desperation,Wolf man,Icicle crown,,Amber sister i,
422,Monarx #422,239,340.8116053169734,4,Mt everest,Rot suit,Neon life giver,,Visionary,
474,Monarx #474,240,340.6283302586983,4,Wishful thinking,Commandment,Northern crown,,Attitude,
642,Monarx #642,240,340.6283302586983,4,Midnight stone,Satan leather,Dog feathers,,Crimson jason,
66,Monarx #66,242,339.85327198364007,4,Silence,Lava scum,Lambado,,Boy bander,
301,Monarx #301,242,339.85327198364007,4,Tranquility,Raven nest,Jade thorns,,Rose peach,
483,Monarx #483,244,338.53382753919567,4,Jungle cliff,Tar coat,Northern lights,,Silver portal,
562,Monarx #562,244,338.53382753919567,4,Horizon,The aristocrat,Glass chalk,,Red wolf,
285,Monarx #285,246,338.4932292485974,4,Where am i,Vein milk,Crown of nothing,,Grandpa portal,
44,Monarx #44,247,338.1379942058623,4,Acceptance,Earthly camoflauge,Doom dome,,Rocky poet,
275,Monarx #275,248,337.47827198364007,4,Horizon,Crime scene,Glass chalk,,Visionary,
350,Monarx #350,248,337.47827198364007,4,Mt everest,Naval blues,Cursed gold,,Butter drop,
395,Monarx #395,248,337.47827198364007,4,Homicidal,Pink prime,Glass chalk,,Fishy heart,
214,Monarx #214,251,337.0125857091303,4,Solitude,Men in black,Rorschach,,Marble whisper,
252,Monarx #252,252,336.9744841048522,4,Meatwad,Itunes,Mighty fall,,Crayon eater,
272,Monarx #272,253,336.15882753919567,4,Suspicion,Golden tulip,Fish bones,,Burning gold sensation,
506,Monarx #506,253,336.15882753919567,4,Grandmaster,Grand admiral,Jade pickle,,Moldy clown,
145,Monarx #145,255,334.3116053169734,4,Seizure,Fox skin,Coral lava,,Doom guy,
647,Monarx #647,256,334.294996925365,4,Insomia,Cotton candy,Brass club,,Beak lips,
22,Monarx #22,257,333.51993865030676,4,Crimson river,Pink prime,Golden chaos,,Neptune,
273,Monarx #273,257,333.51993865030676,4,Golden sea,Crime scene,Glass chalk,,Cranium oak,
639,Monarx #639,257,333.51993865030676,4,Chaos overhead,Dead branches,Metal rhino,,Undercover alien,
168,Monarx #168,260,333.5199386503067,4,Mt everest,Emerald glare,Feather crown,,Purple haze,
219,Monarx #219,260,333.5199386503067,4,Mind break,Emerald glare,Coral lava,,Purple haze,
354,Monarx #354,260,333.5199386503067,4,Blood bath,Blood bath,Coral lava,,Oh i see,
347,Monarx #347,263,332.95156258193066,4,Paint it red,Flex ball,Metal rhino,,Santa,
167,Monarx #167,264,332.4643830947512,4,Delusion,Tornado,Golden chaos,,Rose peach,
593,Monarx #593,265,331.93660531697344,4,Am i dead,Glitter boi,Cursed gold,,Pig demon,
149,Monarx #149,266,331.40882753919567,4,Homicidal,Ribbon cloth_,Silver drip,,Hangover,
165,Monarx #165,266,331.40882753919567,4,Silence,Dead branches,Steel edge,,Imoteh,
391,Monarx #391,266,331.40882753919567,4,Inception,Blood bath,Atlantis fire,,Flamingo,
657,Monarx #657,269,331.14493865030676,4,Horizon,Itunes,Steel edge,,Crayon eater,
392,Monarx #392,270,330.6411507715189,4,Battlefield,Satan leather,Colleseum,,Mo,
155,Monarx #155,271,329.3217063270744,4,Mania,Satan leather,Atlantis fire,,Mo,
519,Monarx #519,272,329.25711813748626,4,Mind spill,Tornado,Jagged cold,,Sleepy willow,
656,Monarx #656,273,329.2571181374862,4,Doubt,Raven nest,Dancing crown,,Meteor head,
37,Monarx #37,274,329.0959190424636,4,Grandmaster,Superman,Oval gems,,Silver portal,
458,Monarx #458,275,328.76993865030676,4,Arabia,Color gentleman,Happy ogre,,Black portal,
485,Monarx #485,275,328.76993865030676,4,Memory,Oil spill,Flower patch,,Cranium oak,
53,Monarx #53,277,328.304252375797,4,Darkness,Aquatic majesty,Melting throne,,Bowl stack,
143,Monarx #143,278,327.97827198364007,4,Scarlet,Train wreck,Feather crown,,Blind eyes,
362,Monarx #362,279,327.762362892731,4,Sandpaper,Why so serious,Golden circle,,Undercover alien,
328,Monarx #328,280,327.4744841048522,4,Yogurt,Satan leather,Silver drip,,Leather santa,
376,Monarx #376,280,327.4744841048522,4,Amazon,Glitter boi,Emerald gaze,,Socratasha,
266,Monarx #266,282,325.1234740038421,4,Adobe,Emerald trench coat,Flaming raven,,Flower meadow,
173,Monarx #173,283,325.0994841048522,4,Primal fear,Animal tyrant,Glass chalk,,Red wolf,
36,Monarx #36,284,323.21166359203164,4,Sandpaper,Salesman,Dog feathers,,Chin boot,
8,Monarx #8,285,321.9328174381855,4,Blood bath,Animal tyrant,Turquoise glee,,Silver portal,
77,Monarx #77,285,321.9328174381855,4,Wishful thinking,Crimson collar,Charcoal moth,,Take over,
537,Monarx #537,287,321.64493865030676,4,Paranoia,Quarter pounder,Colleseum,,Homeless crown,
649,Monarx #649,287,321.64493865030676,4,Insanity,Vixen hunter,Northern lights,,Bird bomb,
368,Monarx #368,289,321.1411507715189,4,Olive dream,Monk shreds,Cursed gold,,Pig demon,
520,Monarx #520,290,320.91536348690806,4,Chaos overhead,Dead branches,Oval gems,,Red wolf,
101,Monarx #101,291,319.6657719836401,4,Perserverance,Aquatic majesty,Moldy ancestors,,Meat head,
373,Monarx #373,292,319.53382753919567,4,Apathy,The aristocrat,Rook,,Black portal,
32,Monarx #32,293,319.51721914758724,4,Clairvoyance,Why so serious,Northern crown,,Lava fountain,
274,Monarx #274,293,319.51721914758724,4,Confusion,The accountant,Elders wisdom,,Intense,
358,Monarx #358,295,318.4616635920317,4,Destiny,Animal tyrant,Golden circle,,Happy face,
564,Monarx #564,296,318.46166359203164,4,Homicidal,Why so serious,Icicle crown,,Moldy clown,
113,Monarx #113,297,318.17378480415294,4,Mirage,The accountant,Lambado,,Pig demon,
160,Monarx #160,298,318.1737848041529,4,Clairvoyance,Blood bath,Brass club,,Leather santa,
620,Monarx #620,298,318.1737848041529,4,Fractured mind,Mad king,Coral lava,,Boy bander,
12,Monarx #12,300,318.1411507715189,4,Chemical spill,Satan leather,Melted raven,,Boy bander,
236,Monarx #236,301,316.89493865030676,4,Despair,Color gentleman,Diving gale,,Amber sister i,
441,Monarx #441,301,316.89493865030676,4,Solitude,Lava scum,Three peaks,,Leather dome,
217,Monarx #217,303,316.3671608725289,4,Devestation,Rot suit,Jade pickle,,Judgement,
210,Monarx #210,304,316.0626736930418,4,Golden sea,Flex ball,Crown of novice,,Tiny head,
221,Monarx #221,304,316.0626736930418,4,Apathy,Flamingo abuse,Brass club,,Flamingo,
601,Monarx #601,304,316.0626736930418,4,Apathy,Flamingo abuse,Brass club,,Flamingo,
286,Monarx #286,307,315.88736289273095,4,Primal fear,Emerald trench coat,Tiny hope,,Take over,
57,Monarx #57,308,314.51993865030676,4,Chemical spill,Salesman,Rorschach,,Oh i see,
663,Monarx #663,309,313.992160872529,4,Chaos overhead,Glitter boi,Crown of novice,,Moldy clown,
177,Monarx #177,310,313.4883729937411,4,Confusion,Wolf man,Mighty fall,,Intelligencia,
267,Monarx #267,311,313.42378480415294,4,Midnight,Modest monarch,Moldy ancestors,,Lava portal,
408,Monarx #408,312,312.93660531697344,4,Meatwad,Vixen hunter,Three peaks,,Leather santa,
46,Monarx #46,313,312.6321181374862,4,Chemical spill,Train wreck,Charcoal moth,,Sunflower,
559,Monarx #559,313,312.6321181374862,4,Destiny,Color gentleman,Icicle crown,,Clairvoyant,
211,Monarx #211,315,312.40882753919567,4,Grandmaster,Superman,Cursed gold,,Zero,
254,Monarx #254,316,312.2768830947512,4,Amazon,Burn survivor,Golden chaos,,Witness protection,
1,Monarx #1,317,312.14493865030676,4,Rust,Vivid luck,Colleseum,,Sunshine,
345,Monarx #345,317,312.14493865030676,4,Paranoia,Blood bath,Rook,,Portal melted,
449,Monarx #449,319,312.1283302586984,4,Clay church,The atlantic,Lambado,,Meteor head,
178,Monarx #178,320,311.3532719836401,4,Mind break,The aristocrat,Flaming raven,,Santa,
330,Monarx #330,321,310.8494841048522,4,Blood bath,The admiral,Three peaks,,Intelligencia,
480,Monarx #480,321,310.8494841048522,4,Primal fear,Golden tulip,Elders wisdom,,Clairvoyant,
650,Monarx #650,323,310.78489591526403,4,Glacier,Emerald glare,Crown of nothing,,Purple haze,
198,Monarx #198,324,310.784895915264,4,Confusion,Pink prime,Jagged cold,,Rocky poet,
516,Monarx #516,324,310.784895915264,4,Damascus steel,Captain rot,Broken shoehorn,,Rocky poet,
58,Monarx #58,326,310.4296608725289,4,Seizure,Puddle suit,Doom dome,,Burning gold sensation,
641,Monarx #641,326,310.4296608725289,4,Mania,Puddle suit,Doom dome,,Oh i see,
394,Monarx #394,328,309.00226188262997,4,Where am i,Soldier trench coat,Poseidon,,Mona lisa,
54,Monarx #54,329,308.9782719836401,4,Clairvoyance,Cotton collar,Phantom mirage,,Shark fin,
640,Monarx #640,330,308.67378480415294,4,Abyss,Quarter pounder,Cute crown,,Rose peach,
360,Monarx #360,331,308.40463116367573,4,Perserverance,Seashell robe,Oval gems,,Meat head,
489,Monarx #489,332,307.98480793135246,4,Suspicion,Graduation robes,Feather crown,,Donut lops,
594,Monarx #594,332,307.98480793135246,4,Fractured mind,Men in black,Metal rhino,,Judgement,
45,Monarx #45,334,307.65882753919567,4,Solitude,Red hood,Happy ogre,,Lava fountain,
448,Monarx #448,335,307.48628480415294,4,Doubt,Burn survivor,Northern lights,,Mr robot,
49,Monarx #49,336,306.8911507715189,4,Arizona,Paper bag,Three peaks,,Attitude,
311,Monarx #311,336,306.8911507715189,4,Midnight stone,The atlantic,Three peaks,,Bird bomb,
364,Monarx #364,336,306.8911507715189,4,Sacrafice,Vixen hunter,Moldy ancestors,,Bird bomb,
39,Monarx #39,339,306.60327198364007,4,Silence,Glitter boi,Rook,,Mo,
411,Monarx #411,340,306.0994841048522,4,Insomia,Crimson collar,Rook,,Grinning lamb,
476,Monarx #476,340,306.0994841048522,4,Primal fear,Vixen hunter,Steel edge,,Spider face,
226,Monarx #226,342,306.08287571324377,4,Wishful thinking,The admiral,Dog feathers,,Crayon eater,
613,Monarx #613,343,305.81160531697344,4,Nightfall,Raven nest,Happy ogre,,Boy bander,
204,Monarx #204,344,305.8116053169734,4,Amazon,Salesman,Three preists,,Leather dome,
106,Monarx #106,345,305.3078174381855,4,Battlefield,Lava scum,Emerald gaze,,Leather santa,
618,Monarx #618,345,305.3078174381855,4,Shattered,Autumn hail,Flaming raven,,Lava face,
63,Monarx #63,347,305.24322924859734,4,Dark marble,Soldier trench coat,Frosty sunshine,,Santa,
212,Monarx #212,348,304.25226188262997,4,Suspicion,Captain rot,Fish bones,,Lava face,
410,Monarx #410,349,304.1876736930418,4,Arabia,Flamingo abuse,Jagged cold,,Homeless crown,
645,Monarx #645,349,304.1876736930418,4,Solitude,Autumn hail,Icicle crown,,Hangover,
446,Monarx #446,351,303.83243865030676,4,Surreal,Burn survivor,Three peaks,,Imoteh,
216,Monarx #216,352,303.3960070263751,4,Dark marble,Tornado,Dancing crown,,Boy bander,
653,Monarx #653,352,303.3960070263751,4,Amazon,Modest monarch,Brass club,,Rocky poet,
591,Monarx #591,354,303.2987848041529,4,Am i dead,Flex ball,Neon life giver,,Xenomorph,
452,Monarx #452,355,303.1375857091303,4,Am i dead,Men in black,Melted raven,,Attitude,
339,Monarx #339,356,302.9328174381855,4,Devestation,Rot suit,Junkyard crown,,Flower meadow,
590,Monarx #590,356,302.9328174381855,4,Primal fear,The muddler,Northern lights,,Oh i see,
455,Monarx #455,358,302.3404514708196,4,Olive dream,Salesman,Pinser,,Amber sister i,
238,Monarx #238,359,301.8532719836401,4,Olive dream,Crime scene,Crown of nothing,,Rocky poet,
277,Monarx #277,360,301.6133729937411,4,Sandpaper,Dead branches,Moldy ancestors,,Boy bander,
579,Monarx #579,361,301.61337299374105,4,Sacrafice,Dead branches,Junkyard crown,,Homeless crown,
290,Monarx #290,362,300.5959190424636,4,Chemical spill,Graduation robes,Charcoal moth,,Judgement,
353,Monarx #353,363,300.53382753919567,4,Horizon,Modest monarch,Cursed gold,,Lava fountain,
496,Monarx #496,364,300.05402955939763,4,Midnight,Emerald trench coat,Junkyard crown,,Lava face,
38,Monarx #38,365,299.2143830947512,4,Midnight,Vein milk,Golden chaos,,Clairvoyant,
105,Monarx #105,366,299.1737848041529,4,Depression,Red hood,Jagged cold,,Red wolf,
486,Monarx #486,367,297.91892854929665,4,Charcoal mine,Glitter boi,Flaming raven,,B orange,
315,Monarx #315,368,297.3505524809206,4,Memory,Monk shreds,Atlantis fire,,Lava portal,
418,Monarx #418,369,297.2859642913324,4,Surreal,Mad king,Northern crown,,Portal melted,
108,Monarx #108,370,296.86337299374105,4,Midnight,Flamingo abuse,Turquoise glee,,Spider face,
125,Monarx #125,370,296.86337299374105,4,Avalanche,Red hood,Jade pickle,,Lava face,
482,Monarx #482,372,296.79878480415294,4,Abyss,Crime scene,Steel edge,,Intelligencia,
97,Monarx #97,373,296.7821764125445,4,Shattered,The admiral,Dog feathers,,Mr robot,
14,Monarx #14,374,296.5754942058623,4,Blue forrest,Grand admiral,Jade pickle,,Beak lips,
190,Monarx #190,375,296.33559521596334,4,Charcoal mine,Raven nest,Cursed gold,,Bowl stack,
648,Monarx #648,376,296.00711813748626,4,Burgandy vision,Captain rot,Crown of nothing,,Grandpa portal,
306,Monarx #306,377,295.8078174381855,4,Paranoia,Why so serious,Poseidon,,Bird bomb,
6,Monarx #6,378,295.51993865030676,4,Inception,Glitter boi,Frosty sunshine,,Silver portal,
18,Monarx #18,378,295.51993865030676,4,Golden sea,Oil spill,Rook,,Leather santa,
224,Monarx #224,380,295.0542523757969,4,Abandoned,Glitter boi,Melting throne,,Mo,
614,Monarx #614,381,295.0161507715189,4,Charcoal mine,Fox skin,Flower patch,,Black portal,
92,Monarx #92,382,294.55046449700905,4,Despair,Men in black,Tiny hope,,The rock,
573,Monarx #573,382,294.55046449700905,4,Insomia,Graduation robes,Three preists,,Moldy clown,
197,Monarx #197,384,294.2244841048522,4,Mt everest,Why so serious,Cute crown,,Sunshine,
607,Monarx #607,385,293.21690834727644,4,Acceptance,Why so serious,Tiny hope,,Mona lisa,
617,Monarx #617,386,293.14493865030676,4,Meatwad,Vivid luck,Silver drip,,Portal melted,
35,Monarx #35,387,292.37726188262997,4,Confusion,The admiral,Atlantis fire,,Sunshine,
434,Monarx #434,387,292.37726188262997,4,Crimson river,Oak frame,Elders wisdom,,Tiny head,
467,Monarx #467,387,292.37726188262997,4,Tranquility,Emerald trench coat,Jade pickle,,Xenomorph,
174,Monarx #174,390,292.3126736930418,4,Confusion,Vein milk,Brass club,,Doom guy,
179,Monarx #179,390,292.3126736930418,4,Despair,The accountant,Metal rhino,,Burning gold sensation,
407,Monarx #407,390,292.3126736930418,4,Paint it red,Vein milk,Broken shoehorn,,Xenomorph,
464,Monarx #464,390,292.3126736930418,4,Surreal,Flamingo abuse,Three peaks,,Mr robot,
470,Monarx #470,394,292.15147459801915,4,Nightfall,Train wreck,Oval gems,,Flamingo,
137,Monarx #137,395,291.03382753919567,4,Rust,Soldier trench coat,Golden chaos,,Ukraine,
377,Monarx #377,396,290.7533302586984,4,Midnight stone,The admiral,Phantom mirage,,Mr robot,
382,Monarx #382,397,289.9782719836401,4,Grandmaster,Soldier trench coat,Atlantis fire,,Comet,
235,Monarx #235,398,289.18660531697344,4,Crimson river,Blood bath,Flaming raven,,Visionary,
518,Monarx #518,399,289.0893830947512,4,Jungle cliff,Raven nest,Neon life giver,,Homeless crown,
658,Monarx #658,400,288.61822924859734,4,Yogurt,Raven nest,Lambado,,Sunflower,
134,Monarx #134,401,288.17902955939763,4,Mt everest,The atlantic,Emerald gaze,,Ukraine,
263,Monarx #263,402,288.13104976141784,4,Meatwad,Soldier trench coat,Coral lava,,Moldy clown,
83,Monarx #83,403,288.0904514708196,4,Blue forrest,Mad king,Rorschach,,Three eyed ape,
609,Monarx #609,403,288.0904514708196,4,Burgandy vision,Grand admiral,Glass chalk,,Mr robot,
262,Monarx #262,405,288.0498531802213,4,Blood bath,Mad king,Jagged cold,,Tiny head,
94,Monarx #94,406,287.5626736930418,4,Olive dream,The accountant,Charcoal moth,,Venom kiss,
213,Monarx #213,407,287.0994841048522,4,Meatwad,Satan leather,Rorschach,,Fishy heart,
302,Monarx #302,408,286.8116053169734,4,Depression,Cotton collar,Frosty sunshine,,The rock,
133,Monarx #133,409,286.5956962260643,4,Rust,Majestic amber,Mighty fall,,Lava face,
414,Monarx #414,410,286.50711813748626,4,Arabia,Crime scene,Coral lava,,Meteor head,
128,Monarx #128,411,285.7800396604078,4,Apathy,Seashell robe,Diving gale,,Zero,
327,Monarx #327,412,285.78003966040774,4,Insomia,Autumn hail,Moldy ancestors,,Hangover,
325,Monarx #325,413,285.7154514708196,4,Abyss,Crimson collar,Moldy ancestors,,Flamingo,
102,Monarx #102,414,285.492160872529,4,Tranquility,Cotton collar,Three preists,,Suspicion,
200,Monarx #200,415,284.7625857091303,4,Champion,Graduation robes,Three preists,,Leather santa,
93,Monarx #93,416,284.4366053169734,4,Mind break,Grand admiral,Turquoise glee,,Rose peach,
164,Monarx #164,417,283.90882753919567,4,Devestation,Ribbon cloth_,Steel edge,,Maroon portal,
351,Monarx #351,417,283.90882753919567,4,Jade cave,Tornado,Colleseum,,Bird bomb,
473,Monarx #473,417,283.90882753919567,4,Devestation,Tar coat,Turquoise glee,,Maroon portal,
99,Monarx #99,420,283.1411507715188,4,Destiny,The muddler,Feather crown,,Suspicion,
3,Monarx #3,421,283.117160872529,4,Devestation,Puddle suit,Feather crown,,Intense,
367,Monarx #367,422,283.07656258193066,4,Fractured mind,Raven nest,Brass club,,Doom guy,
629,Monarx #629,422,283.07656258193066,4,Chaos overhead,Oak frame,Jade pickle,,Happy face,
611,Monarx #611,424,281.5959190424636,4,Fractured mind,Men in black,Rorschach,,Xenomorph,
109,Monarx #109,425,281.4526309579991,4,Avalanche,Flex ball,Broken shoehorn,,Suspicion,
138,Monarx #138,426,281.2914318629764,4,Champion,Mad king,Oval gems,,Hangover,
453,Monarx #453,427,281.2293403597085,4,Memory,Cotton collar,Jade pickle,,Meteor head,
225,Monarx #225,428,281.1619841048522,4,Midnight,Emerald trench coat,Doom dome,,Xenomorph,
308,Monarx #308,429,281.1321181374862,4,Damascus steel,Flex ball,Neon life giver,,Suspicion,
107,Monarx #107,430,280.742160872529,4,Silence,Uranus,Silver drip,,Tiny head,
313,Monarx #313,431,279.4227164280845,4,Mt everest,Ribbon cloth_,Rorschach,,Rocky poet,
435,Monarx #435,432,279.3821181374862,4,Destiny,Glitter boi,Broken shoehorn,,Silver portal,
463,Monarx #463,433,279.11822924859734,4,Glacier,Paper bag,Flaming raven,,Grinning lamb,
417,Monarx #417,434,278.94291844828655,4,Chaos overhead,Animal tyrant,Tiny hope,,Suspicion,
608,Monarx #608,435,278.8783302586984,4,Glacier,Crimson collar,Elders wisdom,,Fishy heart,
50,Monarx #50,436,278.71713116367573,4,Arabia,Animal tyrant,Melting throne,,Intelligencia,
220,Monarx #220,437,278.3911507715189,4,Avalanche,Lava scum,Tiny hope,,Blood face,
139,Monarx #139,438,277.8901309579991,4,Perserverance,Mad king,Jagged cold,,Crimson jason,
436,Monarx #436,439,277.44354976141784,4,Helens edge,Majestic amber,Golden chaos,,Portal madness,
523,Monarx #523,440,277.294996925365,4,Shattered,Majestic amber,Tiny hope,,Sunflower,
400,Monarx #400,441,276.25604976141784,4,Primal fear,Salesman,Golden chaos,,Neptune,
289,Monarx #289,442,276.1241053169734,4,Perserverance,Crows nest,Feather crown,,Cranium oak,
612,Monarx #612,443,276.0542523757969,4,Devestation,Grand admiral,Melting throne,,Pig demon,
661,Monarx #661,444,275.6876736930418,4,Tranquility,Lava scum,Dog feathers,,Ukraine,
42,Monarx #42,445,275.33243865030676,4,Blue forrest,Blood bath,Doom dome,,Oh i see,
70,Monarx #70,446,274.63211813748626,4,Sun ray,Salesman,Three preists,,Lava portal,
0,Monarx #0,447,274.1283302586983,4,Mind break,Paper bag,Dog feathers,,Lava face,
80,Monarx #80,448,273.90503966040774,4,Jade cave,Aquatic majesty,Emerald gaze,,Black portal,
323,Monarx #323,449,273.8404514708196,4,Buried sand,Flamingo abuse,Broken shoehorn,,Tiny head,
507,Monarx #507,449,273.8404514708196,4,Buried sand,Raven nest,Broken shoehorn,,Leather dome,
30,Monarx #30,451,272.8875857091303,4,Mania,Graduation robes,Steel edge,,Silver portal,
484,Monarx #484,452,272.5616053169734,4,Primal fear,Oil spill,Cute crown,,Blood face,
61,Monarx #61,453,272.05781743818557,4,Abandoned,Emerald trench coat,Diving gale,,Sleepy willow,
104,Monarx #104,453,272.05781743818557,4,Insomia,Cotton collar,Three peaks,,Undercover alien,
577,Monarx #577,453,272.05781743818557,4,Horizon,Oak frame,Elders wisdom,,Sleepy willow,
223,Monarx #223,456,272.03382753919567,4,Confusion,Oil spill,Colleseum,,Fishy heart,
469,Monarx #469,456,272.03382753919567,4,Ash and stains,Red hood,Northern lights,,Sunshine,
555,Monarx #555,456,272.03382753919567,4,Depression,The aristocrat,Steel edge,,Intelligencia,
619,Monarx #619,459,271.88000995155454,4,Wishful thinking,Earthly camoflauge,Melting throne,,Mona lisa,
103,Monarx #103,460,271.8612848041529,4,Perserverance,Fox skin,Pinser,,Fishy heart,
41,Monarx #41,461,271.55402955939763,4,Despair,Red hood,Elders wisdom,,Spider face,
158,Monarx #158,461,271.55402955939763,4,Mirage,Seashell robe,Phantom mirage,,Spider face,
610,Monarx #610,463,271.04036348690806,4,Confusion,Graduation robes,Jade pickle,,Burning gold sensation,
189,Monarx #189,464,270.7143830947512,4,Desperation,Soldier trench coat,Cute crown,,Portal melted,
553,Monarx #553,465,270.5365756081202,4,Wishful thinking,Soldier trench coat,Melting throne,,Pig demon,
2,Monarx #2,466,270.4744841048522,4,Mirage,Wolf man,Rorschach,,Mona lisa,
96,Monarx #96,467,269.70680733717546,4,Sandpaper,Captain rot,Mighty fall,,Oil spill,
566,Monarx #566,468,269.6828174381855,4,Sandpaper,Vivid luck,Feather crown,,Three eyed ape,
281,Monarx #281,469,269.64221914758724,4,Confusion,Seashell robe,Northern crown,,Ukraine,
135,Monarx #135,470,269.48102005256465,4,Nightfall,Men in black,Golden circle,,Mona lisa,
317,Monarx #317,471,269.0904514708196,4,Sun ray,Grand admiral,Charcoal moth,,Mr robot,
331,Monarx #331,472,268.62476519630974,4,Abyss,Graduation robes,Lambado,,Neptune,
572,Monarx #572,473,268.5626736930418,4,Nightfall,The accountant,Colleseum,,Imoteh,
118,Monarx #118,474,268.3633729937411,4,Chaos overhead,Red hood,Lambado,,Flower meadow,
365,Monarx #365,475,268.29878480415294,4,Abyss,Tornado,Cute crown,,Clairvoyant,
556,Monarx #556,476,268.2987848041529,4,Horizon,Color gentleman,Northern crown,,Leather santa,
74,Monarx #74,477,268.242160872529,4,Devestation,Superman,Neon life giver,,Oil spill,
477,Monarx #477,478,268.08287571324377,4,Grandmaster,The atlantic,Dog feathers,,Spider face,
79,Monarx #79,479,268.0754942058623,4,Suspicion,Red hood,Cursed gold,,Grinning lamb,
334,Monarx #334,480,267.9942976246657,4,Delusion,Majestic amber,Brass club,,Grandpa portal,
215,Monarx #215,481,267.794996925365,4,Seizure,Salesman,Emerald gaze,,Mr robot,
127,Monarx #127,482,267.3078174381855,4,Insomia,Tar coat,Golden chaos,,Imoteh,
426,Monarx #426,483,267.01993865030676,4,Ash and stains,Raven nest,Coral lava,,Take over,
494,Monarx #494,483,267.01993865030676,4,Jade cave,Raven nest,Coral lava,,Visionary,
499,Monarx #499,485,266.45156258193066,4,Mirage,Ribbon cloth_,Northern crown,,Zero,
503,Monarx #503,485,266.45156258193066,4,Suspicion,Blood bath,Northern crown,,Zero,
326,Monarx #326,487,265.98837299374105,4,Depression,Why so serious,Jade pickle,,Comet,
420,Monarx #420,487,265.98837299374105,4,Charcoal mine,The aristocrat,Rorschach,,Homeless crown,
172,Monarx #172,489,265.3960070263751,4,Inception,Uranus,Metal rhino,,Lava portal,
384,Monarx #384,490,264.3404514708196,4,Delusion,Vivid luck,Cursed gold,,Meteor head,
652,Monarx #652,491,264.2491053169734,4,Insanity,Superman,Feather crown,,Portal madness,
372,Monarx #372,492,263.04499692536507,4,Sun ray,Animal tyrant,Flower patch,,Sunflower,
546,Monarx #546,493,262.8217063270744,4,Sacrafice,Oak frame,Coral lava,,Oil spill,
381,Monarx #381,494,262.75711813748626,4,Dark marble,Uranus,Happy ogre,,Sunshine,
62,Monarx #62,495,262.5959190424636,4,Champion,Men in black,Poseidon,,Comet,
459,Monarx #459,496,262.31791844828655,4,Sacrafice,Color gentleman,Emerald gaze,,Rocky poet,
207,Monarx #207,497,262.26993865030676,4,Paranoia,Tornado,Flower patch,,Sleepy willow,
635,Monarx #635,497,262.26993865030676,4,Perserverance,Quarter pounder,Doom dome,,Ukraine,
232,Monarx #232,499,262.2533302586984,4,Amazon,Oak frame,Emerald gaze,,Lava portal,
132,Monarx #132,500,261.6609642913324,4,Glacier,The accountant,Northern lights,,Neptune,
20,Monarx #20,501,260.4706962260643,4,Mania,The atlantic,Flower patch,,Lava face,
637,Monarx #637,502,260.4227164280845,4,Despair,Cotton collar,Crown of nothing,,Bird bomb,
606,Monarx #606,503,259.63104976141784,4,Silence,Majestic amber,Flaming raven,,Maroon portal,
161,Monarx #161,504,259.53382753919567,4,Amazon,The aristocrat,Neon life giver,,Doom guy,
388,Monarx #388,504,259.53382753919567,4,Tranquility,Oil spill,Melted raven,,Fishy heart,
379,Monarx #379,506,259.3911507715189,4,Blue forrest,Monk shreds,Colleseum,,Imoteh,
316,Monarx #316,507,259.10327198364007,4,Seizure,Itunes,Diving gale,,Sleepy willow,
304,Monarx #304,508,258.92546449700905,4,Chemical spill,Seashell robe,Melting throne,,Shark fin,
175,Monarx #175,509,258.5994841048522,4,Desperation,Vivid luck,Silver drip,,Spider face,
180,Monarx #180,509,258.5994841048522,4,Wishful thinking,Vivid luck,Rook,,Sunshine,
195,Monarx #195,509,258.5994841048522,4,Sacrafice,Blood bath,Phantom mirage,,Shark fin,
283,Monarx #283,509,258.5994841048522,4,Mirage,Emerald trench coat,Northern lights,,Homeless crown,
404,Monarx #404,513,257.8459190424636,4,Golden sea,Men in black,Feather crown,,Attitude,
437,Monarx #437,514,257.60602005256465,4,Paint it red,Seashell robe,Melting throne,,Black portal,
478,Monarx #478,515,257.28003966040774,4,Blue forrest,Animal tyrant,Rook,,Tiny head,
530,Monarx #530,516,256.8602164280845,4,Buried sand,Lava scum,Doom dome,,Rocky poet,
194,Monarx #194,517,256.33243865030676,4,Mt everest,Burn survivor,Glass chalk,,Sunshine,
261,Monarx #261,518,256.272463902832,4,Insomia,The atlantic,Dancing crown,,Spider face,
472,Monarx #472,518,256.272463902832,4,Arizona,The admiral,Dancing crown,,Flower meadow,
355,Monarx #355,520,256.2004942058623,4,Desperation,Dead branches,Cursed gold,,Leather santa,
60,Monarx #60,521,256.0626736930418,4,Abyss,Wolf man,Neon life giver,,Oil spill,
241,Monarx #241,522,255.36822924859737,4,Horizon,Raven nest,Northern crown,,Portal melted,
416,Monarx #416,523,255.36822924859734,4,Dark marble,Golden tulip,Flaming raven,,Clairvoyant,
246,Monarx #246,524,255.14493865030676,4,Inception,Cotton collar,Cursed gold,,Homeless crown,
76,Monarx #76,525,255.12833025869836,4,Inception,Itunes,Brass club,,Lava face,
264,Monarx #264,525,255.12833025869836,4,Blood bath,Majestic amber,Icicle crown,,Spider face,
88,Monarx #88,527,254.84045147081957,4,Memory,Uranus,Brass club,,Shark fin,
575,Monarx #575,528,254.3532719836401,4,Depression,Red hood,Poseidon,,Hangover,
549,Monarx #549,529,254.35327198364007,4,Tranquility,Raven nest,Northern lights,,Grinning lamb,
490,Monarx #490,530,253.01721914758727,4,Darkness,Emerald trench coat,Dancing crown,,Mr robot,
638,Monarx #638,531,253.01721914758724,4,Arizona,The aristocrat,Lambado,,Grandpa portal,
643,Monarx #643,531,253.01721914758724,4,Mirage,Mad king,Elders wisdom,,Venom kiss,
299,Monarx #299,533,252.95263095799908,4,Insanity,Oil spill,Broken shoehorn,,Grandpa portal,
371,Monarx #371,533,252.95263095799908,4,Mania,Color gentleman,Icicle crown,,Grandpa portal,
442,Monarx #442,535,252.79143186297645,4,Glacier,Blood bath,Oval gems,,Hangover,
385,Monarx #385,536,252.24216087252898,4,Mirage,Cotton collar,Lambado,,Lava fountain,
112,Monarx #112,537,251.7143830947512,4,Scarlet,Soldier trench coat,Colleseum,,Clairvoyant,
230,Monarx #230,537,251.7143830947512,4,Depression,Raven nest,Frosty sunshine,,Xenomorph,
624,Monarx #624,539,251.67378480415292,4,Acceptance,Uranus,Poseidon,,Happy face,
493,Monarx #493,540,251.16999692536504,4,Blue forrest,The atlantic,Jagged cold,,Judgement,
522,Monarx #522,541,251.10540873577685,4,Chaos overhead,Tar coat,Pinser,,Happy face,
314,Monarx #314,542,250.81476188263,4,Arizona,Puddle suit,Doom dome,,Lava fountain,
370,Monarx #370,543,250.7501736930418,4,Suspicion,Burn survivor,Northern crown,,Comet,
357,Monarx #357,544,250.61822924859734,4,Amazon,Soldier trench coat,Fish bones,,Grandpa portal,
492,Monarx #492,545,250.09045147081954,4,Destiny,Aquatic majesty,Cursed gold,,Lava portal,
558,Monarx #558,546,249.89115077151888,4,Mind break,Why so serious,Silver drip,,Blood face,
229,Monarx #229,547,248.4504942058623,4,Buried sand,Grand admiral,Melted raven,,Black portal,
568,Monarx #568,548,248.30781743818554,4,Charcoal mine,Uranus,Fish bones,,Shark fin,
243,Monarx #243,549,247.09632753919564,4,Perserverance,Captain rot,Colleseum,,Doom guy,
603,Monarx #603,549,247.09632753919564,4,Despair,Burn survivor,Metal rhino,,Shark fin,
580,Monarx #580,551,246.9643830947512,4,Mirage,Soldier trench coat,Northern lights,,Cranium oak,
596,Monarx #596,552,246.90717641254452,4,Dark marble,Oak frame,Mighty fall,,Lava portal,
142,Monarx #142,553,246.13211813748626,4,Nightfall,Mad king,Crown of nothing,,Judgement,
462,Monarx #462,554,246.0994841048522,4,Sandpaper,Color gentleman,Melted raven,,Black portal,
169,Monarx #169,555,245.82763095799908,4,Glacier,Flex ball,Glass chalk,,Cranium oak,
15,Monarx #15,556,245.11716087252898,4,Confusion,Itunes,Feather crown,,Cranium oak,
51,Monarx #51,557,244.5727747031428,4,Golden sea,Raven nest,Dog feathers,,Lava face,
356,Monarx #356,558,244.3494841048522,4,Desperation,Uranus,Emerald gaze,,Blood face,
431,Monarx #431,558,244.3494841048522,4,Arizona,Glitter boi,Turquoise glee,,Comet,
393,Monarx #393,560,244.1876736930418,4,Insanity,Autumn hail,Melted raven,,Lava portal,
625,Monarx #625,561,244.17167661822117,4,Insanity,Satan leather,Melting throne,,Spider face,
338,Monarx #338,562,243.75711813748623,4,Depression,Glitter boi,Dog feathers,,Neptune,
124,Monarx #124,563,243.25333025869838,4,Dark marble,The atlantic,Northern lights,,Judgement,
244,Monarx #244,564,242.90882753919564,4,Darkness,Lava scum,Neon life giver,,Lava fountain,
550,Monarx #550,565,242.17378480415292,4,Sun ray,Vivid luck,Colleseum,,Grandpa portal,
460,Monarx #460,566,241.9338858142539,4,Glacier,The atlantic,Atlantis fire,,Blood face,
500,Monarx #500,567,240.98102005256465,4,Crimson river,Oil spill,Oval gems,,Flower meadow,
271,Monarx #271,568,240.59045147081957,4,Mind break,Tornado,Flower patch,,Mr robot,
439,Monarx #439,569,239.92546449700907,4,Charcoal mine,Salesman,Oval gems,,Imoteh,
409,Monarx #409,570,239.89013095799908,4,Sun ray,Burn survivor,Broken shoehorn,,Mr robot,
147,Monarx #147,571,239.58287571324382,4,Wishful thinking,Monk shreds,Silver drip,,Mr robot,
233,Monarx #233,571,239.58287571324382,4,Sandpaper,Tornado,Elders wisdom,,Happy face,
524,Monarx #524,573,239.53489591526403,4,Dark marble,Aquatic majesty,Crown of nothing,,Rose peach,
636,Monarx #636,574,239.534895915264,4,Inception,Soldier trench coat,Diving gale,,Lava portal,
401,Monarx #401,575,239.17966087252898,4,Apathy,Burn survivor,Feather crown,,Zero,
396,Monarx #396,576,238.9744841048522,4,Charcoal mine,Crime scene,Neon life giver,,Shark fin,
405,Monarx #405,577,238.80781743818557,4,Suspicion,Soldier trench coat,Silver drip,,Spider face,
89,Monarx #89,578,238.28003966040777,4,Charcoal mine,Itunes,Dancing crown,,Blood face,
185,Monarx #185,579,238.28003966040774,4,Paint it red,Grand admiral,Mighty fall,,Shark fin,
532,Monarx #532,580,238.21545147081957,4,Insanity,Itunes,Moldy ancestors,,Lava portal,
488,Monarx #488,581,237.4643830947512,4,Blue forrest,Glitter boi,Golden chaos,,Neptune,
148,Monarx #148,582,237.31583025869836,4,Sacrafice,Flex ball,Happy ogre,,Portal madness,
346,Monarx #346,583,236.89600702637512,4,Buried sand,Flex ball,Flaming raven,,Zero,
604,Monarx #604,584,236.43281743818554,4,Insomia,Itunes,Coral lava,,Judgement,
321,Monarx #321,585,235.27207540244353,4,Abyss,Paper bag,Golden chaos,,Meteor head,
242,Monarx #242,586,234.98142854929665,4,Insomia,Burn survivor,Flaming raven,,Imoteh,
348,Monarx #348,587,234.9515625819307,4,Jade cave,Mad king,Melted raven,,Lava fountain,
43,Monarx #43,588,234.8875857091303,4,Midnight stone,Graduation robes,Coral lava,,Blood face,
196,Monarx #196,589,233.79143186297645,4,Paranoia,Men in black,Colleseum,,Happy face,
24,Monarx #24,590,233.53742116778926,4,Arizona,Monk shreds,Tiny hope,,Meteor head,
508,Monarx #508,591,231.68281743818554,4,Scarlet,Satan leather,Cursed gold,,Blood face,
363,Monarx #363,592,231.39493865030676,4,Primal fear,Vivid luck,Three peaks,,Sleepy willow,
193,Monarx #193,593,231.2629942058623,4,Solitude,Autumn hail,Cursed gold,,Portal madness,
71,Monarx #71,594,230.85055248092058,4,Crimson river,Emerald trench coat,Northern crown,,Sleepy willow,
183,Monarx #183,595,230.28217641254452,4,Darkness,The accountant,Pinser,,Flower meadow,
548,Monarx #548,596,229.97827198364007,4,Perserverance,Modest monarch,Melted raven,,Portal madness,
203,Monarx #203,597,229.89768671923127,4,Blue forrest,Men in black,Elders wisdom,,Oil spill,
291,Monarx #291,598,229.8330985296431,4,Blue forrest,Golden tulip,Melting throne,,Sunflower,
335,Monarx #335,599,229.50711813748623,4,Mind break,Soldier trench coat,Jagged cold,,Venom kiss,
412,Monarx #412,600,229.47786348690806,4,Ash and stains,Burn survivor,Melting throne,,Zero,
491,Monarx #491,601,228.49954237991048,4,Dark marble,Monk shreds,Three peaks,,Flower meadow,
5,Monarx #5,602,228.45156258193072,4,Midnight stone,Cotton collar,Crown of nothing,,Grandpa portal,
383,Monarx #383,603,227.5626736930418,4,Mind break,Ribbon cloth_,Neon life giver,,Meteor head,
26,Monarx #26,604,227.30466087252898,4,Darkness,Tar coat,Coral lava,,Portal madness,
654,Monarx #654,604,227.30466087252898,4,Blue forrest,Tar coat,Doom dome,,Blood face,
237,Monarx #237,606,226.64493865030676,4,Depression,Vein milk,Rorschach,,Shark fin,
250,Monarx #250,607,226.34045147081954,4,Damascus steel,Majestic amber,Cursed gold,,Sunflower,
544,Monarx #544,608,225.5702780168226,4,Despair,Mad king,Melting throne,,Mr robot,
626,Monarx #626,609,225.45743865030676,4,Mania,Salesman,Flower patch,,Portal madness,
599,Monarx #599,610,225.08559521596328,4,Arizona,Majestic amber,Flaming raven,,Cranium oak,
576,Monarx #576,611,224.79771642808453,4,Meatwad,Uranus,Flaming raven,,Shark fin,
170,Monarx #170,612,224.71651984688796,4,Depression,The aristocrat,Brass club,,Meteor head,
554,Monarx #554,613,223.5262517816199,4,Sandpaper,Seashell robe,Feather crown,,Venom kiss,
481,Monarx #481,614,223.4616635920317,4,Arizona,Mad king,Crown of nothing,,Zero,
515,Monarx #515,615,223.46166359203167,4,Wishful thinking,Aquatic majesty,Diving gale,,Meteor head,
28,Monarx #28,616,222.5087978303424,4,Darkness,Men in black,Moldy ancestors,,Mona lisa,
182,Monarx #182,617,222.38211813748623,4,Blue forrest,Majestic amber,Junkyard crown,,Mr robot,
67,Monarx #67,618,221.5498531802213,4,Paint it red,Uranus,Pinser,,Sunflower,
309,Monarx #309,619,219.58203015357475,4,Champion,Soldier trench coat,Oval gems,,Shark fin,
587,Monarx #587,620,218.42378480415292,4,Abyss,Burn survivor,Junkyard crown,,Portal madness,
114,Monarx #114,621,218.24597731752192,4,Darkness,Satan leather,Oval gems,,Happy face,
322,Monarx #322,622,218.06854976141784,4,Scarlet,Aquatic majesty,Flaming raven,,Portal madness,
623,Monarx #623,623,216.64115077151888,4,Charcoal mine,Salesman,Feather crown,,Doom guy,
513,Monarx #513,624,214.7293403597085,4,Suspicion,Uranus,Poseidon,,Happy face,
337,Monarx #337,625,214.69670632707445,4,Ash and stains,Salesman,Melted raven,,Mona lisa,
176,Monarx #176,626,214.12833025869838,4,Amazon,Animal tyrant,Neon life giver,,Grandpa portal,
231,Monarx #231,627,213.87031743818557,4,Sandpaper,Ribbon cloth_,Golden chaos,,Portal madness,
320,Monarx #320,628,213.67378480415292,4,Abyss,Vivid luck,Glass chalk,,Leather santa,
121,Monarx #121,629,213.21059521596328,4,Sacrafice,Majestic amber,Golden chaos,,Intelligencia,
119,Monarx #119,630,211.4254644970091,4,Sandpaper,Graduation robes,Crown of nothing,,Oil spill,
447,Monarx #447,631,211.39013095799908,4,Mind break,Burn survivor,Pinser,,Lava portal,
479,Monarx #479,632,211.3633729937411,4,Crimson river,Majestic amber,Mighty fall,,Sleepy willow,
153,Monarx #153,633,210.11128480415292,4,Solitude,Glitter boi,Doom dome,,Meteor head,
465,Monarx #465,634,209.89814377851187,4,Abyss,The accountant,Flower patch,,Grandpa portal,
541,Monarx #541,635,208.5626736930418,4,Ash and stains,Vivid luck,Melted raven,,Meteor head,
122,Monarx #122,636,207.64493865030676,4,Devestation,Uranus,Cursed gold,,Comet,
633,Monarx #633,637,207.62833025869838,4,Devestation,Satan leather,Glass chalk,,Lava portal,
585,Monarx #585,638,207.30781743818557,4,Paint it red,Raven nest,Neon life giver,,Mona lisa,
270,Monarx #270,639,206.19354976141784,4,Golden sea,Majestic amber,Crown of nothing,,Portal madness,
16,Monarx #16,640,204.46166359203173,4,Devestation,The atlantic,Poseidon,,Sunflower,
10,Monarx #10,641,203.90989591526403,4,Abyss,Majestic amber,Flaming raven,,Clairvoyant,
34,Monarx #34,642,203.11822924859734,4,Devestation,Soldier trench coat,Steel edge,,Sunflower,
512,Monarx #512,643,202.36716087252898,4,Buried sand,Grand admiral,Feather crown,,Sleepy willow,
583,Monarx #583,644,200.91577198364007,4,Buried sand,Itunes,Golden chaos,,Portal madness,
152,Monarx #152,645,200.72662085698894,4,Glacier,Raven nest,Icicle crown,,Spider face,
567,Monarx #567,646,199.42378480415292,4,Darkness,Glitter boi,Glass chalk,,Sunflower,
305,Monarx #305,647,198.9366053169734,4,Devestation,Aquatic majesty,Glass chalk,,Shark fin,
475,Monarx #475,648,198.4709190424636,4,Depression,Graduation robes,Golden chaos,,Zero,
501,Monarx #501,649,198.43032075186534,4,Ash and stains,Glitter boi,Melting throne,,Happy face,
295,Monarx #295,650,197.03217641254452,4,Insomia,Glitter boi,Pinser,,Sunflower,
563,Monarx #563,651,195.16096429133242,4,Depression,Flex ball,Icicle crown,,Sleepy willow,
69,Monarx #69,652,192.6032719836401,4,Devestation,Glitter boi,Feather crown,,Suspicion,
131,Monarx #131,653,192.5334190424636,4,Jade cave,Raven nest,Melting throne,,Portal madness,
91,Monarx #91,654,191.28382753919567,4,Ash and stains,Cotton collar,Feather crown,,Sleepy willow,
445,Monarx #445,655,188.69042176196632,4,Abyss,Graduation robes,Crown of nothing,,Flower meadow,
543,Monarx #543,656,188.62833025869836,4,Insomia,Majestic amber,Poseidon,,Happy face,
536,Monarx #536,657,187.44083025869836,4,Abyss,Glitter boi,Doom dome,,Flower meadow,
141,Monarx #141,658,186.75711813748623,4,Dark marble,Vivid luck,Cursed gold,,Blood face,
428,Monarx #428,659,185.82763095799908,4,Glacier,Vivid luck,Neon life giver,,Sunflower,
600,Monarx #600,660,184.9744841048522,4,Wishful thinking,Majestic amber,Colleseum,,Sleepy willow,
90,Monarx #90,661,184.31476188263,4,Perserverance,Soldier trench coat,Poseidon,,Mona lisa,
4,Monarx #4,662,184.18281743818554,4,Depression,Animal tyrant,Feather crown,,Shark fin,
561,Monarx #561,663,175.96166359203167,4,Charcoal mine,Majestic amber,Cursed gold,,Lava portal,
605,Monarx #605,664,166.96545147081957,4,Perserverance,Burn survivor,Cursed gold,,Happy face,
628,Monarx #628,665,161.98628480415292,4,Glacier,Glitter boi,Melted raven,,Portal madness,
