ID,Name,Rank,Rarity_Score,Attributes,Background,Beak,Brows,Eyes,Eyewear,Face,Face accessory,Face mask,Hand,Head,Head top,Shirt,T-shirt,Tie,Top,Wings,Yay!
544,OWLZ #544,1,1106.132005277806,12,tezos dark,Blue 1,1B,Green 5,hypno glasses,2a,beak ring,,coffee,5b,,white,,pink stripes,,bat,
251,OWLZ #251,2,972.5,1,,,,,,,,,,,,,,,,,Jack
367,OWLZ #367,2,972.5,1,,,,,,,,,,,,,,,,,Annihilator
546,OWLZ #546,2,972.5,1,,,,,,,,,,,,,,,,,Post Nuclear
2169,OWLZ #2169,2,972.5,1,,,,,,,,,,,,,,,,,Beakard
2204,OWLZ #2204,6,920.491617533026,8,tezos dark,Violet 1,3C,Green 2,,6,,panda,,5b,,,,,"orange, shrooms",,
578,OWLZ #578,7,866.4703399933204,8,pea,Blue 1,3B,Blue 1,Bitmap shades,6a,,,,2c,,,,,"orange, dots",,
323,OWLZ #323,8,609.781004784886,9,cool blue,Orange 2,2A,Blue 3,GT8,6b,,,,2a,,,meme,,,white,
2208,OWLZ #2208,9,534.914393648159,9,matrix,Orange 2,2b,Green 5,,6b,,,covfefe,3a,,,,,"green, shrooms",daemon,
199,OWLZ #199,10,523.2798194097504,8,coral,Blue 1,3C,Light blue,,2a,beak ring,,,2a,,,42,,,,
398,OWLZ #398,11,503.4687783570746,9,cool blue,Orange 1,1B,"Green 2, patch",,5,,,house red,1c,,egg,,red,,,
531,OWLZ #531,12,485.70285813179447,9,coral,Blue 2,1A,"Green 2, patch",,1b,,,,5b,,white,,black stars,,black,
92,OWLZ #92,13,480.54437182534576,9,coral,Orange 2,2b,Green 1,,6,,,,3b,,pink,,black stars,,daemon,
447,OWLZ #447,14,480.2627701009077,11,coral,Blue 2,2A,Cyborg red,1970Y,4b,,,,5b,viking helmet,ducks,,red,,pink,
425,OWLZ #425,15,478.33066496218566,9,cool blue,Blue 1,3A,Green 5,2000B,4a,,,coffee,1b,,,42,,,,
326,OWLZ #326,16,465.2261865367075,7,rays,Orange 2,1B,Orange 3,,4b,,,,2b,,,meme,,,,
5,OWLZ #5,17,439.3359836074222,9,tezos dark,Blue 2,2b,Orange 3,,5,,covid,,4b,long feathers,,,,Tony M,,
285,OWLZ #285,18,406.898886566707,9,cool blue,Blue 1,3A,Green 4,,3,,covid,blue cocktail,3b,,,,,Tony M,,
560,OWLZ #560,19,372.959149485756,10,cool blue,Orange 2,2A,Light blue,,1b,,fangs,red cocktail,3c,bowler hat,,,,all black,,
543,OWLZ #543,20,368.5343880908344,8,cool blue,Gray,3B,Blue 4,,1,,covid,,3b,,,,,"pink, dots",,
364,OWLZ #364,21,364.74243880528627,10,pea,Violet 1,1A,Blue 2,,3a,,fangs,,3b,short violet,"avocado, yellow",,black stars,,,
137,OWLZ #137,22,352.3334674874546,8,coral,Violet 1,1A,Blue 1,,3,,,kitty,3c,,,tezos,,,,
185,OWLZ #185,23,340.47239425506405,11,cool blue,Violet 1,3A,Green 2,hypno glasses,5a,,,,1a,pirate hat,green,,red,,black,
128,OWLZ #128,24,337.7836937375209,8,cool blue,Orange 1,1B,Green 1,,4a,,,blue cocktail,1c,,,tezos,,,,
2207,OWLZ #2207,25,333.92544491996927,11,cool blue,Gray,2A,Green 2,hypno glasses,5a,,,kitty,2c,long feathers,green,,owls,,,
2119,OWLZ #2119,26,329.1590937778623,11,rays,Orange 1,1A,Blue 4,,6,,,covfefe,2a,short green,white,,red,,pink,
335,OWLZ #335,27,321.3839748515711,7,coral,Blue 1,3A,Blue 1,,6,,,,1b,,,tezos,,,,
589,OWLZ #589,28,320.99435009468766,9,tezos dark,Orange 2,1B,Green 5,,2b,smoke pipe,,,1c,,,,,"green, dots",pink,
365,OWLZ #365,29,320.0650752846167,11,rays,Orange 1,1A,Green 2,SP goggles,5a,,,house white,5b,,egg,,green stripes,,bat,
442,OWLZ #442,30,318.93347785397265,10,cool blue,Blue 2,2A,Green 5,,4b,,,red cocktail,3c,,"avocado, green",,red,,black,
55,OWLZ #55,31,316.9532460374646,9,coral,Blue 2,2C,Orange 4,,5,,,burger,4a,,"avocado, green",,black stars,,,
529,OWLZ #529,32,304.561574259926,10,cool blue,Violet 1,2b,Blue 3,,1a,,fangs,,5b,short green,green,,black stars,,,
539,OWLZ #539,33,302.6603403225154,11,cool blue,Orange 1,2b,Blue 2,,3a,,,burger,3a,brain slug,green,,red,,bat,
168,OWLZ #168,34,301.9593378283618,9,tezos,Gray,3A,Blue 1,GT8,1b,smoke pipe,,,5c,,,,,all black,,
486,OWLZ #486,35,300.5022971099808,8,coral,Orange 1,2C,Cyborg red,,5a,,,,5b,,,,,Vito C,white,
574,OWLZ #574,36,293.25433676328083,9,cool blue,Violet 1,2A,Orange 1,,1b,,fangs,cappuccino,4a,,,,,"green, flowers",,
2113,OWLZ #2113,37,291.18451527734595,8,pea,Blue 2,2A,Blue 3,,4,,,,5a,,"avocado, green",,owls,,,
270,OWLZ #270,38,284.5075777963692,10,tezos dark,Orange 2,3A,Green 2,hypno glasses,6a,,,,4b,long feathers,egg,,pink stripes,,,
176,OWLZ #176,39,281.0526088636008,10,tezos dark,Orange 1,2C,Orange 1,,3b,,,red cocktail,3b,,egg,,ducks,,black,
172,OWLZ #172,40,275.5579163547209,8,coral,Violet 1,1A,Blue 4,,4a,,,,5a,,"avocado, green",,pink stripes,,,
1,OWLZ #1,41,270.4664028014595,9,coral,Orange 1,3C,Green 5,,4b,,,,4a,,green,,red,,pink,
2096,OWLZ #2096,42,269.79422853048885,9,pea,Orange 2,3B,Blue 2,2000B,4a,,,pink handgun,1b,,,,,Vito C,,
256,OWLZ #256,43,260.7525298707614,11,coral,Violet 1,3B,Green 1,,5a,smoke pipe,,handgun,3b,,green,,red,,white,
235,OWLZ #235,44,255.63319343947146,10,matrix,Orange 1,3A,Blue 4,2000B,5a,,,house white,1a,chicken,,,,body armor,,
9,OWLZ #9,45,254.2785773898743,10,cool blue,Blue 1,1A,Blue 1,,6b,,,handgun,2b,viking helmet,,,,all black,bat,
2221,OWLZ #2221,46,250.39252986008321,11,pea,Blue 2,3B,Green 4,2000B,6,smoke pipe,,house red,1b,,egg,,pink stripes,,,
201,OWLZ #201,47,249.30232707914212,10,matrix,Blue 1,2A,Blue 3,GT8,5a,,,burger,2a,,white,,red,,,
90,OWLZ #90,48,249.0591581133485,11,cool blue,Violet 1,2b,Orange 3,2000B,3,beak ring,,,4a,,pizza,,green stripes,,white,
556,OWLZ #556,49,246.17085363945813,9,cool blue,Blue 2,3C,Blue 2,,5,,,house red,1a,chicken,,,,"orange, shrooms",,
132,OWLZ #132,50,246.14018466669216,9,pea,Blue 2,3B,Light blue,,6,,,,5c,bowler hat,,,,Vito C,black,
8,OWLZ #8,51,245.03535982801756,10,pea,Gray,3B,Cyborg red,,4,,,coffee,4b,short violet,pizza,,green stripes,,,
2092,OWLZ #2092,52,242.75034373786292,9,rays,Gray,3A,Blue 2,2000B,1,,,,5a,brain slug,,,,"pink, leaves",,
24,OWLZ #24,53,242.6797779642734,9,cool blue,Orange 2,3C,Blue 1,hypno glasses,5,,,,5c,,pink,,pink stripes,,,
299,OWLZ #299,54,242.58033643281078,9,cool blue,Violet 1,2C,Green 1,,6,,,,5c,,white,,black stars,,pink,
294,OWLZ #294,55,241.54198656246146,9,pea,Violet 1,1A,Green 2,,5,beak ring,,kitty,5a,,,,,Vito C,,
133,OWLZ #133,56,241.2880746930524,9,cool blue,Blue 2,1A,Blue 3,,4b,,,pink handgun,1a,pirate hat,,,,"orange, dots",,
229,OWLZ #229,57,241.20875506320294,9,coral,Blue 1,1A,Green 2,,3,,,pink handgun,1c,headphones,,,,"pink, leaves",,
278,OWLZ #278,58,239.08966462935177,10,coral,Blue 1,2b,Blue 1,GT8,5a,,,kitty,2a,,pink,,red,,,
550,OWLZ #550,59,237.6086202106333,10,tezos,Orange 2,3B,Green 2,SP goggles,4a,,,,4b,long feathers,pink,,owls,,,
98,OWLZ #98,60,233.5514955316368,8,cool blue,Gray,3A,Light blue,hypno glasses,1b,,,,5c,,,,,"colors, patterns",,
120,OWLZ #120,61,232.28816456151824,10,matrix,Violet 1,3A,Blue 2,,1a,smoke pipe,,burger,2c,bowler hat,,,,"colors, patterns",,
86,OWLZ #86,62,232.25495823826694,10,cool blue,Blue 2,2b,Cyborg red,1970Y,6a,,,cappuccino,5a,,pink,,pink stripes,,,
122,OWLZ #122,63,231.90388854136384,10,coral,Orange 1,1B,Blue 1,SP goggles,2b,,,cappuccino,5b,,"avocado, yellow",,red,,,
564,OWLZ #564,64,231.26283661755116,9,cool blue,Blue 2,1B,Green 1,SP goggles,3,,,,1c,short violet,,,,Tony M,,
585,OWLZ #585,65,230.08131445740872,9,cool blue,Orange 1,1B,Light blue,,3b,,,red cocktail,1c,chicken,,,,"green, flowers",,
522,OWLZ #522,66,229.96707865677064,11,coral,Orange 2,1B,Light blue,,6a,,,handgun,3b,short green,pink,,green stripes,,black,
414,OWLZ #414,67,226.8184205870493,10,rays,Gray,3B,Blue 1,,6b,,,blue cocktail,5b,headphones,green,,ducks,,,
227,OWLZ #227,68,226.28100825517484,10,cool blue,Gray,2C,Orange 3,GT8,2,,,cappuccino,2a,,green,,green stripes,,,
305,OWLZ #305,69,223.050612280256,9,pea,Gray,1A,Blue 2,,3a,,,,2b,pirate hat,,,,"pink, leaves",white,
136,OWLZ #136,70,222.2811991890756,10,cool blue,Orange 1,3B,Orange 3,SP goggles,6b,,,covfefe,1a,,pizza,,red,,,
2103,OWLZ #2103,71,221.85777946006698,10,cool blue,Gray,2b,Blue 1,1970Y,5,,,covfefe,5b,pirate hat,,,,"orange, leaves",,
151,OWLZ #151,72,221.37505568372106,10,cool blue,Blue 2,3B,Blue 4,2000B,1a,beak ring,,handgun,2b,,,,,all black,,
439,OWLZ #439,73,221.29550725644935,8,cool blue,Gray,3B,Green 4,,3a,,,,2b,brain slug,,,,"pink, leaves",,
139,OWLZ #139,74,221.12641184575034,8,cool blue,Violet 1,3A,Blue 4,,2b,,,,5b,chicken,,,,Panther P,,
394,OWLZ #394,75,220.86701821211378,9,coral,Orange 2,1A,Blue 4,,3b,,,coffee,1a,,egg,,ducks,,,
571,OWLZ #571,76,220.45504397425856,11,rays,Blue 1,2A,Light blue,1970Y,1,,,house red,3c,,white,,green stripes,,white,
572,OWLZ #572,77,218.17154111907172,9,cool blue,Orange 2,3B,Green 5,,5,,,house white,1c,brain slug,,,,"orange, leaves",,
456,OWLZ #456,78,217.6477212524906,9,cool blue,Violet 1,1A,Green 2,,4,,,kitty,4a,,pink,,ducks,,,
258,OWLZ #258,79,217.51044769816167,11,cool blue,Gray,1B,Orange 1,,3a,,,burger,4b,short green,green,,pink stripes,,bat,
562,OWLZ #562,80,216.52869011474073,8,cool blue,Gray,3A,Blue 2,GT8,2a,,,,3a,,,,,"orange, leaves",,
407,OWLZ #407,81,216.28710667991632,11,pea,Orange 1,3B,Green 1,2000B,3a,,,covfefe,3b,bowler hat,pink,,black stars,,,
590,OWLZ #590,82,215.20647894592165,8,matrix,Orange 2,2A,Orange 1,,2b,,,pink handgun,3c,,,,,Panther P,,
2213,OWLZ #2213,83,215.1113915467111,8,cool blue,Gray,2C,Cyborg red,,6b,,,burger,5a,,,,,"green, shrooms",,
53,OWLZ #53,84,214.85252571536324,9,matrix,Orange 2,1A,Green 4,2000B,3b,,,pink handgun,5a,,,,,grey hoodie,,
197,OWLZ #197,85,213.76768435104282,10,pea,Orange 2,2C,Green 4,,2a,,,house white,3c,brain slug,pink,,green stripes,,,
386,OWLZ #386,86,213.28380998933144,9,cool blue,Orange 2,1B,Blue 1,,2b,,,covfefe,2a,pirate hat,,,,"pink, leaves",,
2161,OWLZ #2161,87,211.53054950015374,10,cool blue,Blue 1,2C,Green 1,2000B,6,smoke pipe,,cappuccino,1c,,,,,Tony M,,
296,OWLZ #296,88,209.32422061202212,11,rays,Blue 1,3A,Orange 1,1970Y,2b,,,house white,2b,short violet,pink,,pink stripes,,,
170,OWLZ #170,89,208.65022377195268,9,cool blue,Orange 1,3A,Orange 3,,3,,,,5a,,white,,ducks,,white,
289,OWLZ #289,90,206.97824328599185,8,cool blue,Orange 2,1B,Orange 4,,2,,,,5a,chicken,,,,"colors, patterns",,
2148,OWLZ #2148,91,206.6062738491021,10,pea,Gray,2b,Orange 1,1970Y,1a,,,handgun,3c,,,,,"green, dots",black,
298,OWLZ #298,92,202.95330193669176,8,tezos,Gray,2b,Orange 4,,1b,,,pink handgun,3b,,,,,"green, shrooms",,
491,OWLZ #491,93,202.72660606496046,10,tezos,Blue 2,2A,Green 1,,4a,,,blue cocktail,4b,chicken,pink,,red,,,
47,OWLZ #47,94,202.54777492632093,11,matrix,Gray,3B,Orange 3,,2a,,,blue cocktail,3a,short green,pink,,green stripes,,white,
2106,OWLZ #2106,95,201.11242925711124,9,cool blue,Blue 2,1B,Orange 3,,4a,beak ring,,,4b,bowler hat,,,,pink hoodie,,
165,OWLZ #165,96,200.0618585931901,9,cool blue,Orange 1,2C,Green 1,,4,,,,3b,chicken,egg,,black stars,,,
68,OWLZ #68,97,197.4788554398438,8,cool blue,Orange 2,3B,Blue 2,,3,,,kitty,1a,,,,,Vito C,,
448,OWLZ #448,98,197.16955649171294,9,cool blue,Blue 2,3A,Green 1,,6,,,,4b,headphones,green,,ducks,,,
579,OWLZ #579,99,197.11167714565377,7,matrix,Violet 1,3A,Blue 4,,4b,,,,2a,,,,,Vito C,,
269,OWLZ #269,100,196.9654499209332,8,coral,Blue 2,3B,Cyborg red,,1,,,,2a,,egg,,red,,,
517,OWLZ #517,101,196.0643148429607,9,cool blue,Violet 1,3A,Green 1,,6b,,,cappuccino,1a,,,,,pink hoodie,bat,
444,OWLZ #444,102,195.84052285245573,10,pea,Gray,3B,Light blue,,3a,,,coffee,4b,brain slug,white,,pink stripes,,,
2124,OWLZ #2124,103,195.4493135018337,11,pea,Orange 1,1A,Orange 1,,5a,,,house white,2b,short violet,white,,pink stripes,,white,
508,OWLZ #508,104,193.31373868540746,8,tezos dark,Violet 1,2A,Blue 1,,2b,,,coffee,1b,,,,,Vito C,,
2094,OWLZ #2094,105,192.82731057200274,8,cool blue,Blue 1,3B,Blue 4,,2,,,,4b,brain slug,,,,body armor,,
537,OWLZ #537,106,192.44644894656568,10,cool blue,Blue 2,2C,Green 5,1970Y,3,,,red cocktail,3b,,,,,"green, leaves",white,
357,OWLZ #357,107,192.36197081989926,9,pea,Blue 1,3B,Orange 1,,4b,,,house white,5a,bowler hat,,,,pink hoodie,,
2209,OWLZ #2209,108,188.57280714434867,8,coral,Orange 1,3B,Blue 2,,4b,,,handgun,3c,,,,,pink hoodie,,
207,OWLZ #207,109,188.3481368154062,8,cool blue,Blue 1,3B,Blue 1,,3b,,,,2c,chicken,,,,"orange, dots",,
129,OWLZ #129,110,188.16425501006046,10,cool blue,Blue 1,3A,Orange 1,2000B,4,smoke pipe,,,5b,headphones,,,,"orange, leaves",,
385,OWLZ #385,111,186.42469264883306,10,coral,Orange 1,2b,Blue 4,,2a,,,coffee,5a,short violet,"avocado, yellow",,black stars,,,
112,OWLZ #112,112,185.01858943841512,9,tezos dark,Blue 2,2b,Green 2,,3a,,,coffee,3c,headphones,,,,Panther P,,
2125,OWLZ #2125,113,184.67617796529137,8,cool blue,Orange 2,3C,Orange 1,,3,,,kitty,5b,,,,,pink hoodie,,
374,OWLZ #374,114,184.18212320560937,10,tezos,Orange 2,1A,Blue 1,,5a,,,house red,3c,long feathers,pizza,,red,,,
474,OWLZ #474,115,182.90913237942985,9,pea,Blue 2,2A,Blue 3,,2b,,,,2b,viking helmet,"avocado, yellow",,black stars,,,
186,OWLZ #186,116,182.7576483326424,9,tezos dark,Blue 2,2C,Orange 3,,6a,,,burger,5a,viking helmet,,,,"pink, dots",,
248,OWLZ #248,117,182.49848641289063,10,cool blue,Blue 2,2A,Orange 3,1970Y,6a,,,,4b,long feathers,ducks,,green stripes,,,
2069,OWLZ #2069,118,181.57612006160377,8,cool blue,Orange 2,3B,Cyborg red,,3,,,,1c,,green,,red,,,
116,OWLZ #116,119,181.07826844502304,9,matrix,Violet 1,3C,Blue 1,,6a,,,burger,3b,short violet,,,,"pink, shrooms",,
71,OWLZ #71,120,180.13462016289589,10,cool blue,Violet 1,2b,Blue 4,,6a,,,blue cocktail,5c,pirate hat,white,,red,,,
476,OWLZ #476,121,180.0658309779838,9,cool blue,Blue 2,2A,Orange 4,,6b,,,handgun,5b,headphones,,,,"orange, leaves",,
502,OWLZ #502,122,179.88970564211334,8,tezos,Gray,3B,Orange 4,,5,,,,4a,short violet,,,,pink hoodie,,
198,OWLZ #198,123,178.6090430635564,10,coral,Blue 1,2A,Orange 1,SP goggles,6a,,,,1a,short green,pink,,red,,,
2152,OWLZ #2152,124,178.46438409148317,9,tezos,Violet 1,2A,Orange 1,,1a,beak ring,,coffee,2a,,,,,Tony M,,
2108,OWLZ #2108,125,178.04026537501528,10,cool blue,Blue 1,1B,Orange 4,,6,,,burger,5c,short violet,egg,,owls,,,
141,OWLZ #141,126,178.00880331955165,9,pea,Orange 2,2A,Green 1,,5a,,,pink handgun,5c,,white,,owls,,,
547,OWLZ #547,127,177.79224384942842,9,coral,Blue 2,3B,Green 2,2000B,4,,,kitty,2b,,,,,"pink, leaves",,
558,OWLZ #558,128,177.28972683796079,9,cool blue,Violet 1,3C,Green 4,,4,,,,5b,pirate hat,green,,red,,,
2214,OWLZ #2214,129,177.12382060857553,10,coral,Orange 1,3B,Blue 4,,4a,,,kitty,3b,long feathers,egg,,black stars,,,
505,OWLZ #505,130,176.9750652512072,10,cool blue,Gray,1A,Orange 1,2000B,2a,,,,5a,,green,,owls,,bat,
403,OWLZ #403,131,176.63093343864313,8,cool blue,Violet 1,3B,Blue 2,,5,,,,4b,,white,,ducks,,,
171,OWLZ #171,132,176.3898467776463,9,matrix,Blue 1,1A,Green 1,2000B,2a,,,red cocktail,2c,,,,,"pink, dots",,
2076,OWLZ #2076,133,175.89776248299717,9,cool blue,Blue 2,2C,Green 2,,5,,,,4b,brain slug,green,,red,,,
252,OWLZ #252,134,175.3657223022598,8,pea,Blue 2,2C,Blue 4,,5,,,,3c,pirate hat,,,,"orange, shrooms",,
244,OWLZ #244,135,175.27539363818244,10,cool blue,Blue 1,3B,Green 1,,1a,,,house red,3b,,pink,,black stars,,bat,
450,OWLZ #450,136,174.81753836864564,9,cool blue,Gray,1B,Light blue,2000B,6,,,covfefe,1c,,,,,"pink, leaves",,
591,OWLZ #591,137,174.7057270686617,10,rays,Violet 1,2b,Orange 4,,5a,,,covfefe,2c,headphones,egg,,red,,,
482,OWLZ #482,138,173.5108469340474,8,matrix,Orange 2,3A,Orange 4,,6b,,,handgun,5b,,,,,"orange, leaves",,
600,OWLZ #600,139,173.28778484907937,8,pea,Orange 1,3B,Orange 1,SP goggles,1b,,,,2a,,,,,"green, flowers",,
613,OWLZ #613,140,172.82542084907132,9,matrix,Gray,3A,Green 2,,5,,,blue cocktail,2a,,"avocado, yellow",,green stripes,,,
87,OWLZ #87,141,172.1550736904217,10,cool blue,Gray,1B,Blue 1,SP goggles,2b,,,coffee,3b,,white,,green stripes,,,
163,OWLZ #163,142,171.93102028188238,8,coral,Blue 2,2A,Blue 1,SP goggles,1b,,,,5a,,,,,"green, dots",,
2196,OWLZ #2196,143,171.81798672574422,9,pea,Violet 1,2A,Light blue,,1,,,blue cocktail,2b,,,,,"pink, leaves",black,
275,OWLZ #275,144,171.50217292758856,9,matrix,Blue 1,1B,Green 5,1970Y,4,,,burger,2c,,,,,"orange, leaves",,
342,OWLZ #342,145,171.08396058278248,10,cool blue,Blue 1,2A,Green 4,,6,,,house white,1c,long feathers,egg,,black stars,,,
2180,OWLZ #2180,146,171.0242217930437,10,cool blue,Violet 1,3A,Blue 4,,3,,,house white,1a,,white,,pink stripes,,bat,
350,OWLZ #350,147,170.95525990876294,10,cool blue,Gray,2A,Light blue,,5,,,cappuccino,1b,short violet,"avocado, yellow",,green stripes,,,
2130,OWLZ #2130,148,170.67549860612317,10,rays,Violet 1,1A,Blue 3,,3a,,,cappuccino,1b,short violet,,,,"orange, shrooms",white,
503,OWLZ #503,149,169.9752192255446,9,cool blue,Blue 1,2A,Blue 1,,2,,,house white,3c,headphones,,,,Panther P,,
603,OWLZ #603,150,169.43209353572743,8,rays,Orange 1,2C,Light blue,,5,,,kitty,2b,,,,,Panther P,,
63,OWLZ #63,151,168.92512462288343,10,cool blue,Orange 1,2A,Light blue,2000B,3a,,,cappuccino,5b,headphones,,,,"pink, dots",,
200,OWLZ #200,152,168.25854867021988,9,cool blue,Blue 1,2b,Orange 3,,1b,,,handgun,4b,,ducks,,green stripes,,,
257,OWLZ #257,153,168.00986800961303,9,tezos,Blue 2,1B,Blue 3,,3a,,,pink handgun,1a,,white,,red,,,
497,OWLZ #497,154,167.69083062691496,8,cool blue,Orange 2,1B,Orange 4,,1b,,,,3c,pirate hat,,,,"green, leaves",,
458,OWLZ #458,155,167.64996881874274,8,coral,Gray,3B,Blue 4,,3b,,,kitty,4a,,,,,Panther P,,
118,OWLZ #118,156,167.52666926869148,9,pea,Violet 1,2A,Light blue,,5a,,,handgun,4a,short green,,,,"green, dots",,
419,OWLZ #419,157,167.20111256156554,9,pea,Blue 1,3A,Green 1,,2b,,,,1b,bowler hat,"avocado, yellow",,green stripes,,,
192,OWLZ #192,158,166.26927804259986,9,pea,Gray,2b,Orange 1,,1,,,covfefe,5c,,ducks,,owls,,,
515,OWLZ #515,159,166.02009604184585,10,cool blue,Orange 1,1A,Orange 1,1970Y,6,,,coffee,3c,long feathers,,,,"green, leaves",,
577,OWLZ #577,160,166.0035247163332,10,matrix,Gray,1A,Blue 1,,4b,beak ring,,cappuccino,1a,short green,,,,"orange, dots",,
273,OWLZ #273,161,165.9672640335783,10,matrix,Blue 2,1B,Green 4,,4,beak ring,,house red,3a,,green,,red,,,
395,OWLZ #395,162,165.20570063379125,10,pea,Gray,3A,Green 1,,6b,,,burger,2a,headphones,,,,body armor,black,
524,OWLZ #524,163,164.7034661097641,9,tezos,Blue 1,1B,Orange 1,1970Y,4a,,,kitty,5a,,,,,body armor,,
300,OWLZ #300,164,164.53641935583966,9,cool blue,Gray,2A,Blue 3,1970Y,6a,,,cappuccino,1a,,,,,Tony M,,
80,OWLZ #80,165,164.27935726588146,9,pea,Blue 2,2A,Green 4,,1a,,,,5a,,green,,owls,,bat,
331,OWLZ #331,166,163.9306149042036,10,pea,Gray,3A,Green 4,,3b,,,blue cocktail,5b,bowler hat,egg,,pink stripes,,,
440,OWLZ #440,167,163.88025824265455,10,tezos dark,Gray,3A,Orange 4,,1b,,,house red,3b,short green,pink,,black stars,,,
241,OWLZ #241,168,163.568946310647,9,rays,Blue 2,3B,Orange 4,,3b,,,,3a,,white,,pink stripes,,bat,
538,OWLZ #538,169,163.54616015991206,10,cool blue,Violet 1,1B,Blue 2,,2a,smoke pipe,,house white,3c,,pink,,green stripes,,,
70,OWLZ #70,170,163.19935474097198,10,tezos,Gray,3C,Blue 4,2000B,2a,,,coffee,5c,,white,,green stripes,,,
410,OWLZ #410,171,161.75264028018154,9,pea,Orange 1,3A,Blue 3,1970Y,1a,,,,4b,headphones,,,,"colors, patterns",,
2158,OWLZ #2158,172,161.18165792143745,9,matrix,Gray,3A,Orange 3,2000B,1b,,,,3c,viking helmet,,,,"orange, leaves",,
182,OWLZ #182,173,160.50310667330055,8,cool blue,Gray,2A,Blue 2,,5a,,,,1a,long feathers,,,,pink hoodie,,
247,OWLZ #247,174,160.42962985096287,9,rays,Violet 1,1A,Blue 3,,4a,,,,2b,bowler hat,,,,"green, flowers",black,
93,OWLZ #93,175,160.06049192635194,9,cool blue,Blue 2,1B,Green 5,,4,,,blue cocktail,2a,short green,,,,Tony M,,
152,OWLZ #152,176,159.48484332789482,9,tezos dark,Blue 2,2A,Green 5,,3a,,,house red,1a,,,,,"orange, dots",black,
158,OWLZ #158,177,159.40521112205911,8,cool blue,Blue 1,1B,Orange 4,,5,,,,5b,,,,,Panther P,black,
174,OWLZ #174,178,158.4304174169869,8,pea,Gray,1A,Blue 1,,1b,,,,3c,pirate hat,,,,"orange, leaves",,
160,OWLZ #160,179,158.3971169744706,9,coral,Orange 2,1A,Green 2,,3a,,,,4b,short green,"avocado, yellow",,green stripes,,,
530,OWLZ #530,180,157.90669770577483,8,cool blue,Blue 2,3B,Green 1,,4a,,,,2b,bowler hat,,,,Panther P,,
420,OWLZ #420,181,157.82690173712928,8,coral,Orange 1,3A,Orange 3,,5,beak ring,,,5b,,,,,"pink, leaves",,
13,OWLZ #13,182,157.56976693421254,9,pea,Orange 2,1B,Blue 2,,3,,,red cocktail,4a,short violet,,,,"green, shrooms",,
38,OWLZ #38,183,157.0715409993962,9,cool blue,Violet 1,2A,Blue 4,,1a,,,,3a,short green,"avocado, yellow",,pink stripes,,,
2084,OWLZ #2084,184,157.01154816148352,10,cool blue,Orange 1,1B,Blue 2,2000B,4a,,,blue cocktail,1a,,,,,"colors, patterns",white,
513,OWLZ #513,185,155.988419216236,10,tezos dark,Violet 1,3A,Light blue,1970Y,3,,,coffee,2c,,pink,,red,,,
111,OWLZ #111,186,155.845646182836,9,tezos,Blue 1,1A,Green 2,,6,,,blue cocktail,5a,viking helmet,,,,"green, flowers",,
2063,OWLZ #2063,187,155.8200922633767,9,pea,Orange 1,3B,Blue 2,,2b,,,pink handgun,2a,,pink,,red,,,
2091,OWLZ #2091,188,155.44188773493917,9,coral,Blue 1,2A,Orange 1,,3,,,,4a,bowler hat,ducks,,red,,,
602,OWLZ #602,189,155.0466005004106,10,cool blue,Orange 1,2C,Light blue,,6a,,,coffee,2a,,white,,green stripes,,bat,
2097,OWLZ #2097,190,155.020877481002,8,tezos dark,Blue 2,1B,Green 1,,6a,,,covfefe,5c,,,,,"pink, dots",,
288,OWLZ #288,191,154.7331605732935,9,coral,Gray,1A,Blue 1,,3b,,,house white,3c,viking helmet,,,,"orange, leaves",,
2164,OWLZ #2164,192,154.7009331473829,10,pea,Blue 2,3A,Blue 3,,5a,,,house white,1b,,egg,,green stripes,,white,
470,OWLZ #470,193,154.60698138826308,8,tezos,Orange 1,2A,Green 2,,3a,,,coffee,1a,,,,,pink hoodie,,
328,OWLZ #328,194,154.59744059155395,8,cool blue,Orange 2,3C,Blue 3,,2a,,,red cocktail,5b,,,,,"orange, dots",,
2147,OWLZ #2147,195,153.57684946603436,8,tezos dark,Orange 2,1A,Orange 1,,3a,,,cappuccino,1b,,,,,Panther P,,
593,OWLZ #593,196,153.50193369228376,9,pea,Gray,3A,Green 1,,1,,,,3b,viking helmet,,,,"orange, shrooms",black,
2122,OWLZ #2122,197,153.26887282403126,8,matrix,Blue 2,3B,Blue 2,,2a,,,,5a,,"avocado, yellow",,pink stripes,,,
337,OWLZ #337,198,153.2662878274396,8,tezos,Blue 1,1A,Blue 2,,6,,,red cocktail,3b,,,,,"pink, dots",,
210,OWLZ #210,199,153.18556146370327,9,coral,Orange 2,3C,Green 5,,6,,,red cocktail,2b,,green,,black stars,,,
272,OWLZ #272,200,152.97349979289137,9,tezos dark,Blue 1,3A,Green 1,,6,,,coffee,5a,long feathers,,,,"colors, patterns",,
506,OWLZ #506,201,152.92599384489264,9,matrix,Blue 2,2A,Orange 3,,6a,smoke pipe,,,4a,,green,,green stripes,,,
2203,OWLZ #2203,202,152.8552515737701,8,rays,Orange 1,1A,Green 1,,1,smoke pipe,,,5a,,,,,"orange, dots",,
22,OWLZ #22,203,152.37270589360608,9,rays,Orange 2,3A,Green 4,,6,,,burger,2a,long feathers,,,,"green, leaves",,
81,OWLZ #81,204,152.25353592701364,9,cool blue,Orange 1,3B,Green 5,,3b,,,,4b,viking helmet,,,,"orange, leaves",black,
467,OWLZ #467,205,152.08646705529472,9,pea,Orange 1,3A,Orange 1,,3,,,house white,4a,headphones,,,,"colors, patterns",,
147,OWLZ #147,206,151.78756216068908,10,cool blue,Blue 2,2A,Orange 4,,2a,,,,5b,bowler hat,pink,,green stripes,,black,
2178,OWLZ #2178,207,151.2554033550582,9,tezos dark,Orange 1,3B,Orange 4,2000B,2,,,cappuccino,3a,,,,,"green, flowers",,
2137,OWLZ #2137,208,151.17655305462085,10,cool blue,Blue 2,3B,Orange 3,2000B,2b,smoke pipe,,,4b,,green,,red,,,
213,OWLZ #213,209,151.03850416320626,8,cool blue,Blue 2,1A,Green 1,,1,,,,5c,short green,,,,pink hoodie,,
433,OWLZ #433,210,150.70844916241185,10,pea,Blue 2,1A,Green 5,,3a,,,burger,1b,bowler hat,pink,,pink stripes,,,
61,OWLZ #61,211,150.4285716851894,10,tezos,Gray,2A,Blue 1,,3b,,,,1c,viking helmet,white,,red,,black,
193,OWLZ #193,212,150.19344322559675,8,rays,Blue 2,3A,Blue 1,,6b,,,covfefe,3a,,,,,Tony M,,
2156,OWLZ #2156,213,150.17954052340994,10,cool blue,Violet 1,3C,Blue 1,,1a,,,cappuccino,3c,headphones,pink,,black stars,,,
34,OWLZ #34,214,149.93093269024305,9,cool blue,Orange 1,3B,Green 4,,4,,,house red,5b,bowler hat,,,,"green, leaves",,
2168,OWLZ #2168,215,149.78620940037084,9,pea,Violet 1,1B,Blue 2,,2a,,,covfefe,2c,,pizza,,black stars,,,
2157,OWLZ #2157,216,149.42064209267514,9,coral,Blue 1,3C,Blue 3,,2b,,,covfefe,2c,,pink,,black stars,,,
2102,OWLZ #2102,217,149.4086246723498,8,coral,Violet 1,3B,Orange 1,,3a,,,covfefe,3c,,,,,Tony M,,
125,OWLZ #125,218,149.15691811090616,10,rays,Gray,3B,Blue 2,,4b,,,cappuccino,3a,short violet,ducks,,green stripes,,,
389,OWLZ #389,219,148.66241349168197,9,cool blue,Blue 2,2C,Blue 4,,6a,,,house red,5a,,,,,"orange, dots",white,
466,OWLZ #466,220,148.1866241939514,9,cool blue,Orange 1,3B,Green 4,,6a,,,,1c,pirate hat,white,,red,,,
148,OWLZ #148,221,147.71109665676093,8,tezos dark,Gray,1B,Blue 1,,1,,,house white,5c,,,,,all black,,
67,OWLZ #67,222,147.67558817116608,10,cool blue,Blue 1,2b,Green 2,,1a,,,blue cocktail,1c,viking helmet,pink,,green stripes,,,
514,OWLZ #514,223,147.50526674947332,9,rays,Blue 1,1A,Blue 2,,5a,,,,3b,,pink,,green stripes,,bat,
233,OWLZ #233,224,147.48692617168223,8,cool blue,Orange 2,1B,Orange 3,,5a,,,handgun,3c,,,,,"green, shrooms",,
329,OWLZ #329,225,146.83847382093683,10,cool blue,Orange 2,1B,Green 5,,4,,,kitty,3a,viking helmet,white,,green stripes,,,
545,OWLZ #545,226,146.34769918550592,7,rays,Gray,3B,Light blue,,4a,,,,3a,,,,,pink hoodie,,
131,OWLZ #131,227,145.9647017506745,9,tezos,Gray,2b,Blue 2,,1,,,covfefe,2a,short green,,,,grey hoodie,,
375,OWLZ #375,228,145.88172834612246,9,cool blue,Orange 2,3A,Orange 1,,6a,,,pink handgun,1a,,white,,pink stripes,,,
295,OWLZ #295,229,145.71558798250393,8,tezos dark,Violet 1,3B,Blue 4,,2b,,,,1a,,pizza,,owls,,,
108,OWLZ #108,230,145.65962007756036,9,coral,Orange 1,3B,Green 5,,6a,,,kitty,3b,,,,,"orange, leaves",black,
2073,OWLZ #2073,231,145.58711385512018,8,rays,Violet 1,1A,Green 1,,1a,,,,1c,bowler hat,,,,"orange, shrooms",,
2086,OWLZ #2086,232,145.31099363231556,10,cool blue,Blue 1,1A,Orange 4,,4a,,,coffee,5a,long feathers,white,,black stars,,,
313,OWLZ #313,233,144.88721003386175,9,cool blue,Orange 1,1A,Blue 4,,3a,smoke pipe,,,1c,,pink,,pink stripes,,,
393,OWLZ #393,234,144.556769779297,10,pea,Orange 1,2C,Green 1,2000B,5,beak ring,,,3b,,white,,black stars,,,
2173,OWLZ #2173,235,144.36281951646066,9,cool blue,Blue 2,3A,Blue 3,,2a,,,cappuccino,3b,viking helmet,,,,"orange, dots",,
417,OWLZ #417,236,144.16889906622475,9,tezos,Blue 2,1B,Orange 4,1970Y,1b,,,,4b,,white,,black stars,,,
194,OWLZ #194,237,144.1441759719975,9,coral,Blue 2,3A,Light blue,,6a,smoke pipe,,,3b,,pink,,green stripes,,,
330,OWLZ #330,238,143.9216196830926,9,cool blue,Gray,2b,Green 1,2000B,4a,,,house white,4a,,,,,"pink, shrooms",,
140,OWLZ #140,239,143.912490264843,10,cool blue,Orange 1,3B,Blue 2,,6b,,,kitty,2c,viking helmet,pink,,green stripes,,,
2189,OWLZ #2189,240,143.8481042651459,7,matrix,Violet 1,3A,Blue 1,,6b,,,,5a,,,,,Panther P,,
114,OWLZ #114,241,143.80167175791067,9,coral,Blue 1,2C,Green 1,,5,,,coffee,1a,,"avocado, yellow",,red,,,
2117,OWLZ #2117,242,143.609064051105,9,cool blue,Violet 1,2C,Green 1,,4a,,,coffee,4b,viking helmet,,,,all black,,
2186,OWLZ #2186,243,143.42505378812902,9,cool blue,Orange 2,3A,Blue 4,,2,,,house white,3a,,egg,,owls,,,
191,OWLZ #191,244,143.1978415325924,10,cool blue,Orange 1,1A,Orange 1,,2a,,,blue cocktail,1a,short green,pizza,,green stripes,,,
179,OWLZ #179,245,143.1776215090782,9,tezos,Gray,1A,Green 1,,3b,,,coffee,2a,short green,,,,all black,,
224,OWLZ #224,246,143.09742941847932,9,rays,Blue 2,2C,Green 1,,3b,,,coffee,5b,viking helmet,,,,grey hoodie,,
23,OWLZ #23,247,143.03586435931075,10,cool blue,Violet 1,3A,Green 1,,6,,,cappuccino,3c,bowler hat,pink,,owls,,,
2175,OWLZ #2175,248,142.84796062650378,10,pea,Gray,1A,Blue 2,,2b,,,house red,4b,bowler hat,white,,red,,,
351,OWLZ #351,249,142.52913522648893,10,pea,Blue 2,2C,Green 1,1970Y,4a,,,covfefe,3b,,white,,red,,,
40,OWLZ #40,250,142.4773560336377,8,tezos,Orange 1,2b,Blue 3,,6,,,red cocktail,2c,,,,,grey hoodie,,
376,OWLZ #376,251,142.40631911547936,10,pea,Gray,3A,Orange 3,,4,,,,3a,short violet,egg,,red,,black,
392,OWLZ #392,252,142.33510304115674,10,pea,Blue 2,3A,Blue 2,,3a,,,cappuccino,1b,short green,pizza,,green stripes,,,
512,OWLZ #512,253,142.15181874674644,9,rays,Orange 1,2b,Blue 3,,3,,,house white,3c,,pink,,owls,,,
2215,OWLZ #2215,254,142.0530049842904,10,cool blue,Gray,1B,Orange 1,,5a,,,house red,2b,viking helmet,white,,pink stripes,,,
2143,OWLZ #2143,255,142.00272056589253,10,cool blue,Orange 1,2b,Blue 3,,4a,beak ring,,blue cocktail,3a,,green,,pink stripes,,,
110,OWLZ #110,256,141.87883977803904,9,cool blue,Orange 1,3B,Blue 1,,6b,,,kitty,5a,headphones,,,,"orange, shrooms",,
32,OWLZ #32,257,141.82643617655705,9,cool blue,Orange 2,1B,Blue 4,,5,,,,3b,long feathers,egg,,pink stripes,,,
464,OWLZ #464,258,141.62906146613813,9,tezos,Orange 2,3A,Orange 1,,6,,,kitty,4b,short green,,,,body armor,,
281,OWLZ #281,259,141.52617403967852,8,pea,Gray,1B,Green 4,,1b,,,,2a,viking helmet,,,,"pink, shrooms",,
196,OWLZ #196,260,141.3835605251035,9,coral,Orange 2,2b,Blue 1,,4a,,,blue cocktail,2b,,,,,"orange, dots",white,
510,OWLZ #510,261,141.33396579045083,9,cool blue,Violet 1,2A,Blue 3,,2a,,,house red,2a,short green,,,,body armor,,
26,OWLZ #26,262,141.0520894344019,9,rays,Blue 1,2C,Green 2,,1a,,,blue cocktail,1c,short violet,,,,"green, flowers",,
263,OWLZ #263,263,140.96749534547067,9,cool blue,Orange 2,3C,Blue 2,,6a,,,blue cocktail,4a,,egg,,red,,,
293,OWLZ #293,264,140.8155259420698,10,cool blue,Orange 1,2A,Blue 2,,2,,,covfefe,3a,short green,white,,owls,,,
42,OWLZ #42,265,140.77217741412014,8,tezos dark,Orange 2,1B,Blue 4,,6,,,burger,4a,,,,,"green, shrooms",,
2151,OWLZ #2151,266,140.65904109702848,9,pea,Orange 1,2C,Blue 4,,1a,,,blue cocktail,3a,,ducks,,green stripes,,,
91,OWLZ #91,267,140.65480018940355,9,tezos,Blue 1,3B,Green 1,,2b,,,red cocktail,5c,,egg,,red,,,
575,OWLZ #575,268,140.59912761068725,10,matrix,Gray,3A,Blue 1,,4b,,,house white,3a,,green,,red,,white,
153,OWLZ #153,269,140.09795823216055,10,rays,Violet 1,2C,Light blue,,2b,,,kitty,1a,headphones,white,,red,,,
28,OWLZ #28,270,139.9704743342854,10,cool blue,Orange 1,3B,Green 4,,5a,beak ring,,covfefe,1a,,white,,pink stripes,,,
209,OWLZ #209,271,139.6367317406527,10,pea,Violet 1,1A,Blue 1,,2,,,burger,4b,long feathers,green,,red,,,
434,OWLZ #434,272,139.56498509523442,9,cool blue,Blue 2,3A,Orange 4,,1,beak ring,,coffee,3a,,,,,"green, leaves",,
73,OWLZ #73,273,139.5355024547324,8,cool blue,Blue 2,2A,Blue 3,,3a,,,house red,2b,,,,,"pink, dots",,
216,OWLZ #216,274,138.9471734803128,8,pea,Gray,2C,Green 4,1970Y,6,,,,1c,,,,,"colors, patterns",,
412,OWLZ #412,275,138.94546132136048,9,tezos dark,Blue 1,2b,Blue 1,,1a,,,coffee,3c,headphones,,,,"green, flowers",,
2198,OWLZ #2198,276,138.8537558147872,8,cool blue,Blue 1,2C,Blue 4,,4b,,,cappuccino,3c,,,,,Panther P,,
366,OWLZ #366,277,138.6472920696302,8,cool blue,Gray,3B,Orange 4,,6b,,,blue cocktail,3b,,,,,"pink, dots",,
2219,OWLZ #2219,278,138.62520594334418,9,cool blue,Blue 1,3B,Orange 3,,2b,,,,5c,headphones,ducks,,red,,,
360,OWLZ #360,279,138.55337370195437,10,matrix,Orange 1,2A,Orange 3,,2a,,,blue cocktail,2c,,white,,red,,black,
580,OWLZ #580,280,138.52866261091745,9,coral,Orange 1,1B,Blue 3,,1b,smoke pipe,,,5b,,white,,red,,,
12,OWLZ #12,281,138.45613439095632,9,cool blue,Orange 1,3A,Green 4,,2a,,,house white,2c,,,,,"green, leaves",white,
2206,OWLZ #2206,282,138.415917390696,10,cool blue,Violet 1,1A,Green 2,2000B,3a,beak ring,,,1b,,pink,,red,,,
268,OWLZ #268,283,138.34862932670097,9,coral,Blue 2,3B,Orange 3,,1,,,coffee,3a,long feathers,,,,"green, dots",,
2172,OWLZ #2172,284,138.22116612864383,9,cool blue,Blue 2,2b,Blue 3,1970Y,1,,,coffee,1a,,,,,grey hoodie,,
582,OWLZ #582,285,138.08336922901262,9,coral,Orange 2,1B,Green 5,,6a,,,house white,2c,short green,,,,grey hoodie,,
239,OWLZ #239,286,137.98717818270848,8,cool blue,Blue 2,3C,Blue 1,,6b,,,kitty,1a,,,,,"orange, dots",,
576,OWLZ #576,287,137.73011972765048,9,rays,Gray,1B,Blue 1,,2,,,burger,5a,,ducks,,green stripes,,,
109,OWLZ #109,288,137.67583641808773,8,cool blue,Orange 2,1B,Orange 1,,5a,,,,3a,short green,,,,Panther P,,
2149,OWLZ #2149,289,137.4652436877076,8,coral,Gray,1A,Blue 1,,6,,,,3c,short violet,,,,"pink, leaves",,
373,OWLZ #373,290,137.07871278862822,8,matrix,Orange 1,1B,Blue 3,,2b,,,cappuccino,2c,,,,,all black,,
594,OWLZ #594,291,137.07034738625154,9,cool blue,Gray,2A,Green 4,,3,,,,4b,,pizza,,green stripes,,black,
150,OWLZ #150,292,137.00530356784066,9,cool blue,Blue 1,2A,Green 1,,5,,,house white,3a,,ducks,,black stars,,,
542,OWLZ #542,293,136.49270791303096,8,tezos,Orange 1,1B,Green 2,,3b,,,,3b,,pizza,,pink stripes,,,
306,OWLZ #306,294,136.41149890933008,9,cool blue,Orange 2,3A,Orange 3,,6b,,,red cocktail,2b,short violet,,,,"green, leaves",,
286,OWLZ #286,295,136.40894120504527,8,tezos,Violet 1,3B,Blue 1,,6,,,red cocktail,2a,,,,,"orange, shrooms",,
438,OWLZ #438,296,136.3941114632688,9,pea,Gray,2A,Blue 3,,4a,,,handgun,5a,,white,,green stripes,,,
598,OWLZ #598,297,136.20472057659953,8,rays,Violet 1,3A,Orange 4,,6a,,,covfefe,2b,,,,,grey hoodie,,
82,OWLZ #82,298,136.00930873194,8,cool blue,Blue 1,1A,Orange 1,,1b,,,,2c,viking helmet,,,,all black,,
95,OWLZ #95,299,135.89573934039262,9,tezos,Gray,2A,Green 5,,1b,,,coffee,4b,short violet,,,,body armor,,
428,OWLZ #428,300,135.778940870226,10,coral,Orange 2,3A,Orange 3,,4b,,,,5c,short violet,green,,red,,white,
462,OWLZ #462,301,135.3243346535113,10,cool blue,Gray,1A,Orange 1,2000B,6a,,,,2b,bowler hat,white,,pink stripes,,,
324,OWLZ #324,302,135.1780452187773,9,cool blue,Orange 2,2b,Light blue,,2b,,,handgun,1b,,white,,red,,,
249,OWLZ #249,303,134.9476287296394,9,tezos dark,Orange 2,3B,Blue 4,,2,,,,3c,short violet,white,,owls,,,
215,OWLZ #215,304,134.76730570799404,8,coral,Blue 2,1B,Green 2,,6a,,,red cocktail,2b,,,,,"green, shrooms",,
246,OWLZ #246,305,134.69452587151787,9,coral,Gray,1B,Orange 3,,6b,,,red cocktail,2b,,egg,,red,,,
616,OWLZ #616,306,134.47896374870484,8,cool blue,Gray,3B,Green 2,,2,,,,5a,,"avocado, yellow",,red,,,
65,OWLZ #65,307,134.47318507752786,8,pea,Violet 1,2b,Orange 3,,3a,,,covfefe,3a,,,,,"pink, shrooms",,
97,OWLZ #97,308,134.23955762191494,8,cool blue,Orange 2,3A,Blue 1,,3,,,red cocktail,2b,,,,,all black,,
519,OWLZ #519,309,133.7756052899972,7,coral,Orange 2,1A,Orange 1,,3a,,,,4a,,,,,Tony M,,
555,OWLZ #555,310,133.27336804364631,9,cool blue,Orange 2,2A,Blue 1,,4a,,,cappuccino,2b,viking helmet,,,,"orange, dots",,
159,OWLZ #159,311,133.18048887707914,8,cool blue,Orange 1,2A,Green 2,,2b,,,house red,5c,,,,,"pink, shrooms",,
422,OWLZ #422,312,132.7633400809938,8,cool blue,Orange 1,2C,Blue 2,,4b,,,house red,4a,,,,,all black,,
311,OWLZ #311,313,131.88034937688886,8,cool blue,Orange 1,1B,Orange 4,,4b,,,,1b,,,,,"pink, shrooms",black,
58,OWLZ #58,314,131.8473484033836,9,pea,Orange 2,3B,Orange 1,,4b,,,cappuccino,4a,headphones,,,,"orange, dots",,
332,OWLZ #332,315,131.5278571608433,8,matrix,Orange 1,1B,Orange 1,,4b,,,coffee,1b,,,,,"pink, dots",,
17,OWLZ #17,316,131.5189666036107,9,rays,Violet 1,3A,Orange 3,,6,,,cappuccino,4b,headphones,,,,grey hoodie,,
190,OWLZ #190,317,131.4367399718805,7,cool blue,Gray,2A,Green 5,,2b,,,,1a,,,,,pink hoodie,,
452,OWLZ #452,318,131.4211988575669,9,cool blue,Blue 1,2A,Orange 1,,6a,,,covfefe,2c,,ducks,,green stripes,,,
429,OWLZ #429,319,131.21460181047442,10,pea,Blue 1,2A,Blue 2,,4a,,,cappuccino,5a,,egg,,red,,black,
2187,OWLZ #2187,320,131.1332559416953,10,pea,Orange 1,1B,Blue 1,,1b,beak ring,,blue cocktail,3a,,white,,red,,,
2216,OWLZ #2216,321,130.9197631862767,7,cool blue,Orange 1,3B,Blue 3,,1b,,,,3b,,,,,Tony M,,
226,OWLZ #226,322,130.90418769489463,7,matrix,Violet 1,3B,Blue 1,,5a,,,,5c,,,,,"pink, dots",,
304,OWLZ #304,323,130.82763125861865,9,tezos dark,Violet 1,1A,Green 5,,2b,,,kitty,5a,,green,,black stars,,,
287,OWLZ #287,324,130.6422810434424,7,cool blue,Blue 2,2C,Green 4,,1a,,,,4b,,,,,"pink, leaves",,
2099,OWLZ #2099,325,130.41259656276284,10,coral,Orange 1,1A,Blue 1,,3b,,,blue cocktail,3c,headphones,green,,green stripes,,,
2070,OWLZ #2070,326,130.4042551546082,8,coral,Orange 1,3A,Blue 1,,4b,,,,5b,bowler hat,,,,"pink, shrooms",,
6,OWLZ #6,327,130.40155948211384,8,pea,Violet 1,2C,Green 5,,1,,,,1c,headphones,,,,"green, shrooms",,
615,OWLZ #615,328,130.37926262324768,9,cool blue,Violet 1,1B,Orange 1,,3b,,,burger,5a,short green,,,,"orange, leaves",,
2195,OWLZ #2195,329,130.32738807638415,9,cool blue,Orange 1,2A,Green 1,,5a,,,house white,1a,short violet,,,,"orange, shrooms",,
559,OWLZ #559,330,130.2578473452374,10,cool blue,Gray,1A,Blue 2,,3b,,,blue cocktail,2c,,pink,,red,,white,
2098,OWLZ #2098,331,130.2156986056204,8,cool blue,Orange 2,1B,Blue 1,,1a,,,,1c,viking helmet,,,,body armor,,
421,OWLZ #421,332,130.12668104584478,7,cool blue,Violet 1,1B,Orange 1,,5a,,,,5c,,,,,"pink, leaves",,
345,OWLZ #345,333,130.02173770089257,8,cool blue,Blue 2,2C,Blue 2,,3b,,,covfefe,5a,,,,,"pink, shrooms",,
597,OWLZ #597,334,130.02141769069658,8,coral,Blue 1,2b,Blue 3,,3,,,blue cocktail,3a,,,,,"colors, patterns",,
262,OWLZ #262,335,129.98651901249366,9,rays,Violet 1,2A,Blue 3,,1a,,,,3c,,white,,owls,,black,
2136,OWLZ #2136,336,129.86243458472055,9,tezos,Blue 2,1B,Green 1,,6a,,,,1b,long feathers,pink,,black stars,,,
549,OWLZ #549,337,129.7072256713052,9,cool blue,Gray,2A,Orange 1,,3b,,,handgun,1a,,white,,pink stripes,,,
499,OWLZ #499,338,129.5468416082976,8,rays,Violet 1,3A,Blue 1,,2,,,house red,1c,,,,,body armor,,
164,OWLZ #164,339,129.48290551109298,8,pea,Blue 1,1A,Green 4,,6a,,,blue cocktail,3c,,,,,"pink, dots",,
123,OWLZ #123,340,129.42537436966666,8,cool blue,Orange 2,3A,Blue 4,,1,,,house red,4b,,,,,all black,,
607,OWLZ #607,341,129.36554117339284,8,tezos dark,Orange 1,2C,Blue 1,,2,,,blue cocktail,5a,,,,,body armor,,
490,OWLZ #490,342,129.02106916650706,8,rays,Violet 1,2A,Orange 4,,4a,,,,1b,,pizza,,green stripes,,,
584,OWLZ #584,343,128.9496382908071,8,tezos,Violet 1,1A,Orange 3,,1,,,kitty,4b,,,,,grey hoodie,,
78,OWLZ #78,344,128.64273199308994,7,cool blue,Gray,3C,Light blue,,5a,,,,3a,,,,,body armor,,
608,OWLZ #608,345,128.62714678280776,8,cool blue,Blue 1,2b,Orange 4,,5a,,,,1b,,,,,"colors, patterns",black,
177,OWLZ #177,346,128.4498875613664,9,cool blue,Gray,2C,Blue 1,,4a,beak ring,,coffee,3a,,,,,"orange, leaves",,
2138,OWLZ #2138,347,128.2290838881879,7,matrix,Blue 1,2C,Orange 3,,2,,,,5c,,,,,"colors, patterns",,
413,OWLZ #413,348,128.08236891347727,9,cool blue,Orange 2,3A,Green 5,,1a,,,coffee,3c,,,,,"green, shrooms",black,
552,OWLZ #552,349,127.98625680128926,10,cool blue,Orange 2,2C,Orange 1,,1b,,,blue cocktail,1a,short green,white,,owls,,,
548,OWLZ #548,350,127.91038242152447,8,coral,Blue 2,2b,Green 4,,1a,,,kitty,3b,,,,,"green, dots",,
2176,OWLZ #2176,351,127.68049555151391,9,pea,Blue 1,3A,Green 2,2000B,1b,,,coffee,4b,,,,,body armor,,
2083,OWLZ #2083,352,127.58191015771334,9,rays,Orange 2,2b,Green 2,,2,,,,4b,viking helmet,pink,,red,,,
446,OWLZ #446,353,127.5596608379893,10,pea,Gray,3A,Green 5,,1,,,burger,5b,,green,,red,,white,
113,OWLZ #113,354,127.47864874741157,8,cool blue,Gray,2A,Blue 1,,6a,,,,3b,long feathers,,,,"pink, shrooms",,
2144,OWLZ #2144,355,127.36567946973953,7,cool blue,Orange 2,3C,Orange 1,,2a,,,,4a,,,,,"green, shrooms",,
2112,OWLZ #2112,356,127.18292865455284,9,pea,Orange 2,3B,Green 1,,2a,,,,1a,bowler hat,egg,,red,,,
477,OWLZ #477,357,127.00734559755077,9,cool blue,Orange 2,2C,Blue 1,,1b,,,,1b,short violet,pizza,,pink stripes,,,
521,OWLZ #521,358,126.95511615592432,8,pea,Blue 1,2A,Green 4,,4b,,,blue cocktail,3b,,,,,all black,,
371,OWLZ #371,359,126.95061818840095,10,pea,Orange 2,2b,Orange 1,,4,,,burger,4a,short green,white,,green stripes,,,
569,OWLZ #569,360,126.88182393991934,9,coral,Gray,3A,Green 2,,2a,,,cappuccino,2a,,ducks,,red,,,
400,OWLZ #400,361,126.87996600308514,9,tezos,Blue 1,2C,Green 1,,5a,,,cappuccino,1a,short green,,,,body armor,,
214,OWLZ #214,362,126.81362045110502,9,tezos dark,Blue 1,2A,Blue 3,,2b,,,house red,2b,,green,,green stripes,,,
453,OWLZ #453,363,126.66713861213188,10,coral,Violet 1,3B,Orange 1,,4,,,,2a,short violet,pink,,red,,black,
2182,OWLZ #2182,364,126.39491659807328,8,rays,Orange 1,3B,Orange 1,,1,,,blue cocktail,5c,,,,,"orange, shrooms",,
15,OWLZ #15,365,126.27015099274139,9,matrix,Gray,1B,Blue 2,,4b,,,covfefe,2c,,white,,black stars,,,
280,OWLZ #280,366,126.17870651957791,10,cool blue,Orange 2,2C,Blue 3,,6a,,,burger,3c,,white,,green stripes,,black,
77,OWLZ #77,367,126.08040020455107,8,tezos dark,Gray,3A,Blue 1,,5a,,,red cocktail,2a,,,,,"green, leaves",,
408,OWLZ #408,368,126.01929703209322,10,cool blue,Orange 1,1A,Blue 1,,1a,beak ring,,coffee,2b,,white,,pink stripes,,,
2089,OWLZ #2089,369,125.93545948988319,9,coral,Blue 2,1A,Blue 4,,1a,,,,1b,bowler hat,green,,green stripes,,,
563,OWLZ #563,370,125.64410391669655,8,coral,Orange 2,2b,Orange 1,,2a,,,,3a,headphones,,,,"colors, patterns",,
51,OWLZ #51,371,125.5618119255719,8,rays,Blue 1,3A,Orange 1,,4b,,,burger,4a,,,,,"pink, shrooms",,
279,OWLZ #279,372,125.54901313729451,7,cool blue,Violet 1,1B,Green 2,,1,,,,1a,,,,,Tony M,,
106,OWLZ #106,373,125.40795474925805,7,cool blue,Violet 1,2C,Orange 3,,3a,,,,1a,,,,,Tony M,,
2065,OWLZ #2065,374,125.38643221131437,8,pea,Orange 1,1A,Green 1,,1,,,house red,1c,,,,,"colors, patterns",,
314,OWLZ #314,375,125.36630502332056,7,cool blue,Gray,3B,Green 4,,2a,,,,4b,,,,,"pink, leaves",,
52,OWLZ #52,376,125.30108584356174,8,coral,Blue 2,3A,Green 1,,6b,,,house white,5b,,,,,all black,,
307,OWLZ #307,377,125.15823601178589,8,rays,Gray,2C,Blue 4,,3,,,burger,2a,,,,,"green, flowers",,
48,OWLZ #48,378,124.70990571793699,9,cool blue,Orange 1,2A,Blue 3,,3,,,,2a,long feathers,green,,pink stripes,,,
127,OWLZ #127,379,124.44246004818412,8,coral,Blue 1,2C,Orange 1,,4,,,covfefe,3c,,,,,"colors, patterns",,
541,OWLZ #541,380,124.2912877010616,10,cool blue,Orange 2,1B,Green 4,,4,,,coffee,2a,,green,,green stripes,,white,
245,OWLZ #245,381,124.28770653762088,9,pea,Blue 1,3B,Green 4,,1,,,coffee,5a,,pizza,,red,,,
2177,OWLZ #2177,382,124.23750531652105,8,coral,Blue 1,2A,Green 1,,3a,,,kitty,4a,,,,,"green, shrooms",,
167,OWLZ #167,383,124.07328311658026,8,cool blue,Blue 2,1B,Green 2,,4b,,,cappuccino,4a,,,,,"pink, dots",,
2171,OWLZ #2171,384,123.95338190734341,8,cool blue,Violet 1,2b,Light blue,,1a,,,house white,2b,,,,,"green, flowers",,
2142,OWLZ #2142,385,123.6391024733036,8,rays,Orange 2,3A,Light blue,,6,,,,1a,,pizza,,black stars,,,
162,OWLZ #162,386,123.63647653523434,9,cool blue,Orange 1,2b,Green 2,,1,,,coffee,1b,headphones,,,,"green, leaves",,
483,OWLZ #483,387,123.516510947357,8,coral,Blue 1,2b,Orange 1,,2a,,,cappuccino,5c,,,,,"pink, shrooms",,
2079,OWLZ #2079,388,123.45496516586729,8,cool blue,Gray,1A,Light blue,,3a,,,house red,2b,,,,,grey hoodie,,
54,OWLZ #54,389,123.42436624849745,10,coral,Blue 1,1A,Blue 1,,1,,,,1a,short violet,green,,green stripes,,white,
195,OWLZ #195,390,123.32787329078168,9,cool blue,Orange 1,3A,Orange 1,,4a,,,blue cocktail,3c,,pizza,,pink stripes,,,
2200,OWLZ #2200,391,123.30270735940687,8,cool blue,Violet 1,2A,Light blue,,6b,,,,2c,headphones,,,,"orange, dots",,
30,OWLZ #30,392,123.29702265655395,9,cool blue,Violet 1,1A,Orange 1,,6b,,,,4a,long feathers,green,,black stars,,,
340,OWLZ #340,393,122.98485674289577,8,rays,Blue 2,2A,Green 2,,1b,,,,5c,short green,,,,"orange, leaves",,
50,OWLZ #50,394,122.87247850378658,10,cool blue,Blue 1,2A,Blue 1,2000B,6a,beak ring,,,5b,,pink,,red,,,
338,OWLZ #338,395,122.86973848694642,8,cool blue,Violet 1,1B,Green 5,,6,,,,1c,short violet,,,,"pink, shrooms",,
266,OWLZ #266,396,122.86879570355032,8,pea,Blue 1,3C,Green 4,,1a,,,,5c,,white,,pink stripes,,,
2159,OWLZ #2159,397,122.19265638775202,9,cool blue,Orange 1,2C,Green 1,,2b,,,,5c,,green,,owls,,black,
2217,OWLZ #2217,398,122.1776293781114,9,pea,Orange 1,2C,Green 5,,4a,,,red cocktail,4a,,pink,,green stripes,,,
220,OWLZ #220,399,122.10172763970284,10,cool blue,Gray,2C,Green 4,,1a,,,cappuccino,3a,,white,,pink stripes,,black,
2183,OWLZ #2183,400,122.03140470872593,9,rays,Blue 2,3B,Light blue,,2b,beak ring,,,2a,,pink,,red,,,
525,OWLZ #525,401,121.98892340567359,10,cool blue,Blue 1,2A,Blue 1,,3,beak ring,,,5b,short green,white,,red,,,
461,OWLZ #461,402,121.96947975618112,9,cool blue,Blue 1,2b,Green 2,,6b,beak ring,,,1c,,pink,,green stripes,,,
221,OWLZ #221,403,121.64358310692394,9,cool blue,Blue 1,3B,Blue 2,,2,,,cappuccino,5a,,ducks,,green stripes,,,
573,OWLZ #573,404,121.39224378009912,9,cool blue,Blue 2,3B,Orange 3,,6,,,cappuccino,3a,headphones,,,,"green, flowers",,
291,OWLZ #291,405,120.81698599992494,10,cool blue,Gray,2C,Blue 1,,6b,,,burger,1b,headphones,green,,red,,,
454,OWLZ #454,406,120.68646920867374,8,pea,Blue 2,2A,Orange 1,,3b,,,,4a,,ducks,,pink stripes,,,
2129,OWLZ #2129,407,120.61696697896944,8,pea,Violet 1,1A,Green 5,,4b,,,burger,3b,,,,,"orange, leaves",,
352,OWLZ #352,408,120.57502119743774,8,rays,Violet 1,2C,Orange 1,,6b,,,,2a,short violet,,,,"colors, patterns",,
320,OWLZ #320,409,120.56856190402434,8,cool blue,Orange 2,2C,Blue 2,,2a,,,cappuccino,2c,,,,,"pink, dots",,
3,OWLZ #3,410,120.44456291494923,7,rays,Blue 2,1B,Blue 3,,2b,,,,5b,,,,,"pink, dots",,
561,OWLZ #561,411,120.34398043066204,9,tezos dark,Blue 1,3B,Orange 3,,4,,,covfefe,5a,,white,,red,,,
349,OWLZ #349,412,120.23295241160184,9,tezos dark,Blue 1,1A,Green 2,,5,,,cappuccino,2c,,pink,,black stars,,,
368,OWLZ #368,413,120.18921531422774,8,cool blue,Orange 1,3C,Blue 1,,1,,,coffee,3b,,,,,"green, dots",,
89,OWLZ #89,414,120.1253525697249,7,tezos dark,Violet 1,2C,Green 4,,3a,,,,4b,,,,,"orange, dots",,
119,OWLZ #119,415,120.02630644558276,9,rays,Gray,3B,Blue 2,,4a,,,burger,4b,,green,,owls,,,
59,OWLZ #59,416,119.85807293650016,8,pea,Gray,3B,Blue 3,,2,,,,2c,,ducks,,green stripes,,,
2222,OWLZ #2222,417,119.81985520305554,8,rays,Blue 2,3A,Blue 1,,3,,,kitty,3b,,,,,"green, dots",,
217,OWLZ #217,418,119.6866794376356,8,cool blue,Blue 1,1A,Blue 3,,5a,,,burger,5b,,,,,"pink, shrooms",,
536,OWLZ #536,419,119.67395682998342,8,coral,Blue 2,3B,Green 1,,1,,,,2c,,,,,"orange, dots",white,
2185,OWLZ #2185,420,119.63425075494902,9,pea,Gray,2b,Green 2,,2,,,,1a,short violet,egg,,red,,,
605,OWLZ #605,421,119.53717506275909,9,cool blue,Gray,1A,Orange 1,,4b,,,blue cocktail,5b,,pizza,,red,,,
187,OWLZ #187,422,119.50547358216727,9,cool blue,Gray,3B,Orange 1,,2,,,cappuccino,3c,,ducks,,pink stripes,,,
223,OWLZ #223,423,119.39215480536912,7,rays,Gray,1A,Green 4,,3b,,,,2a,,,,,"pink, shrooms",,
343,OWLZ #343,424,119.29483223618345,8,pea,Violet 1,2b,Green 5,,4,,,,5c,short green,,,,"green, leaves",,
489,OWLZ #489,425,119.27784333668964,9,cool blue,Blue 1,2b,Blue 4,,5,,,,5a,long feathers,green,,red,,,
554,OWLZ #554,426,118.97709673067881,7,rays,Blue 1,2b,Blue 3,,1a,,,,1c,,,,,body armor,,
102,OWLZ #102,427,118.61915997357619,8,pea,Violet 1,2A,Blue 1,,3a,,,house red,5c,,,,,"green, leaves",,
206,OWLZ #206,428,118.60223083081272,8,cool blue,Blue 1,2C,Green 2,2000B,6b,,,,4b,,,,,"orange, shrooms",,
237,OWLZ #237,429,118.19015110969926,8,cool blue,Orange 2,2A,Orange 1,,4,beak ring,,,5b,,,,,"orange, leaves",,
115,OWLZ #115,430,118.1603653333206,10,rays,Orange 2,1A,Green 1,,5a,,,coffee,1b,short violet,white,,black stars,,,
35,OWLZ #35,431,117.993836957709,9,cool blue,Orange 2,3C,Green 1,,6b,,,cappuccino,4a,,green,,green stripes,,,
282,OWLZ #282,432,117.95137207697196,10,pea,Blue 2,3A,Green 2,,6b,,,coffee,2a,,green,,red,,black,
318,OWLZ #318,433,117.84848604471486,8,cool blue,Blue 2,3B,Blue 1,1970Y,3b,,,,3a,,,,,"green, leaves",,
27,OWLZ #27,434,117.83081727506016,9,pea,Orange 1,1A,Green 5,,4,,,,4a,headphones,green,,pink stripes,,,
445,OWLZ #445,435,117.47471333848308,7,coral,Violet 1,1A,Orange 4,,2b,,,,5a,,,,,"colors, patterns",,
2205,OWLZ #2205,436,117.34798825888296,9,pea,Orange 2,2b,Green 4,,4b,,,kitty,5c,,white,,red,,,
409,OWLZ #409,437,117.2300154739921,7,matrix,Blue 1,2A,Blue 4,,3a,,,,3c,,,,,body armor,,
435,OWLZ #435,438,117.14471117110253,10,tezos dark,Orange 1,3B,Blue 1,,4b,,,coffee,4b,short green,green,,green stripes,,,
2107,OWLZ #2107,439,116.84944927890544,8,cool blue,Orange 1,3A,Blue 2,,2b,,,kitty,2b,,,,,"colors, patterns",,
469,OWLZ #469,440,116.49409209362284,8,pea,Blue 2,1B,Green 1,2000B,6a,,,,2c,,,,,"orange, shrooms",,
617,OWLZ #617,441,116.31361429479819,8,cool blue,Blue 1,2A,Green 1,,2a,,,red cocktail,2a,,,,,grey hoodie,,
2128,OWLZ #2128,442,116.2965511806207,8,pea,Gray,2b,Blue 1,,3a,,,coffee,5c,,,,,"orange, shrooms",,
99,OWLZ #99,443,116.28380766556691,9,cool blue,Orange 1,1A,Blue 3,,6,,,coffee,3a,short green,,,,"green, flowers",,
181,OWLZ #181,444,116.25486942921383,8,cool blue,Gray,2b,Light blue,,3a,,,,4b,,ducks,,green stripes,,,
2114,OWLZ #2114,445,116.204117807196,7,tezos,Orange 1,3A,Blue 2,,3b,,,,3b,,,,,"colors, patterns",,
157,OWLZ #157,446,116.19025806907736,9,pea,Orange 1,2C,Blue 4,,2,,,,2b,headphones,white,,pink stripes,,,
463,OWLZ #463,447,115.9437749828579,8,cool blue,Blue 2,1A,Orange 1,,6,,,,3a,,,,,"green, shrooms",white,
443,OWLZ #443,448,115.82018000474963,8,pea,Orange 1,1A,Green 5,,3,,,cappuccino,3b,,,,,"orange, leaves",,
144,OWLZ #144,449,115.52560064612602,8,rays,Violet 1,2C,Light blue,,4a,,,,5b,short green,,,,grey hoodie,,
611,OWLZ #611,450,115.32752735667896,8,coral,Violet 1,3B,Green 1,,3b,,,,2c,short violet,,,,grey hoodie,,
533,OWLZ #533,451,115.29243614926932,7,rays,Violet 1,1B,Orange 1,,6a,,,,1b,,,,,"pink, dots",,
84,OWLZ #84,452,115.24632067222073,8,pea,Blue 2,3B,Blue 1,,6b,,,,1b,,,,,"orange, dots",white,
583,OWLZ #583,453,115.23027360346092,8,cool blue,Orange 1,2A,Light blue,,2,,,burger,2b,,,,,"green, flowers",,
19,OWLZ #19,454,115.21397022200368,7,cool blue,Blue 1,3A,Blue 2,,1,,,,5c,,,,,"pink, dots",,
276,OWLZ #276,455,115.1500283482963,8,coral,Orange 2,2A,Blue 4,,4b,,,cappuccino,5a,,,,,"orange, shrooms",,
2162,OWLZ #2162,456,115.13029294336874,8,pea,Gray,2A,Orange 3,,5a,,,coffee,2b,,,,,all black,,
2118,OWLZ #2118,457,115.0076287877705,8,cool blue,Orange 2,2A,Orange 4,,4,,,,1b,short violet,,,,"green, leaves",,
2220,OWLZ #2220,458,114.86739222440195,8,cool blue,Blue 1,3A,Green 2,1970Y,4b,,,,1a,,,,,"green, leaves",,
427,OWLZ #427,459,114.82604090988,9,coral,Blue 1,1B,Green 1,1970Y,2a,,,,1a,,green,,pink stripes,,,
33,OWLZ #33,460,114.81485269068737,8,cool blue,Violet 1,2b,Blue 2,,4b,,,burger,2b,,,,,"orange, leaves",,
586,OWLZ #586,461,114.6650007328637,9,rays,Orange 1,3A,Blue 1,,3a,,,red cocktail,2b,,white,,pink stripes,,,
504,OWLZ #504,462,114.64707061548442,9,cool blue,Violet 1,3B,Orange 3,,2b,,,red cocktail,4b,,pink,,black stars,,,
292,OWLZ #292,463,114.56724406692213,8,cool blue,Violet 1,3B,Light blue,,4,,,,5a,,pizza,,red,,,
259,OWLZ #259,464,114.5264208287798,8,pea,Gray,1A,Green 1,,3,,,blue cocktail,2c,,,,,"orange, leaves",,
2193,OWLZ #2193,465,114.38602022705265,8,pea,Orange 1,1B,Orange 3,,3,,,,5a,short violet,,,,"green, dots",,
309,OWLZ #309,466,114.22838727193594,8,cool blue,Orange 1,1B,Green 5,,6a,,,cappuccino,1c,,,,,"pink, shrooms",,
154,OWLZ #154,467,114.19898009179725,8,cool blue,Blue 1,2C,Blue 2,,4b,,,cappuccino,3b,,,,,all black,,
2135,OWLZ #2135,468,114.06353134952225,8,matrix,Orange 2,1B,Green 1,,2,,,,1a,short green,,,,"green, leaves",,
404,OWLZ #404,469,113.9731321392436,7,tezos dark,Blue 1,2C,Green 5,,2b,,,,1a,,,,,"orange, dots",,
2127,OWLZ #2127,470,113.83829338776505,10,cool blue,Blue 1,3A,Orange 1,,1,,,cappuccino,4a,,white,,pink stripes,,black,
396,OWLZ #396,471,113.76315730457529,9,matrix,Gray,2A,Green 4,,6b,,,,5a,short green,white,,pink stripes,,,
74,OWLZ #74,472,113.61741168952295,9,cool blue,Orange 1,3B,Orange 1,,5a,,,house white,1a,,pink,,owls,,,
39,OWLZ #39,473,113.60743264524983,8,cool blue,Blue 2,3A,Blue 1,,6a,,,house white,5c,,,,,"orange, leaves",,
265,OWLZ #265,474,113.59683092685763,9,cool blue,Violet 1,3B,Blue 4,,3a,,,house red,2c,,pink,,pink stripes,,,
175,OWLZ #175,475,113.5662679238235,8,pea,Orange 2,2A,Blue 1,,1,,,,4a,,pizza,,pink stripes,,,
381,OWLZ #381,476,113.54637621290803,8,rays,Orange 2,2C,Orange 3,,4a,,,cappuccino,4a,,,,,grey hoodie,,
612,OWLZ #612,477,113.47244044579696,9,rays,Gray,2C,Green 5,,6b,,,covfefe,3c,,white,,green stripes,,,
599,OWLZ #599,478,113.38230598957179,8,coral,Orange 2,1B,Blue 1,,5,,,blue cocktail,4b,,,,,"green, shrooms",,
29,OWLZ #29,479,113.218851239567,7,tezos,Blue 1,3A,Green 5,,2b,,,,4a,,,,,"orange, dots",,
146,OWLZ #146,480,112.88717479225637,7,pea,Violet 1,3B,Green 2,,2,,,,1c,,,,,"orange, shrooms",,
2181,OWLZ #2181,481,112.84194411343408,9,pea,Blue 1,2C,Green 5,,5a,,,red cocktail,3a,,white,,red,,,
11,OWLZ #11,482,112.79606942991772,9,tezos,Blue 1,3A,Green 2,,3b,,,,2c,short violet,white,,red,,,
124,OWLZ #124,483,112.666576082825,8,pea,Gray,2b,Blue 2,,4,,,coffee,2b,,,,,"green, shrooms",,
2145,OWLZ #2145,484,112.63947124813528,9,cool blue,Blue 2,3B,Orange 1,2000B,2,,,coffee,2a,,,,,"green, leaves",,
236,OWLZ #236,485,112.62384580894793,8,coral,Violet 1,2C,Green 2,,1a,,,,1b,short green,,,,"green, dots",,
383,OWLZ #383,486,112.54339774240073,7,cool blue,Orange 1,2C,Green 5,,2b,,,,1b,,,,,"pink, dots",,
117,OWLZ #117,487,112.25204925144817,8,coral,Gray,1A,Green 4,,4b,,,coffee,2a,,,,,"green, shrooms",,
302,OWLZ #302,488,112.17972280716134,8,cool blue,Blue 1,3B,Orange 3,,1a,,,,1b,,ducks,,pink stripes,,,
222,OWLZ #222,489,112.16963726620628,7,tezos,Orange 2,1B,Blue 1,,1a,,,,1c,,,,,"orange, dots",,
231,OWLZ #231,490,112.13477067707665,7,cool blue,Gray,1B,Orange 4,,6a,,,,1c,,,,,"green, shrooms",,
64,OWLZ #64,491,112.09367771557123,8,tezos dark,Blue 2,2A,Green 1,,1,,,,2b,,egg,,pink stripes,,,
31,OWLZ #31,492,112.07209024987264,8,rays,Blue 1,2C,Blue 2,,1,,,blue cocktail,2a,,,,,"green, dots",,
534,OWLZ #534,493,111.93634213455388,8,cool blue,Violet 1,3A,Blue 4,,3a,,,,2a,short green,,,,"colors, patterns",,
2139,OWLZ #2139,494,111.83206005991386,9,cool blue,Blue 2,2b,Green 1,,6a,,,burger,5b,,green,,owls,,,
2,OWLZ #2,495,111.72702325505354,8,cool blue,Blue 2,1B,Blue 1,,5,,,burger,2a,,,,,"green, shrooms",,
587,OWLZ #587,496,111.69185888204161,8,pea,Blue 2,3A,Light blue,,3,,,,3a,short green,,,,"green, leaves",,
2131,OWLZ #2131,497,111.65506480900764,8,cool blue,Gray,1B,Blue 2,,1b,,,,3b,headphones,,,,"green, dots",,
301,OWLZ #301,498,111.59037710049854,8,cool blue,Orange 2,2C,Green 5,,1b,,,coffee,3c,,,,,"pink, shrooms",,
2095,OWLZ #2095,499,111.54202934613272,8,cool blue,Orange 1,2b,Orange 4,,2b,,,,2c,,green,,owls,,,
401,OWLZ #401,500,111.42379246418328,7,matrix,Violet 1,3B,Orange 3,,6a,,,,2c,,,,,grey hoodie,,
592,OWLZ #592,501,111.33787551054044,10,cool blue,Blue 1,3A,Blue 4,,1,,,cappuccino,1a,short green,green,,black stars,,,
535,OWLZ #535,502,111.3075388275182,9,cool blue,Orange 2,2A,Light blue,,2b,,,house white,1b,,pink,,black stars,,,
310,OWLZ #310,503,111.28327882837067,7,coral,Orange 1,3A,Blue 4,,3a,,,,3b,,,,,"orange, shrooms",,
492,OWLZ #492,504,111.2764249095725,8,rays,Blue 1,2b,Blue 2,,1b,,,coffee,3a,,,,,"orange, leaves",,
36,OWLZ #36,505,111.18794366195401,8,matrix,Orange 2,2A,Orange 4,,2b,,,,5b,,pink,,black stars,,,
79,OWLZ #79,506,111.1699527351256,9,rays,Violet 1,1B,Blue 1,,5a,,,kitty,2a,,pink,,pink stripes,,,
238,OWLZ #238,507,111.155832101395,8,matrix,Orange 2,3B,Green 1,,1b,,,cappuccino,2c,,,,,"green, leaves",,
423,OWLZ #423,508,111.04492865027643,7,tezos,Blue 1,2A,Blue 2,,3,,,,5b,,,,,"colors, patterns",,
518,OWLZ #518,509,111.04478575059349,10,pea,Orange 2,2A,Green 1,,6,,,coffee,3a,short violet,green,,pink stripes,,,
2071,OWLZ #2071,510,110.79654477847477,9,tezos,Orange 1,1A,Blue 2,,1,,,,5b,,white,,pink stripes,,black,
473,OWLZ #473,511,110.76622606825516,10,rays,Gray,2A,Green 1,2000B,4b,,,coffee,1b,,white,,green stripes,,,
317,OWLZ #317,512,110.62437649128653,8,pea,Orange 1,1B,Blue 4,,2a,,,,1a,short green,,,,"orange, leaves",,
528,OWLZ #528,513,110.35827453323786,9,cool blue,Blue 1,3A,Green 5,,4a,,,kitty,4a,,white,,black stars,,,
2167,OWLZ #2167,514,110.30713018803957,8,cool blue,Gray,1A,Green 1,,2,,,blue cocktail,4a,,,,,"orange, leaves",,
62,OWLZ #62,515,110.11198445340341,9,rays,Orange 2,3A,Green 1,,1a,,,kitty,1a,,white,,black stars,,,
379,OWLZ #379,516,109.83273317823179,8,cool blue,Blue 1,3B,Green 1,,4a,,,,1b,,,,,"orange, dots",white,
2154,OWLZ #2154,517,109.5026356501166,9,tezos dark,Blue 2,2A,Blue 1,,3a,,,blue cocktail,1b,,pink,,green stripes,,,
156,OWLZ #156,518,109.3806430671044,7,coral,Gray,2b,Orange 4,,6a,,,,2b,,,,,"green, leaves",,
2218,OWLZ #2218,519,109.3771271710257,7,rays,Orange 2,1A,Green 4,,2b,,,,5a,,,,,body armor,,
362,OWLZ #362,520,109.18668047804101,9,cool blue,Gray,2b,Green 1,,2a,,,cappuccino,2c,,pink,,owls,,,
2165,OWLZ #2165,521,109.11741329527818,8,coral,Orange 1,1B,Blue 1,,6b,,,,4b,,ducks,,red,,,
25,OWLZ #25,522,108.92939359441294,9,matrix,Blue 1,3B,Green 1,,5,,,cappuccino,4a,,pink,,green stripes,,,
471,OWLZ #471,523,108.92307706070288,7,tezos dark,Blue 2,3A,Blue 3,,4a,,,,3c,,,,,"green, flowers",,
83,OWLZ #83,524,108.82975491853715,9,coral,Orange 2,1B,Blue 4,,6,,,blue cocktail,1c,,green,,green stripes,,,
253,OWLZ #253,525,108.81673133471794,8,cool blue,Orange 2,2A,Green 5,,4,,,,4b,short violet,,,,grey hoodie,,
501,OWLZ #501,526,108.5520199856334,9,coral,Orange 1,3A,Green 5,,4a,,,,1b,,white,,black stars,,black,
384,OWLZ #384,527,108.22923661315339,9,cool blue,Orange 2,2C,Orange 4,,2b,,,,1b,short violet,green,,green stripes,,,
66,OWLZ #66,528,108.11897667021135,7,coral,Blue 1,2A,Blue 3,,4a,,,,5c,,,,,grey hoodie,,
2174,OWLZ #2174,529,107.97250774390906,8,cool blue,Violet 1,3A,Orange 3,,4,,,cappuccino,4b,,,,,"orange, shrooms",,
397,OWLZ #397,530,107.96762680380091,9,pea,Orange 1,2A,Blue 1,,5,,,house red,4a,,green,,green stripes,,,
315,OWLZ #315,531,107.8813796272808,9,cool blue,Violet 1,3B,Green 1,,5,,,red cocktail,2c,,green,,green stripes,,,
205,OWLZ #205,532,107.86463231050861,7,matrix,Orange 1,3A,Green 1,,2,,,,1b,,,,,grey hoodie,,
359,OWLZ #359,533,107.33629427727041,10,cool blue,Blue 1,3A,Blue 3,,2a,,,cappuccino,4b,short green,green,,red,,,
254,OWLZ #254,534,107.28440208288718,7,coral,Gray,3A,Blue 4,,6a,,,,2b,,,,,"orange, shrooms",,
2104,OWLZ #2104,535,107.06170988486731,8,cool blue,Orange 1,2A,Green 4,,4b,,,cappuccino,1a,,,,,"pink, shrooms",,
382,OWLZ #382,536,107.04706038450743,8,cool blue,Orange 1,3A,Blue 3,,2a,,,blue cocktail,1a,,,,,grey hoodie,,
2088,OWLZ #2088,537,107.01465600039663,8,cool blue,Orange 2,2C,Green 1,,1,,,,2c,short green,,,,body armor,,
601,OWLZ #601,538,106.96924724850761,7,cool blue,Violet 1,2C,Light blue,,4,,,,5b,,,,,"orange, shrooms",,
341,OWLZ #341,539,106.76991937870802,9,pea,Blue 2,3A,Orange 1,,3b,,,house white,2a,,pink,,red,,,
72,OWLZ #72,540,106.74667774553247,7,coral,Gray,2b,Blue 4,,2b,,,,1c,,,,,grey hoodie,,
303,OWLZ #303,541,106.60378160194782,8,pea,Blue 2,3B,Blue 1,,3,,,burger,3c,,,,,"green, leaves",,
595,OWLZ #595,542,106.5816236783405,9,cool blue,Blue 1,3B,Orange 1,2000B,6,,,coffee,1a,,,,,"green, dots",,
570,OWLZ #570,543,106.52010877503184,8,pea,Blue 2,3B,Light blue,,6b,,,,4a,,white,,owls,,,
2211,OWLZ #2211,544,106.50462368584968,8,cool blue,Blue 1,1A,Blue 1,,1b,,,,1b,,,,,"green, flowers",white,
511,OWLZ #511,545,106.41073640713883,9,cool blue,Violet 1,3B,Green 2,2000B,3b,,,,3a,,pink,,green stripes,,,
138,OWLZ #138,546,106.31222447339616,9,cool blue,Orange 1,2A,Blue 4,,2a,,,,3a,,green,,green stripes,,white,
2115,OWLZ #2115,547,106.23909478765499,8,tezos,Blue 2,2b,Green 1,,3,,,,1c,,pink,,black stars,,,
2212,OWLZ #2212,548,106.20601095109596,8,pea,Violet 1,2A,Blue 1,,2,,,,5b,,pizza,,red,,,
2132,OWLZ #2132,549,106.19475557373502,8,tezos dark,Gray,2A,Blue 1,,6a,,,coffee,2c,,,,,"green, dots",,
581,OWLZ #581,550,106.00691755371726,7,coral,Blue 1,2b,Blue 1,,3,,,,5c,,,,,"green, dots",,
7,OWLZ #7,551,105.83408501942122,8,pea,Orange 2,2b,Blue 1,,2,,,,4a,,pink,,owls,,,
166,OWLZ #166,552,105.62271355130453,7,cool blue,Gray,3B,Green 5,,6a,,,,2c,,,,,all black,,
184,OWLZ #184,553,105.5510037536312,8,cool blue,Gray,2A,Green 1,,5a,,,,1c,,,,,"green, leaves",white,
316,OWLZ #316,554,105.52801248880952,9,rays,Orange 1,2C,Green 1,,6,,,house red,5b,,green,,red,,,
155,OWLZ #155,555,105.50215362927786,7,pea,Orange 2,2A,Blue 2,,1b,,,,2a,,,,,"pink, shrooms",,
2082,OWLZ #2082,556,105.43068714930853,9,coral,Orange 1,3B,Orange 3,,4,,,blue cocktail,3a,,pink,,green stripes,,,
354,OWLZ #354,557,105.40623479241111,9,tezos,Blue 1,1B,Blue 3,,5,,,cappuccino,2a,,white,,red,,,
218,OWLZ #218,558,105.3741590271414,9,rays,Blue 2,1A,Blue 1,,2,,,cappuccino,5c,,green,,pink stripes,,,
105,OWLZ #105,559,105.31020088779468,8,tezos,Blue 2,2A,Blue 2,,5,,,,3c,,white,,owls,,,
478,OWLZ #478,560,105.21517440915103,7,rays,Violet 1,3A,Green 2,,4a,,,,4b,,,,,"green, shrooms",,
399,OWLZ #399,561,105.1416532912893,9,coral,Gray,1B,Green 1,,1a,,,kitty,1a,,white,,pink stripes,,,
344,OWLZ #344,562,105.03307020508832,7,coral,Orange 2,3A,Orange 3,,4,,,,5a,,,,,body armor,,
189,OWLZ #189,563,105.0272573235504,9,coral,Blue 2,1A,Green 2,,2,,,cappuccino,3c,,green,,black stars,,,
212,OWLZ #212,564,104.91699801203978,9,pea,Blue 2,3B,Green 4,,2b,,,,5b,,pink,,red,,white,
2126,OWLZ #2126,565,104.8623344751616,8,rays,Blue 1,3A,Blue 3,,4b,,,cappuccino,4b,,,,,"green, dots",,
402,OWLZ #402,566,104.8330757628044,9,cool blue,Blue 2,3B,Blue 1,,6b,,,house red,1c,,green,,pink stripes,,,
41,OWLZ #41,567,104.79039782473669,9,cool blue,Blue 1,1B,Orange 3,,2,,,,5c,short violet,green,,red,,,
2163,OWLZ #2163,568,104.76569964117013,8,pea,Orange 1,3B,Green 1,,6a,,,,1b,short green,,,,"colors, patterns",,
436,OWLZ #436,569,104.76446535867616,8,cool blue,Blue 2,3A,Orange 1,,1a,,,house white,5b,,,,,"green, dots",,
406,OWLZ #406,570,104.75789581832673,9,pea,Gray,1A,Green 4,2000B,6a,,,,1c,,white,,green stripes,,,
475,OWLZ #475,571,104.66826639734295,7,matrix,Orange 2,2A,Green 1,,2b,,,,4a,,,,,"green, leaves",,
355,OWLZ #355,572,104.638668958005,9,cool blue,Gray,2C,Green 1,1970Y,1,,,,5b,,white,,green stripes,,,
145,OWLZ #145,573,104.54603961764819,8,pea,Blue 2,1A,Green 4,,4a,,,coffee,1c,,,,,"green, leaves",,
43,OWLZ #43,574,104.31742810098119,8,coral,Blue 1,1A,Green 5,,6,,,coffee,5a,,,,,"green, flowers",,
2121,OWLZ #2121,575,103.94082498079274,8,cool blue,Blue 2,3C,Blue 2,,5,,,,3a,,white,,green stripes,,,
283,OWLZ #283,576,103.91935505758521,7,rays,Violet 1,3B,Orange 1,,2a,,,,2a,,,,,body armor,,
527,OWLZ #527,577,103.89113615595355,7,cool blue,Gray,3B,Green 5,,6,,,,3c,,,,,all black,,
348,OWLZ #348,578,103.82773576647918,9,tezos,Blue 1,2A,Green 1,,1b,,,cappuccino,3b,,pink,,pink stripes,,,
459,OWLZ #459,579,103.79536844196681,7,matrix,Orange 2,2C,Blue 1,,4a,,,,1a,,,,,grey hoodie,,
208,OWLZ #208,580,103.71746098049448,7,pea,Orange 1,3B,Green 4,,1b,,,,1b,,,,,"green, shrooms",,
363,OWLZ #363,581,103.70731522997764,8,coral,Violet 1,2C,Orange 1,,2,,,coffee,3a,,,,,"green, dots",,
219,OWLZ #219,582,103.64291913661043,8,cool blue,Orange 1,3A,Orange 3,,6,,,coffee,3b,,,,,"green, shrooms",,
2160,OWLZ #2160,583,103.58501166467995,9,coral,Gray,2C,Green 2,2000B,6,,,,3a,,green,,red,,,
2101,OWLZ #2101,584,103.54618977106733,7,cool blue,Gray,1A,Blue 1,,2,,,,3a,,,,,all black,,
49,OWLZ #49,585,103.40243049958872,8,cool blue,Violet 1,1B,Blue 2,,4b,,,burger,4b,,,,,"green, leaves",,
468,OWLZ #468,586,103.29443432902671,9,pea,Orange 2,2A,Green 2,2000B,6a,,,,2b,,white,,pink stripes,,,
319,OWLZ #319,587,103.13083565643521,9,cool blue,Blue 1,2b,Blue 1,,6b,,,covfefe,2a,,white,,pink stripes,,,
377,OWLZ #377,588,102.77620894826872,10,cool blue,Blue 2,2A,Blue 1,,4b,,,cappuccino,1b,short violet,green,,green stripes,,,
432,OWLZ #432,589,102.67916728240084,8,pea,Orange 1,2A,Green 4,,6,,,,4b,short green,,,,"green, leaves",,
2201,OWLZ #2201,590,102.66801732403526,7,rays,Orange 2,3B,Green 4,,3b,,,,5b,,,,,"green, dots",,
460,OWLZ #460,591,102.52242924170669,7,cool blue,Orange 2,2A,Light blue,,6b,,,,2a,,,,,body armor,,
2166,OWLZ #2166,592,102.49621176091485,9,cool blue,Blue 1,3A,Green 2,,1b,,,house red,4b,,green,,red,,,
107,OWLZ #107,593,102.32685390645986,9,pea,Blue 1,1A,Blue 1,,4a,,,covfefe,5a,,green,,green stripes,,,
430,OWLZ #430,594,102.31522275585317,9,cool blue,Orange 1,2A,Blue 2,,1b,,,,5b,headphones,white,,black stars,,,
126,OWLZ #126,595,102.3019109352136,8,cool blue,Blue 2,1B,Orange 3,,5a,,,burger,5b,,,,,"green, leaves",,
240,OWLZ #240,596,102.08639762004417,8,pea,Blue 2,3A,Orange 3,,1,,,coffee,3a,,,,,grey hoodie,,
2188,OWLZ #2188,597,102.01030046619097,9,cool blue,Orange 2,2b,Blue 2,,4b,,,,4a,short green,white,,black stars,,,
588,OWLZ #588,598,101.75148097357804,7,cool blue,Gray,3A,Light blue,,5a,,,,3c,,,,,"pink, shrooms",,
56,OWLZ #56,599,101.45121523012332,9,cool blue,Blue 2,1A,Green 1,,6b,,,coffee,5a,,egg,,red,,,
606,OWLZ #606,600,101.39769111509735,10,cool blue,Blue 2,3A,Green 1,,4a,,,cappuccino,1b,short violet,green,,red,,,
334,OWLZ #334,601,101.38602918496208,9,cool blue,Orange 2,2A,Blue 2,2000B,2a,,,,4a,,pink,,green stripes,,,
178,OWLZ #178,602,101.36189170984902,9,cool blue,Blue 1,3B,Light blue,,1b,,,,5b,headphones,green,,red,,,
418,OWLZ #418,603,100.96675105697351,8,cool blue,Violet 1,2b,Blue 1,,2a,,,cappuccino,1a,,,,,body armor,,
264,OWLZ #264,604,100.91490576590681,7,tezos,Violet 1,3B,Blue 1,,3a,,,,1c,,,,,"green, leaves",,
378,OWLZ #378,605,100.79572622018412,7,pea,Blue 1,2A,Green 2,,2a,,,,2c,,,,,"orange, leaves",,
2190,OWLZ #2190,606,100.72620264093182,8,cool blue,Orange 2,3C,Orange 1,,5a,,,,3a,,pink,,red,,,
566,OWLZ #566,607,100.66179383366449,7,rays,Orange 1,2b,Blue 2,,2,,,,5b,,,,,"green, flowers",,
290,OWLZ #290,608,100.66084979327385,8,cool blue,Blue 1,2A,Orange 1,,3,,,,1c,,pink,,owls,,,
2150,OWLZ #2150,609,100.3874105551859,10,coral,Gray,2C,Blue 1,,2b,,,coffee,1a,short green,white,,red,,,
358,OWLZ #358,610,100.16007980287492,7,tezos,Orange 2,2b,Blue 1,,5a,,,,1b,,,,,"green, flowers",,
441,OWLZ #441,611,100.15877220141894,7,cool blue,Blue 1,3A,Orange 3,,5,,,,5a,,,,,"orange, shrooms",,
2194,OWLZ #2194,612,100.11183038732746,9,cool blue,Orange 1,2C,Orange 1,,6a,,,burger,1b,,green,,black stars,,,
44,OWLZ #44,613,99.98294342117948,7,coral,Orange 2,1B,Light blue,,5,,,,5b,,,,,"green, dots",,
596,OWLZ #596,614,99.97758320235262,8,cool blue,Blue 1,3B,Blue 1,,5,,,,4b,,,,,"green, dots",black,
472,OWLZ #472,615,99.52478369293206,8,rays,Orange 1,3A,Green 1,,3a,,,cappuccino,2a,,,,,"green, leaves",,
431,OWLZ #431,616,99.51971032198568,7,cool blue,Gray,2C,Green 4,,1,,,,3c,,,,,"green, shrooms",,
312,OWLZ #312,617,99.46842037341594,8,tezos dark,Blue 1,3B,Light blue,,5a,,,,2c,,white,,pink stripes,,,
2179,OWLZ #2179,618,99.31370605333947,10,cool blue,Orange 1,3B,Blue 1,,1,,,coffee,5b,short violet,white,,green stripes,,,
2197,OWLZ #2197,619,99.23699655621745,8,cool blue,Orange 2,3A,Blue 1,,6a,,,burger,3a,,,,,"green, flowers",,
391,OWLZ #391,620,99.1782322572869,9,pea,Gray,1A,Light blue,,1b,,,,5b,short violet,white,,red,,,
232,OWLZ #232,621,99.1726687515518,9,cool blue,Orange 2,2A,Orange 3,,1a,,,blue cocktail,5b,,white,,black stars,,,
121,OWLZ #121,622,99.16856002160308,8,cool blue,Gray,3A,Green 1,,3,,,,3a,short green,,,,"green, dots",,
2075,OWLZ #2075,623,99.15360388192865,7,cool blue,Orange 2,1A,Green 4,,5a,,,,3c,,,,,body armor,,
507,OWLZ #507,624,99.1409974142216,9,cool blue,Blue 1,2b,Green 5,,6b,,,,3a,short green,white,,pink stripes,,,
361,OWLZ #361,625,99.0161157055076,7,coral,Orange 2,2b,Green 5,,4b,,,,3c,,,,,"green, dots",,
2146,OWLZ #2146,626,98.8789453615921,7,cool blue,Blue 1,3A,Orange 3,,5,,,,2b,,,,,body armor,,
356,OWLZ #356,627,98.75660493894556,8,coral,Blue 2,3A,Orange 4,,1a,,,,5a,,pink,,green stripes,,,
142,OWLZ #142,628,98.43310430010109,7,cool blue,Gray,3B,Green 1,,3b,,,,5b,,,,,"pink, shrooms",,
2141,OWLZ #2141,629,98.38662929332865,7,cool blue,Blue 1,3A,Green 4,,3a,,,,1b,,,,,"colors, patterns",,
481,OWLZ #481,630,98.35408087642615,9,cool blue,Violet 1,2b,Green 4,,6,,,,1a,short violet,pink,,red,,,
2184,OWLZ #2184,631,98.13003470848336,8,tezos,Gray,2C,Green 2,,3b,,,,5b,,green,,pink stripes,,,
2093,OWLZ #2093,632,97.97789708035526,7,rays,Gray,3A,Orange 3,,6b,,,,2c,,,,,"green, dots",,
618,OWLZ #618,633,97.90126601470305,7,cool blue,Gray,3A,Blue 4,,2a,,,,1b,,,,,"green, shrooms",,
465,OWLZ #465,634,97.80364774090134,8,cool blue,Gray,3A,Blue 1,,2b,,,burger,3a,,,,,"green, dots",,
234,OWLZ #234,635,97.7917025204164,8,pea,Orange 1,3B,Green 5,,6,,,,2a,,egg,,red,,,
2064,OWLZ #2064,636,97.7366791640987,8,cool blue,Blue 2,1A,Orange 3,,2b,,,cappuccino,2c,,,,,"green, dots",,
426,OWLZ #426,637,97.64790001428861,8,cool blue,Violet 1,2A,Orange 1,,3b,,,coffee,3b,,,,,"green, leaves",,
135,OWLZ #135,638,97.64244544174515,7,coral,Blue 1,2A,Blue 1,,5,,,,1a,,,,,"orange, shrooms",,
2068,OWLZ #2068,639,97.50475417450016,7,cool blue,Gray,2b,Orange 1,,1a,,,,3c,,,,,"green, shrooms",,
551,OWLZ #551,640,97.34917431183804,7,cool blue,Orange 1,2A,Green 5,,5a,,,,2c,,,,,"orange, dots",,
2066,OWLZ #2066,641,97.29154553127688,8,cool blue,Blue 1,3B,Orange 3,,2,,,,1b,,pink,,owls,,,
2080,OWLZ #2080,642,96.98183609419267,7,cool blue,Orange 2,3A,Green 5,,2a,,,,1b,,,,,"orange, dots",,
327,OWLZ #327,643,96.81483299254354,8,pea,Violet 1,2C,Green 1,,6b,,,,2a,,egg,,red,,,
2133,OWLZ #2133,644,96.6299695969301,8,cool blue,Violet 1,2C,Green 1,,3,,,coffee,1b,,,,,"green, leaves",,
390,OWLZ #390,645,96.46896101637518,9,coral,Orange 1,2A,Blue 1,,6,,,house white,1a,,white,,green stripes,,,
2081,OWLZ #2081,646,96.36643529499568,8,tezos,Orange 2,2b,Orange 1,,6b,,,,4a,,white,,pink stripes,,,
339,OWLZ #339,647,96.17512909067214,8,cool blue,Gray,3A,Green 1,,5a,,,coffee,3a,,,,,"colors, patterns",,
336,OWLZ #336,648,96.17047244478394,8,cool blue,Gray,2b,Orange 1,,5,,,coffee,5b,,,,,grey hoodie,,
21,OWLZ #21,649,96.12843848747337,7,cool blue,Orange 1,2A,Blue 2,,4b,,,,5b,,,,,"pink, shrooms",,
149,OWLZ #149,650,96.05384536964617,9,coral,Violet 1,1B,Blue 2,,5a,,,coffee,3b,,white,,pink stripes,,,
242,OWLZ #242,651,95.98677376612596,9,cool blue,Violet 1,2C,Blue 1,,1a,,,,1b,,green,,red,,black,
347,OWLZ #347,652,95.89009629224837,9,cool blue,Blue 1,3A,Blue 1,,4,,,covfefe,5b,,green,,green stripes,,,
614,OWLZ #614,653,95.81623482443952,7,pea,Gray,2A,Blue 2,,5a,,,,4b,,,,,"green, shrooms",,
85,OWLZ #85,654,95.81194394110618,9,pea,Orange 1,2A,Orange 1,2000B,6,,,,2b,,green,,red,,,
2077,OWLZ #2077,655,95.64725179344026,9,cool blue,Orange 2,1B,Green 4,,1b,,,coffee,2c,,pink,,green stripes,,,
14,OWLZ #14,656,95.61667199218009,9,cool blue,Gray,2b,Green 5,,4b,,,coffee,3c,,green,,black stars,,,
277,OWLZ #277,657,95.43613246652562,7,pea,Orange 2,3A,Green 5,,4a,,,,2c,,,,,"green, flowers",,
228,OWLZ #228,658,95.31359614433693,7,pea,Gray,1A,Orange 1,,2,,,,1b,,,,,grey hoodie,,
557,OWLZ #557,659,95.19518129088684,7,cool blue,Gray,1B,Blue 1,,1,,,,3a,,,,,"orange, shrooms",,
297,OWLZ #297,660,95.11372229724839,8,cool blue,Gray,3A,Light blue,,1b,,,,5b,,egg,,green stripes,,,
2210,OWLZ #2210,661,94.76408978249263,7,cool blue,Blue 1,2A,Blue 4,,4b,,,,1a,,,,,"colors, patterns",,
308,OWLZ #308,662,94.58426452504578,9,cool blue,Blue 2,3B,Orange 1,,3a,,,blue cocktail,1a,,green,,black stars,,,
405,OWLZ #405,663,94.5474585373591,7,cool blue,Orange 1,1A,Green 1,,5a,,,,2c,,,,,body armor,,
260,OWLZ #260,664,94.51781419683991,8,tezos dark,Orange 1,1B,Orange 1,,4,,,,1b,,green,,green stripes,,,
2067,OWLZ #2067,665,94.48447906850579,7,coral,Orange 2,2C,Orange 1,,4b,,,,1a,,,,,"orange, leaves",,
96,OWLZ #96,666,94.47133973228232,9,pea,Blue 2,3A,Green 1,2000B,1,,,,5b,,pink,,green stripes,,,
2153,OWLZ #2153,667,94.24770620078857,8,cool blue,Gray,2C,Blue 1,,3b,,,,1b,,egg,,green stripes,,,
100,OWLZ #100,668,94.21393306881954,8,cool blue,Blue 2,3B,Blue 3,,1b,,,,5c,,green,,black stars,,,
609,OWLZ #609,669,94.17432078570077,8,tezos,Gray,3A,Green 5,,4a,,,,3a,,white,,black stars,,,
2087,OWLZ #2087,670,94.15607190596135,8,cool blue,Gray,3B,Blue 1,,5,,,,1a,short green,,,,grey hoodie,,
255,OWLZ #255,671,94.13054601447173,7,cool blue,Violet 1,2A,Green 4,,2,,,,3c,,,,,"green, flowers",,
284,OWLZ #284,672,93.92314182697841,8,cool blue,Blue 2,3A,Blue 1,,4b,,,cappuccino,2b,,,,,grey hoodie,,
2074,OWLZ #2074,673,93.87677668065771,7,cool blue,Orange 1,3B,Green 1,,2,,,,5a,,,,,"orange, dots",,
10,OWLZ #10,674,93.54124498128274,9,cool blue,Gray,2A,Blue 4,,3b,,,,4b,short green,white,,red,,,
2090,OWLZ #2090,675,93.51183628950476,7,cool blue,Orange 1,1A,Orange 3,,4b,,,,5a,,,,,grey hoodie,,
250,OWLZ #250,676,93.45571890326121,7,pea,Orange 1,2b,Orange 1,,2a,,,,3a,,,,,"green, leaves",,
37,OWLZ #37,677,93.29613333744862,8,tezos,Blue 1,3A,Blue 2,,5,,,,4b,,green,,black stars,,,
485,OWLZ #485,678,93.2875612234394,8,cool blue,Blue 1,2C,Orange 1,,5,,,,1b,,green,,owls,,,
173,OWLZ #173,679,93.25352970354557,8,rays,Blue 1,2C,Blue 3,,5,,,,2b,,pink,,red,,,
180,OWLZ #180,680,93.04273818259306,9,rays,Blue 1,1B,Blue 1,,4,,,cappuccino,1a,,pink,,green stripes,,,
494,OWLZ #494,681,92.61790329929303,8,tezos dark,Gray,2A,Blue 4,,6b,,,,5b,,green,,red,,,
2109,OWLZ #2109,682,92.42459678614419,8,cool blue,Gray,2C,Orange 3,,6a,,,cappuccino,1a,,,,,"green, dots",,
487,OWLZ #487,683,92.40350313739064,8,cool blue,Gray,1A,Orange 4,,4,,,,3c,,green,,pink stripes,,,
540,OWLZ #540,684,92.21504503158701,9,cool blue,Blue 2,3B,Blue 3,,4b,,,cappuccino,1c,,green,,red,,,
325,OWLZ #325,685,92.20989465590472,7,cool blue,Blue 2,3A,Blue 2,,1a,,,,4b,,,,,"orange, leaves",,
509,OWLZ #509,686,91.83168301416903,9,cool blue,Blue 2,3A,Green 4,,4a,,,,2c,short green,green,,red,,,
455,OWLZ #455,687,91.71136987388708,9,cool blue,Gray,2A,Blue 2,,2b,,,,4b,short violet,green,,pink stripes,,,
353,OWLZ #353,688,91.63836450944798,7,cool blue,Gray,3B,Blue 2,,3b,,,,2b,,,,,"green, leaves",,
16,OWLZ #16,689,91.10497715580279,7,cool blue,Blue 1,3B,Green 4,,6a,,,,2c,,,,,"green, flowers",,
2085,OWLZ #2085,690,90.92232541333107,9,cool blue,Gray,2b,Green 1,,4,,,cappuccino,4a,,green,,red,,,
479,OWLZ #479,691,90.88937589229735,7,cool blue,Blue 1,1B,Green 2,,2a,,,,5b,,,,,"green, flowers",,
267,OWLZ #267,692,90.85297326690299,8,matrix,Orange 2,1B,Blue 2,,5a,,,,1a,,pink,,red,,,
451,OWLZ #451,693,90.78453891698406,8,coral,Gray,2b,Green 2,,3a,,,,2a,,green,,pink stripes,,,
372,OWLZ #372,694,90.77851200601818,9,coral,Orange 1,2A,Blue 4,,6,,,cappuccino,1a,,green,,red,,,
495,OWLZ #495,695,90.59900909702267,8,rays,Violet 1,2C,Green 1,,3,,,,2b,,pink,,red,,,
2078,OWLZ #2078,696,90.57346443025914,7,cool blue,Blue 1,1B,Orange 1,,1,,,,1c,,,,,"green, flowers",,
388,OWLZ #388,697,90.50365723017735,8,tezos,Blue 2,2C,Blue 1,,2,,,,5b,,pink,,pink stripes,,,
134,OWLZ #134,698,90.24109322549216,7,cool blue,Orange 2,3A,Light blue,,4a,,,,4b,,,,,"green, dots",,
60,OWLZ #60,699,90.05776300420267,7,cool blue,Blue 2,2A,Green 4,,2a,,,,5b,,,,,"green, flowers",,
457,OWLZ #457,700,89.96933057697507,8,tezos,Blue 2,2A,Orange 1,,1a,,,,1a,,white,,black stars,,,
46,OWLZ #46,701,89.74588729565069,8,tezos,Orange 1,3A,Blue 4,,2a,,,,1a,,pink,,red,,,
424,OWLZ #424,702,89.68839391947814,8,rays,Orange 1,3B,Blue 4,,2,,,,1b,,white,,pink stripes,,,
2110,OWLZ #2110,703,89.6716051728608,8,tezos,Gray,3B,Green 2,,4,,,,3c,,green,,red,,,
2134,OWLZ #2134,704,89.56719627427526,8,coral,Violet 1,3B,Blue 3,,2b,,,,3b,,pink,,green stripes,,,
346,OWLZ #346,705,89.32898697675849,7,cool blue,Gray,3A,Green 5,,6b,,,,3c,,,,,"green, flowers",,
203,OWLZ #203,706,89.2541616289913,8,tezos,Blue 2,3A,Green 2,,5a,,,,5b,,pink,,green stripes,,,
271,OWLZ #271,707,89.1620275461988,9,cool blue,Blue 2,1A,Green 2,,3b,,,coffee,1a,,white,,red,,,
2155,OWLZ #2155,708,89.07852599713081,7,pea,Blue 2,1A,Green 1,,4b,,,,3c,,,,,"green, flowers",,
500,OWLZ #500,709,88.74599127750459,8,cool blue,Orange 1,3B,Green 1,,3a,,,,5a,,egg,,red,,,
45,OWLZ #45,710,88.65555338254882,9,cool blue,Orange 2,1B,Blue 1,,4b,,,coffee,3c,,pink,,black stars,,,
274,OWLZ #274,711,88.4629655756524,7,cool blue,Orange 2,2A,Blue 2,,2a,,,,2a,,,,,"green, dots",,
532,OWLZ #532,712,87.9862054025788,8,cool blue,Blue 2,3B,Green 1,,2b,,,,1b,,green,,owls,,,
20,OWLZ #20,713,87.66195605138465,9,cool blue,Blue 2,3B,Green 5,,4b,,,,4b,short green,white,,red,,,
565,OWLZ #565,714,87.61372231900651,8,cool blue,Violet 1,2C,Light blue,,6b,,,,1b,,pink,,pink stripes,,,
2170,OWLZ #2170,715,87.59090382229361,7,cool blue,Orange 2,1A,Blue 1,,5a,,,,1a,,,,,"orange, dots",,
69,OWLZ #69,716,87.44511391925828,9,cool blue,Blue 2,2A,Orange 1,,4,,,coffee,3c,,pink,,pink stripes,,,
183,OWLZ #183,717,86.89819634772255,8,coral,Orange 1,3A,Orange 3,,3,,,,5a,,pink,,red,,,
449,OWLZ #449,718,86.48408620554349,9,cool blue,Orange 2,1A,Green 2,,4a,,,coffee,5a,,white,,red,,,
2192,OWLZ #2192,719,86.46657133425312,7,cool blue,Blue 1,2A,Orange 3,,1b,,,,1a,,,,,"green, flowers",,
553,OWLZ #553,720,86.11532467380165,8,tezos,Orange 2,3A,Blue 2,,6,,,,3b,,white,,red,,,
484,OWLZ #484,721,85.74785422048815,9,pea,Blue 1,2A,Green 1,,1,,,cappuccino,3b,,white,,red,,,
380,OWLZ #380,722,85.74540708413218,8,cool blue,Orange 1,2C,Green 4,,5,,,,4b,,white,,black stars,,,
57,OWLZ #57,723,85.54834261302975,8,rays,Orange 2,2A,Blue 2,,5,,,,2a,,white,,pink stripes,,,
76,OWLZ #76,724,85.34931679240853,9,cool blue,Violet 1,3B,Blue 1,,6,,,coffee,2a,,pink,,pink stripes,,,
437,OWLZ #437,725,85.34142481853769,9,cool blue,Gray,3A,Green 1,,2a,,,coffee,1b,,white,,black stars,,,
101,OWLZ #101,726,85.15272775355899,8,pea,Blue 2,2A,Blue 4,,1,,,,2a,,green,,pink stripes,,,
387,OWLZ #387,727,85.13894222083772,7,cool blue,Blue 2,3A,Orange 1,,4,,,,3c,,,,,"green, dots",,
415,OWLZ #415,728,84.9795859754998,9,cool blue,Orange 2,3A,Light blue,,5a,,,coffee,4b,,white,,red,,,
243,OWLZ #243,729,84.92044434365134,7,cool blue,Blue 1,3A,Blue 1,,1b,,,,4b,,,,,grey hoodie,,
496,OWLZ #496,730,84.65802370873071,7,cool blue,Blue 1,3A,Blue 1,,1b,,,,2b,,,,,"green, dots",,
523,OWLZ #523,731,84.38901514970576,8,pea,Gray,1B,Orange 3,,1a,,,,4a,,white,,red,,,
567,OWLZ #567,732,84.30791331812976,9,cool blue,Blue 2,3B,Blue 1,,2,,,coffee,3c,,green,,pink stripes,,,
204,OWLZ #204,733,84.08917672257269,9,cool blue,Blue 1,1B,Blue 2,,1,,,cappuccino,1a,,pink,,red,,,
321,OWLZ #321,734,83.61237484637921,8,rays,Gray,1A,Orange 1,,1a,,,,2a,,white,,green stripes,,,
610,OWLZ #610,735,83.45736193758609,8,pea,Blue 2,2C,Blue 4,,6,,,,4b,,green,,green stripes,,,
2191,OWLZ #2191,736,83.32492905810403,8,coral,Gray,2b,Blue 3,,6a,,,,5b,,white,,green stripes,,,
202,OWLZ #202,737,83.20054314188023,8,pea,Gray,2A,Light blue,,5a,,,,3b,,white,,green stripes,,,
322,OWLZ #322,738,83.15842012110694,7,cool blue,Orange 2,2A,Orange 1,,3a,,,,5b,,,,,"green, dots",,
370,OWLZ #370,739,83.09010381360831,8,pea,Gray,1A,Green 2,,2b,,,,2a,,white,,pink stripes,,,
526,OWLZ #526,740,82.92307039328695,7,cool blue,Gray,2C,Orange 1,,6,,,,3c,,,,,"green, leaves",,
568,OWLZ #568,741,82.84194378824759,7,cool blue,Blue 1,2A,Blue 2,,4a,,,,1a,,,,,"green, flowers",,
498,OWLZ #498,742,82.65039674017385,8,cool blue,Blue 2,2b,Orange 3,,4a,,,,2b,,pink,,green stripes,,,
604,OWLZ #604,743,82.17055154832697,8,cool blue,Blue 1,2C,Blue 3,,3b,,,,4b,,white,,red,,,
2199,OWLZ #2199,744,81.99918298671838,9,cool blue,Orange 1,3A,Orange 1,,4b,,,coffee,1c,,white,,red,,,
2140,OWLZ #2140,745,81.93879034081233,8,pea,Blue 1,2C,Blue 1,,4,,,,5b,,green,,black stars,,,
261,OWLZ #261,746,81.82387624973425,8,cool blue,Violet 1,3A,Light blue,,1b,,,,1c,,white,,red,,,
2120,OWLZ #2120,747,81.26387781071114,9,cool blue,Gray,1A,Orange 1,,6,,,cappuccino,1a,,green,,green stripes,,,
18,OWLZ #18,748,81.10670751602466,8,pea,Blue 1,3A,Green 5,,1,,,,1c,,white,,red,,,
104,OWLZ #104,749,80.7490542402109,8,cool blue,Blue 2,1B,Orange 3,,4b,,,,1c,,green,,green stripes,,,
2116,OWLZ #2116,750,80.69393530102987,8,rays,Blue 1,2b,Blue 1,,2b,,,,1b,,green,,green stripes,,,
230,OWLZ #230,751,80.53057306702013,8,cool blue,Violet 1,3A,Orange 1,,4,,,,2c,,white,,black stars,,,
161,OWLZ #161,752,80.26181153032006,8,cool blue,Orange 2,2C,Orange 3,,4,,,,3c,,white,,pink stripes,,,
516,OWLZ #516,753,80.21152300390311,7,cool blue,Gray,1B,Blue 1,,6a,,,,5b,,,,,"green, flowers",,
411,OWLZ #411,754,79.98490200483754,8,pea,Gray,2A,Blue 2,,4,,,,5a,,green,,green stripes,,,
188,OWLZ #188,755,79.7267367683898,7,cool blue,Blue 1,3A,Green 1,,4a,,,,1a,,,,,"green, flowers",,
520,OWLZ #520,756,78.77304722873197,8,cool blue,Gray,1A,Orange 1,,3a,,,,5a,,white,,black stars,,,
480,OWLZ #480,757,78.68149400312595,8,cool blue,Blue 2,1B,Orange 1,,4a,,,,2b,,pink,,pink stripes,,,
75,OWLZ #75,758,77.84765274293876,8,rays,Gray,2A,Orange 3,,2b,,,,1a,,white,,green stripes,,,
88,OWLZ #88,759,77.3909182252896,8,cool blue,Gray,1B,Green 5,,1,,,,3c,,green,,green stripes,,,
2202,OWLZ #2202,760,77.0633243070082,8,cool blue,Blue 1,1A,Green 1,,1b,,,,4b,,white,,black stars,,,
2111,OWLZ #2111,761,76.99685960742211,8,cool blue,Orange 2,1B,Green 4,,1b,,,,3c,,white,,red,,,
333,OWLZ #333,762,76.96551763476508,8,cool blue,Violet 1,2C,Orange 3,,6a,,,,1b,,green,,green stripes,,,
143,OWLZ #143,763,76.6465959368655,8,cool blue,Violet 1,3B,Orange 1,,4,,,,2c,,green,,green stripes,,,
169,OWLZ #169,764,76.61578981380427,8,cool blue,Gray,2b,Blue 1,,4a,,,,1c,,white,,pink stripes,,,
488,OWLZ #488,765,76.0826273069968,8,cool blue,Orange 1,2A,Green 1,,6b,,,,2b,,pink,,green stripes,,,
2100,OWLZ #2100,766,75.32869978824158,8,pea,Blue 1,3A,Green 1,,1a,,,,2c,,white,,red,,,
2105,OWLZ #2105,767,74.99376853024302,8,cool blue,Violet 1,3B,Orange 3,,4a,,,,2c,,green,,red,,,
130,OWLZ #130,768,74.26238432422707,8,cool blue,Blue 2,3B,Blue 2,,3a,,,,3a,,white,,green stripes,,,
4,OWLZ #4,769,73.66271937938807,8,cool blue,Orange 2,2A,Blue 2,,1,,,,5b,,green,,pink stripes,,,
416,OWLZ #416,770,73.43823839389682,8,cool blue,Violet 1,3A,Orange 3,,6a,,,,3b,,white,,red,,,
2072,OWLZ #2072,771,73.33714249558292,8,rays,Orange 2,3A,Blue 1,,5,,,,1a,,white,,red,,,
493,OWLZ #493,772,72.91274127758476,8,cool blue,Blue 2,1B,Blue 2,,6a,,,,4b,,pink,,red,,,
369,OWLZ #369,773,72.86382517807846,8,cool blue,Gray,3B,Blue 3,,6b,,,,1a,,white,,red,,,
211,OWLZ #211,774,71.1268648936177,8,cool blue,Blue 2,1B,Green 1,,5a,,,,3b,,white,,red,,,
94,OWLZ #94,775,70.291079768029,8,cool blue,Orange 1,2A,Green 1,,2b,,,,2b,,green,,red,,,
225,OWLZ #225,776,70.26930244860633,8,cool blue,Violet 1,3B,Blue 1,,6a,,,,5a,,white,,pink stripes,,,
2123,OWLZ #2123,777,70.18162615344913,8,cool blue,Blue 1,2A,Blue 1,,1,,,,3c,,green,,pink stripes,,,
103,OWLZ #103,778,69.89584013918255,8,cool blue,Blue 1,3B,Orange 3,,4a,,,,1b,,white,,red,,,
