ID,Name,Rank,Rarity_Score,Ancient,Attributes,environment,head,mantle,organs,tentacles,texture,tribe
4054,Ancient Oxtazy #4054,1,560.0833333333333,South Guardian,2,,,,,,,Ancient
4056,Ancient Oxtazy #4056,1,560.0833333333333,Nororuk,2,,,,,,,Ancient
4057,Ancient Oxtazy #4057,1,560.0833333333333,Mechoctopus,2,,,,,,,Ancient
4058,Ancient Oxtazy #4058,1,560.0833333333333,Hellayen,2,,,,,,,Ancient
4060,Ancient Oxtazy #4060,1,560.0833333333333,Dark Wizard,2,,,,,,,Ancient
4061,Ancient Oxtazy #4061,1,560.0833333333333,Zireg,2,,,,,,,Ancient
4063,Ancient Oxtazy #4063,1,560.0833333333333,Underground Guardian,2,,,,,,,Ancient
4064,Ancient Oxtazy #4064,1,560.0833333333333,Mash,2,,,,,,,Ancient
4065,Ancient Oxtazy #4065,1,560.0833333333333,Xapros,2,,,,,,,Ancient
4067,Ancient Oxtazy #4067,1,560.0833333333333,High Council Member 1,2,,,,,,,Ancient
4069,Ancient Oxtazy #4069,1,560.0833333333333,High Council Member 3,2,,,,,,,Ancient
4074,Ancient Oxtazy #4074,1,560.0833333333333,High Council Member 8,2,,,,,,,Ancient
4077,Ancient Oxtazy #4077,1,560.0833333333333,Garakh,2,,,,,,,Ancient
4078,Ancient Oxtazy #4078,1,560.0833333333333,North Guardian,2,,,,,,,Ancient
4080,Ancient Oxtazy #4080,1,560.0833333333333,Wizard,2,,,,,,,Ancient
4081,Ancient Oxtazy #4081,1,560.0833333333333,Xakzils,2,,,,,,,Ancient
4082,Ancient Oxtazy #4082,1,560.0833333333333,West Guardian,2,,,,,,,Ancient
4084,Ancient Oxtazy #4084,1,560.0833333333333,Zagurok,2,,,,,,,Ancient
4086,Ancient Oxtazy #4086,1,560.0833333333333,Hell Guardian,2,,,,,,,Ancient
4087,Ancient Oxtazy #4087,1,560.0833333333333,Beast,2,,,,,,,Ancient
4089,Ancient Oxtazy #4089,1,560.0833333333333,King,2,,,,,,,Ancient
4090,Ancient Oxtazy #4090,1,560.0833333333333,Octus Reaper,2,,,,,,,Ancient
4093,Ancient Oxtazy #4093,1,560.0833333333333,East Guardian,2,,,,,,,Ancient
4094,Ancient Oxtazy #4094,1,560.0833333333333,High Council Member 2,2,,,,,,,Ancient
811,Oxtazy #811,25,356.17545763192953,,7,light-wreck,armor,ball-glow,arctic,baby,marine,Nobili
623,Oxtazy #623,26,323.0774122867614,,7,light-wreck,frisbee,sphere,arctic,baby,denim,Nobili
843,Oxtazy #843,27,287.7270544804839,,7,dark-fiery,vampire,ball-glow,bloody,cobra,lava,Ignis
769,Oxtazy #769,28,264.60162298048516,,7,fiery,vampire,nut,flaming,dance,blood,Ignis
1087,Oxtazy #1087,29,252.48865179547852,,7,pier,venom,nut,candy,chilled,grinch,Alieni
1007,Oxtazy #1007,30,250.30813158240844,,7,bottom,cyclop,lungs-glow,candy,baby,camouflage,Alieni
964,Oxtazy #964,31,246.7705151636207,,7,pier,green-angler,lungs,candy,cobra,grinch,Alieni
680,Oxtazy #680,32,246.10748005550883,,7,orange-fiery,manta,nut,fuchsia,attack,lava,Ignis
835,Oxtazy #835,33,239.423094685109,,7,bottom,vampire,ball-glow,sparkling-red,chilled,blood,Ignis
670,Oxtazy #670,34,236.95965123042862,,7,poisoned-dump,green-angler,crinkled-glow,gemstone,chilled,camouflage,Alieni
1057,Oxtazy #1057,35,227.44380897082328,,7,hell,crab,ball-glow,fuchsia,dance,lava,Ignis
822,Oxtazy #822,36,214.2552438356041,,7,orange-fiery,davy-jones,crinkled,yellow-lava,annoyed,blood,Ignis
650,Oxtazy #650,37,210.24343546853257,,7,orange-fiery,red-angler,lungs-glow,blazing,annoyed,blood,Ignis
937,Oxtazy #937,38,208.25800940336967,,7,orange-chamber,red-angler,crinkled,fuchsia,annoyed,lava,Ignis
1177,Oxtazy #1177,39,206.8678289049188,,7,radioactive,venom,crinkled,gemstone,baby,grinch,Alieni
929,Oxtazy #929,40,205.065422247249,,7,dump,eyeless,lungs-glow,gemstone,chilled,grinch,Alieni
990,Oxtazy #990,41,198.55687473165796,,7,orange-fiery,red-angler,textured-sphere-glow,yellow-lava,dance,slippery,Ignis
633,Oxtazy #633,42,198.4213162211387,,7,hell,red-angler,rose-glow,fuchsia,annoyed,slippery,Ignis
828,Oxtazy #828,43,194.54424269351955,,7,radioactive,cyclop,rose,bacteria,baby,camouflage,Alieni
631,Oxtazy #631,44,191.3448136228566,,7,radioactive-purple,chafer,crinkled,pineapple,baby,scaly,Alieni
1023,Oxtazy #1023,45,189.1241582103721,,7,radioactive-purple,eel,ball-glow,neon,annoyed,grinch,Alieni
660,Oxtazy #660,46,188.81218194766174,,7,light-fiery,davy-jones,textured-sphere-glow,blazing,dance,blood,Ignis
1086,Oxtazy #1086,47,187.25914666009103,,7,radioactive,sauron,sphere-glow,bacteria,chilled,grinch,Alieni
1110,Oxtazy #1110,48,186.420078443217,,7,dark-ashy-depth,armor,ball-glow,mystic-topaz,attack,tie-dye,Nobili
753,Oxtazy #753,49,185.81206449389128,,7,desolation,eel,nut,curry,baby,grinch,Alieni
703,Oxtazy #703,50,184.39672895039112,,7,desolation,venom,lungs-glow,gemstone,baby,claret,Alieni
826,Oxtazy #826,51,183.43859223932168,,7,blue-desolation,venom,ball-glow,grub,cobra,claret,Alieni
747,Oxtazy #747,52,182.55946356881265,,7,atlantis,disco-fly,sphere,mystic-topaz,baby,denim,Nobili
1013,Oxtazy #1013,53,182.36379244245464,,7,poisoned-pier,venom,lungs-glow,bacteria,chilled,scaly,Alieni
1175,Oxtazy #1175,54,180.6151488058704,,7,white-atlantis,kaleidoscope,sphere,malibu-sky,attack,denim,Nobili
941,Oxtazy #941,55,180.2391501107467,,7,poisoned-dump,chafer,ball-glow,pineapple,dance,grinch,Alieni
875,Oxtazy #875,56,179.78700293678614,,7,red-fiery,manta,sphere-glow,fuchsia,dance,slippery,Ignis
1133,Oxtazy #1133,57,178.8160788922772,,7,dark-fiery,davy-jones,sphere-glow,blazing,cobra,slippery,Ignis
1040,Oxtazy #1040,58,177.55651476108443,,7,atlantis,frisbee,nut-glow,amethyst,angry,denim,Nobili
1017,Oxtazy #1017,59,177.48138781506674,,7,atlantis,disco-fly,rose-glow,blue-meth,angry,marine,Nobili
658,Oxtazy #658,60,175.60731240420276,,7,uran-dump,chafer,lungs,hairy,angry,scaly,Alieni
885,Oxtazy #885,61,175.56864272468675,,7,poisoned-dump,chafer,ball-glow,hairy,chilled,camouflage,Alieni
787,Oxtazy #787,62,175.5293127246416,,7,blue-desolation,venom,ball,curry,attack,claret,Alieni
728,Oxtazy #728,63,174.42144624476595,,7,dark-cave,armor,lungs-glow,mystic-topaz,baby,lagoon,Nobili
794,Oxtazy #794,64,174.37436984392448,,7,monuments,disco-fly,sphere-glow,holo,annoyed,lagoon,Nobili
831,Oxtazy #831,65,173.93699446588005,,7,radioactive-purple,venom,lungs,bacteria,baby,grinch,Alieni
1094,Oxtazy #1094,66,173.69484631327833,,7,pier,eel,ball-glow,pineapple,dance,claret,Alieni
629,Oxtazy #629,67,173.63254209336176,,7,bottom,birdy,textured-sphere-glow,bombay-sapphire,baby,tie-dye,Nobili
759,Oxtazy #759,68,172.99310910685836,,7,poisoned-dump,green-angler,sphere-glow,pineapple,baby,grinch,Alieni
648,Oxtazy #648,69,171.23063880584084,,7,radioactive,green-angler,rose,neon,annoyed,scaly,Alieni
1078,Oxtazy #1078,70,171.1950944278439,,7,wreck,frisbee,crinkled,malibu-sky,attack,denim,Nobili
812,Oxtazy #812,71,170.0031069859855,,7,dark-wreck,six-eyed,nut,malibu-sky,chilled,lagoon,Nobili
983,Oxtazy #983,72,169.83744483350898,,7,blue-desolation,green-angler,crinkled,hairy,angry,grinch,Alieni
1112,Oxtazy #1112,73,168.67366048605763,,7,desolation,venom,rose,bacteria,annoyed,claret,Alieni
902,Oxtazy #902,74,168.53685613243823,,7,orange-fiery,manta,nut-glow,igneous,cobra,wounded,Ignis
1020,Oxtazy #1020,75,167.5252149473689,,7,atlantis,armor,sphere,blue-meth,monk,lagoon,Nobili
818,Oxtazy #818,76,167.40336377114102,,7,light-chamber,sauron-freak,nut,blazing,cobra,blood,Ignis
987,Oxtazy #987,77,167.35138861063473,,7,poisoned-pier,eel,sphere-glow,hairy,dance,grinch,Alieni
664,Oxtazy #664,78,167.30016810383032,,7,pier,eyeless,ball,neon,baby,scaly,Alieni
944,Oxtazy #944,79,166.7114363972701,,7,lava,davy-jones,nut-glow,blazing,attack,wounded,Ignis
700,Oxtazy #700,80,166.38154734079342,,7,poisoned-dump,chafer,rose,hairy,baby,grinch,Alieni
994,Oxtazy #994,81,166.10178070864674,,7,blue-desolation,cyclop,rose,curry,annoyed,grinch,Alieni
958,Oxtazy #958,82,166.03119492867387,,7,dark-desolation,eel,ball-glow,bacteria,baby,grinch,Alieni
644,Oxtazy #644,83,165.9635278921901,,7,uran-dump,chafer,textured-sphere,curry,dance,claret,Alieni
625,Oxtazy #625,84,165.84157358612822,,7,dark-wreck,disco-fly,lungs-glow,sequin,annoyed,denim,Nobili
1035,Oxtazy #1035,85,165.6383238309594,,7,dark-desolation,eel,lungs,grub,angry,grinch,Alieni
1114,Oxtazy #1114,86,165.36366392525014,,7,radioactive,green-angler,lungs,neon,angry,camouflage,Alieni
844,Oxtazy #844,87,164.48573592881993,,7,monuments,frisbee,sphere,bombay-sapphire,annoyed,marine,Nobili
760,Oxtazy #760,88,163.75019042782623,,7,light-fiery,sauron-freak,textured-sphere,blazing,annoyed,slippery,Ignis
673,Oxtazy #673,89,163.61879685167534,,7,monuments,six-eyed,nut,malibu-sky,baby,marine,Nobili
892,Oxtazy #892,90,163.29295651554088,,7,monuments,kaleidoscope,lungs,bombay-sapphire,chilled,marine,Nobili
932,Oxtazy #932,91,162.88255935850373,,7,blue-desolation,chafer,nut-glow,pineapple,baby,grinch,Alieni
977,Oxtazy #977,92,162.8449587610416,,7,dark-monuments,birdy,textured-sphere,malibu-sky,baby,denim,Nobili
1070,Oxtazy #1070,93,162.1789161324468,,7,cave,six-eyed,ball-glow,mystic-topaz,dance,denim,Nobili
1171,Oxtazy #1171,94,160.89854758365973,,7,orange-chamber,sauron-freak,nut,sparkling-red,angry,blood,Ignis
1001,Oxtazy #1001,95,160.87668076829425,,7,ashy-depth,six-eyed,lungs-glow,bombay-sapphire,annoyed,lagoon,Nobili
726,Oxtazy #726,96,160.19028043982664,,7,uran-dump,cyclop,nut-glow,grub,cobra,grinch,Alieni
969,Oxtazy #969,97,159.79743067700034,,7,monuments,frisbee,sphere-glow,amethyst,angry,marine,Nobili
1053,Oxtazy #1053,98,159.14144910578227,,7,light-chamber,red-angler,rose-glow,blazing,attack,lava,Ignis
663,Oxtazy #663,99,159.1385582674204,,7,orange-chamber,manta,textured-sphere-glow,flaming,monk,blood,Ignis
939,Oxtazy #939,100,158.95336740394418,,7,pier,eyeless,textured-sphere,neon,angry,grinch,Alieni
796,Oxtazy #796,101,158.1512522673744,,7,dark-monuments,birdy,rose-glow,bombay-sapphire,annoyed,marine,Nobili
1055,Oxtazy #1055,102,157.8269330691253,,7,dark-ashy-depth,kaleidoscope,rose,amethyst,attack,lagoon,Nobili
838,Oxtazy #838,103,157.68879244245466,,7,radioactive-yellow,chafer,sphere-glow,gemstone,chilled,claret,Alieni
656,Oxtazy #656,104,157.3820643687994,,7,dark-monuments,frisbee,ball-glow,bombay-sapphire,chilled,denim,Nobili
965,Oxtazy #965,105,156.88534550812534,,7,uran-dump,sauron,ball,neon,chilled,claret,Alieni
973,Oxtazy #973,106,156.73986561433944,,7,desolation,sauron,sphere,bacteria,chilled,grinch,Alieni
777,Oxtazy #777,107,156.08771608603578,,7,dark-cave,birdy,nut-glow,bombay-sapphire,chilled,marine,Nobili
897,Oxtazy #897,108,154.95424942992528,,7,light-fiery,manta,sphere,fuchsia,attack,blood,Ignis
1121,Oxtazy #1121,109,154.5757129243375,,7,atlantis,disco-fly,ball,blue-meth,baby,marine,Nobili
904,Oxtazy #904,110,154.21077822799535,,7,radioactive,cyclop,nut,hairy,attack,grinch,Alieni
738,Oxtazy #738,111,153.28076505236908,,7,cave,six-eyed,lungs,holo,attack,denim,Nobili
1126,Oxtazy #1126,112,152.4632789037058,,7,radioactive-yellow,sauron,sphere,pineapple,dance,claret,Alieni
1111,Oxtazy #1111,113,152.0667277063517,,7,dark-cave,armor,rose-glow,sequin,baby,denim,Nobili
927,Oxtazy #927,114,151.26338020474236,,7,dark-chamber,sauron-freak,ball,sparkling-red,monk,blood,Ignis
1196,Oxtazy #1196,115,151.00012650065207,,7,white-atlantis,kaleidoscope,nut-glow,mystic-topaz,dance,denim,Nobili
682,Oxtazy #682,116,150.50540849126747,,7,ashy-depth,armor,rose-glow,arctic,annoyed,tie-dye,Nobili
1158,Oxtazy #1158,117,150.40810000265463,,7,dark-ashy-depth,birdy,rose,mystic-topaz,annoyed,tie-dye,Nobili
1098,Oxtazy #1098,118,150.08083098991258,,7,lava,sauron-freak,rose-glow,white-chocolate-cosmos,cobra,blood,Ignis
706,Oxtazy #706,119,150.08056918859802,,7,red-fiery,crab,nut-glow,sparkling-red,attack,blood,Ignis
931,Oxtazy #931,120,149.93925081673717,,7,dark-wreck,birdy,textured-sphere-glow,sequin,attack,tie-dye,Nobili
647,Oxtazy #647,121,149.6840378198575,,7,cave,frisbee,rose,arctic,baby,lagoon,Nobili
853,Oxtazy #853,122,148.45954422590637,,7,red-chamber,red-angler,textured-sphere-glow,sparkling-red,monk,blood,Ignis
1197,Oxtazy #1197,123,148.3774807338429,,7,red-chamber,red-angler,textured-sphere-glow,igneous,monk,lava,Ignis
986,Oxtazy #986,124,148.05877226136934,,7,dark-fiery,manta,textured-sphere,flaming,annoyed,lava,Ignis
1088,Oxtazy #1088,125,147.55963861788047,,7,desolation,chafer,nut,bacteria,cobra,grinch,Alieni
730,Oxtazy #730,126,147.53455380491405,,7,red-chamber,crab,crinkled,bloody,annoyed,lava,Ignis
795,Oxtazy #795,127,147.530749613035,,7,dump,cyclop,ball-glow,grub,attack,scaly,Alieni
1065,Oxtazy #1065,128,147.42227857932613,,7,hell,sauron-freak,sphere,yellow-lava,annoyed,slippery,Ignis
667,Oxtazy #667,129,147.23029776265741,,7,dark-desolation,eyeless,ball-glow,neon,annoyed,camouflage,Alieni
1009,Oxtazy #1009,130,147.1827714767207,,7,pier,sauron,textured-sphere,hairy,angry,scaly,Alieni
772,Oxtazy #772,131,145.61329461077884,,7,radioactive-purple,green-angler,nut,pineapple,annoyed,grinch,Alieni
940,Oxtazy #940,132,145.4699484105101,,7,blue-desolation,chafer,nut-glow,neon,annoyed,grinch,Alieni
1104,Oxtazy #1104,133,145.13586034373884,,7,ashy-depth,birdy,lungs,malibu-sky,baby,marine,Nobili
718,Oxtazy #718,134,145.0096135134991,,7,pier,eyeless,lungs,neon,baby,grinch,Alieni
720,Oxtazy #720,135,144.9303433926266,,7,dark-fiery,red-angler,textured-sphere,flaming,monk,slippery,Ignis
1061,Oxtazy #1061,136,144.81736584448987,,7,cave,birdy,rose-glow,arctic,chilled,marine,Nobili
802,Oxtazy #802,137,144.7229267087464,,7,cave,frisbee,sphere-glow,arctic,baby,lagoon,Nobili
988,Oxtazy #988,138,144.4828656118161,,7,dark-monuments,atlantean-helmet,crinkled-glow,arctic,angry,denim,Nobili
966,Oxtazy #966,139,144.09304833441047,,7,hell,crab,rose,bloody,dance,blood,Ignis
1167,Oxtazy #1167,140,143.76316769323836,,7,pier,cyclop,lungs,gemstone,annoyed,camouflage,Alieni
982,Oxtazy #982,141,142.95791200068925,,7,red-fiery,red-angler,textured-sphere-glow,igneous,cobra,blood,Ignis
1107,Oxtazy #1107,142,142.87241023574066,,7,atlantis,kaleidoscope,crinkled-glow,blue-meth,baby,lagoon,Nobili
834,Oxtazy #834,143,142.8295722329388,,7,radioactive-yellow,green-angler,ball,gemstone,annoyed,grinch,Alieni
689,Oxtazy #689,144,142.72214852750471,,7,poisoned-pier,venom,sphere,bacteria,dance,grinch,Alieni
713,Oxtazy #713,145,142.68017251305102,,7,white-atlantis,six-eyed,ball,holo,baby,lagoon,Nobili
662,Oxtazy #662,146,142.57548982351864,,7,hell,blindman,sphere-glow,white-chocolate-cosmos,attack,lava,Ignis
825,Oxtazy #825,147,142.21505688141903,,7,dark-fiery,red-angler,textured-sphere-glow,bloody,dance,blood,Ignis
1109,Oxtazy #1109,148,142.13088835494335,,7,cave,kaleidoscope,sphere,mystic-topaz,baby,marine,Nobili
1099,Oxtazy #1099,149,142.04056954834678,,7,light-chamber,davy-jones,ball,bloody,cobra,lava,Ignis
845,Oxtazy #845,150,142.00678694260662,,7,white-atlantis,birdy,ball,sequin,monk,denim,Nobili
776,Oxtazy #776,151,141.93478355441516,,7,radioactive-purple,green-angler,ball,grub,baby,grinch,Alieni
1117,Oxtazy #1117,152,141.9184610295856,,7,dark-cave,armor,rose,blue-meth,chilled,denim,Nobili
952,Oxtazy #952,153,141.6733002738507,,7,radioactive-purple,cyclop,nut,hairy,baby,grinch,Alieni
1102,Oxtazy #1102,154,141.40132779242464,,7,fiery,blindman,crinkled,blazing,attack,wounded,Ignis
1179,Oxtazy #1179,155,141.2910540879032,,7,dark-cave,armor,sphere,holo,dance,marine,Nobili
793,Oxtazy #793,156,141.0066274133987,,7,pier,eel,sphere,neon,cobra,grinch,Alieni
693,Oxtazy #693,157,140.88042380239443,,7,desolation,chafer,crinkled,neon,annoyed,camouflage,Alieni
1152,Oxtazy #1152,158,140.56439348217071,,7,dark-chamber,davy-jones,textured-sphere,igneous,cobra,blood,Ignis
749,Oxtazy #749,159,140.33492228436037,,7,poisoned-pier,green-angler,rose-glow,neon,attack,scaly,Alieni
1011,Oxtazy #1011,160,140.19915929130576,,7,light-fiery,crab,rose,white-chocolate-cosmos,attack,lava,Ignis
815,Oxtazy #815,161,140.05280600019188,,7,desolation,cyclop,nut-glow,hairy,baby,claret,Alieni
1191,Oxtazy #1191,162,139.8396135134991,,7,dark-desolation,eyeless,lungs,neon,baby,grinch,Alieni
701,Oxtazy #701,163,139.65213943565757,,7,red-fiery,sauron-freak,nut,bloody,annoyed,slippery,Ignis
1043,Oxtazy #1043,164,139.54915529134752,,7,ashy-depth,kaleidoscope,lungs-glow,amethyst,attack,lagoon,Nobili
1113,Oxtazy #1113,165,139.5252497663326,,7,dark-monuments,disco-fly,ball,arctic,chilled,denim,Nobili
889,Oxtazy #889,166,138.98687549490433,,7,red-fiery,sauron-freak,sphere-glow,bloody,attack,blood,Ignis
770,Oxtazy #770,167,138.82554192485628,,7,poisoned-pier,venom,ball-glow,curry,chilled,claret,Alieni
674,Oxtazy #674,168,138.73736547175312,,7,radioactive-yellow,chafer,rose,curry,cobra,camouflage,Alieni
878,Oxtazy #878,169,138.7365593952893,,7,dark-monuments,atlantean-helmet,sphere,amethyst,baby,marine,Nobili
1129,Oxtazy #1129,170,138.64821834249392,,7,wreck,kaleidoscope,textured-sphere,amethyst,angry,marine,Nobili
876,Oxtazy #876,171,138.4386008715734,,7,poisoned-pier,venom,nut,curry,chilled,camouflage,Alieni
860,Oxtazy #860,172,138.42938475532915,,7,bottom,eyeless,nut,pineapple,baby,grinch,Alieni
909,Oxtazy #909,173,138.00295900795612,,7,white-atlantis,kaleidoscope,nut-glow,blue-meth,attack,tie-dye,Nobili
761,Oxtazy #761,174,136.0864103514068,,7,uran-dump,green-angler,sphere,neon,baby,claret,Alieni
724,Oxtazy #724,175,135.89391165900875,,7,hell,blindman,nut-glow,igneous,annoyed,lava,Ignis
628,Oxtazy #628,176,135.73219440581897,,7,cave,birdy,nut,blue-meth,dance,marine,Nobili
624,Oxtazy #624,177,135.41027318579873,,7,monuments,kaleidoscope,crinkled-glow,arctic,monk,marine,Nobili
1025,Oxtazy #1025,178,134.75582247949558,,7,dump,sauron,lungs,hairy,cobra,claret,Alieni
985,Oxtazy #985,179,134.67715352767908,,7,atlantis,kaleidoscope,nut-glow,arctic,monk,tie-dye,Nobili
1071,Oxtazy #1071,180,134.39713946043145,,7,red-fiery,blindman,crinkled,yellow-lava,attack,blood,Ignis
949,Oxtazy #949,181,134.18009691736256,,7,dark-ashy-depth,six-eyed,ball-glow,holo,annoyed,tie-dye,Nobili
626,Oxtazy #626,182,134.15493130545687,,7,white-atlantis,kaleidoscope,sphere-glow,arctic,chilled,tie-dye,Nobili
653,Oxtazy #653,183,134.03883149219809,,7,radioactive-yellow,green-angler,sphere-glow,bacteria,annoyed,grinch,Alieni
1021,Oxtazy #1021,184,133.5654046570181,,7,dark-wreck,frisbee,lungs,mystic-topaz,annoyed,denim,Nobili
645,Oxtazy #645,185,133.48993576340183,,7,radioactive-purple,green-angler,ball,hairy,cobra,grinch,Alieni
729,Oxtazy #729,186,133.44477010929378,,7,atlantis,kaleidoscope,crinkled,sequin,annoyed,lagoon,Nobili
622,Oxtazy #622,187,133.40069510933665,,7,dark-fiery,blindman,sphere,sparkling-red,angry,blood,Ignis
827,Oxtazy #827,188,133.00244676597265,,7,poisoned-pier,green-angler,lungs,curry,dance,claret,Alieni
790,Oxtazy #790,189,132.5376603759908,,7,white-atlantis,kaleidoscope,nut,blue-meth,monk,denim,Nobili
764,Oxtazy #764,190,132.40364705343026,,7,light-chamber,davy-jones,ball,bloody,monk,slippery,Ignis
1012,Oxtazy #1012,191,132.33433902986786,,7,fiery,davy-jones,nut,flaming,attack,blood,Ignis
781,Oxtazy #781,192,132.04570839531044,,7,lava,crab,ball-glow,flaming,attack,slippery,Ignis
752,Oxtazy #752,193,131.98049925840124,,7,dark-fiery,manta,lungs-glow,white-chocolate-cosmos,annoyed,wounded,Ignis
1014,Oxtazy #1014,194,131.8187322600944,,7,red-chamber,manta,sphere-glow,blazing,dance,blood,Ignis
819,Oxtazy #819,195,131.80479550184648,,7,uran-dump,green-angler,nut,hairy,baby,grinch,Alieni
849,Oxtazy #849,196,131.80169435001403,,7,dark-cave,birdy,textured-sphere,mystic-topaz,dance,denim,Nobili
867,Oxtazy #867,197,131.14803884312647,,7,dark-fiery,blindman,lungs,igneous,attack,lava,Ignis
1077,Oxtazy #1077,198,130.99008381756275,,7,uran-dump,chafer,ball-glow,neon,chilled,grinch,Alieni
642,Oxtazy #642,199,130.93951470161676,,7,dark-fiery,crab,ball-glow,bloody,attack,slippery,Ignis
1033,Oxtazy #1033,200,130.78377094298395,,7,light-chamber,blindman,crinkled,flaming,attack,slippery,Ignis
635,Oxtazy #635,201,130.7025760268529,,7,desolation,cyclop,sphere-glow,neon,baby,camouflage,Alieni
869,Oxtazy #869,202,130.4094683114826,,7,dark-chamber,blindman,ball-glow,sparkling-red,chilled,lava,Ignis
804,Oxtazy #804,203,130.08336967764657,,7,dark-desolation,cyclop,rose,bacteria,chilled,camouflage,Alieni
1124,Oxtazy #1124,204,129.76079211057532,,7,hell,red-angler,textured-sphere,yellow-lava,chilled,slippery,Ignis
766,Oxtazy #766,205,129.63930722477858,,7,dark-chamber,blindman,rose-glow,sparkling-red,chilled,wounded,Ignis
1135,Oxtazy #1135,206,129.56192479775848,,7,hell,blindman,nut-glow,yellow-lava,attack,wounded,Ignis
1005,Oxtazy #1005,207,129.1746208479405,,7,dark-cave,armor,sphere-glow,arctic,chilled,marine,Nobili
676,Oxtazy #676,208,128.92832066119917,,7,wreck,six-eyed,rose,amethyst,baby,marine,Nobili
799,Oxtazy #799,209,128.91552857781178,,7,red-fiery,red-angler,sphere-glow,flaming,dance,slippery,Ignis
1122,Oxtazy #1122,210,128.31515892451347,,7,poisoned-pier,chafer,sphere,pineapple,annoyed,camouflage,Alieni
846,Oxtazy #846,211,128.09561757996667,,7,wreck,disco-fly,sphere,arctic,chilled,marine,Nobili
709,Oxtazy #709,212,128.0907439571454,,7,fiery,crab,rose-glow,white-chocolate-cosmos,annoyed,blood,Ignis
1128,Oxtazy #1128,213,127.6412203478874,,7,bottom,sauron-freak,nut-glow,flaming,monk,wounded,Ignis
758,Oxtazy #758,214,127.5636948896393,,7,dump,sauron,nut,grub,baby,grinch,Alieni
881,Oxtazy #881,215,127.51983176746735,,7,desolation,chafer,lungs,neon,angry,grinch,Alieni
705,Oxtazy #705,216,127.45498081820999,,7,light-fiery,sauron-freak,sphere,yellow-lava,cobra,wounded,Ignis
912,Oxtazy #912,217,127.08665883260046,,7,dump,chafer,sphere,curry,angry,claret,Alieni
854,Oxtazy #854,218,127.02521616181191,,7,radioactive-yellow,cyclop,ball-glow,neon,attack,camouflage,Alieni
1166,Oxtazy #1166,219,126.9183588120036,,7,poisoned-pier,green-angler,crinkled,neon,angry,grinch,Alieni
971,Oxtazy #971,220,126.49169736789567,,7,red-chamber,davy-jones,ball,bloody,cobra,slippery,Ignis
1195,Oxtazy #1195,221,126.45755830149373,,7,dark-monuments,atlantean-helmet,textured-sphere-glow,arctic,annoyed,marine,Nobili
1131,Oxtazy #1131,222,126.19421228989569,,7,dark-wreck,six-eyed,lungs-glow,blue-meth,chilled,tie-dye,Nobili
991,Oxtazy #991,223,126.02162158245528,,7,red-fiery,red-angler,ball,sparkling-red,attack,wounded,Ignis
850,Oxtazy #850,224,125.93009595879745,,7,poisoned-pier,cyclop,nut-glow,neon,annoyed,claret,Alieni
947,Oxtazy #947,225,125.70063625410302,,7,dark-ashy-depth,atlantean-helmet,sphere,holo,baby,marine,Nobili
935,Oxtazy #935,226,124.60367371548072,,7,radioactive-yellow,chafer,sphere-glow,hairy,cobra,camouflage,Alieni
640,Oxtazy #640,227,124.08728604653217,,7,pier,venom,crinkled-glow,hairy,baby,grinch,Alieni
1032,Oxtazy #1032,228,123.61259903879736,,7,red-chamber,crab,sphere-glow,yellow-lava,cobra,slippery,Ignis
905,Oxtazy #905,229,123.56659049509578,,7,pier,sauron,sphere-glow,curry,cobra,camouflage,Alieni
1093,Oxtazy #1093,230,123.30297116933333,,7,hell,blindman,ball,yellow-lava,chilled,blood,Ignis
1029,Oxtazy #1029,231,123.21778560361932,,7,red-chamber,crab,nut-glow,igneous,attack,wounded,Ignis
829,Oxtazy #829,232,123.14459050246903,,7,bottom,six-eyed,nut,malibu-sky,chilled,marine,Nobili
883,Oxtazy #883,233,122.84856006044653,,7,orange-chamber,red-angler,rose-glow,bloody,cobra,wounded,Ignis
979,Oxtazy #979,234,122.68719965364953,,7,fiery,davy-jones,ball,white-chocolate-cosmos,attack,slippery,Ignis
833,Oxtazy #833,235,122.64300320088172,,7,wreck,six-eyed,lungs-glow,mystic-topaz,monk,marine,Nobili
634,Oxtazy #634,236,121.97366012028544,,7,orange-chamber,manta,crinkled,bloody,dance,blood,Ignis
1115,Oxtazy #1115,237,120.96571920962008,,7,light-fiery,crab,textured-sphere,igneous,dance,slippery,Ignis
1140,Oxtazy #1140,238,120.83848774063422,,7,light-fiery,manta,crinkled-glow,yellow-lava,attack,blood,Ignis
874,Oxtazy #874,239,120.82016970455736,,7,pier,venom,ball,grub,cobra,camouflage,Alieni
923,Oxtazy #923,240,120.74288767996947,,7,bottom,green-angler,rose-glow,gemstone,baby,camouflage,Alieni
823,Oxtazy #823,241,120.53263703969169,,7,dark-cave,birdy,textured-sphere,mystic-topaz,annoyed,marine,Nobili
851,Oxtazy #851,242,120.50403601077632,,7,ashy-depth,atlantean-helmet,crinkled,blue-meth,annoyed,lagoon,Nobili
1034,Oxtazy #1034,243,120.4611135219332,,7,ashy-depth,birdy,textured-sphere-glow,holo,baby,marine,Nobili
1159,Oxtazy #1159,244,120.45915820371283,,7,bottom,disco-fly,ball,holo,annoyed,marine,Nobili
798,Oxtazy #798,245,119.97090232339899,,7,dark-desolation,chafer,textured-sphere,hairy,cobra,scaly,Alieni
1118,Oxtazy #1118,246,119.95739295958457,,7,dump,chafer,sphere,grub,baby,claret,Alieni
685,Oxtazy #685,247,119.917513080859,,7,radioactive-yellow,chafer,sphere,hairy,annoyed,claret,Alieni
708,Oxtazy #708,248,119.72712922644361,,7,pier,venom,ball-glow,neon,baby,scaly,Alieni
723,Oxtazy #723,249,119.72383574458502,,7,fiery,crab,ball-glow,sparkling-red,annoyed,blood,Ignis
679,Oxtazy #679,250,119.57110777604511,,7,dark-ashy-depth,atlantean-helmet,sphere-glow,sequin,chilled,marine,Nobili
1186,Oxtazy #1186,251,119.43820978329744,,7,lava,blindman,lungs,yellow-lava,attack,lava,Ignis
1172,Oxtazy #1172,252,119.21413488726601,,7,pier,venom,rose-glow,curry,dance,grinch,Alieni
762,Oxtazy #762,253,119.07651760660877,,7,dump,green-angler,sphere,pineapple,attack,camouflage,Alieni
1002,Oxtazy #1002,254,119.05104604765006,,7,bottom,atlantean-helmet,sphere-glow,amethyst,attack,marine,Nobili
957,Oxtazy #957,255,119.00263175241496,,7,fiery,sauron-freak,rose,igneous,dance,slippery,Ignis
789,Oxtazy #789,256,118.99591829454286,,7,dark-wreck,frisbee,lungs-glow,blue-meth,chilled,denim,Nobili
1185,Oxtazy #1185,257,118.57047483575867,,7,pier,green-angler,ball-glow,gemstone,baby,grinch,Alieni
786,Oxtazy #786,258,118.5600856263949,,7,dark-desolation,chafer,sphere,pineapple,baby,scaly,Alieni
665,Oxtazy #665,259,118.52117780405632,,7,dark-ashy-depth,six-eyed,nut,arctic,dance,lagoon,Nobili
1095,Oxtazy #1095,260,118.40758978061861,,7,orange-chamber,red-angler,sphere-glow,bloody,attack,lava,Ignis
820,Oxtazy #820,261,118.26232902595554,,7,red-chamber,red-angler,sphere,white-chocolate-cosmos,annoyed,lava,Ignis
954,Oxtazy #954,262,118.14174876130342,,7,dark-wreck,birdy,textured-sphere,holo,annoyed,marine,Nobili
1116,Oxtazy #1116,263,118.12152489942687,,7,orange-chamber,red-angler,sphere-glow,white-chocolate-cosmos,annoyed,wounded,Ignis
767,Oxtazy #767,264,118.09484631327834,,7,bottom,sauron,ball-glow,curry,baby,scaly,Alieni
1041,Oxtazy #1041,265,117.94266436755916,,7,poisoned-pier,green-angler,crinkled,neon,chilled,grinch,Alieni
880,Oxtazy #880,266,117.80524658965548,,7,monuments,atlantean-helmet,nut,blue-meth,attack,marine,Nobili
715,Oxtazy #715,267,117.75203755493953,,7,red-fiery,blindman,nut-glow,bloody,annoyed,wounded,Ignis
750,Oxtazy #750,268,117.28721179225816,,7,light-chamber,manta,crinkled,igneous,monk,slippery,Ignis
871,Oxtazy #871,269,117.13337261967095,,7,pier,green-angler,ball,gemstone,attack,grinch,Alieni
945,Oxtazy #945,270,117.02800953844074,,7,dump,cyclop,ball,hairy,annoyed,camouflage,Alieni
1189,Oxtazy #1189,271,116.92159797212356,,7,white-atlantis,kaleidoscope,sphere-glow,sequin,chilled,marine,Nobili
837,Oxtazy #837,272,116.91190497272467,,7,wreck,frisbee,textured-sphere,holo,dance,denim,Nobili
755,Oxtazy #755,273,116.83423462507483,,7,dark-desolation,sauron,rose,neon,angry,camouflage,Alieni
807,Oxtazy #807,274,116.82297396111564,,7,dark-monuments,six-eyed,nut-glow,mystic-topaz,monk,marine,Nobili
1170,Oxtazy #1170,275,116.8204888952721,,7,red-chamber,red-angler,sphere-glow,sparkling-red,monk,slippery,Ignis
734,Oxtazy #734,276,116.72576463879022,,7,dark-cave,kaleidoscope,lungs-glow,sequin,chilled,tie-dye,Nobili
865,Oxtazy #865,277,116.72181503826492,,7,fiery,sauron-freak,ball,yellow-lava,attack,slippery,Ignis
775,Oxtazy #775,278,116.72055708702416,,7,dump,green-angler,sphere-glow,curry,baby,claret,Alieni
1130,Oxtazy #1130,279,116.60288971345723,,7,light-fiery,davy-jones,ball,bloody,attack,slippery,Ignis
695,Oxtazy #695,280,116.30174515503377,,7,dark-desolation,green-angler,ball-glow,hairy,angry,scaly,Alieni
666,Oxtazy #666,281,116.15388893384029,,7,light-fiery,blindman,textured-sphere,sparkling-red,attack,wounded,Ignis
800,Oxtazy #800,282,116.1051826880612,,7,dark-wreck,frisbee,lungs,sequin,monk,marine,Nobili
778,Oxtazy #778,283,115.8866218418183,,7,red-chamber,red-angler,sphere,flaming,dance,wounded,Ignis
1193,Oxtazy #1193,284,115.84514122940175,,7,ashy-depth,kaleidoscope,crinkled-glow,sequin,annoyed,lagoon,Nobili
1000,Oxtazy #1000,285,115.27802879094583,,7,orange-chamber,manta,nut,bloody,angry,wounded,Ignis
813,Oxtazy #813,286,115.03070935732366,,7,pier,sauron,sphere-glow,hairy,cobra,claret,Alieni
1194,Oxtazy #1194,287,114.97933032929113,,7,orange-chamber,manta,lungs,yellow-lava,annoyed,wounded,Ignis
677,Oxtazy #677,288,114.97526498458943,,7,ashy-depth,atlantean-helmet,ball-glow,sequin,annoyed,tie-dye,Nobili
946,Oxtazy #946,289,114.95009937268378,,7,monuments,kaleidoscope,lungs,arctic,chilled,lagoon,Nobili
809,Oxtazy #809,290,114.29949393301209,,7,orange-chamber,blindman,textured-sphere,bloody,annoyed,slippery,Ignis
1125,Oxtazy #1125,291,114.16357876724099,,7,dump,chafer,nut-glow,neon,dance,claret,Alieni
1190,Oxtazy #1190,292,113.76031846214524,,7,dark-desolation,venom,lungs-glow,grub,chilled,grinch,Alieni
836,Oxtazy #836,293,113.57130724053704,,7,light-fiery,manta,nut-glow,bloody,angry,lava,Ignis
716,Oxtazy #716,294,113.55625769761987,,7,lava,manta,textured-sphere,yellow-lava,monk,blood,Ignis
955,Oxtazy #955,295,113.50088152004857,,7,red-chamber,manta,nut-glow,yellow-lava,monk,wounded,Ignis
686,Oxtazy #686,296,113.29727547347379,,7,red-fiery,manta,nut-glow,igneous,cobra,slippery,Ignis
870,Oxtazy #870,297,113.29343427021843,,7,light-fiery,red-angler,rose-glow,white-chocolate-cosmos,chilled,blood,Ignis
1030,Oxtazy #1030,298,113.16803658720363,,7,dark-chamber,manta,nut,white-chocolate-cosmos,dance,wounded,Ignis
873,Oxtazy #873,299,112.89289073994175,,7,radioactive-yellow,green-angler,nut,hairy,dance,grinch,Alieni
1096,Oxtazy #1096,300,112.7859492412265,,7,light-chamber,manta,sphere-glow,flaming,cobra,blood,Ignis
1136,Oxtazy #1136,301,112.69384094338614,,7,dark-ashy-depth,six-eyed,ball,holo,attack,marine,Nobili
913,Oxtazy #913,302,112.51948053033952,,7,dark-wreck,birdy,rose-glow,sequin,annoyed,marine,Nobili
1138,Oxtazy #1138,303,112.48270908323468,,7,atlantis,kaleidoscope,sphere-glow,sequin,monk,marine,Nobili
890,Oxtazy #890,304,112.35668486702838,,7,light-fiery,blindman,lungs,white-chocolate-cosmos,dance,wounded,Ignis
1039,Oxtazy #1039,305,111.80536643138221,,7,monuments,frisbee,sphere,arctic,attack,denim,Nobili
791,Oxtazy #791,306,111.77224018191954,,7,dump,chafer,ball,pineapple,annoyed,grinch,Alieni
1176,Oxtazy #1176,307,111.68364197911195,,7,dark-monuments,frisbee,ball-glow,holo,annoyed,lagoon,Nobili
1004,Oxtazy #1004,308,111.63515934291357,,7,dark-chamber,manta,rose-glow,yellow-lava,attack,slippery,Ignis
1134,Oxtazy #1134,309,111.60766618319177,,7,bottom,kaleidoscope,rose,amethyst,baby,denim,Nobili
926,Oxtazy #926,310,111.49556730344582,,7,ashy-depth,six-eyed,textured-sphere-glow,sequin,dance,marine,Nobili
712,Oxtazy #712,311,111.2028817734639,,7,lava,red-angler,nut,white-chocolate-cosmos,cobra,wounded,Ignis
895,Oxtazy #895,312,110.92984337120554,,7,light-chamber,manta,rose,white-chocolate-cosmos,dance,blood,Ignis
688,Oxtazy #688,313,110.9263460760738,,7,dark-chamber,blindman,sphere,white-chocolate-cosmos,cobra,slippery,Ignis
714,Oxtazy #714,314,110.83358413336735,,7,dark-fiery,red-angler,nut,igneous,chilled,slippery,Ignis
899,Oxtazy #899,315,110.72270804578265,,7,dark-ashy-depth,six-eyed,sphere,holo,attack,marine,Nobili
672,Oxtazy #672,316,110.37260056828397,,7,dark-ashy-depth,birdy,lungs,blue-meth,chilled,marine,Nobili
785,Oxtazy #785,317,110.23302436743325,,7,ashy-depth,atlantean-helmet,sphere-glow,blue-meth,attack,tie-dye,Nobili
1022,Oxtazy #1022,318,110.11319839607691,,7,wreck,six-eyed,sphere-glow,mystic-topaz,chilled,denim,Nobili
840,Oxtazy #840,319,109.80488740083182,,7,dark-desolation,sauron,ball,grub,dance,grinch,Alieni
1168,Oxtazy #1168,320,109.77039131388729,,7,bottom,cyclop,sphere,curry,dance,scaly,Alieni
756,Oxtazy #756,321,109.16760923677627,,7,bottom,crab,rose,sparkling-red,dance,wounded,Ignis
1132,Oxtazy #1132,322,108.99812661702748,,7,light-fiery,red-angler,rose,sparkling-red,dance,slippery,Ignis
906,Oxtazy #906,323,108.73852519346254,,7,wreck,atlantean-helmet,rose,arctic,chilled,denim,Nobili
1080,Oxtazy #1080,324,108.71039892676109,,7,red-chamber,manta,nut-glow,white-chocolate-cosmos,chilled,blood,Ignis
651,Oxtazy #651,325,108.5935691903297,,7,dark-cave,kaleidoscope,rose,sequin,annoyed,tie-dye,Nobili
832,Oxtazy #832,326,108.57618943354895,,7,monuments,birdy,rose,blue-meth,annoyed,marine,Nobili
903,Oxtazy #903,327,108.4921921919754,,7,dark-chamber,blindman,nut,yellow-lava,dance,slippery,Ignis
675,Oxtazy #675,328,108.47446412040853,,7,dark-desolation,sauron,nut,grub,baby,grinch,Alieni
1119,Oxtazy #1119,329,108.06855068322272,,7,dark-monuments,atlantean-helmet,lungs-glow,blue-meth,attack,marine,Nobili
1050,Oxtazy #1050,330,108.05762114898332,,7,red-chamber,manta,nut,white-chocolate-cosmos,dance,blood,Ignis
805,Oxtazy #805,331,108.04297626703128,,7,dark-wreck,kaleidoscope,sphere,mystic-topaz,baby,marine,Nobili
1156,Oxtazy #1156,332,107.58046704820926,,7,ashy-depth,atlantean-helmet,rose,blue-meth,baby,lagoon,Nobili
916,Oxtazy #916,333,107.55810424077076,,7,light-chamber,manta,rose-glow,igneous,dance,blood,Ignis
862,Oxtazy #862,334,107.37638915282055,,7,orange-chamber,manta,sphere,yellow-lava,annoyed,wounded,Ignis
1073,Oxtazy #1073,335,107.34018709670188,,7,bottom,chafer,nut,pineapple,annoyed,scaly,Alieni
998,Oxtazy #998,336,106.84072679174257,,7,wreck,frisbee,sphere,holo,attack,lagoon,Nobili
928,Oxtazy #928,337,106.72497134026257,,7,dark-wreck,birdy,nut,blue-meth,attack,denim,Nobili
702,Oxtazy #702,338,106.13682331758766,,7,lava,manta,ball-glow,yellow-lava,angry,blood,Ignis
773,Oxtazy #773,339,106.09733042478611,,7,bottom,green-angler,crinkled,grub,cobra,camouflage,Alieni
1082,Oxtazy #1082,340,105.9477302497862,,7,atlantis,kaleidoscope,lungs,blue-meth,attack,marine,Nobili
792,Oxtazy #792,341,105.7046998239754,,7,monuments,kaleidoscope,ball,arctic,angry,marine,Nobili
707,Oxtazy #707,342,105.70067491410435,,7,lava,manta,ball-glow,white-chocolate-cosmos,cobra,blood,Ignis
1028,Oxtazy #1028,343,105.5655068917052,,7,fiery,crab,ball,bloody,cobra,slippery,Ignis
1173,Oxtazy #1173,344,105.56216937853154,,7,bottom,manta,textured-sphere-glow,sparkling-red,chilled,blood,Ignis
630,Oxtazy #630,345,105.4976771260409,,7,pier,sauron,rose,hairy,chilled,grinch,Alieni
861,Oxtazy #861,346,105.19675170210789,,7,radioactive-yellow,chafer,sphere,neon,chilled,grinch,Alieni
978,Oxtazy #978,347,105.16941818858523,,7,lava,blindman,ball,bloody,monk,wounded,Ignis
1155,Oxtazy #1155,348,105.13313121479825,,7,fiery,manta,rose,flaming,chilled,wounded,Ignis
655,Oxtazy #655,349,105.04880300216959,,7,dump,green-angler,ball,curry,annoyed,grinch,Alieni
975,Oxtazy #975,350,104.47188347524724,,7,pier,sauron,nut-glow,hairy,baby,grinch,Alieni
1184,Oxtazy #1184,351,104.38466472455629,,7,dark-chamber,red-angler,sphere,bloody,monk,blood,Ignis
1105,Oxtazy #1105,352,104.31415520654112,,7,dark-desolation,cyclop,nut-glow,hairy,chilled,claret,Alieni
877,Oxtazy #877,353,104.27557221139192,,7,wreck,frisbee,ball,arctic,baby,tie-dye,Nobili
911,Oxtazy #911,354,104.22806536158352,,7,red-chamber,blindman,textured-sphere,bloody,annoyed,slippery,Ignis
1101,Oxtazy #1101,355,104.18136882100046,,7,dark-desolation,green-angler,crinkled-glow,neon,chilled,grinch,Alieni
896,Oxtazy #896,356,103.73356692637192,,7,dark-ashy-depth,kaleidoscope,sphere,arctic,angry,marine,Nobili
914,Oxtazy #914,357,103.18232995276534,,7,light-chamber,blindman,ball-glow,yellow-lava,chilled,slippery,Ignis
894,Oxtazy #894,358,102.89478017337704,,7,bottom,blindman,crinkled,flaming,attack,wounded,Ignis
996,Oxtazy #996,359,102.77957333247531,,7,lava,manta,ball,white-chocolate-cosmos,annoyed,wounded,Ignis
1064,Oxtazy #1064,360,102.40446180453911,,7,dark-desolation,venom,nut,neon,cobra,claret,Alieni
1060,Oxtazy #1060,361,102.1926371074563,,7,dark-chamber,red-angler,ball-glow,igneous,chilled,wounded,Ignis
779,Oxtazy #779,362,102.14194110937844,,7,dark-cave,atlantean-helmet,sphere-glow,arctic,chilled,marine,Nobili
763,Oxtazy #763,363,102.1418801590724,,7,ashy-depth,kaleidoscope,ball,holo,attack,tie-dye,Nobili
746,Oxtazy #746,364,101.85888404191287,,7,dark-chamber,red-angler,rose,bloody,attack,blood,Ignis
967,Oxtazy #967,365,101.62478943156619,,7,dark-cave,frisbee,ball-glow,blue-meth,monk,marine,Nobili
1006,Oxtazy #1006,366,101.4351601422077,,7,dark-chamber,blindman,sphere,yellow-lava,annoyed,slippery,Ignis
824,Oxtazy #824,367,101.24479264037477,,7,fiery,manta,nut-glow,white-chocolate-cosmos,cobra,wounded,Ignis
1127,Oxtazy #1127,368,101.0682362283484,,7,fiery,manta,lungs-glow,igneous,angry,blood,Ignis
661,Oxtazy #661,369,100.67394360732526,,7,dark-desolation,green-angler,nut,grub,angry,grinch,Alieni
1054,Oxtazy #1054,370,100.66068673541446,,7,bottom,red-angler,sphere,blazing,cobra,slippery,Ignis
1169,Oxtazy #1169,371,100.63962038489764,,7,bottom,blindman,ball,flaming,cobra,lava,Ignis
632,Oxtazy #632,372,100.59497087582353,,7,dark-monuments,atlantean-helmet,ball-glow,sequin,baby,marine,Nobili
637,Oxtazy #637,373,100.58252111330984,,7,dark-monuments,kaleidoscope,sphere-glow,sequin,monk,lagoon,Nobili
1187,Oxtazy #1187,374,100.22271722250044,,7,fiery,manta,nut-glow,sparkling-red,dance,slippery,Ignis
1003,Oxtazy #1003,375,100.21853230141082,,7,ashy-depth,six-eyed,textured-sphere,sequin,baby,lagoon,Nobili
765,Oxtazy #765,376,99.72236929565727,,7,light-fiery,manta,ball-glow,sparkling-red,annoyed,slippery,Ignis
671,Oxtazy #671,377,99.54614069445333,,7,light-chamber,blindman,sphere,yellow-lava,chilled,slippery,Ignis
736,Oxtazy #736,378,99.15542405827162,,7,dark-monuments,kaleidoscope,lungs,arctic,monk,denim,Nobili
1103,Oxtazy #1103,379,98.78116846698818,,7,bottom,birdy,lungs-glow,holo,baby,lagoon,Nobili
797,Oxtazy #797,380,98.74743583065852,,7,dark-cave,six-eyed,rose-glow,blue-meth,annoyed,marine,Nobili
801,Oxtazy #801,381,98.59598796418476,,7,dark-desolation,green-angler,textured-sphere,hairy,chilled,camouflage,Alieni
710,Oxtazy #710,382,98.12159797212354,,7,wreck,kaleidoscope,sphere-glow,sequin,chilled,tie-dye,Nobili
751,Oxtazy #751,383,98.05632019434577,,7,dark-cave,kaleidoscope,nut-glow,sequin,monk,marine,Nobili
636,Oxtazy #636,384,98.04535662013983,,7,fiery,blindman,ball,sparkling-red,chilled,slippery,Ignis
1108,Oxtazy #1108,385,98.01254133197943,,7,dark-desolation,green-angler,rose-glow,neon,attack,claret,Alieni
696,Oxtazy #696,386,97.81745594494232,,7,wreck,birdy,lungs-glow,sequin,attack,marine,Nobili
972,Oxtazy #972,387,97.6092737588125,,7,dark-monuments,kaleidoscope,ball,holo,angry,marine,Nobili
774,Oxtazy #774,388,97.322933286442,,7,bottom,davy-jones,lungs,bloody,attack,slippery,Ignis
678,Oxtazy #678,389,96.80192296226646,,7,light-fiery,red-angler,lungs,igneous,chilled,wounded,Ignis
1180,Oxtazy #1180,390,96.41396152458026,,7,dark-desolation,cyclop,ball-glow,neon,baby,claret,Alieni
908,Oxtazy #908,391,96.26745594494231,,7,bottom,birdy,lungs-glow,mystic-topaz,attack,marine,Nobili
857,Oxtazy #857,392,96.15379034570869,,7,dark-cave,frisbee,lungs,blue-meth,annoyed,marine,Nobili
721,Oxtazy #721,393,96.06394214014045,,7,lava,manta,rose,igneous,cobra,slippery,Ignis
1120,Oxtazy #1120,394,96.0058572313828,,7,bottom,kaleidoscope,textured-sphere,sequin,monk,tie-dye,Nobili
882,Oxtazy #882,395,95.63098371533282,,7,ashy-depth,frisbee,sphere,arctic,monk,denim,Nobili
722,Oxtazy #722,396,95.62799452504554,,7,dump,green-angler,sphere-glow,hairy,baby,grinch,Alieni
694,Oxtazy #694,397,95.57525080003401,,7,bottom,crab,sphere-glow,white-chocolate-cosmos,chilled,slippery,Ignis
879,Oxtazy #879,398,95.37907141194992,,7,ashy-depth,six-eyed,lungs-glow,arctic,baby,denim,Nobili
754,Oxtazy #754,399,95.35499599635816,,7,fiery,blindman,nut,igneous,monk,blood,Ignis
976,Oxtazy #976,400,95.33348058302576,,7,ashy-depth,six-eyed,ball,holo,attack,denim,Nobili
1178,Oxtazy #1178,401,95.29648655554479,,7,bottom,blindman,sphere,flaming,attack,lava,Ignis
748,Oxtazy #748,402,94.86117838326868,,7,pier,green-angler,rose-glow,hairy,annoyed,grinch,Alieni
936,Oxtazy #936,403,94.84420150223033,,7,bottom,blindman,crinkled-glow,bloody,attack,blood,Ignis
1151,Oxtazy #1151,404,94.76570783215772,,7,light-chamber,manta,rose,bloody,attack,slippery,Ignis
803,Oxtazy #803,405,94.60833630806401,,7,dark-chamber,manta,sphere,igneous,cobra,slippery,Ignis
1069,Oxtazy #1069,406,94.11220565648256,,7,dark-desolation,cyclop,ball,neon,baby,camouflage,Alieni
1037,Oxtazy #1037,407,93.86496492579863,,7,lava,red-angler,sphere-glow,bloody,attack,wounded,Ignis
993,Oxtazy #993,408,93.77521969299694,,7,bottom,manta,crinkled-glow,igneous,cobra,blood,Ignis
727,Oxtazy #727,409,93.62628536096683,,7,dark-monuments,six-eyed,rose,blue-meth,annoyed,denim,Nobili
699,Oxtazy #699,410,93.60110131192101,,7,ashy-depth,frisbee,nut,holo,baby,marine,Nobili
654,Oxtazy #654,411,93.52493961483118,,7,lava,manta,sphere,yellow-lava,chilled,blood,Ignis
866,Oxtazy #866,412,93.38591106893989,,7,bottom,red-angler,crinkled-glow,igneous,attack,blood,Ignis
806,Oxtazy #806,413,93.21935593709816,,7,ashy-depth,six-eyed,lungs,blue-meth,baby,lagoon,Nobili
814,Oxtazy #814,414,93.06749305147568,,7,dark-wreck,kaleidoscope,ball-glow,blue-meth,dance,marine,Nobili
1153,Oxtazy #1153,415,92.85658863505539,,7,wreck,atlantean-helmet,sphere,arctic,baby,marine,Nobili
930,Oxtazy #930,416,92.67297485880856,,7,bottom,manta,crinkled-glow,igneous,attack,wounded,Ignis
943,Oxtazy #943,417,92.59729620186589,,7,bottom,birdy,lungs-glow,arctic,angry,denim,Nobili
1044,Oxtazy #1044,418,92.55995097640086,,7,lava,blindman,sphere-glow,igneous,attack,slippery,Ignis
910,Oxtazy #910,419,92.52177590344293,,7,bottom,red-angler,sphere-glow,flaming,monk,wounded,Ignis
974,Oxtazy #974,420,92.35045792104005,,7,fiery,red-angler,nut-glow,bloody,cobra,wounded,Ignis
915,Oxtazy #915,421,91.85029745149575,,7,fiery,red-angler,nut,yellow-lava,cobra,slippery,Ignis
968,Oxtazy #968,422,91.16304129486807,,7,bottom,chafer,crinkled-glow,neon,chilled,grinch,Alieni
741,Oxtazy #741,423,91.08638187327676,,7,light-fiery,red-angler,ball,bloody,cobra,blood,Ignis
681,Oxtazy #681,424,90.63772275719658,,7,dark-desolation,chafer,sphere,pineapple,baby,grinch,Alieni
992,Oxtazy #992,425,90.60067499331595,,7,fiery,manta,lungs,igneous,cobra,wounded,Ignis
1081,Oxtazy #1081,426,90.55643956958126,,7,dark-monuments,six-eyed,textured-sphere,arctic,baby,marine,Nobili
898,Oxtazy #898,427,90.5217127976572,,7,bottom,venom,ball,pineapple,dance,grinch,Alieni
1074,Oxtazy #1074,428,90.45221204250329,,7,ashy-depth,birdy,lungs-glow,blue-meth,attack,marine,Nobili
817,Oxtazy #817,429,90.40894624476594,,7,wreck,birdy,nut-glow,sequin,baby,marine,Nobili
893,Oxtazy #893,430,90.09375960173215,,7,bottom,chafer,sphere-glow,grub,dance,camouflage,Alieni
942,Oxtazy #942,431,90.08178256913365,,7,bottom,green-angler,rose-glow,grub,cobra,grinch,Alieni
886,Oxtazy #886,432,90.08070182347907,,7,fiery,red-angler,nut-glow,bloody,cobra,blood,Ignis
925,Oxtazy #925,433,89.98268133134354,,7,dark-desolation,chafer,nut,neon,chilled,claret,Alieni
900,Oxtazy #900,434,89.92898828982199,,7,fiery,red-angler,sphere-glow,yellow-lava,attack,wounded,Ignis
1123,Oxtazy #1123,435,89.25527243606118,,7,dark-monuments,kaleidoscope,textured-sphere,sequin,chilled,marine,Nobili
691,Oxtazy #691,436,88.90015960427306,,7,dark-cave,six-eyed,ball,sequin,annoyed,marine,Nobili
1036,Oxtazy #1036,437,88.658096239923,,7,bottom,venom,sphere-glow,grub,dance,grinch,Alieni
999,Oxtazy #999,438,88.48035546823766,,7,dark-desolation,green-angler,ball,neon,cobra,claret,Alieni
1058,Oxtazy #1058,439,88.39567603565533,,7,light-chamber,manta,sphere,igneous,attack,slippery,Ignis
852,Oxtazy #852,440,88.37452505657261,,7,lava,red-angler,sphere,bloody,annoyed,slippery,Ignis
810,Oxtazy #810,441,88.34220955008806,,7,bottom,six-eyed,nut-glow,holo,baby,lagoon,Nobili
1056,Oxtazy #1056,442,88.21107866607579,,7,dark-wreck,kaleidoscope,sphere-glow,blue-meth,attack,marine,Nobili
1100,Oxtazy #1100,443,88.16145573998227,,7,ashy-depth,kaleidoscope,sphere,blue-meth,attack,tie-dye,Nobili
697,Oxtazy #697,444,88.0075378975172,,7,light-chamber,manta,sphere,bloody,attack,slippery,Ignis
1038,Oxtazy #1038,445,87.93875180838346,,7,bottom,green-angler,ball,bacteria,baby,grinch,Alieni
1048,Oxtazy #1048,446,87.50582969825996,,7,light-fiery,blindman,sphere,igneous,chilled,slippery,Ignis
907,Oxtazy #907,447,87.26131885563852,,7,bottom,green-angler,ball,pineapple,annoyed,claret,Alieni
744,Oxtazy #744,448,86.53551559476172,,7,bottom,venom,lungs-glow,hairy,chilled,grinch,Alieni
1079,Oxtazy #1079,449,86.1542707363512,,7,wreck,kaleidoscope,nut,blue-meth,angry,marine,Nobili
953,Oxtazy #953,450,86.14082640999345,,7,fiery,manta,nut,bloody,dance,wounded,Ignis
1010,Oxtazy #1010,451,85.77975268328336,,7,bottom,six-eyed,ball-glow,sequin,monk,lagoon,Nobili
725,Oxtazy #725,452,85.71264268342011,,7,bottom,green-angler,sphere-glow,grub,chilled,camouflage,Alieni
1047,Oxtazy #1047,453,85.41458188677441,,7,bottom,green-angler,sphere-glow,curry,cobra,camouflage,Alieni
1072,Oxtazy #1072,454,84.12649813731782,,7,wreck,frisbee,sphere-glow,arctic,baby,marine,Nobili
924,Oxtazy #924,455,83.79339645140828,,7,bottom,cyclop,nut-glow,neon,annoyed,camouflage,Alieni
1092,Oxtazy #1092,456,83.7249300680141,,7,wreck,birdy,sphere,sequin,annoyed,marine,Nobili
1024,Oxtazy #1024,457,83.40505471843636,,7,bottom,green-angler,sphere-glow,grub,angry,grinch,Alieni
951,Oxtazy #951,458,82.72682827036148,,7,bottom,blindman,textured-sphere,bloody,angry,slippery,Ignis
771,Oxtazy #771,459,82.17924046074242,,7,bottom,chafer,sphere,curry,baby,camouflage,Alieni
719,Oxtazy #719,460,82.0843764467265,,7,bottom,frisbee,lungs,blue-meth,attack,lagoon,Nobili
684,Oxtazy #684,461,82.08057899425125,,7,bottom,atlantean-helmet,rose,sequin,annoyed,marine,Nobili
989,Oxtazy #989,462,82.03744471106928,,7,bottom,frisbee,rose,blue-meth,chilled,lagoon,Nobili
1182,Oxtazy #1182,463,81.59971689784801,,7,bottom,cyclop,ball,curry,chilled,grinch,Alieni
887,Oxtazy #887,464,80.94531412525146,,7,ashy-depth,six-eyed,lungs,arctic,baby,marine,Nobili
1062,Oxtazy #1062,465,80.15831485399825,,7,ashy-depth,six-eyed,nut,blue-meth,dance,marine,Nobili
639,Oxtazy #639,466,79.92950990882804,,7,dark-monuments,kaleidoscope,sphere,sequin,dance,marine,Nobili
1008,Oxtazy #1008,467,79.76365647956045,,7,bottom,frisbee,sphere,blue-meth,angry,denim,Nobili
1027,Oxtazy #1027,468,79.7132646387902,,7,wreck,kaleidoscope,nut,arctic,dance,marine,Nobili
711,Oxtazy #711,469,79.25295900795612,,7,wreck,kaleidoscope,rose,blue-meth,attack,marine,Nobili
1026,Oxtazy #1026,470,79.05767783356674,,7,bottom,chafer,sphere,pineapple,cobra,grinch,Alieni
1163,Oxtazy #1163,471,77.13133155077374,,7,dark-desolation,chafer,sphere,hairy,attack,grinch,Alieni
692,Oxtazy #692,472,76.4842497933314,,7,bottom,manta,rose-glow,igneous,cobra,blood,Ignis
959,Oxtazy #959,473,75.91373804452678,,7,dark-monuments,kaleidoscope,ball,arctic,baby,marine,Nobili
816,Oxtazy #816,474,75.90302418700682,,7,wreck,kaleidoscope,ball-glow,blue-meth,baby,marine,Nobili
659,Oxtazy #659,475,75.58242708337148,,7,bottom,sauron,ball,neon,baby,grinch,Alieni
1154,Oxtazy #1154,476,75.56660926997584,,7,bottom,green-angler,nut-glow,curry,annoyed,grinch,Alieni
1042,Oxtazy #1042,477,75.53326073815231,,7,bottom,manta,sphere,igneous,dance,lava,Ignis
638,Oxtazy #638,478,75.28133946997269,,7,bottom,venom,ball-glow,hairy,annoyed,grinch,Alieni
1049,Oxtazy #1049,479,75.10909229929909,,7,bottom,birdy,ball-glow,sequin,annoyed,denim,Nobili
847,Oxtazy #847,480,75.05214201449208,,7,ashy-depth,six-eyed,sphere-glow,blue-meth,attack,marine,Nobili
733,Oxtazy #733,481,74.91058401699195,,7,bottom,six-eyed,sphere,arctic,monk,denim,Nobili
1137,Oxtazy #1137,482,74.81585869017404,,7,dark-desolation,green-angler,sphere,hairy,annoyed,grinch,Alieni
641,Oxtazy #641,483,74.63708783656165,,7,bottom,sauron,sphere,neon,chilled,grinch,Alieni
830,Oxtazy #830,484,74.53214730962624,,7,bottom,chafer,ball-glow,curry,baby,grinch,Alieni
960,Oxtazy #960,485,73.78775530296211,,7,bottom,frisbee,ball-glow,arctic,annoyed,denim,Nobili
808,Oxtazy #808,486,73.6888937522242,,7,bottom,kaleidoscope,sphere-glow,blue-meth,baby,tie-dye,Nobili
643,Oxtazy #643,487,72.77116759442472,,7,bottom,blindman,lungs,igneous,cobra,slippery,Ignis
901,Oxtazy #901,488,72.51011404198009,,7,bottom,cyclop,rose,neon,annoyed,grinch,Alieni
984,Oxtazy #984,489,72.38488277899432,,7,bottom,red-angler,sphere,yellow-lava,cobra,wounded,Ignis
981,Oxtazy #981,490,71.66884461156218,,7,ashy-depth,kaleidoscope,ball-glow,blue-meth,annoyed,marine,Nobili
864,Oxtazy #864,491,71.12691039313624,,7,bottom,manta,lungs,igneous,dance,wounded,Ignis
938,Oxtazy #938,492,70.96588679876531,,7,bottom,six-eyed,ball,holo,baby,marine,Nobili
768,Oxtazy #768,493,70.45600335508323,,7,bottom,cyclop,sphere,hairy,chilled,grinch,Alieni
1059,Oxtazy #1059,494,70.13700293678615,,7,bottom,manta,nut,igneous,monk,slippery,Ignis
1066,Oxtazy #1066,495,70.11794614102074,,7,bottom,six-eyed,sphere,arctic,attack,lagoon,Nobili
1188,Oxtazy #1188,496,69.72333086539348,,7,bottom,red-angler,sphere,igneous,angry,slippery,Ignis
731,Oxtazy #731,497,69.63789181975787,,7,bottom,cyclop,nut,neon,annoyed,grinch,Alieni
732,Oxtazy #732,498,67.93299298057738,,7,bottom,kaleidoscope,lungs,arctic,baby,denim,Nobili
627,Oxtazy #627,499,67.13286496869867,,7,bottom,blindman,sphere-glow,igneous,attack,wounded,Ignis
821,Oxtazy #821,500,67.02252389804947,,7,bottom,kaleidoscope,textured-sphere,arctic,dance,marine,Nobili
962,Oxtazy #962,501,65.61562857210043,,7,bottom,frisbee,ball-glow,arctic,baby,marine,Nobili
1183,Oxtazy #1183,502,65.46168095726308,,7,bottom,manta,ball,bloody,cobra,wounded,Ignis
669,Oxtazy #669,503,65.2719092077289,,7,bottom,birdy,ball,sequin,baby,marine,Nobili
948,Oxtazy #948,504,64.70930848440558,,7,bottom,blindman,sphere-glow,igneous,annoyed,blood,Ignis
884,Oxtazy #884,505,64.28683036137554,,7,bottom,six-eyed,nut-glow,arctic,attack,marine,Nobili
956,Oxtazy #956,506,63.187329044155796,,7,bottom,chafer,ball,neon,dance,grinch,Alieni
839,Oxtazy #839,507,62.75770908323464,,7,bottom,kaleidoscope,rose,sequin,chilled,marine,Nobili
872,Oxtazy #872,508,60.83182749818965,,7,bottom,manta,sphere-glow,igneous,chilled,blood,Ignis
1139,Oxtazy #1139,509,60.793810525637284,,7,bottom,chafer,sphere-glow,neon,chilled,grinch,Alieni
933,Oxtazy #933,510,60.24386574101971,,7,bottom,birdy,sphere,blue-meth,baby,marine,Nobili
1106,Oxtazy #1106,511,60.19011649064205,,7,bottom,kaleidoscope,ball,sequin,dance,marine,Nobili
961,Oxtazy #961,512,59.95096740069511,,7,bottom,manta,sphere,bloody,cobra,slippery,Ignis
934,Oxtazy #934,513,59.40785838990595,,7,bottom,red-angler,sphere,bloody,annoyed,slippery,Ignis
1174,Oxtazy #1174,514,59.21820291039514,,7,bottom,kaleidoscope,rose,arctic,attack,marine,Nobili
1019,Oxtazy #1019,515,58.78443711795526,,7,bottom,manta,ball,igneous,annoyed,slippery,Ignis
855,Oxtazy #855,516,53.941847896845,,7,bottom,kaleidoscope,sphere-glow,blue-meth,attack,marine,Nobili
1181,Oxtazy #1181,517,53.88796782629827,,7,bottom,kaleidoscope,ball,blue-meth,baby,marine,Nobili
