ID,Name,Rank,Rarity_Score,Attributes,Background,Body,Eye Accessory,Facial Expression,Head Wear,Outfit,Special
812,Pixel Panda #812,1,972.5,1,,,,,,,Creator
1290,Pixel Panda #1290,1,972.5,1,,,,,,,Dr.Gloo
1300,Pixel Panda #1300,1,972.5,1,,,,,,,Potter head
1576,Pixel Panda #1576,1,972.5,1,,,,,,,Great Sage
470,Pixel Panda #470,5,145.16858391628634,6,Rainbow,Black Current,Cute Pirate,Howdy,Ruler of the Sun,Jet Pack,
533,Pixel Panda #533,6,134.8602771828087,6,Blood Lust,Purple Panda,Puppet,Rainbow,Ruler of the Sun,Sweater on Top,
2777,Pixel Panda #2777,7,133.59591075377537,6,Rainbow,Cyan,Battle Scar,Game Over,Ruler of the Sun,Hoodie,
1736,Pixel Panda #1736,8,127.72493343265313,6,Water Splash,Shades of Blue,Love Struck,Game Over,Ruler of the Sun,Black Tee,
1242,Pixel Panda #1242,9,125.632349351221,6,Dojo,Red Mist,Disco Power,Angry,Ruler of the Sun,Sleeveless Top,
1626,Pixel Panda #1626,10,123.641060877218,6,Rising Sun,Vanishing Gaze,Mecha Terminator,Oopsie,Ruler of the Sun,Tank Top,
2099,Pixel Panda #2099,11,121.62899163053441,6,Water Splash,Cyan,Mecha Terminator,Devil's Smile,Ruler of the Sun,Shirt,
1702,Pixel Panda #1702,12,121.50942677645831,6,Water Splash,Yellow Fellow,Love Me,Magic Shroom,Ruler of the Sun,The Flirt,
2180,Pixel Panda #2180,13,120.98186270769827,6,Night Fall,Yippie Trippy,Love Me,Howdy,Ruler of the Sun,Sleeveless Top,
1880,Pixel Panda #1880,14,118.37186550670029,6,Flying Love,Cyan,Cute Pirate,Yaay,Ruler of the Sun,Hanfu,
1642,Pixel Panda #1642,15,117.61421109165929,6,Disco,Black Current,Love Me,Angry,Ruler of the Sun,The Flirt,
1786,Pixel Panda #1786,16,116.86338916208695,6,Blood Lust,Vanishing Gaze,Tale of Shunga,Magic Shroom,Rainbow Jack,Hanfu,
1695,Pixel Panda #1695,17,115.3898586917282,6,Night Fall,Yellow Fellow,Cute Pirate,Stoned,Ruler of the Sun,Sleeveless Top,
2540,Pixel Panda #2540,18,110.97090936240316,6,Disco,Brown Power,Battle Scar,Love Struck,Ruler of the Sun,Black Tee,
1340,Pixel Panda #1340,19,110.95341605368304,6,Rainbow,Red Mist,Rainbow,Drool,Angel,Mystique,
1020,Pixel Panda #1020,20,109.87131153481084,6,Water Splash,Shades of Blue,Mecha Terminator,Yaay,Rainbow Jack,Jet Pack,
1755,Pixel Panda #1755,21,109.68185882820424,6,Rainbow,Yellow Fellow,Rainbow,Rainbow,Pixie,Hoodie,
1864,Pixel Panda #1864,22,108.81647858081206,6,Rainbow,Cyan,Rainbow,Magic Shroom,Dragon Ball,Tank Top,
1686,Pixel Panda #1686,23,106.33310009743357,6,Rainbow,Cyan,Tale of Shunga,Yippie Trippy,Alien Power,Shirt,
895,Pixel Panda #895,24,105.92956328972986,6,Water Splash,Yippie Trippy,Rainbow,Rainbow,Angel,Tank Top,
290,Pixel Panda #290,25,105.07071589665492,6,Blood Lust,Deep Blue,Techie Nerd,Yaay,Rainbow Jack,Hanfu,
2215,Pixel Panda #2215,26,104.2391064491049,6,Rainbow,Black Current,Professor,Yaay,Rainbow Jack,Hoodie,
1036,Pixel Panda #1036,27,104.16833563013742,6,Water Splash,Yippie Trippy,Disco Power,Love Struck,Rainbow Jack,Mr. Cool,
1379,Pixel Panda #1379,28,102.94711033149753,6,Blood Lust,Cyan,Love Me,Magic Shroom,Rainbow Jack,Tank Top,
2705,Pixel Panda #2705,29,102.9445694217159,6,Setting Sun,Yippie Trippy,Rainbow,Oopsie,Rainbow Jack,Hoodie,
1184,Pixel Panda #1184,30,102.79805759282937,6,Subtle Wall,Yippie Trippy,Rainbow,Yippie Trippy,Alien Power,Mr. Cool,
443,Pixel Panda #443,31,102.48150977659603,6,Setting Sun,Rainbow,Techie Nerd,Embarassed,Rainbow Jack,The Flirt,
1050,Pixel Panda #1050,32,101.797048585348,6,Subtle Wall,Pinky Peach,Puppet,Howdy,Rainbow Jack,Jet Pack,
1211,Pixel Panda #1211,33,101.54586969956739,6,Brickwork,Yippie Trippy,Mecha Terminator,Rainbow,Dragon Ball,Hoodie,
942,Pixel Panda #942,34,101.32303168164016,6,Rainbow,Purple Panda,Love Me,Oopsie,Mecha Warrior,Jet Pack,
874,Pixel Panda #874,35,101.3202037758209,6,Subtle Wall,Shades of Blue,Cute Pirate,Yippie Trippy,Mecha Warrior,Rainbow,
452,Pixel Panda #452,36,101.26294699085807,6,Dojo,Red Mist,Mecha Terminator,Drool,Rainbow Jack,Black Tee,
542,Pixel Panda #542,37,101.1791635636038,6,Rainbow,Cyan,Cute Pirate,Devil's Smile,Pixie,Rainbow,
1597,Pixel Panda #1597,38,100.82434315171997,6,Night Fall,Vanishing Gaze,Tale of Shunga,Embarassed,Rainbow Jack,Hoodie,
152,Pixel Panda #152,39,99.93403192941679,6,Disco,Yellow Fellow,Disco Power,Rainbow,Rainbow Jack,Sleeveless Top,
2520,Pixel Panda #2520,40,99.14042320576381,6,Subtle Wall,Brown Power,Cute Pirate,Oopsie,Rainbow Jack,Rainbow,
2677,Pixel Panda #2677,41,98.2807387692242,6,Brickwork,Deep Blue,Battle Scar,Devil's Smile,Rainbow Jack,Mr. Cool,
1723,Pixel Panda #1723,42,98.2103315238867,6,Trippy Panda,Brown Power,Tale of Shunga,Yippie Trippy,Dragon Ball,The Flirt,
1727,Pixel Panda #1727,43,97.7466362101355,6,Rising Sun,Pinky Peach,Battle Scar,Yaay,Rainbow Jack,Jet Pack,
1228,Pixel Panda #1228,44,97.71944298225516,6,Blood Lust,Cyan,Rainbow,Rainbow,Monkey Cap,Shirt,
330,Pixel Panda #330,45,97.69118716446908,6,Blood Lust,Yellow Fellow,Mecha Terminator,Stoned,Naughty Howtie,Jet Pack,
214,Pixel Panda #214,46,97.05705152982748,6,Blood Lust,Cyan,Cute Pirate,Rainbow,Dragon Ball,Black Tee,
797,Pixel Panda #797,47,96.36299743428535,6,Brickwork,Red Panda,Disco Power,Howdy,Rainbow Jack,Black Tee,
2686,Pixel Panda #2686,48,96.28330181041028,6,Water Splash,Black Current,Cute Pirate,Oopsie,Rainbow Jack,Hanfu,
2221,Pixel Panda #2221,49,96.11114616742002,6,Rising Sun,Brown Power,Disco Power,Yippie Trippy,Pixie,Rainbow,
521,Pixel Panda #521,50,96.10639179635547,5,Dojo,Red Mist,Tale of Shunga,Yippie Trippy,,Jet Pack,
2634,Pixel Panda #2634,51,95.84583578889163,6,Trippy Panda,Yippie Trippy,Professor,Magic Shroom,Angel,Jet Pack,
581,Pixel Panda #581,52,95.82228928667564,6,Rising Sun,Red Mist,Puppet,Game Over,Pixie,Jet Pack,
1383,Pixel Panda #1383,53,95.8063211825671,6,Flying Love,Purple Panda,Rainbow,Rainbow,Angel,Black Tee,
1006,Pixel Panda #1006,54,95.12842083628546,6,Blood Lust,Red Panda,Puppet,Howdy,Pixie,Jet Pack,
690,Pixel Panda #690,55,95.12136012226856,6,Trippy Panda,Vanishing Gaze,Cute Pirate,Yippie Trippy,Pixie,Rainbow,
917,Pixel Panda #917,56,94.51837909656297,6,Dojo,Pinky Peach,Puppet,Rainbow,Naughty Howtie,Jet Pack,
2382,Pixel Panda #2382,57,94.32213768753738,6,Setting Sun,Red Mist,Tale of Shunga,Magic Shroom,Dragon Ball,Sweater on Top,
1937,Pixel Panda #1937,58,94.18735399345195,6,Subtle Wall,Yippie Trippy,Techie Nerd,Rainbow,Monkey Cap,Mystique,
2405,Pixel Panda #2405,59,94.09065660678314,6,Night Fall,Red Mist,Puppet,Yippie Trippy,Angel,Sleeveless Top,
1547,Pixel Panda #1547,60,93.8855743418629,6,Disco,Shades of Blue,Techie Nerd,Yippie Trippy,Mecha Warrior,The Flirt,
1648,Pixel Panda #1648,61,93.5114372825822,6,Disco,Purple Panda,Disco Power,Devil's Smile,Rainbow Jack,Mystique,
620,Pixel Panda #620,62,93.31774694179039,6,Blood Lust,Purple Panda,Mecha Terminator,Stoned,Dragon Ball,Mystique,
1653,Pixel Panda #1653,63,93.09619967494783,6,Trippy Panda,Deep Blue,Battle Scar,Yippie Trippy,Naughty Howtie,Rainbow,
1801,Pixel Panda #1801,64,93.02206652228259,6,Setting Sun,Yippie Trippy,Disco Power,Love Struck,Dragon Ball,Rainbow,
2748,Pixel Panda #2748,65,92.99870033094926,6,Blood Lust,Red Mist,Love Me,Devil's Smile,Naughty Howtie,The Flirt,
1814,Pixel Panda #1814,66,92.84801095860868,6,Rainbow,Shades of Blue,Professor,Love Struck,Mecha Warrior,Sweater on Top,
2193,Pixel Panda #2193,67,92.10120510809298,6,Rising Sun,Purple Panda,Love Me,Angry,Rainbow Jack,Mystique,
1212,Pixel Panda #1212,68,91.70031230071092,6,Trippy Panda,Cyan,Disco Power,Angry,Rainbow Jack,Shirt,
743,Pixel Panda #743,69,91.4511697316093,6,Setting Sun,Rainbow,Rainbow,Oopsie,Mecha Warrior,Hanfu,
1443,Pixel Panda #1443,70,91.0561531314201,6,Flying Love,Red Mist,Tale of Shunga,Devil's Smile,Mecha Warrior,Mystique,
1082,Pixel Panda #1082,71,90.78002945846079,6,Blood Lust,Red Mist,Professor,Game Over,Naughty Howtie,Mystique,
376,Pixel Panda #376,72,90.74360554514833,6,Rising Sun,Cyan,Techie Nerd,Stoned,Pixie,Jet Pack,
1613,Pixel Panda #1613,73,90.63878397640923,6,Rainbow,Pinky Peach,Professor,Howdy,Angel,Shirt,
1030,Pixel Panda #1030,74,90.0386994304644,6,Rainbow,Brown Power,Battle Scar,Oopsie,Pixie,Mystique,
704,Pixel Panda #704,75,90.00822586641395,6,Water Splash,Rainbow,Professor,Love Struck,Mecha Warrior,Jet Pack,
1640,Pixel Panda #1640,76,89.72162149317813,6,Blood Lust,Red Mist,Professor,Yaay,Dragon Ball,Sweater on Top,
2341,Pixel Panda #2341,77,89.64635309411429,5,Rainbow,Pinky Peach,Love Struck,Magic Shroom,,Jet Pack,
1414,Pixel Panda #1414,78,89.62289715752595,6,Night Fall,Red Mist,Tale of Shunga,Devil's Smile,Alien Power,Mr. Cool,
2742,Pixel Panda #2742,79,89.4387988285132,6,Night Fall,Cyan,Rainbow,Rainbow,Alien Power,The Flirt,
2187,Pixel Panda #2187,80,89.0108117688763,6,Flying Love,Rainbow,Disco Power,Drool,Dragon Ball,Tank Top,
2153,Pixel Panda #2153,81,88.84104288584675,6,Disco,Black Current,Love Me,Howdy,Rainbow Jack,Shirt,
1260,Pixel Panda #1260,82,88.7928683009101,6,Disco,Vanishing Gaze,Tale of Shunga,Embarassed,Naughty Howtie,Hanfu,
591,Pixel Panda #591,83,88.7194668746454,6,Disco,Red Panda,Cute Pirate,Embarassed,Dragon Ball,Rainbow,
1794,Pixel Panda #1794,84,88.61699960349638,6,Brickwork,Rainbow,Battle Scar,Embarassed,Mecha Warrior,Hanfu,
81,Pixel Panda #81,85,88.46953458506896,6,Subtle Wall,Red Mist,Disco Power,Love Struck,Mecha Warrior,Mr. Cool,
287,Pixel Panda #287,86,88.36034570154365,6,Subtle Wall,Rainbow,Battle Scar,Howdy,Dragon Ball,Tank Top,
2747,Pixel Panda #2747,87,88.19940644601542,6,Trippy Panda,Shades of Blue,Professor,Rainbow,Naughty Howtie,Black Tee,
2679,Pixel Panda #2679,88,88.04499433251272,6,Rising Sun,Yippie Trippy,Battle Scar,Howdy,Mecha Warrior,Rainbow,
1617,Pixel Panda #1617,89,87.95055859842412,6,Blood Lust,Purple Panda,Disco Power,Oopsie,Dragon Ball,Hoodie,
1266,Pixel Panda #1266,90,87.8660732466868,6,Disco,Red Mist,Battle Scar,Devil's Smile,Angel,Hanfu,
1172,Pixel Panda #1172,91,87.72971918867205,6,Brickwork,Rainbow,Battle Scar,Rainbow,Alien Power,Sweater on Top,
1178,Pixel Panda #1178,92,87.70219016410012,6,Subtle Wall,Black Current,Puppet,Stoned,Dragon Ball,Mr. Cool,
2,Pixel Panda #2,93,87.64639817735272,6,Blood Lust,Red Mist,Techie Nerd,Howdy,Alien Power,Mystique,
1612,Pixel Panda #1612,94,87.61685409596913,6,Blood Lust,Shades of Blue,Mecha Terminator,Devil's Smile,Monkey Cap,Sleeveless Top,
2338,Pixel Panda #2338,95,87.54467629210697,6,Water Splash,Cyan,Cute Pirate,Howdy,Angel,Jet Pack,
435,Pixel Panda #435,96,87.50644845419771,6,Setting Sun,Red Mist,Battle Scar,Embarassed,Monkey Cap,Jet Pack,
391,Pixel Panda #391,97,87.43014572698229,6,Blood Lust,Brown Power,Disco Power,Game Over,Dragon Ball,Sleeveless Top,
2694,Pixel Panda #2694,98,87.41767037318836,6,Setting Sun,Brown Power,Mecha Terminator,Rainbow,Mecha Warrior,Mr. Cool,
1887,Pixel Panda #1887,99,87.40879604788296,6,Rising Sun,Yippie Trippy,Professor,Embarassed,Angel,The Flirt,
2431,Pixel Panda #2431,100,87.28903770597137,6,Dojo,Yellow Fellow,Rainbow,Yippie Trippy,Alien Power,Hoodie,
1031,Pixel Panda #1031,101,87.25513070526003,6,Brickwork,Shades of Blue,Disco Power,Drool,Dragon Ball,Sweater on Top,
1396,Pixel Panda #1396,102,87.1811159257476,6,Water Splash,Purple Panda,Mecha Terminator,Magic Shroom,Alien Power,Jet Pack,
1986,Pixel Panda #1986,103,87.07704964336456,6,Subtle Wall,Yippie Trippy,Mecha Terminator,Howdy,Naughty Howtie,Mystique,
13,Pixel Panda #13,104,86.64301487191008,6,Trippy Panda,Shades of Blue,Love Struck,Magic Shroom,Angel,Sweater on Top,
1291,Pixel Panda #1291,105,86.28879986605044,6,Water Splash,Shades of Blue,Tale of Shunga,Yaay,Pixie,Sleeveless Top,
2819,Pixel Panda #2819,106,86.02462687874191,6,Subtle Wall,Red Mist,Love Struck,Yaay,Angel,Sleeveless Top,
1131,Pixel Panda #1131,107,85.9832179704184,6,Water Splash,Rainbow,Puppet,Howdy,Naughty Howtie,Mr. Cool,
115,Pixel Panda #115,108,85.9410465759186,6,Rising Sun,Red Mist,Puppet,Love Struck,Naughty Howtie,Hanfu,
2546,Pixel Panda #2546,109,85.71872537919954,6,Rising Sun,Yellow Fellow,Cute Pirate,Yippie Trippy,Pixie,Shirt,
1966,Pixel Panda #1966,110,85.67321072323654,6,Night Fall,Brown Power,Cute Pirate,Drool,Rainbow Jack,Sleeveless Top,
1834,Pixel Panda #1834,111,85.6730849004975,6,Water Splash,Deep Blue,Rainbow,Drool,Pixie,Tank Top,
2868,Pixel Panda #2868,112,85.58877960446584,6,Water Splash,Red Panda,Professor,Yippie Trippy,Naughty Howtie,Hoodie,
1830,Pixel Panda #1830,113,85.5875055578793,6,Water Splash,Yippie Trippy,Cute Pirate,Angry,Angel,Mystique,
1125,Pixel Panda #1125,114,85.51433896687793,6,Rising Sun,Shades of Blue,Love Me,Game Over,Dragon Ball,Sweater on Top,
594,Pixel Panda #594,115,85.33096629558818,6,Water Splash,Deep Blue,Techie Nerd,Devil's Smile,Alien Power,Jet Pack,
1665,Pixel Panda #1665,116,84.87664885451149,6,Disco,Purple Panda,Rainbow,Drool,Pixie,Mr. Cool,
2518,Pixel Panda #2518,117,84.78985184757154,6,Flying Love,Red Panda,Love Struck,Stoned,Dragon Ball,Black Tee,
1885,Pixel Panda #1885,118,84.71301470502632,6,Dojo,Rainbow,Professor,Love Struck,Dragon Ball,Mystique,
1650,Pixel Panda #1650,119,84.70171931900941,5,Rainbow,Yippie Trippy,Love Struck,Love Struck,,Tank Top,
2980,Pixel Panda #2980,120,84.59902436744926,6,Brickwork,Yippie Trippy,Mecha Terminator,Yaay,Naughty Howtie,Shirt,
1538,Pixel Panda #1538,121,84.58454521179841,6,Night Fall,Vanishing Gaze,Tale of Shunga,Game Over,Naughty Howtie,Shirt,
1217,Pixel Panda #1217,122,84.52359762499547,6,Disco,Rainbow,Puppet,Angry,Dragon Ball,Black Tee,
1685,Pixel Panda #1685,123,84.42364328929924,5,Rainbow,Shades of Blue,Techie Nerd,Embarassed,,Black Tee,
1128,Pixel Panda #1128,124,84.40887452764474,6,Brickwork,Red Panda,Love Struck,Stoned,Angel,Sleeveless Top,
2749,Pixel Panda #2749,125,84.37887807658197,6,Trippy Panda,Brown Power,Puppet,Yaay,Rainbow Jack,Sleeveless Top,
1564,Pixel Panda #1564,126,84.29936147330349,6,Subtle Wall,Rainbow,Love Struck,Oopsie,Monkey Cap,Tank Top,
882,Pixel Panda #882,127,84.17155906775503,6,Night Fall,Purple Panda,Tale of Shunga,Drool,Mecha Warrior,Mr. Cool,
2650,Pixel Panda #2650,128,84.07837193018645,6,Flying Love,Black Current,Mecha Terminator,Yippie Trippy,Alien Power,Shirt,
2393,Pixel Panda #2393,129,83.9942133070971,6,Rising Sun,Rainbow,Cute Pirate,Angry,Angel,Sweater on Top,
2058,Pixel Panda #2058,130,83.93473819818854,6,Water Splash,Brown Power,Rainbow,Howdy,Dragon Ball,Sleeveless Top,
1039,Pixel Panda #1039,131,83.86676494138683,6,Night Fall,Red Mist,Battle Scar,Devil's Smile,Pixie,The Flirt,
1898,Pixel Panda #1898,132,83.86370812322338,6,Rising Sun,Red Mist,Love Me,Love Struck,Angel,Black Tee,
1978,Pixel Panda #1978,133,83.68143021819674,6,Setting Sun,Pinky Peach,Disco Power,Oopsie,Pixie,Jet Pack,
1967,Pixel Panda #1967,134,83.6575059414456,6,Subtle Wall,Brown Power,Tale of Shunga,Love Struck,Angel,Hoodie,
2308,Pixel Panda #2308,135,83.49126354214275,6,Water Splash,Yellow Fellow,Techie Nerd,Love Struck,Dragon Ball,Mr. Cool,
1002,Pixel Panda #1002,136,83.36493184306926,6,Subtle Wall,Yellow Fellow,Tale of Shunga,Devil's Smile,Naughty Howtie,Sweater on Top,
2352,Pixel Panda #2352,137,83.35049227032668,6,Trippy Panda,Purple Panda,Tale of Shunga,Yaay,Naughty Howtie,Mr. Cool,
454,Pixel Panda #454,138,83.32002662650063,6,Blood Lust,Vanishing Gaze,Love Struck,Yaay,Naughty Howtie,Hoodie,
2204,Pixel Panda #2204,139,83.11439540420423,6,Rising Sun,Vanishing Gaze,Disco Power,Rainbow,Alien Power,Sleeveless Top,
236,Pixel Panda #236,140,83.0748054165302,6,Setting Sun,Vanishing Gaze,Techie Nerd,Magic Shroom,Dragon Ball,Shirt,
1066,Pixel Panda #1066,141,83.0036536592708,6,Brickwork,Pinky Peach,Love Me,Devil's Smile,Mecha Warrior,Rainbow,
588,Pixel Panda #588,142,82.99563381170834,6,Water Splash,Purple Panda,Professor,Game Over,Naughty Howtie,Rainbow,
1813,Pixel Panda #1813,143,82.91176854186114,6,Water Splash,Yippie Trippy,Puppet,Howdy,Angel,Sleeveless Top,
414,Pixel Panda #414,144,82.89026876956646,6,Night Fall,Pinky Peach,Love Me,Rainbow,Pixie,Shirt,
1479,Pixel Panda #1479,145,82.80037882463007,6,Rising Sun,Yellow Fellow,Cute Pirate,Embarassed,Angel,Hanfu,
2713,Pixel Panda #2713,146,82.70270340983244,6,Trippy Panda,Purple Panda,Puppet,Yippie Trippy,Mecha Warrior,Sweater on Top,
1660,Pixel Panda #1660,147,82.67008783287798,6,Setting Sun,Rainbow,Tale of Shunga,Howdy,Monkey Cap,Hoodie,
124,Pixel Panda #124,148,82.60589356180797,6,Disco,Shades of Blue,Love Me,Devil's Smile,Mecha Warrior,Mr. Cool,
1008,Pixel Panda #1008,149,82.60020381646044,6,Disco,Vanishing Gaze,Love Struck,Angry,Alien Power,Jet Pack,
1224,Pixel Panda #1224,150,82.5965448524422,6,Trippy Panda,Shades of Blue,Love Struck,Drool,Pixie,Mystique,
2950,Pixel Panda #2950,151,82.52377635174136,6,Disco,Rainbow,Battle Scar,Oopsie,Dragon Ball,Hoodie,
599,Pixel Panda #599,152,82.47187183000156,6,Setting Sun,Cyan,Love Struck,Embarassed,Dragon Ball,The Flirt,
1230,Pixel Panda #1230,153,82.38088520401536,6,Night Fall,Purple Panda,Rainbow,Love Struck,Angel,Hoodie,
798,Pixel Panda #798,154,82.30903081276954,5,Rainbow,Vanishing Gaze,Disco Power,Embarassed,,The Flirt,
2936,Pixel Panda #2936,155,82.22732488474726,6,Flying Love,Pinky Peach,Rainbow,Oopsie,Pixie,Tank Top,
297,Pixel Panda #297,156,82.14218767818473,6,Brickwork,Red Panda,Love Me,Game Over,Pixie,The Flirt,
1078,Pixel Panda #1078,157,82.13141684280998,6,Brickwork,Black Current,Love Struck,Love Struck,Mecha Warrior,Hanfu,
2539,Pixel Panda #2539,158,82.06572914930516,5,Brickwork,Black Current,Cute Pirate,Yippie Trippy,,Jet Pack,
1428,Pixel Panda #1428,159,82.05386560810287,6,Night Fall,Brown Power,Puppet,Oopsie,Naughty Howtie,Jet Pack,
2914,Pixel Panda #2914,160,82.0321595150828,6,Disco,Vanishing Gaze,Mecha Terminator,Devil's Smile,Dragon Ball,Hoodie,
235,Pixel Panda #235,161,81.93920698933633,6,Water Splash,Yellow Fellow,Mecha Terminator,Game Over,Dragon Ball,Sweater on Top,
1912,Pixel Panda #1912,162,81.93519004502207,6,Water Splash,Purple Panda,Tale of Shunga,Drool,Pixie,Sweater on Top,
1821,Pixel Panda #1821,163,81.87049426905303,6,Dojo,Rainbow,Professor,Stoned,Mecha Warrior,Shirt,
2258,Pixel Panda #2258,164,81.83420529971553,6,Flying Love,Deep Blue,Love Me,Rainbow,Monkey Cap,Shirt,
2773,Pixel Panda #2773,165,81.65955548489237,6,Night Fall,Purple Panda,Techie Nerd,Yaay,Naughty Howtie,Rainbow,
1453,Pixel Panda #1453,166,81.60841250147702,6,Blood Lust,Pinky Peach,Battle Scar,Magic Shroom,Mecha Warrior,Black Tee,
1732,Pixel Panda #1732,167,81.56747200639902,6,Night Fall,Shades of Blue,Love Me,Love Struck,Angel,Mystique,
1845,Pixel Panda #1845,168,81.53899016826723,6,Brickwork,Pinky Peach,Disco Power,Yaay,Dragon Ball,The Flirt,
1185,Pixel Panda #1185,169,81.4173188525931,6,Brickwork,Rainbow,Love Me,Howdy,Mecha Warrior,Hoodie,
1891,Pixel Panda #1891,170,81.36412002623892,6,Rising Sun,Black Current,Love Me,Embarassed,Dragon Ball,Shirt,
2548,Pixel Panda #2548,171,81.32480526218012,6,Brickwork,Pinky Peach,Disco Power,Game Over,Angel,Shirt,
1544,Pixel Panda #1544,172,81.30654956366863,5,Night Fall,Shades of Blue,Rainbow,Oopsie,,Jet Pack,
1250,Pixel Panda #1250,173,81.2728110557315,6,Brickwork,Black Current,Love Me,Love Struck,Alien Power,Jet Pack,
2000,Pixel Panda #2000,174,81.22335277370827,6,Dojo,Deep Blue,Puppet,Game Over,Angel,Tank Top,
1205,Pixel Panda #1205,175,81.19332149195253,6,Water Splash,Vanishing Gaze,Mecha Terminator,Love Struck,Angel,Black Tee,
2528,Pixel Panda #2528,176,81.18333722693683,5,Rainbow,Red Panda,Cute Pirate,Devil's Smile,,Mr. Cool,
2038,Pixel Panda #2038,177,81.14337808733515,5,Subtle Wall,Black Current,Rainbow,Yippie Trippy,,Tank Top,
2651,Pixel Panda #2651,178,81.08884156060364,6,Dojo,Brown Power,Rainbow,Devil's Smile,Alien Power,Mr. Cool,
1716,Pixel Panda #1716,179,81.08412856732427,6,Trippy Panda,Purple Panda,Mecha Terminator,Angry,Monkey Cap,Rainbow,
2962,Pixel Panda #2962,180,81.0599981594881,6,Rising Sun,Cyan,Cute Pirate,Game Over,Pixie,Hanfu,
2514,Pixel Panda #2514,181,81.0046252123449,6,Subtle Wall,Yellow Fellow,Techie Nerd,Magic Shroom,Pixie,Black Tee,
643,Pixel Panda #643,182,80.90786678107668,6,Dojo,Red Panda,Puppet,Devil's Smile,Angel,Mystique,
1461,Pixel Panda #1461,183,80.80000145531783,6,Flying Love,Cyan,Battle Scar,Angry,Dragon Ball,Mr. Cool,
2315,Pixel Panda #2315,184,80.78965344634015,6,Subtle Wall,Deep Blue,Cute Pirate,Magic Shroom,Pixie,Shirt,
1417,Pixel Panda #1417,185,80.7667946875998,6,Flying Love,Deep Blue,Love Me,Drool,Angel,Mr. Cool,
770,Pixel Panda #770,186,80.74351949604862,6,Rising Sun,Yellow Fellow,Cute Pirate,Oopsie,Mecha Warrior,Rainbow,
785,Pixel Panda #785,187,80.59991685390551,6,Brickwork,Cyan,Rainbow,Angry,Alien Power,Tank Top,
2291,Pixel Panda #2291,188,80.54201462292522,6,Blood Lust,Pinky Peach,Love Me,Love Struck,Angel,Sleeveless Top,
1760,Pixel Panda #1760,189,80.53260664067116,6,Water Splash,Rainbow,Techie Nerd,Drool,Alien Power,Tank Top,
801,Pixel Panda #801,190,80.44673337342151,6,Flying Love,Cyan,Puppet,Rainbow,Monkey Cap,Black Tee,
1882,Pixel Panda #1882,191,80.41758213196849,6,Disco,Shades of Blue,Mecha Terminator,Stoned,Monkey Cap,Shirt,
2260,Pixel Panda #2260,192,80.35878586262703,6,Disco,Yippie Trippy,Love Me,Stoned,Monkey Cap,The Flirt,
1029,Pixel Panda #1029,193,80.32857339793779,6,Night Fall,Red Mist,Professor,Devil's Smile,Naughty Howtie,Shirt,
2334,Pixel Panda #2334,194,80.30758670360396,6,Flying Love,Deep Blue,Mecha Terminator,Magic Shroom,Pixie,Sleeveless Top,
1861,Pixel Panda #1861,195,80.29000914277428,6,Disco,Deep Blue,Love Me,Game Over,Dragon Ball,Mystique,
1910,Pixel Panda #1910,196,80.28082030317412,6,Setting Sun,Yellow Fellow,Puppet,Stoned,Mecha Warrior,Rainbow,
823,Pixel Panda #823,197,80.2487929134148,6,Rising Sun,Pinky Peach,Battle Scar,Magic Shroom,Angel,The Flirt,
946,Pixel Panda #946,198,80.24304792095211,5,Brickwork,Yippie Trippy,Techie Nerd,Yippie Trippy,,Black Tee,
584,Pixel Panda #584,199,80.24121839067826,6,Night Fall,Red Mist,Love Struck,Magic Shroom,Alien Power,Sleeveless Top,
2857,Pixel Panda #2857,200,80.11040077917097,6,Brickwork,Rainbow,Battle Scar,Stoned,Monkey Cap,Sleeveless Top,
691,Pixel Panda #691,201,80.02636234484353,6,Blood Lust,Black Current,Mecha Terminator,Angry,Alien Power,Hoodie,
1222,Pixel Panda #1222,202,79.97608983061531,6,Flying Love,Pinky Peach,Tale of Shunga,Love Struck,Naughty Howtie,Mystique,
1980,Pixel Panda #1980,203,79.9487679527732,6,Trippy Panda,Brown Power,Disco Power,Game Over,Monkey Cap,Rainbow,
1143,Pixel Panda #1143,204,79.76353976158637,6,Setting Sun,Vanishing Gaze,Puppet,Drool,Monkey Cap,Jet Pack,
923,Pixel Panda #923,205,79.75699850093073,6,Brickwork,Red Panda,Disco Power,Stoned,Alien Power,The Flirt,
1661,Pixel Panda #1661,206,79.70944582383217,6,Subtle Wall,Yellow Fellow,Love Struck,Angry,Angel,Hoodie,
879,Pixel Panda #879,207,79.55876781505637,6,Water Splash,Deep Blue,Techie Nerd,Magic Shroom,Mecha Warrior,Hoodie,
1817,Pixel Panda #1817,208,79.5371495312672,6,Subtle Wall,Vanishing Gaze,Battle Scar,Game Over,Naughty Howtie,Tank Top,
2105,Pixel Panda #2105,209,79.52447163509115,6,Blood Lust,Black Current,Love Me,Yaay,Pixie,Sleeveless Top,
2832,Pixel Panda #2832,210,79.50585326570234,6,Flying Love,Purple Panda,Disco Power,Stoned,Naughty Howtie,Tank Top,
1241,Pixel Panda #1241,211,79.40501115564507,6,Brickwork,Brown Power,Techie Nerd,Game Over,Monkey Cap,Hanfu,
2299,Pixel Panda #2299,212,79.3432047829494,6,Trippy Panda,Brown Power,Battle Scar,Game Over,Angel,Hanfu,
1318,Pixel Panda #1318,213,79.31918523565493,6,Blood Lust,Black Current,Disco Power,Yaay,Monkey Cap,Shirt,
1288,Pixel Panda #1288,214,79.21357159996884,6,Brickwork,Red Panda,Love Me,Magic Shroom,Naughty Howtie,Sleeveless Top,
2268,Pixel Panda #2268,215,79.15698963867634,6,Brickwork,Deep Blue,Love Struck,Devil's Smile,Mecha Warrior,Sweater on Top,
1584,Pixel Panda #1584,216,79.12568609227081,5,Night Fall,Pinky Peach,Love Struck,Rainbow,,Jet Pack,
2877,Pixel Panda #2877,217,79.10409507537635,6,Dojo,Shades of Blue,Cute Pirate,Angry,Pixie,Sleeveless Top,
384,Pixel Panda #384,218,79.06440803352834,6,Flying Love,Red Panda,Cute Pirate,Angry,Naughty Howtie,Mr. Cool,
1348,Pixel Panda #1348,219,79.05653986708586,6,Blood Lust,Black Current,Love Me,Devil's Smile,Monkey Cap,Hoodie,
2095,Pixel Panda #2095,220,79.02703820410596,6,Night Fall,Yellow Fellow,Tale of Shunga,Angry,Monkey Cap,The Flirt,
624,Pixel Panda #624,221,79.01094811431128,6,Disco,Red Panda,Mecha Terminator,Oopsie,Angel,Sweater on Top,
111,Pixel Panda #111,222,79.00676443255047,6,Flying Love,Brown Power,Love Struck,Angry,Dragon Ball,Shirt,
1525,Pixel Panda #1525,223,78.9752900361037,6,Disco,Shades of Blue,Professor,Drool,Angel,Shirt,
2108,Pixel Panda #2108,224,78.92468071385113,6,Blood Lust,Red Panda,Cute Pirate,Love Struck,Alien Power,Tank Top,
1767,Pixel Panda #1767,225,78.81156526845324,6,Flying Love,Black Current,Professor,Stoned,Naughty Howtie,Mr. Cool,
1537,Pixel Panda #1537,226,78.77018944109399,6,Setting Sun,Pinky Peach,Love Struck,Yaay,Naughty Howtie,Rainbow,
445,Pixel Panda #445,227,78.75195281775504,6,Trippy Panda,Shades of Blue,Love Me,Howdy,Monkey Cap,Mr. Cool,
1087,Pixel Panda #1087,228,78.69754032266965,6,Water Splash,Red Panda,Cute Pirate,Yaay,Dragon Ball,Shirt,
2948,Pixel Panda #2948,229,78.67321953700801,5,Rainbow,Cyan,Puppet,Angry,,Hanfu,
2054,Pixel Panda #2054,230,78.60766876837313,6,Night Fall,Deep Blue,Professor,Angry,Dragon Ball,Tank Top,
2658,Pixel Panda #2658,231,78.59478731379224,6,Trippy Panda,Cyan,Love Struck,Love Struck,Dragon Ball,Black Tee,
2275,Pixel Panda #2275,232,78.58960882630532,6,Subtle Wall,Pinky Peach,Cute Pirate,Oopsie,Dragon Ball,Shirt,
2143,Pixel Panda #2143,233,78.55443475803345,6,Flying Love,Deep Blue,Disco Power,Oopsie,Angel,Sweater on Top,
2865,Pixel Panda #2865,234,78.5111157047648,5,Rainbow,Cyan,Mecha Terminator,Stoned,,Sweater on Top,
2324,Pixel Panda #2324,235,78.4915632082133,6,Setting Sun,Rainbow,Love Me,Love Struck,Mecha Warrior,Tank Top,
1496,Pixel Panda #1496,236,78.46976216108374,6,Rising Sun,Cyan,Mecha Terminator,Embarassed,Naughty Howtie,Hoodie,
537,Pixel Panda #537,237,78.43869926029262,6,Brickwork,Purple Panda,Battle Scar,Embarassed,Pixie,Mystique,
1635,Pixel Panda #1635,238,78.41755557234052,6,Disco,Deep Blue,Rainbow,Game Over,Monkey Cap,Sleeveless Top,
2140,Pixel Panda #2140,239,78.40911527092979,6,Night Fall,Black Current,Love Struck,Angry,Pixie,Tank Top,
2420,Pixel Panda #2420,240,78.40149707356136,6,Disco,Red Mist,Love Me,Love Struck,Alien Power,Hanfu,
1186,Pixel Panda #1186,241,78.2324270817779,6,Dojo,Black Current,Disco Power,Oopsie,Mecha Warrior,The Flirt,
255,Pixel Panda #255,242,78.2072485199538,6,Brickwork,Vanishing Gaze,Cute Pirate,Game Over,Pixie,Sleeveless Top,
58,Pixel Panda #58,243,78.20158973442732,6,Subtle Wall,Purple Panda,Puppet,Magic Shroom,Naughty Howtie,Hoodie,
617,Pixel Panda #617,244,78.11409272266181,5,Setting Sun,Yellow Fellow,Rainbow,Yippie Trippy,,Hanfu,
1652,Pixel Panda #1652,245,78.08589431917623,6,Flying Love,Pinky Peach,Mecha Terminator,Magic Shroom,Naughty Howtie,Black Tee,
2399,Pixel Panda #2399,246,78.07470579520417,6,Setting Sun,Vanishing Gaze,Disco Power,Yaay,Pixie,Mr. Cool,
2510,Pixel Panda #2510,247,78.05877061687077,6,Water Splash,Rainbow,Battle Scar,Howdy,Alien Power,The Flirt,
707,Pixel Panda #707,248,77.8474380683818,6,Subtle Wall,Yellow Fellow,Puppet,Angry,Pixie,The Flirt,
1693,Pixel Panda #1693,249,77.7314394936627,6,Trippy Panda,Rainbow,Professor,Stoned,Monkey Cap,Black Tee,
223,Pixel Panda #223,250,77.7041534680015,5,Rainbow,Vanishing Gaze,Puppet,Embarassed,,Shirt,
1622,Pixel Panda #1622,251,77.66101928040467,6,Setting Sun,Yellow Fellow,Tale of Shunga,Devil's Smile,Mecha Warrior,Sleeveless Top,
333,Pixel Panda #333,252,77.57723740889975,6,Dojo,Pinky Peach,Tale of Shunga,Magic Shroom,Alien Power,Sleeveless Top,
2479,Pixel Panda #2479,253,77.47537425463855,6,Water Splash,Brown Power,Techie Nerd,Howdy,Angel,Black Tee,
1599,Pixel Panda #1599,254,77.40993921319642,6,Night Fall,Yellow Fellow,Love Struck,Game Over,Monkey Cap,Hanfu,
1890,Pixel Panda #1890,255,77.36071463366986,6,Disco,Deep Blue,Puppet,Yaay,Alien Power,Jet Pack,
742,Pixel Panda #742,256,77.34672210286942,6,Rising Sun,Vanishing Gaze,Battle Scar,Drool,Pixie,The Flirt,
2456,Pixel Panda #2456,257,77.32551540066466,5,Trippy Panda,Red Mist,Love Me,Yippie Trippy,,The Flirt,
2955,Pixel Panda #2955,258,77.17606255119188,6,Subtle Wall,Pinky Peach,Cute Pirate,Stoned,Mecha Warrior,Tank Top,
2175,Pixel Panda #2175,259,77.13958658975741,5,Blood Lust,Rainbow,Disco Power,Magic Shroom,,Sweater on Top,
1157,Pixel Panda #1157,260,77.13659426764828,6,Brickwork,Pinky Peach,Professor,Howdy,Pixie,Mr. Cool,
1123,Pixel Panda #1123,261,77.01713968393568,6,Blood Lust,Red Panda,Puppet,Drool,Alien Power,Sweater on Top,
1146,Pixel Panda #1146,262,77.01162401084859,5,Water Splash,Red Mist,Professor,Rainbow,,The Flirt,
545,Pixel Panda #545,263,76.96238160302369,6,Rising Sun,Brown Power,Professor,Stoned,Mecha Warrior,Mr. Cool,
1293,Pixel Panda #1293,264,76.95093889526726,5,Night Fall,Red Mist,Disco Power,Oopsie,,Jet Pack,
2580,Pixel Panda #2580,265,76.87749827517752,6,Water Splash,Red Panda,Mecha Terminator,Embarassed,Monkey Cap,Sweater on Top,
1352,Pixel Panda #1352,266,76.84890455437099,6,Dojo,Red Panda,Puppet,Embarassed,Alien Power,Mr. Cool,
2007,Pixel Panda #2007,267,76.84765602844203,6,Subtle Wall,Black Current,Professor,Oopsie,Angel,Hoodie,
682,Pixel Panda #682,268,76.80340951955796,6,Subtle Wall,Yellow Fellow,Mecha Terminator,Yaay,Monkey Cap,Mr. Cool,
482,Pixel Panda #482,269,76.57267153222301,6,Brickwork,Pinky Peach,Rainbow,Love Struck,Alien Power,Black Tee,
64,Pixel Panda #64,270,76.51915133952235,6,Flying Love,Pinky Peach,Love Struck,Embarassed,Mecha Warrior,Mystique,
552,Pixel Panda #552,271,76.46199879188985,6,Setting Sun,Purple Panda,Techie Nerd,Oopsie,Pixie,The Flirt,
2913,Pixel Panda #2913,272,76.33705181021213,6,Dojo,Brown Power,Love Struck,Oopsie,Angel,Sleeveless Top,
468,Pixel Panda #468,273,76.32172238100924,6,Brickwork,Yellow Fellow,Techie Nerd,Oopsie,Mecha Warrior,Shirt,
730,Pixel Panda #730,274,76.14747666170413,6,Disco,Brown Power,Disco Power,Devil's Smile,Naughty Howtie,The Flirt,
2807,Pixel Panda #2807,275,76.09863319605749,6,Night Fall,Purple Panda,Professor,Oopsie,Monkey Cap,Rainbow,
276,Pixel Panda #276,276,76.04324707236336,6,Trippy Panda,Vanishing Gaze,Mecha Terminator,Howdy,Naughty Howtie,Sweater on Top,
63,Pixel Panda #63,277,75.98235379094308,6,Night Fall,Black Current,Disco Power,Yaay,Naughty Howtie,The Flirt,
2532,Pixel Panda #2532,278,75.96362440299313,6,Water Splash,Vanishing Gaze,Battle Scar,Embarassed,Naughty Howtie,Hoodie,
1012,Pixel Panda #1012,279,75.87228660295497,6,Night Fall,Vanishing Gaze,Puppet,Devil's Smile,Mecha Warrior,Mystique,
1645,Pixel Panda #1645,280,75.86376176368863,6,Water Splash,Vanishing Gaze,Puppet,Love Struck,Naughty Howtie,Mystique,
692,Pixel Panda #692,281,75.80087402550882,6,Flying Love,Pinky Peach,Professor,Yaay,Mecha Warrior,Rainbow,
2011,Pixel Panda #2011,282,75.7656269513381,5,Trippy Panda,Yippie Trippy,Love Struck,Love Struck,,Jet Pack,
576,Pixel Panda #576,283,75.62785396964996,6,Brickwork,Pinky Peach,Puppet,Magic Shroom,Mecha Warrior,Sweater on Top,
2361,Pixel Panda #2361,284,75.51873478924459,6,Water Splash,Deep Blue,Love Me,Howdy,Pixie,Black Tee,
2060,Pixel Panda #2060,285,75.48868928935927,6,Trippy Panda,Pinky Peach,Love Me,Stoned,Naughty Howtie,The Flirt,
1779,Pixel Panda #1779,286,75.4005015441678,6,Disco,Vanishing Gaze,Techie Nerd,Devil's Smile,Mecha Warrior,Sweater on Top,
2149,Pixel Panda #2149,287,75.25476360009326,6,Disco,Deep Blue,Disco Power,Love Struck,Mecha Warrior,Tank Top,
916,Pixel Panda #916,288,75.24814143554586,6,Setting Sun,Red Panda,Techie Nerd,Embarassed,Monkey Cap,Tank Top,
1756,Pixel Panda #1756,289,75.23522874535807,6,Night Fall,Shades of Blue,Cute Pirate,Angry,Monkey Cap,Shirt,
1276,Pixel Panda #1276,290,75.19003675523427,6,Brickwork,Shades of Blue,Professor,Devil's Smile,Alien Power,Sleeveless Top,
1393,Pixel Panda #1393,291,75.1493313702751,6,Water Splash,Deep Blue,Love Struck,Devil's Smile,Monkey Cap,Hoodie,
1632,Pixel Panda #1632,292,75.14910992930773,6,Flying Love,Brown Power,Mecha Terminator,Angry,Mecha Warrior,Mystique,
1067,Pixel Panda #1067,293,75.13632593801879,6,Disco,Red Panda,Mecha Terminator,Embarassed,Alien Power,Mystique,
2639,Pixel Panda #2639,294,75.05233594084422,6,Disco,Yellow Fellow,Disco Power,Embarassed,Alien Power,Hanfu,
2811,Pixel Panda #2811,295,75.02736766024857,6,Trippy Panda,Yellow Fellow,Techie Nerd,Magic Shroom,Mecha Warrior,Sleeveless Top,
974,Pixel Panda #974,296,74.98799660277321,6,Disco,Purple Panda,Love Struck,Howdy,Pixie,Black Tee,
2717,Pixel Panda #2717,297,74.87435074122448,5,Subtle Wall,Shades of Blue,Tale of Shunga,Stoned,,Hoodie,
1872,Pixel Panda #1872,298,74.73043361021021,6,Rising Sun,Purple Panda,Disco Power,Howdy,Mecha Warrior,Hoodie,
1487,Pixel Panda #1487,299,74.62532230399735,6,Subtle Wall,Brown Power,Puppet,Oopsie,Pixie,Black Tee,
319,Pixel Panda #319,300,74.62157259275187,6,Rising Sun,Deep Blue,Techie Nerd,Drool,Alien Power,The Flirt,
2587,Pixel Panda #2587,301,74.47429551603392,5,Blood Lust,Rainbow,Professor,Embarassed,,Tank Top,
1497,Pixel Panda #1497,302,74.44740703083387,6,Flying Love,Cyan,Puppet,Angry,Naughty Howtie,Tank Top,
2576,Pixel Panda #2576,303,74.44193615136575,5,Brickwork,Vanishing Gaze,Disco Power,Magic Shroom,,Rainbow,
846,Pixel Panda #846,304,74.39712353016648,6,Trippy Panda,Shades of Blue,Battle Scar,Drool,Alien Power,The Flirt,
323,Pixel Panda #323,305,74.39464936324124,5,Trippy Panda,Red Mist,Love Me,Angry,,Jet Pack,
2764,Pixel Panda #2764,306,74.32520195478455,5,Dojo,Red Mist,Battle Scar,Yippie Trippy,,Sweater on Top,
372,Pixel Panda #372,307,74.29153941147075,6,Dojo,Cyan,Battle Scar,Oopsie,Angel,Sweater on Top,
1231,Pixel Panda #1231,308,74.26659468870403,6,Brickwork,Brown Power,Disco Power,Love Struck,Naughty Howtie,Sweater on Top,
1993,Pixel Panda #1993,309,74.25873038185051,6,Setting Sun,Vanishing Gaze,Battle Scar,Magic Shroom,Pixie,Sleeveless Top,
2301,Pixel Panda #2301,310,74.11856437874037,6,Setting Sun,Vanishing Gaze,Disco Power,Oopsie,Naughty Howtie,Hoodie,
921,Pixel Panda #921,311,74.09442054261189,6,Disco,Red Mist,Love Me,Drool,Monkey Cap,Sleeveless Top,
2206,Pixel Panda #2206,312,74.03134209113288,5,Rainbow,Red Panda,Puppet,Love Struck,,Hoodie,
2045,Pixel Panda #2045,313,74.01234240803444,6,Dojo,Brown Power,Professor,Magic Shroom,Mecha Warrior,Mystique,
1940,Pixel Panda #1940,314,73.99609467493315,6,Rising Sun,Yellow Fellow,Puppet,Embarassed,Monkey Cap,The Flirt,
1731,Pixel Panda #1731,315,73.98765564572017,6,Rising Sun,Yellow Fellow,Techie Nerd,Magic Shroom,Alien Power,Shirt,
2880,Pixel Panda #2880,316,73.77870137803811,6,Subtle Wall,Vanishing Gaze,Disco Power,Love Struck,Monkey Cap,Sleeveless Top,
2063,Pixel Panda #2063,317,73.77502884558074,5,Night Fall,Pinky Peach,Rainbow,Angry,,Jet Pack,
1750,Pixel Panda #1750,318,73.71781802444835,5,Dojo,Shades of Blue,Rainbow,Magic Shroom,,Hoodie,
2089,Pixel Panda #2089,319,73.70672624223604,6,Flying Love,Cyan,Love Me,Yaay,Pixie,The Flirt,
2400,Pixel Panda #2400,320,73.66323994519468,5,Brickwork,Black Current,Professor,Rainbow,,Hanfu,
2261,Pixel Panda #2261,321,73.57229715916567,6,Rising Sun,Brown Power,Professor,Yaay,Angel,Tank Top,
489,Pixel Panda #489,322,73.47724211298213,6,Night Fall,Deep Blue,Professor,Howdy,Mecha Warrior,The Flirt,
257,Pixel Panda #257,323,73.4314524313787,6,Flying Love,Deep Blue,Battle Scar,Embarassed,Mecha Warrior,Sweater on Top,
2097,Pixel Panda #2097,324,73.38160206413592,6,Disco,Deep Blue,Puppet,Love Struck,Monkey Cap,Hanfu,
2135,Pixel Panda #2135,325,73.34110107424806,5,Rainbow,Vanishing Gaze,Love Me,Love Struck,,Sweater on Top,
1992,Pixel Panda #1992,326,73.25150638133144,5,Trippy Panda,Rainbow,Cute Pirate,Rainbow,,Sweater on Top,
943,Pixel Panda #943,327,73.22479181182185,6,Rising Sun,Red Panda,Battle Scar,Game Over,Monkey Cap,Black Tee,
169,Pixel Panda #169,328,73.12810967621982,5,Flying Love,Vanishing Gaze,Love Struck,Rainbow,,Tank Top,
195,Pixel Panda #195,329,73.0992358425367,5,Rainbow,Purple Panda,Professor,Howdy,,Mystique,
2263,Pixel Panda #2263,330,73.08407694001988,6,Trippy Panda,Pinky Peach,Tale of Shunga,Drool,Alien Power,Hoodie,
2831,Pixel Panda #2831,331,73.0628638218887,6,Disco,Yellow Fellow,Cute Pirate,Magic Shroom,Naughty Howtie,Hoodie,
2602,Pixel Panda #2602,332,72.90412158063897,6,Rising Sun,Yellow Fellow,Battle Scar,Love Struck,Pixie,Mystique,
1163,Pixel Panda #1163,333,72.83320041625188,5,Rainbow,Black Current,Puppet,Howdy,,Sleeveless Top,
1751,Pixel Panda #1751,334,72.78754388418145,5,Dojo,Red Mist,Cute Pirate,Oopsie,,Rainbow,
1283,Pixel Panda #1283,335,72.77511825854988,6,Disco,Brown Power,Disco Power,Oopsie,Mecha Warrior,Mystique,
2269,Pixel Panda #2269,336,72.75980652446464,6,Subtle Wall,Cyan,Love Me,Stoned,Monkey Cap,Sleeveless Top,
2974,Pixel Panda #2974,337,72.74650967800348,6,Disco,Brown Power,Love Struck,Love Struck,Pixie,Shirt,
601,Pixel Panda #601,338,72.65902680676611,6,Rising Sun,Deep Blue,Cute Pirate,Love Struck,Mecha Warrior,Hoodie,
1423,Pixel Panda #1423,339,72.64509518081687,6,Brickwork,Vanishing Gaze,Cute Pirate,Yaay,Monkey Cap,Mystique,
289,Pixel Panda #289,340,72.59320566211625,6,Water Splash,Brown Power,Love Struck,Oopsie,Alien Power,The Flirt,
294,Pixel Panda #294,341,72.58936868949802,6,Flying Love,Pinky Peach,Cute Pirate,Magic Shroom,Monkey Cap,Tank Top,
2986,Pixel Panda #2986,342,72.58739419953503,6,Disco,Rainbow,Love Me,Yaay,Alien Power,Black Tee,
351,Pixel Panda #351,343,72.56517096323182,5,Rainbow,Cyan,Cute Pirate,Yaay,,Mystique,
2555,Pixel Panda #2555,344,72.5422900127792,6,Setting Sun,Cyan,Puppet,Howdy,Angel,Hoodie,
2888,Pixel Panda #2888,345,72.46126161520871,6,Disco,Shades of Blue,Professor,Howdy,Monkey Cap,Black Tee,
2826,Pixel Panda #2826,346,72.43701272686788,5,Trippy Panda,Deep Blue,Love Me,Rainbow,,Hanfu,
478,Pixel Panda #478,347,72.423337273672,5,Rising Sun,Black Current,Mecha Terminator,Rainbow,,Shirt,
242,Pixel Panda #242,348,72.38128576547838,5,Subtle Wall,Deep Blue,Love Struck,Rainbow,,Sleeveless Top,
1442,Pixel Panda #1442,349,72.29706925891641,6,Water Splash,Cyan,Cute Pirate,Embarassed,Alien Power,Tank Top,
1239,Pixel Panda #1239,350,72.2510005282191,5,Rising Sun,Shades of Blue,Tale of Shunga,Devil's Smile,,Hoodie,
1322,Pixel Panda #1322,351,72.19999408116045,5,Subtle Wall,Black Current,Disco Power,Drool,,Jet Pack,
1628,Pixel Panda #1628,352,72.1891000728304,5,Dojo,Deep Blue,Disco Power,Yippie Trippy,,Shirt,
1256,Pixel Panda #1256,353,72.08270438262244,5,Night Fall,Shades of Blue,Puppet,Rainbow,,Hoodie,
605,Pixel Panda #605,354,72.06631708759488,6,Setting Sun,Yellow Fellow,Puppet,Yaay,Angel,Mystique,
1467,Pixel Panda #1467,355,72.06183185287155,5,Rising Sun,Pinky Peach,Tale of Shunga,Drool,,Rainbow,
1377,Pixel Panda #1377,356,72.00781028014292,6,Setting Sun,Brown Power,Battle Scar,Yaay,Dragon Ball,Mystique,
430,Pixel Panda #430,357,71.92769391040125,6,Flying Love,Vanishing Gaze,Love Me,Love Struck,Mecha Warrior,Hoodie,
2996,Pixel Panda #2996,358,71.87292491659453,5,Setting Sun,Pinky Peach,Mecha Terminator,Yippie Trippy,,Mr. Cool,
1257,Pixel Panda #1257,359,71.85338338062941,6,Trippy Panda,Cyan,Battle Scar,Game Over,Naughty Howtie,Sweater on Top,
1141,Pixel Panda #1141,360,71.82510927102966,6,Setting Sun,Black Current,Puppet,Embarassed,Mecha Warrior,Sweater on Top,
1282,Pixel Panda #1282,361,71.7864929704973,6,Setting Sun,Rainbow,Love Me,Drool,Alien Power,Sleeveless Top,
2929,Pixel Panda #2929,362,71.76239581886213,5,Setting Sun,Yellow Fellow,Professor,Yippie Trippy,,Rainbow,
1114,Pixel Panda #1114,363,71.75640563678029,6,Disco,Purple Panda,Cute Pirate,Angry,Pixie,Hoodie,
538,Pixel Panda #538,364,71.72070448747385,6,Subtle Wall,Black Current,Cute Pirate,Howdy,Alien Power,Mystique,
431,Pixel Panda #431,365,71.7182043608288,6,Setting Sun,Deep Blue,Battle Scar,Game Over,Monkey Cap,The Flirt,
1515,Pixel Panda #1515,366,71.69903316805272,6,Night Fall,Yellow Fellow,Professor,Game Over,Naughty Howtie,Black Tee,
2062,Pixel Panda #2062,367,71.68495816262732,5,Water Splash,Vanishing Gaze,Techie Nerd,Embarassed,,Rainbow,
1983,Pixel Panda #1983,368,71.66126794087168,6,Subtle Wall,Pinky Peach,Battle Scar,Drool,Naughty Howtie,Hoodie,
729,Pixel Panda #729,369,71.56252568129588,6,Brickwork,Yellow Fellow,Techie Nerd,Drool,Monkey Cap,Sleeveless Top,
1471,Pixel Panda #1471,370,71.54539088485075,6,Water Splash,Pinky Peach,Love Struck,Stoned,Alien Power,Sleeveless Top,
310,Pixel Panda #310,371,71.48122808157552,6,Rising Sun,Brown Power,Love Struck,Embarassed,Alien Power,Hoodie,
531,Pixel Panda #531,372,71.35498502283588,6,Subtle Wall,Brown Power,Love Me,Stoned,Alien Power,Shirt,
2408,Pixel Panda #2408,373,71.15483208765693,6,Night Fall,Brown Power,Love Me,Drool,Naughty Howtie,Mystique,
240,Pixel Panda #240,374,71.01566103599069,6,Rising Sun,Deep Blue,Puppet,Love Struck,Alien Power,Tank Top,
219,Pixel Panda #219,375,70.9782917386075,5,Rainbow,Pinky Peach,Puppet,Howdy,,Sweater on Top,
1118,Pixel Panda #1118,376,70.95076837798246,5,Dojo,Brown Power,Tale of Shunga,Love Struck,,Rainbow,
1868,Pixel Panda #1868,377,70.81016001923362,6,Subtle Wall,Brown Power,Professor,Embarassed,Monkey Cap,Black Tee,
1312,Pixel Panda #1312,378,70.79347309500788,5,Blood Lust,Pinky Peach,Mecha Terminator,Angry,,Mr. Cool,
2636,Pixel Panda #2636,379,70.77751567973425,5,Disco,Rainbow,Rainbow,Yaay,,Tank Top,
1319,Pixel Panda #1319,380,70.71026316985616,5,Night Fall,Shades of Blue,Rainbow,Love Struck,,Tank Top,
2468,Pixel Panda #2468,381,70.65737942607781,5,Dojo,Vanishing Gaze,Battle Scar,Yippie Trippy,,Tank Top,
1953,Pixel Panda #1953,382,70.6218695760884,6,Night Fall,Black Current,Professor,Magic Shroom,Monkey Cap,Hoodie,
880,Pixel Panda #880,383,70.5493445021383,6,Setting Sun,Cyan,Puppet,Oopsie,Alien Power,Hanfu,
2963,Pixel Panda #2963,384,70.53653711818654,6,Flying Love,Vanishing Gaze,Professor,Game Over,Monkey Cap,Hoodie,
2367,Pixel Panda #2367,385,70.4733670189861,6,Flying Love,Cyan,Cute Pirate,Drool,Mecha Warrior,Hoodie,
1286,Pixel Panda #1286,386,70.46082265974374,6,Dojo,Cyan,Professor,Drool,Naughty Howtie,Hoodie,
514,Pixel Panda #514,387,70.4579302277832,6,Water Splash,Brown Power,Disco Power,Yaay,Monkey Cap,Mystique,
106,Pixel Panda #106,388,70.42751651112103,6,Setting Sun,Black Current,Battle Scar,Magic Shroom,Monkey Cap,Shirt,
312,Pixel Panda #312,389,70.41184626034811,5,Trippy Panda,Yippie Trippy,Tale of Shunga,Love Struck,,Shirt,
1501,Pixel Panda #1501,390,70.3318720365493,6,Rising Sun,Pinky Peach,Battle Scar,Angry,Naughty Howtie,Sleeveless Top,
1539,Pixel Panda #1539,391,70.26560550046251,6,Disco,Brown Power,Professor,Game Over,Pixie,Hoodie,
2854,Pixel Panda #2854,392,70.21976011920755,6,Trippy Panda,Black Current,Puppet,Howdy,Monkey Cap,Mystique,
861,Pixel Panda #861,393,70.18815866182166,6,Night Fall,Deep Blue,Disco Power,Love Struck,Alien Power,Black Tee,
1491,Pixel Panda #1491,394,70.14203889414243,6,Disco,Red Panda,Puppet,Devil's Smile,Monkey Cap,Sleeveless Top,
378,Pixel Panda #378,395,70.10799442371813,5,Rising Sun,Purple Panda,Disco Power,Yippie Trippy,,Sleeveless Top,
1267,Pixel Panda #1267,396,69.96327674746513,6,Dojo,Purple Panda,Techie Nerd,Howdy,Alien Power,Hoodie,
473,Pixel Panda #473,397,69.96135273241458,6,Setting Sun,Pinky Peach,Cute Pirate,Love Struck,Pixie,Mystique,
1536,Pixel Panda #1536,398,69.88286934562326,6,Setting Sun,Cyan,Love Me,Drool,Pixie,Hoodie,
1831,Pixel Panda #1831,399,69.87724239045633,6,Subtle Wall,Pinky Peach,Professor,Devil's Smile,Alien Power,Mystique,
1451,Pixel Panda #1451,400,69.86576207008065,5,Blood Lust,Deep Blue,Techie Nerd,Angry,,Tank Top,
1841,Pixel Panda #1841,401,69.81290553321935,5,Brickwork,Yippie Trippy,Love Me,Stoned,,Tank Top,
2159,Pixel Panda #2159,402,69.81111881025154,6,Trippy Panda,Black Current,Professor,Love Struck,Alien Power,Mr. Cool,
2642,Pixel Panda #2642,403,69.78196804818593,5,Trippy Panda,Deep Blue,Techie Nerd,Howdy,,Jet Pack,
1434,Pixel Panda #1434,404,69.74469879213385,5,Water Splash,Yippie Trippy,Rainbow,Yaay,,Sleeveless Top,
2874,Pixel Panda #2874,405,69.70140272857569,5,Flying Love,Pinky Peach,Techie Nerd,Yippie Trippy,,Mystique,
1277,Pixel Panda #1277,406,69.67673456666489,6,Water Splash,Purple Panda,Cute Pirate,Oopsie,Monkey Cap,Hoodie,
2152,Pixel Panda #2152,407,69.66545071129673,5,Dojo,Pinky Peach,Tale of Shunga,Devil's Smile,,Hanfu,
2436,Pixel Panda #2436,408,69.63720110114902,5,Blood Lust,Pinky Peach,Love Me,Embarassed,,Hanfu,
1292,Pixel Panda #1292,409,69.59073246951182,6,Night Fall,Black Current,Professor,Yaay,Alien Power,Hanfu,
1187,Pixel Panda #1187,410,69.58972486009418,6,Brickwork,Yellow Fellow,Professor,Oopsie,Alien Power,Tank Top,
2288,Pixel Panda #2288,411,69.53542584606625,5,Subtle Wall,Shades of Blue,Puppet,Stoned,,The Flirt,
2669,Pixel Panda #2669,412,69.4497151371315,5,Subtle Wall,Rainbow,Love Struck,Angry,,Shirt,
1133,Pixel Panda #1133,413,69.42344498266552,5,Flying Love,Deep Blue,Puppet,Rainbow,,Mystique,
1229,Pixel Panda #1229,414,69.41531433218034,6,Setting Sun,Yellow Fellow,Love Struck,Stoned,Alien Power,Hoodie,
1618,Pixel Panda #1618,415,69.36163088782884,6,Night Fall,Cyan,Techie Nerd,Yaay,Monkey Cap,Shirt,
1807,Pixel Panda #1807,416,69.32959398974184,6,Disco,Black Current,Battle Scar,Drool,Mecha Warrior,Hoodie,
2214,Pixel Panda #2214,417,69.31451850169145,5,Dojo,Red Mist,Techie Nerd,Stoned,,Black Tee,
1848,Pixel Panda #1848,418,69.2874019864546,6,Trippy Panda,Vanishing Gaze,Cute Pirate,Oopsie,Monkey Cap,Sweater on Top,
1522,Pixel Panda #1522,419,69.24014104900186,6,Disco,Red Panda,Love Me,Game Over,Alien Power,Sweater on Top,
2879,Pixel Panda #2879,420,69.19648512406559,5,Rainbow,Pinky Peach,Cute Pirate,Yaay,,Sweater on Top,
278,Pixel Panda #278,421,69.19517219911661,5,Rising Sun,Red Mist,Love Me,Angry,,Mr. Cool,
968,Pixel Panda #968,422,69.14011480854283,5,Setting Sun,Purple Panda,Professor,Yippie Trippy,,Hanfu,
1924,Pixel Panda #1924,423,69.09434387189629,5,Trippy Panda,Yippie Trippy,Mecha Terminator,Yaay,,Hanfu,
2144,Pixel Panda #2144,424,69.06846406395633,6,Subtle Wall,Yellow Fellow,Cute Pirate,Love Struck,Monkey Cap,Hoodie,
1906,Pixel Panda #1906,425,68.9991410992356,5,Setting Sun,Vanishing Gaze,Tale of Shunga,Angry,,Hanfu,
2680,Pixel Panda #2680,426,68.92955937697575,5,Brickwork,Rainbow,Disco Power,Angry,,Black Tee,
2767,Pixel Panda #2767,427,68.90990119815021,5,Night Fall,Yellow Fellow,Mecha Terminator,Stoned,,Rainbow,
24,Pixel Panda #24,428,68.90719551954541,6,Dojo,Cyan,Disco Power,Drool,Alien Power,Sleeveless Top,
2115,Pixel Panda #2115,429,68.90690219248637,5,Setting Sun,Yippie Trippy,Rainbow,Angry,,Sweater on Top,
678,Pixel Panda #678,430,68.88832334769114,5,Rising Sun,Deep Blue,Puppet,Embarassed,,Rainbow,
2067,Pixel Panda #2067,431,68.84468164954234,5,Subtle Wall,Cyan,Disco Power,Howdy,,Rainbow,
2606,Pixel Panda #2606,432,68.72078195521418,5,Rising Sun,Yippie Trippy,Cute Pirate,Angry,,Mr. Cool,
2610,Pixel Panda #2610,433,68.6666179575725,6,Dojo,Cyan,Battle Scar,Devil's Smile,Alien Power,Black Tee,
1964,Pixel Panda #1964,434,68.66098257645984,5,Rising Sun,Black Current,Love Struck,Howdy,,Rainbow,
1324,Pixel Panda #1324,435,68.63691304218997,5,Setting Sun,Pinky Peach,Love Struck,Rainbow,,The Flirt,
2681,Pixel Panda #2681,436,68.5896601293057,5,Dojo,Deep Blue,Tale of Shunga,Oopsie,,The Flirt,
388,Pixel Panda #388,437,68.57529267698958,6,Night Fall,Yellow Fellow,Professor,Embarassed,Monkey Cap,Shirt,
408,Pixel Panda #408,438,68.55722308811771,5,Blood Lust,Red Panda,Disco Power,Howdy,,Shirt,
417,Pixel Panda #417,439,68.55655032585813,5,Setting Sun,Yellow Fellow,Love Struck,Yippie Trippy,,Mystique,
55,Pixel Panda #55,440,68.55565655703269,6,Dojo,Vanishing Gaze,Puppet,Love Struck,Alien Power,Hoodie,
1578,Pixel Panda #1578,441,68.51210834864312,5,Night Fall,Red Mist,Love Struck,Yaay,,Mr. Cool,
1366,Pixel Panda #1366,442,68.48880095526401,5,Dojo,Red Mist,Mecha Terminator,Embarassed,,Sleeveless Top,
1627,Pixel Panda #1627,443,68.26129064677505,6,Dojo,Pinky Peach,Cute Pirate,Love Struck,Alien Power,The Flirt,
2285,Pixel Panda #2285,444,68.06455099244678,6,Disco,Brown Power,Professor,Howdy,Alien Power,Hanfu,
792,Pixel Panda #792,445,68.03051361810729,5,Night Fall,Black Current,Professor,Yippie Trippy,,Tank Top,
1658,Pixel Panda #1658,446,68.00536663659398,5,Blood Lust,Black Current,Cute Pirate,Embarassed,,Mystique,
2079,Pixel Panda #2079,447,67.98282598605343,5,Trippy Panda,Deep Blue,Mecha Terminator,Drool,,Rainbow,
2661,Pixel Panda #2661,448,67.97174333819109,6,Dojo,Purple Panda,Professor,Angry,Monkey Cap,Hoodie,
75,Pixel Panda #75,449,67.91311669604285,6,Setting Sun,Black Current,Disco Power,Oopsie,Alien Power,Sweater on Top,
791,Pixel Panda #791,450,67.88416814607427,6,Rising Sun,Black Current,Battle Scar,Love Struck,Monkey Cap,Sleeveless Top,
1676,Pixel Panda #1676,451,67.87617243771072,5,Flying Love,Shades of Blue,Battle Scar,Embarassed,,Hanfu,
2516,Pixel Panda #2516,452,67.87201146056483,5,Rising Sun,Yippie Trippy,Techie Nerd,Embarassed,,Sweater on Top,
1180,Pixel Panda #1180,453,67.80795999474995,6,Trippy Panda,Pinky Peach,Love Me,Embarassed,Alien Power,Shirt,
1477,Pixel Panda #1477,454,67.75704681399208,5,Flying Love,Red Panda,Techie Nerd,Love Struck,,Rainbow,
2618,Pixel Panda #2618,455,67.75075697072903,5,Night Fall,Vanishing Gaze,Rainbow,Embarassed,,Shirt,
2411,Pixel Panda #2411,456,67.72157488536337,5,Disco,Shades of Blue,Disco Power,Howdy,,Hanfu,
1609,Pixel Panda #1609,457,67.70521577173696,6,Setting Sun,Yellow Fellow,Puppet,Devil's Smile,Monkey Cap,Black Tee,
2598,Pixel Panda #2598,458,67.69731111837928,6,Setting Sun,Brown Power,Professor,Game Over,Mecha Warrior,Sweater on Top,
1556,Pixel Panda #1556,459,67.54756868239282,5,Brickwork,Vanishing Gaze,Techie Nerd,Angry,,Hanfu,
2967,Pixel Panda #2967,460,67.48317011130143,5,Setting Sun,Yellow Fellow,Techie Nerd,Rainbow,,Mystique,
1857,Pixel Panda #1857,461,67.38536397809128,5,Trippy Panda,Brown Power,Techie Nerd,Rainbow,,Shirt,
1193,Pixel Panda #1193,462,67.30155773897411,5,Subtle Wall,Shades of Blue,Techie Nerd,Angry,,Shirt,
2930,Pixel Panda #2930,463,67.30144813627228,5,Subtle Wall,Vanishing Gaze,Battle Scar,Magic Shroom,,Hanfu,
1268,Pixel Panda #1268,464,67.19403347074936,5,Flying Love,Brown Power,Love Struck,Rainbow,,Sweater on Top,
1148,Pixel Panda #1148,465,67.11063587994367,5,Setting Sun,Shades of Blue,Love Struck,Magic Shroom,,Mystique,
143,Pixel Panda #143,466,67.08097583636336,5,Setting Sun,Vanishing Gaze,Mecha Terminator,Howdy,,Rainbow,
2409,Pixel Panda #2409,467,67.01231922610495,5,Flying Love,Purple Panda,Rainbow,Magic Shroom,,Hoodie,
2864,Pixel Panda #2864,468,66.98194856427116,5,Water Splash,Rainbow,Puppet,Embarassed,,Black Tee,
2245,Pixel Panda #2245,469,66.89706373465741,5,Blood Lust,Black Current,Professor,Magic Shroom,,Black Tee,
1011,Pixel Panda #1011,470,66.85638023743326,6,Disco,Yellow Fellow,Puppet,Drool,Monkey Cap,Shirt,
1424,Pixel Panda #1424,471,66.85291571964393,5,Night Fall,Rainbow,Cute Pirate,Devil's Smile,,The Flirt,
810,Pixel Panda #810,472,66.82928188141659,5,Trippy Panda,Black Current,Rainbow,Devil's Smile,,Mystique,
2342,Pixel Panda #2342,473,66.80925736413963,5,Rising Sun,Cyan,Love Me,Rainbow,,Sweater on Top,
2248,Pixel Panda #2248,474,66.79048587627297,5,Night Fall,Brown Power,Love Me,Embarassed,,Jet Pack,
809,Pixel Panda #809,475,66.70489441066371,5,Night Fall,Deep Blue,Love Me,Love Struck,,Jet Pack,
1429,Pixel Panda #1429,476,66.66900357206377,5,Night Fall,Vanishing Gaze,Love Struck,Stoned,,Mr. Cool,
1824,Pixel Panda #1824,477,66.63063489617775,5,Trippy Panda,Cyan,Mecha Terminator,Magic Shroom,,Hanfu,
2727,Pixel Panda #2727,478,66.61870305088445,6,Rising Sun,Brown Power,Techie Nerd,Yaay,Alien Power,Sleeveless Top,
402,Pixel Panda #402,479,66.59658964042927,5,Dojo,Shades of Blue,Mecha Terminator,Devil's Smile,,Hoodie,
2130,Pixel Panda #2130,480,66.50199498543691,5,Water Splash,Cyan,Rainbow,Angry,,Mystique,
788,Pixel Panda #788,481,66.43457709773111,5,Brickwork,Shades of Blue,Professor,Game Over,,Tank Top,
2934,Pixel Panda #2934,482,66.43115962346529,5,Setting Sun,Rainbow,Techie Nerd,Magic Shroom,,Sweater on Top,
26,Pixel Panda #26,483,66.43052645971864,5,Blood Lust,Deep Blue,Techie Nerd,Howdy,,Sleeveless Top,
76,Pixel Panda #76,484,66.40925536701656,5,Night Fall,Red Mist,Love Struck,Angry,,Shirt,
1406,Pixel Panda #1406,485,66.39969923711561,5,Water Splash,Red Panda,Mecha Terminator,Stoned,,Tank Top,
91,Pixel Panda #91,486,66.33552448661672,5,Dojo,Purple Panda,Tale of Shunga,Embarassed,,Hoodie,
1714,Pixel Panda #1714,487,66.24699664957711,5,Water Splash,Rainbow,Cute Pirate,Stoned,,Sweater on Top,
1791,Pixel Panda #1791,488,66.23903713920797,5,Rising Sun,Rainbow,Battle Scar,Magic Shroom,,Sweater on Top,
2772,Pixel Panda #2772,489,66.22690716515616,5,Flying Love,Yippie Trippy,Love Struck,Angry,,Black Tee,
1378,Pixel Panda #1378,490,66.1241793179868,6,Disco,Yellow Fellow,Love Me,Devil's Smile,Alien Power,Hoodie,
262,Pixel Panda #262,491,66.04065804841925,5,Night Fall,Shades of Blue,Mecha Terminator,Drool,,Tank Top,
1120,Pixel Panda #1120,492,66.0119717201188,5,Trippy Panda,Rainbow,Professor,Drool,,Hanfu,
2335,Pixel Panda #2335,493,65.90630504059189,6,Disco,Pinky Peach,Puppet,Oopsie,Monkey Cap,Hoodie,
909,Pixel Panda #909,494,65.89493018876982,5,Disco,Red Mist,Love Struck,Drool,,Mystique,
2312,Pixel Panda #2312,495,65.86509512216284,5,Disco,Pinky Peach,Professor,Yippie Trippy,,The Flirt,
122,Pixel Panda #122,496,65.7550642651703,5,Dojo,Deep Blue,Love Me,Howdy,,Rainbow,
61,Pixel Panda #61,497,65.64988402509108,5,Brickwork,Yellow Fellow,Rainbow,Yaay,,Tank Top,
37,Pixel Panda #37,498,65.60206095873102,5,Trippy Panda,Yippie Trippy,Mecha Terminator,Drool,,Black Tee,
1081,Pixel Panda #1081,499,65.59555588875733,5,Rising Sun,Shades of Blue,Puppet,Yaay,,Mr. Cool,
2092,Pixel Panda #2092,500,65.57416154471343,5,Night Fall,Yellow Fellow,Tale of Shunga,Stoned,,Shirt,
1672,Pixel Panda #1672,501,65.53217250767923,5,Dojo,Red Panda,Tale of Shunga,Howdy,,Sweater on Top,
509,Pixel Panda #509,502,65.49431980599951,5,Disco,Rainbow,Battle Scar,Howdy,,Mr. Cool,
653,Pixel Panda #653,503,65.38793777419107,5,Rising Sun,Yellow Fellow,Professor,Yippie Trippy,,Sweater on Top,
1752,Pixel Panda #1752,504,65.3791098611306,6,Setting Sun,Pinky Peach,Love Me,Angry,Alien Power,Mystique,
1811,Pixel Panda #1811,505,65.32303662300028,5,Dojo,Yellow Fellow,Tale of Shunga,Devil's Smile,,Black Tee,
57,Pixel Panda #57,506,65.13114775044933,6,Night Fall,Brown Power,Love Me,Love Struck,Monkey Cap,Sweater on Top,
554,Pixel Panda #554,507,65.12799588834788,5,Flying Love,Cyan,Tale of Shunga,Game Over,,Hoodie,
2908,Pixel Panda #2908,508,65.1189610149611,5,Setting Sun,Brown Power,Techie Nerd,Embarassed,,Rainbow,
2485,Pixel Panda #2485,509,65.08880599313746,5,Setting Sun,Black Current,Rainbow,Embarassed,,Shirt,
2306,Pixel Panda #2306,510,65.05860324468566,6,Flying Love,Purple Panda,Battle Scar,Love Struck,Alien Power,Sweater on Top,
2339,Pixel Panda #2339,511,65.04052117100917,5,Blood Lust,Black Current,Cute Pirate,Oopsie,,Shirt,
958,Pixel Panda #958,512,64.90437291454374,5,Flying Love,Rainbow,Cute Pirate,Devil's Smile,,Black Tee,
569,Pixel Panda #569,513,64.8820853437806,5,Brickwork,Brown Power,Disco Power,Magic Shroom,,The Flirt,
1859,Pixel Panda #1859,514,64.8512515642131,5,Rising Sun,Yellow Fellow,Rainbow,Devil's Smile,,Sweater on Top,
1926,Pixel Panda #1926,515,64.80756272196395,5,Blood Lust,Black Current,Battle Scar,Howdy,,Mystique,
2961,Pixel Panda #2961,516,64.76334851141708,5,Flying Love,Black Current,Mecha Terminator,Stoned,,The Flirt,
1388,Pixel Panda #1388,517,64.73779645582229,6,Trippy Panda,Yellow Fellow,Puppet,Howdy,Alien Power,Sleeveless Top,
2160,Pixel Panda #2160,518,64.72381855157568,5,Brickwork,Purple Panda,Disco Power,Drool,,Mr. Cool,
2538,Pixel Panda #2538,519,64.70015017214916,5,Rising Sun,Black Current,Battle Scar,Drool,,Rainbow,
1583,Pixel Panda #1583,520,64.69432298106098,5,Blood Lust,Pinky Peach,Love Struck,Oopsie,,Sweater on Top,
1673,Pixel Panda #1673,521,64.6382832407528,5,Setting Sun,Black Current,Battle Scar,Rainbow,,Black Tee,
1400,Pixel Panda #1400,522,64.61455128137942,5,Subtle Wall,Yellow Fellow,Love Struck,Magic Shroom,,Mystique,
2404,Pixel Panda #2404,523,64.60753451677861,5,Setting Sun,Deep Blue,Tale of Shunga,Drool,,Tank Top,
2059,Pixel Panda #2059,524,64.58480872270677,5,Blood Lust,Black Current,Professor,Embarassed,,Sweater on Top,
449,Pixel Panda #449,525,64.53317762008687,5,Setting Sun,Vanishing Gaze,Techie Nerd,Yaay,,Rainbow,
1666,Pixel Panda #1666,526,64.52931930979435,5,Trippy Panda,Yippie Trippy,Cute Pirate,Magic Shroom,,Sleeveless Top,
301,Pixel Panda #301,527,64.29179427542319,5,Flying Love,Red Panda,Disco Power,Game Over,,The Flirt,
885,Pixel Panda #885,528,64.19416676937384,5,Subtle Wall,Yellow Fellow,Tale of Shunga,Yaay,,Shirt,
1782,Pixel Panda #1782,529,64.18546357540566,5,Trippy Panda,Deep Blue,Rainbow,Yaay,,Mystique,
2551,Pixel Panda #2551,530,64.11233098790291,5,Night Fall,Purple Panda,Tale of Shunga,Love Struck,,Mystique,
47,Pixel Panda #47,531,64.07248835929065,5,Flying Love,Yellow Fellow,Battle Scar,Love Struck,,Jet Pack,
1822,Pixel Panda #1822,532,64.05575859853889,5,Dojo,Yippie Trippy,Puppet,Love Struck,,Mystique,
2453,Pixel Panda #2453,533,64.024677645899,5,Flying Love,Red Mist,Cute Pirate,Game Over,,Sleeveless Top,
780,Pixel Panda #780,534,64.00689079516421,5,Water Splash,Brown Power,Tale of Shunga,Angry,,Black Tee,
2210,Pixel Panda #2210,535,63.97106823449811,5,Brickwork,Brown Power,Love Me,Stoned,,Hanfu,
2783,Pixel Panda #2783,536,63.90235353649044,5,Rising Sun,Yippie Trippy,Love Me,Howdy,,Black Tee,
403,Pixel Panda #403,537,63.88244039301853,5,Rising Sun,Black Current,Mecha Terminator,Game Over,,Mystique,
2921,Pixel Panda #2921,538,63.8713617623599,5,Disco,Yippie Trippy,Professor,Magic Shroom,,Black Tee,
778,Pixel Panda #778,539,63.6277861720141,5,Dojo,Purple Panda,Battle Scar,Drool,,Rainbow,
1549,Pixel Panda #1549,540,63.61639020658772,6,Flying Love,Yellow Fellow,Professor,Yaay,Monkey Cap,Sleeveless Top,
193,Pixel Panda #193,541,63.52352968640787,5,Disco,Yippie Trippy,Love Struck,Oopsie,,Sleeveless Top,
121,Pixel Panda #121,542,63.504057935259944,5,Brickwork,Black Current,Techie Nerd,Howdy,,The Flirt,
1419,Pixel Panda #1419,543,63.42704545411699,5,Brickwork,Red Panda,Battle Scar,Stoned,,Tank Top,
2470,Pixel Panda #2470,544,63.34289129961951,5,Water Splash,Deep Blue,Love Struck,Magic Shroom,,Sweater on Top,
2110,Pixel Panda #2110,545,63.28997702987306,5,Setting Sun,Pinky Peach,Battle Scar,Yippie Trippy,,Shirt,
251,Pixel Panda #251,546,63.24872467270821,5,Rising Sun,Red Panda,Love Struck,Oopsie,,Tank Top,
313,Pixel Panda #313,547,63.21123871986764,5,Brickwork,Red Panda,Techie Nerd,Yaay,,The Flirt,
725,Pixel Panda #725,548,63.144289052145666,5,Disco,Red Panda,Battle Scar,Magic Shroom,,Mr. Cool,
427,Pixel Panda #427,549,63.095611391237085,5,Night Fall,Brown Power,Battle Scar,Game Over,,Rainbow,
401,Pixel Panda #401,550,63.0764056069575,5,Night Fall,Yellow Fellow,Rainbow,Angry,,Black Tee,
984,Pixel Panda #984,551,62.953306765755414,5,Setting Sun,Yippie Trippy,Cute Pirate,Game Over,,Shirt,
703,Pixel Panda #703,552,62.922540197798824,6,Setting Sun,Purple Panda,Professor,Drool,Alien Power,Sweater on Top,
616,Pixel Panda #616,553,62.77569099884097,5,Dojo,Red Panda,Mecha Terminator,Game Over,,Hoodie,
904,Pixel Panda #904,554,62.764020714439084,5,Subtle Wall,Vanishing Gaze,Love Me,Game Over,,Mystique,
508,Pixel Panda #508,555,62.7527707480594,5,Trippy Panda,Deep Blue,Puppet,Devil's Smile,,Hanfu,
15,Pixel Panda #15,556,62.69319457965778,5,Setting Sun,Shades of Blue,Love Struck,Oopsie,,Black Tee,
1603,Pixel Panda #1603,557,62.6912376814484,5,Flying Love,Purple Panda,Disco Power,Drool,,Hanfu,
429,Pixel Panda #429,558,62.62322868765654,5,Rising Sun,Red Mist,Battle Scar,Drool,,Hoodie,
2450,Pixel Panda #2450,559,62.56490265984274,5,Disco,Brown Power,Tale of Shunga,Drool,,Tank Top,
268,Pixel Panda #268,560,62.5604554612323,5,Dojo,Brown Power,Mecha Terminator,Drool,,Hanfu,
2465,Pixel Panda #2465,561,62.47336037481223,5,Dojo,Brown Power,Love Struck,Stoned,,The Flirt,
365,Pixel Panda #365,562,62.44008711212721,5,Water Splash,Brown Power,Mecha Terminator,Devil's Smile,,The Flirt,
2840,Pixel Panda #2840,563,62.38840151273299,5,Rising Sun,Yippie Trippy,Professor,Drool,,Black Tee,
2730,Pixel Panda #2730,564,62.37173703147495,5,Flying Love,Cyan,Rainbow,Love Struck,,Hoodie,
50,Pixel Panda #50,565,62.36846374734643,5,Disco,Deep Blue,Love Me,Yaay,,Rainbow,
786,Pixel Panda #786,566,62.19900298941671,5,Trippy Panda,Cyan,Tale of Shunga,Oopsie,,Sleeveless Top,
1199,Pixel Panda #1199,567,62.14608551021934,5,Setting Sun,Black Current,Battle Scar,Angry,,Rainbow,
577,Pixel Panda #577,568,62.12604278062538,5,Water Splash,Shades of Blue,Love Me,Yaay,,Mystique,
1109,Pixel Panda #1109,569,62.10941944217197,5,Trippy Panda,Pinky Peach,Professor,Devil's Smile,,Rainbow,
2316,Pixel Panda #2316,570,62.0344023295378,5,Dojo,Red Mist,Battle Scar,Oopsie,,Sleeveless Top,
2648,Pixel Panda #2648,571,62.02911648653286,5,Night Fall,Red Panda,Mecha Terminator,Devil's Smile,,Black Tee,
272,Pixel Panda #272,572,62.00233803509923,5,Night Fall,Rainbow,Battle Scar,Yaay,,Tank Top,
412,Pixel Panda #412,573,61.992416529633,5,Brickwork,Red Panda,Love Struck,Howdy,,Hoodie,
2259,Pixel Panda #2259,574,61.95033225269616,5,Disco,Black Current,Tale of Shunga,Drool,,Sleeveless Top,
2890,Pixel Panda #2890,575,61.89458495808486,5,Setting Sun,Brown Power,Techie Nerd,Stoned,,Hanfu,
2293,Pixel Panda #2293,576,61.77467703059759,5,Setting Sun,Purple Panda,Rainbow,Angry,,Hoodie,
504,Pixel Panda #504,577,61.71741214849655,5,Trippy Panda,Purple Panda,Puppet,Embarassed,,Mr. Cool,
2224,Pixel Panda #2224,578,61.70419363444888,5,Subtle Wall,Cyan,Battle Scar,Howdy,,Hanfu,
170,Pixel Panda #170,579,61.676331044237166,5,Flying Love,Shades of Blue,Puppet,Howdy,,Black Tee,
142,Pixel Panda #142,580,61.6759822569706,5,Rising Sun,Pinky Peach,Tale of Shunga,Love Struck,,Sleeveless Top,
428,Pixel Panda #428,581,61.66814811554167,5,Flying Love,Black Current,Battle Scar,Devil's Smile,,Hanfu,
2791,Pixel Panda #2791,582,61.65092204208842,5,Flying Love,Black Current,Mecha Terminator,Game Over,,Black Tee,
1656,Pixel Panda #1656,583,61.65050006512302,5,Rising Sun,Deep Blue,Love Me,Embarassed,,Tank Top,
2649,Pixel Panda #2649,584,61.64336837907142,5,Disco,Red Panda,Professor,Game Over,,Hanfu,
2124,Pixel Panda #2124,585,61.62869853250159,5,Trippy Panda,Yippie Trippy,Professor,Game Over,,Sleeveless Top,
774,Pixel Panda #774,586,61.616583746064926,5,Brickwork,Red Panda,Love Me,Devil's Smile,,Shirt,
2173,Pixel Panda #2173,587,61.501892492542694,5,Subtle Wall,Purple Panda,Techie Nerd,Devil's Smile,,Hoodie,
1297,Pixel Panda #1297,588,61.43747359141801,5,Water Splash,Yellow Fellow,Love Me,Devil's Smile,,Mr. Cool,
245,Pixel Panda #245,589,61.392246478868984,5,Trippy Panda,Pinky Peach,Puppet,Magic Shroom,,Mr. Cool,
1602,Pixel Panda #1602,590,61.370933593568395,5,Blood Lust,Cyan,Battle Scar,Drool,,Sleeveless Top,
840,Pixel Panda #840,591,61.329869457129305,5,Setting Sun,Vanishing Gaze,Love Me,Game Over,,Mr. Cool,
2267,Pixel Panda #2267,592,61.2536518527089,5,Disco,Rainbow,Puppet,Oopsie,,Sleeveless Top,
995,Pixel Panda #995,593,61.245262073608444,5,Disco,Cyan,Puppet,Stoned,,Mr. Cool,
546,Pixel Panda #546,594,61.23966675639347,5,Subtle Wall,Red Panda,Battle Scar,Game Over,,Shirt,
2805,Pixel Panda #2805,595,61.231167768584136,5,Rising Sun,Pinky Peach,Disco Power,Game Over,,Tank Top,
396,Pixel Panda #396,596,61.170125515093105,5,Trippy Panda,Yippie Trippy,Cute Pirate,Howdy,,Sweater on Top,
826,Pixel Panda #826,597,61.10739565233561,5,Night Fall,Black Current,Battle Scar,Game Over,,Mr. Cool,
608,Pixel Panda #608,598,61.1069816428576,5,Water Splash,Deep Blue,Techie Nerd,Yaay,,The Flirt,
1073,Pixel Panda #1073,599,61.08877673657357,5,Flying Love,Deep Blue,Love Struck,Howdy,,Tank Top,
1233,Pixel Panda #1233,600,61.078325669784434,5,Setting Sun,Brown Power,Rainbow,Game Over,,Sleeveless Top,
1349,Pixel Panda #1349,601,60.970653872725414,5,Subtle Wall,Red Panda,Techie Nerd,Yaay,,Shirt,
2870,Pixel Panda #2870,602,60.948854250418606,5,Setting Sun,Pinky Peach,Techie Nerd,Embarassed,,Mr. Cool,
1015,Pixel Panda #1015,603,60.90683603220512,5,Brickwork,Deep Blue,Techie Nerd,Angry,,Sleeveless Top,
1045,Pixel Panda #1045,604,60.893973675539854,5,Blood Lust,Pinky Peach,Cute Pirate,Drool,,Sleeveless Top,
2416,Pixel Panda #2416,605,60.86509090295256,5,Setting Sun,Yippie Trippy,Professor,Stoned,,Sleeveless Top,
807,Pixel Panda #807,606,60.83315610841187,5,Dojo,Vanishing Gaze,Battle Scar,Devil's Smile,,The Flirt,
955,Pixel Panda #955,607,60.81165475148075,5,Brickwork,Pinky Peach,Techie Nerd,Stoned,,Sweater on Top,
1744,Pixel Panda #1744,608,60.807749003966876,5,Setting Sun,Red Panda,Mecha Terminator,Stoned,,Hoodie,
2459,Pixel Panda #2459,609,60.787176292566556,5,Setting Sun,Shades of Blue,Professor,Devil's Smile,,Mystique,
1800,Pixel Panda #1800,610,60.70806373847053,5,Dojo,Purple Panda,Disco Power,Stoned,,Hoodie,
862,Pixel Panda #862,611,60.69989132111267,5,Water Splash,Red Panda,Cute Pirate,Magic Shroom,,Sleeveless Top,
2878,Pixel Panda #2878,612,60.52920991914475,5,Night Fall,Brown Power,Disco Power,Embarassed,,The Flirt,
1904,Pixel Panda #1904,613,60.39297429913929,5,Setting Sun,Pinky Peach,Rainbow,Howdy,,Black Tee,
1057,Pixel Panda #1057,614,60.36168676677177,5,Disco,Brown Power,Rainbow,Howdy,,Hoodie,
2379,Pixel Panda #2379,615,60.32471048288835,5,Water Splash,Black Current,Puppet,Stoned,,Shirt,
2722,Pixel Panda #2722,616,60.31845487133556,5,Brickwork,Purple Panda,Professor,Love Struck,,Mr. Cool,
1474,Pixel Panda #1474,617,60.23149843082586,5,Dojo,Yippie Trippy,Battle Scar,Yaay,,Hoodie,
1095,Pixel Panda #1095,618,60.21291192048061,5,Trippy Panda,Shades of Blue,Love Me,Oopsie,,Sweater on Top,
808,Pixel Panda #808,619,60.15183790487097,5,Disco,Yippie Trippy,Love Me,Love Struck,,Hoodie,
1353,Pixel Panda #1353,620,60.13915671561743,5,Setting Sun,Black Current,Techie Nerd,Love Struck,,Mr. Cool,
573,Pixel Panda #573,621,60.121968440780165,5,Water Splash,Red Panda,Disco Power,Angry,,Sleeveless Top,
1216,Pixel Panda #1216,622,60.07999330947449,5,Brickwork,Pinky Peach,Love Me,Game Over,,Tank Top,
1112,Pixel Panda #1112,623,59.905460733822665,5,Disco,Brown Power,Love Struck,Game Over,,The Flirt,
132,Pixel Panda #132,624,59.895092034918044,5,Subtle Wall,Yellow Fellow,Cute Pirate,Stoned,,Shirt,
2318,Pixel Panda #2318,625,59.88659131345891,5,Disco,Deep Blue,Battle Scar,Angry,,Hanfu,
1691,Pixel Panda #1691,626,59.88259128035248,5,Flying Love,Yellow Fellow,Disco Power,Stoned,,Shirt,
609,Pixel Panda #609,627,59.8787546845921,5,Trippy Panda,Pinky Peach,Love Struck,Game Over,,Tank Top,
2875,Pixel Panda #2875,628,59.84838652864674,5,Trippy Panda,Pinky Peach,Cute Pirate,Embarassed,,Mr. Cool,
1500,Pixel Panda #1500,629,59.84503906385078,5,Brickwork,Yellow Fellow,Disco Power,Devil's Smile,,Sleeveless Top,
1975,Pixel Panda #1975,630,59.82306485295905,5,Subtle Wall,Shades of Blue,Professor,Yaay,,Sleeveless Top,
2566,Pixel Panda #2566,631,59.75892290845436,5,Flying Love,Cyan,Love Me,Drool,,Hanfu,
1901,Pixel Panda #1901,632,59.74026729803299,5,Disco,Cyan,Professor,Embarassed,,Hanfu,
134,Pixel Panda #134,633,59.683487320100916,5,Flying Love,Deep Blue,Professor,Game Over,,The Flirt,
383,Pixel Panda #383,634,59.67046428042834,5,Dojo,Black Current,Mecha Terminator,Love Struck,,Shirt,
752,Pixel Panda #752,635,59.6636870824988,5,Brickwork,Yellow Fellow,Mecha Terminator,Angry,,Sleeveless Top,
94,Pixel Panda #94,636,59.658398361431836,5,Setting Sun,Yippie Trippy,Professor,Oopsie,,Black Tee,
1897,Pixel Panda #1897,637,59.63207496024835,5,Setting Sun,Red Panda,Cute Pirate,Game Over,,The Flirt,
951,Pixel Panda #951,638,59.394417132094475,5,Trippy Panda,Brown Power,Battle Scar,Stoned,,Mr. Cool,
2050,Pixel Panda #2050,639,59.36729570495453,5,Trippy Panda,Red Panda,Cute Pirate,Devil's Smile,,Mystique,
1182,Pixel Panda #1182,640,59.316707779183425,5,Subtle Wall,Purple Panda,Professor,Magic Shroom,,Sweater on Top,
1236,Pixel Panda #1236,641,59.22411266223622,5,Water Splash,Deep Blue,Cute Pirate,Stoned,,Sleeveless Top,
97,Pixel Panda #97,642,59.17995598928435,5,Water Splash,Purple Panda,Disco Power,Yaay,,Tank Top,
1959,Pixel Panda #1959,643,59.13499614632214,5,Disco,Deep Blue,Battle Scar,Oopsie,,Mr. Cool,
1700,Pixel Panda #1700,644,59.08312473343202,5,Dojo,Purple Panda,Disco Power,Oopsie,,Shirt,
2446,Pixel Panda #2446,645,59.05120640956933,5,Flying Love,Vanishing Gaze,Puppet,Stoned,,Sweater on Top,
523,Pixel Panda #523,646,59.05050734139308,5,Flying Love,Pinky Peach,Techie Nerd,Oopsie,,The Flirt,
1264,Pixel Panda #1264,647,59.01950111967195,5,Flying Love,Pinky Peach,Disco Power,Magic Shroom,,Sweater on Top,
1557,Pixel Panda #1557,648,58.99822091299055,5,Setting Sun,Red Mist,Battle Scar,Howdy,,Sleeveless Top,
2755,Pixel Panda #2755,649,58.98780437135882,5,Dojo,Vanishing Gaze,Professor,Yaay,,Mr. Cool,
838,Pixel Panda #838,650,58.95890337333124,5,Water Splash,Yellow Fellow,Puppet,Devil's Smile,,Tank Top,
1387,Pixel Panda #1387,651,58.955257451242694,5,Water Splash,Deep Blue,Mecha Terminator,Yaay,,Hoodie,
1703,Pixel Panda #1703,652,58.85971942199454,5,Subtle Wall,Vanishing Gaze,Puppet,Drool,,Hoodie,
1812,Pixel Panda #1812,653,58.80281790957569,5,Setting Sun,Deep Blue,Love Struck,Embarassed,,Sweater on Top,
221,Pixel Panda #221,654,58.8006804072034,5,Trippy Panda,Purple Panda,Battle Scar,Angry,,Mr. Cool,
241,Pixel Panda #241,655,58.79637126823767,5,Setting Sun,Rainbow,Professor,Howdy,,Sweater on Top,
1930,Pixel Panda #1930,656,58.79485549229919,5,Subtle Wall,Red Panda,Cute Pirate,Oopsie,,Sleeveless Top,
2839,Pixel Panda #2839,657,58.787309477241145,5,Setting Sun,Cyan,Mecha Terminator,Drool,,The Flirt,
409,Pixel Panda #409,658,58.780325277741646,5,Brickwork,Pinky Peach,Techie Nerd,Drool,,Black Tee,
912,Pixel Panda #912,659,58.73878489885091,5,Subtle Wall,Purple Panda,Professor,Angry,,Tank Top,
1499,Pixel Panda #1499,660,58.56319952334864,5,Dojo,Vanishing Gaze,Disco Power,Love Struck,,Sweater on Top,
360,Pixel Panda #360,661,58.55078280091318,5,Flying Love,Red Panda,Love Me,Embarassed,,Sweater on Top,
1846,Pixel Panda #1846,662,58.54062363543786,5,Trippy Panda,Red Panda,Techie Nerd,Oopsie,,Sweater on Top,
98,Pixel Panda #98,663,58.484558640433605,5,Setting Sun,Purple Panda,Mecha Terminator,Angry,,Mystique,
390,Pixel Panda #390,664,58.442036207873635,5,Trippy Panda,Yellow Fellow,Techie Nerd,Game Over,,Black Tee,
1694,Pixel Panda #1694,665,58.34270638018372,5,Dojo,Pinky Peach,Disco Power,Embarassed,,Sweater on Top,
1809,Pixel Panda #1809,666,58.324529960843364,5,Trippy Panda,Brown Power,Techie Nerd,Magic Shroom,,Sweater on Top,
456,Pixel Panda #456,667,58.26249765018828,5,Dojo,Red Panda,Cute Pirate,Love Struck,,Mystique,
1465,Pixel Panda #1465,668,58.25714163745185,5,Night Fall,Pinky Peach,Puppet,Drool,,Hanfu,
2396,Pixel Panda #2396,669,58.22449334823347,5,Dojo,Yellow Fellow,Love Struck,Oopsie,,Black Tee,
2856,Pixel Panda #2856,670,58.154511439061096,5,Subtle Wall,Brown Power,Battle Scar,Devil's Smile,,Mystique,
2313,Pixel Panda #2313,671,58.13954266032105,5,Setting Sun,Yellow Fellow,Techie Nerd,Yaay,,Hanfu,
1410,Pixel Panda #1410,672,58.106051354826064,5,Rising Sun,Brown Power,Cute Pirate,Yaay,,Hanfu,
618,Pixel Panda #618,673,58.09540567976968,5,Water Splash,Cyan,Battle Scar,Oopsie,,The Flirt,
147,Pixel Panda #147,674,58.057502133988756,5,Trippy Panda,Yellow Fellow,Love Struck,Embarassed,,Sweater on Top,
2812,Pixel Panda #2812,675,58.056678580418705,5,Dojo,Purple Panda,Battle Scar,Stoned,,Black Tee,
1100,Pixel Panda #1100,676,57.941413247866656,5,Setting Sun,Deep Blue,Love Struck,Angry,,Black Tee,
651,Pixel Panda #651,677,57.889690450145814,5,Subtle Wall,Cyan,Professor,Howdy,,Tank Top,
2195,Pixel Panda #2195,678,57.882779841601945,5,Trippy Panda,Deep Blue,Professor,Devil's Smile,,Tank Top,
395,Pixel Panda #395,679,57.837971511856566,5,Rising Sun,Purple Panda,Puppet,Howdy,,Mystique,
1469,Pixel Panda #1469,680,57.80548449162447,5,Dojo,Yellow Fellow,Love Me,Angry,,The Flirt,
2098,Pixel Panda #2098,681,57.79001392243029,5,Night Fall,Red Panda,Techie Nerd,Yaay,,Black Tee,
2303,Pixel Panda #2303,682,57.67599135712844,5,Trippy Panda,Cyan,Cute Pirate,Game Over,,Mystique,
1195,Pixel Panda #1195,683,57.612109798838425,5,Dojo,Red Panda,Puppet,Oopsie,,Hoodie,
1514,Pixel Panda #1514,684,57.46622262412875,5,Disco,Cyan,Love Struck,Angry,,Shirt,
2257,Pixel Panda #2257,685,57.323734452601556,5,Subtle Wall,Pinky Peach,Techie Nerd,Love Struck,,Sweater on Top,
1974,Pixel Panda #1974,686,57.29925370996075,5,Flying Love,Brown Power,Love Me,Love Struck,,Mr. Cool,
892,Pixel Panda #892,687,57.16493919253286,5,Rising Sun,Black Current,Professor,Drool,,Tank Top,
2744,Pixel Panda #2744,688,57.12791571964393,5,Night Fall,Deep Blue,Mecha Terminator,Yaay,,Sweater on Top,
426,Pixel Panda #426,689,57.11688297418709,5,Dojo,Brown Power,Love Me,Stoned,,Black Tee,
1329,Pixel Panda #1329,690,57.106706354268546,5,Water Splash,Purple Panda,Puppet,Oopsie,,Black Tee,
1104,Pixel Panda #1104,691,57.031454656823755,5,Flying Love,Vanishing Gaze,Professor,Drool,,Tank Top,
2842,Pixel Panda #2842,692,56.99504436174062,5,Flying Love,Vanishing Gaze,Cute Pirate,Yaay,,Tank Top,
773,Pixel Panda #773,693,56.97333923354715,5,Dojo,Cyan,Puppet,Howdy,,Mystique,
824,Pixel Panda #824,694,56.928612820309084,5,Flying Love,Vanishing Gaze,Cute Pirate,Drool,,Shirt,
2509,Pixel Panda #2509,695,56.91951302667421,5,Trippy Panda,Purple Panda,Disco Power,Yaay,,Mystique,
1004,Pixel Panda #1004,696,56.843477923442805,5,Trippy Panda,Cyan,Cute Pirate,Embarassed,,Black Tee,
65,Pixel Panda #65,697,56.84305738978028,5,Disco,Red Panda,Professor,Drool,,The Flirt,
613,Pixel Panda #613,698,56.833578170316166,5,Water Splash,Pinky Peach,Love Me,Oopsie,,Tank Top,
2515,Pixel Panda #2515,699,56.827362554190685,5,Dojo,Red Panda,Battle Scar,Drool,,Black Tee,
652,Pixel Panda #652,700,56.744902447587094,5,Night Fall,Pinky Peach,Battle Scar,Love Struck,,Hanfu,
2507,Pixel Panda #2507,701,56.65438895944518,5,Flying Love,Red Panda,Professor,Yaay,,The Flirt,
2709,Pixel Panda #2709,702,56.652662603657625,5,Flying Love,Purple Panda,Battle Scar,Stoned,,Hoodie,
821,Pixel Panda #821,703,56.6090517700468,5,Rising Sun,Purple Panda,Puppet,Drool,,Black Tee,
33,Pixel Panda #33,704,56.517787654525655,5,Rising Sun,Purple Panda,Cute Pirate,Drool,,Shirt,
2496,Pixel Panda #2496,705,56.47483579551776,5,Water Splash,Vanishing Gaze,Battle Scar,Angry,,Sleeveless Top,
103,Pixel Panda #103,706,56.45832860093408,5,Trippy Panda,Pinky Peach,Professor,Oopsie,,Mr. Cool,
1042,Pixel Panda #1042,707,56.39681455915645,5,Trippy Panda,Black Current,Battle Scar,Stoned,,Sweater on Top,
2199,Pixel Panda #2199,708,56.380210472664224,5,Disco,Brown Power,Disco Power,Embarassed,,Sweater on Top,
150,Pixel Panda #150,709,56.35621041790668,5,Night Fall,Vanishing Gaze,Cute Pirate,Drool,,Black Tee,
187,Pixel Panda #187,710,56.33975070798256,5,Disco,Brown Power,Professor,Magic Shroom,,Tank Top,
425,Pixel Panda #425,711,56.33650272000156,5,Flying Love,Red Panda,Professor,Angry,,Black Tee,
1285,Pixel Panda #1285,712,56.30448547099667,5,Water Splash,Black Current,Battle Scar,Yaay,,Tank Top,
1159,Pixel Panda #1159,713,56.28135488862761,5,Setting Sun,Brown Power,Techie Nerd,Game Over,,Black Tee,
644,Pixel Panda #644,714,56.25556244571538,5,Setting Sun,Vanishing Gaze,Puppet,Game Over,,Sweater on Top,
1204,Pixel Panda #1204,715,56.22659035341849,5,Dojo,Yellow Fellow,Battle Scar,Game Over,,Black Tee,
2916,Pixel Panda #2916,716,56.15900134840764,5,Trippy Panda,Deep Blue,Puppet,Drool,,Shirt,
2675,Pixel Panda #2675,717,55.94910639816344,5,Disco,Purple Panda,Puppet,Stoned,,Sleeveless Top,
1530,Pixel Panda #1530,718,55.938578690751655,5,Dojo,Pinky Peach,Love Struck,Yaay,,Shirt,
741,Pixel Panda #741,719,55.88752533426334,5,Flying Love,Purple Panda,Love Me,Angry,,Black Tee,
772,Pixel Panda #772,720,55.83418502305255,5,Trippy Panda,Purple Panda,Professor,Howdy,,The Flirt,
2795,Pixel Panda #2795,721,55.7963457882332,5,Dojo,Purple Panda,Professor,Game Over,,Sweater on Top,
2987,Pixel Panda #2987,722,55.74413274545992,5,Trippy Panda,Cyan,Mecha Terminator,Yaay,,Hoodie,
338,Pixel Panda #338,723,55.73359584879154,5,Setting Sun,Cyan,Love Me,Devil's Smile,,Mystique,
2931,Pixel Panda #2931,724,55.716444213322276,5,Flying Love,Brown Power,Mecha Terminator,Drool,,Sleeveless Top,
252,Pixel Panda #252,725,55.66929812961389,5,Disco,Cyan,Love Me,Devil's Smile,,Shirt,
621,Pixel Panda #621,726,55.640127268155794,5,Brickwork,Purple Panda,Professor,Oopsie,,Sleeveless Top,
332,Pixel Panda #332,727,55.58427802696822,5,Water Splash,Cyan,Cute Pirate,Love Struck,,Black Tee,
560,Pixel Panda #560,728,55.57190815729137,5,Disco,Brown Power,Mecha Terminator,Oopsie,,Hoodie,
2909,Pixel Panda #2909,729,55.53156443944899,5,Trippy Panda,Cyan,Puppet,Yaay,,The Flirt,
17,Pixel Panda #17,730,55.382314582885016,5,Trippy Panda,Brown Power,Techie Nerd,Angry,,Hoodie,
2309,Pixel Panda #2309,731,55.28069806226425,5,Flying Love,Pinky Peach,Cute Pirate,Stoned,,Sleeveless Top,
1899,Pixel Panda #1899,732,55.257334643727816,5,Night Fall,Purple Panda,Battle Scar,Game Over,,Sweater on Top,
2554,Pixel Panda #2554,733,55.24253254776933,5,Setting Sun,Purple Panda,Battle Scar,Yaay,,Mr. Cool,
119,Pixel Panda #119,734,55.16442484603745,5,Setting Sun,Red Panda,Professor,Oopsie,,Mystique,
607,Pixel Panda #607,735,55.06093684424111,5,Brickwork,Yellow Fellow,Battle Scar,Howdy,,Sweater on Top,
2715,Pixel Panda #2715,736,55.049690636719944,5,Setting Sun,Brown Power,Techie Nerd,Drool,,Mystique,
585,Pixel Panda #585,737,55.037377187418144,5,Setting Sun,Yellow Fellow,Mecha Terminator,Howdy,,Hoodie,
2353,Pixel Panda #2353,738,55.0104321383245,5,Night Fall,Brown Power,Cute Pirate,Devil's Smile,,Shirt,
1466,Pixel Panda #1466,739,54.82242922164115,5,Night Fall,Yellow Fellow,Techie Nerd,Love Struck,,Sweater on Top,
910,Pixel Panda #910,740,54.73368870273596,5,Disco,Deep Blue,Puppet,Angry,,Sleeveless Top,
432,Pixel Panda #432,741,54.698485771306245,5,Rising Sun,Purple Panda,Professor,Angry,,Sweater on Top,
2912,Pixel Panda #2912,742,54.48981276426798,5,Dojo,Brown Power,Professor,Howdy,,Tank Top,
2157,Pixel Panda #2157,743,54.36221233962242,5,Trippy Panda,Black Current,Professor,Devil's Smile,,Sleeveless Top,
999,Pixel Panda #999,744,54.33231750620313,5,Night Fall,Black Current,Puppet,Love Struck,,Hoodie,
1275,Pixel Panda #1275,745,54.19852964189256,5,Night Fall,Vanishing Gaze,Cute Pirate,Yaay,,Hoodie,
16,Pixel Panda #16,746,54.07466627623147,5,Rising Sun,Brown Power,Professor,Angry,,Shirt,
886,Pixel Panda #886,747,53.99667030925078,5,Night Fall,Pinky Peach,Cute Pirate,Devil's Smile,,Sweater on Top,
667,Pixel Panda #667,748,53.98225198847966,5,Trippy Panda,Cyan,Battle Scar,Oopsie,,Black Tee,
1170,Pixel Panda #1170,749,53.97799378178781,5,Disco,Cyan,Cute Pirate,Howdy,,Shirt,
2557,Pixel Panda #2557,750,53.97594624379906,5,Night Fall,Red Panda,Battle Scar,Love Struck,,Sleeveless Top,
304,Pixel Panda #304,751,53.951963186333664,5,Setting Sun,Red Panda,Love Me,Drool,,Sweater on Top,
1435,Pixel Panda #1435,752,53.91836864944551,5,Disco,Vanishing Gaze,Professor,Love Struck,,Shirt,
2537,Pixel Panda #2537,753,53.907465643998876,5,Subtle Wall,Brown Power,Battle Scar,Drool,,Sleeveless Top,
727,Pixel Panda #727,754,53.90126339732213,5,Water Splash,Pinky Peach,Love Me,Howdy,,Sweater on Top,
2901,Pixel Panda #2901,755,53.84435985800896,5,Night Fall,Yellow Fellow,Cute Pirate,Howdy,,Black Tee,
490,Pixel Panda #490,756,53.60486269311813,5,Dojo,Yellow Fellow,Professor,Yaay,,Tank Top,
1390,Pixel Panda #1390,757,53.369116890447366,5,Flying Love,Black Current,Love Me,Yaay,,Sweater on Top,
1879,Pixel Panda #1879,758,53.360086344886355,5,Disco,Purple Panda,Love Me,Angry,,Sleeveless Top,
2849,Pixel Panda #2849,759,53.34975464905612,5,Night Fall,Cyan,Puppet,Drool,,Sleeveless Top,
1049,Pixel Panda #1049,760,53.30740909198188,5,Disco,Yellow Fellow,Puppet,Howdy,,Black Tee,
994,Pixel Panda #994,761,53.26724243982004,5,Trippy Panda,Pinky Peach,Love Struck,Yaay,,Sleeveless Top,
556,Pixel Panda #556,762,53.12865065095477,5,Flying Love,Brown Power,Cute Pirate,Yaay,,Mystique,
2830,Pixel Panda #2830,763,53.121499913337416,5,Disco,Yellow Fellow,Love Me,Yaay,,Tank Top,
2438,Pixel Panda #2438,764,53.06696127153208,5,Setting Sun,Deep Blue,Puppet,Love Struck,,Sweater on Top,
483,Pixel Panda #483,765,52.831662343712225,5,Night Fall,Brown Power,Battle Scar,Oopsie,,Shirt,
1825,Pixel Panda #1825,766,52.80420532044478,5,Flying Love,Cyan,Battle Scar,Yaay,,Shirt,
1502,Pixel Panda #1502,767,52.79686777632399,5,Dojo,Cyan,Cute Pirate,Yaay,,Sleeveless Top,
2495,Pixel Panda #2495,768,52.76420944261411,5,Disco,Purple Panda,Cute Pirate,Yaay,,Shirt,
1865,Pixel Panda #1865,769,52.685024934001746,5,Trippy Panda,Cyan,Professor,Oopsie,,Hoodie,
2619,Pixel Panda #2619,770,52.66562201504988,5,Night Fall,Yellow Fellow,Puppet,Yaay,,Shirt,
662,Pixel Panda #662,771,52.662921406295695,5,Setting Sun,Cyan,Battle Scar,Angry,,Black Tee,
2384,Pixel Panda #2384,772,52.54252514482168,5,Dojo,Pinky Peach,Professor,Love Struck,,Shirt,
2385,Pixel Panda #2385,773,52.13519314751508,5,Flying Love,Cyan,Professor,Yaay,,Black Tee,
935,Pixel Panda #935,774,51.955643724904064,5,Disco,Black Current,Professor,Yaay,,Shirt,
1856,Pixel Panda #1856,775,51.791253295096965,5,Night Fall,Pinky Peach,Professor,Drool,,Black Tee,
3000,Pixel Panda #3000,776,51.131315018588964,5,Disco,Yellow Fellow,Cute Pirate,Love Struck,,Sleeveless Top,
1033,Pixel Panda #1033,777,50.88392593292992,5,Setting Sun,Brown Power,Love Me,Oopsie,,Sweater on Top,
460,Pixel Panda #460,778,49.73290015848022,5,Setting Sun,Brown Power,Battle Scar,Oopsie,,Sleeveless Top,
