ID,Name,Rank,Rarity_Score,Attributes,Background,Brows,Earrings,Eyes,Hairstyle,Hand,Jacket,Mask,Mouth,Visionware
159,AVATAR #159,1,976.1499269993,9,White Triangle,Normal,,With Scar,Neon Crown,Neon Katana,Netrunner Neon,Neon Oni,Bored,Neon Visor
315,AVATAR #315,2,546.6695265257,7,All Black,Trimmed,,Neon War Paint Diagonal,Shaved,Old School Gun,Neon Elegant,,Bored,
456,AVATAR #456,3,525.8999203952,7,Neon Circle,Normal,,War Paint Diagonal All White,White Dreadlocks,Gun,Netrunner White,,Smirking,
451,AVATAR #451,4,520.2021552761,7,White Triangle,Fancy,,Neon Normal,Spikes,Katana,Leather,,Bored,
636,AVATAR #636,5,367.4746445589,9,White Rays,Pierced,,War Paint Horizontal All White,Neon Visible Brain,Spinner,Neon Bulletproof,Standard,Labret,Monocle
421,AVATAR #421,6,298.7414211672,9,All Neon,Neon Pierced,Neon Biohazzard,War Paint Diagonal,Neon Cyber Mohawk,Old School Gun,Leather,,Neon Snake Bites,Cyber Goggles
503,AVATAR #503,7,289.1215354438,10,White Diagonal Left,Full,Neon USB,All White,Head Cable,Gun,Neon Bulletproof,Gas Mask,Bored,Glasses
199,AVATAR #199,8,284.7566328049,10,White Triangle,Full,More Rings,War Paint Horizontal All White,Cyber Mohawk,Gun,Neon Bulletproof,Synth,Bored,Neon Monocle
622,AVATAR #622,9,281.3766302996,10,White Diagonal Right,Fancy,Triangle,Bored,Cyber Mohawk,Neon Handheld Device,Neon Kimono,Neon Cyborg,Smirking Rings,Neon Glasses
141,AVATAR #141,10,275.5731200441,10,White Diagonal Left,Trimmed,Neon Card,War Paint Diagonal,Spikes,Knife,Netrunner Neon,Gas Mask,Smirking Rings,Glasses
603,AVATAR #603,11,271.6292324987,10,White Circle,Normal,Neon Card,Neon War Paint Diagonal,Dark Dreadlocks,Neon Katana,Netrunner Dark,Armored,Smirking Rings,Neon Detector
530,AVATAR #530,12,269.5667181615,10,Neon Triangle,Neon Pierced,Earbuds,Neon Normal,Sideshave,Old School Gun,Neon Bulletproof,Standard,Smirking,Monocle
323,AVATAR #323,13,265.1866093618,9,White Triangle,Pierced,Neon Triangle,Neon War Paint Diagonal All White,Neon Cyber Mohawk,Old School Gun,White Sweater,,Labret,Implant
244,AVATAR #244,14,263.619011897,10,White Rays,Full,More Rings,All Neon,Neon Horns Implants,Neon Spinner,Neon Leather,Armored,Bored,Cyber Goggles
652,AVATAR #652,15,262.352432404,10,White Circle,Pierced,Industrial,Normal,Neon Cyber Mohawk,Blaster,Cyberwhite,Armored,Neon Snake Bites,Glasses
634,AVATAR #634,16,259.7071266581,8,White Triangle,Pierced,Triangle,Bored,Dark Spikes,Neon Handheld Device,Netrunner Neon,,Smirking,
188,AVATAR #188,17,259.2664394656,10,Neon Circle,Normal,Triangle,Neon Normal,Neon Visible Brain,Spinner,Netrunner Dark,Neon Standard,Full Lips,Cyber Goggles
62,AVATAR #62,18,254.2566355159,10,White Diagonal Left,Trimmed,USB,Bored,Neon Cyber Mohawk,Sawtooth Katana,White Sweater,War Paint,Smirking Rings,Monocle
249,AVATAR #249,19,249.0757181366,10,All Neon,Fancy,Rings,War Paint Horizontal,Neon Spikes,Knife,Neon Sweater,Neon Oni,Smirking Neon Rings,Monocle
483,AVATAR #483,20,248.3469318388,9,White Triangle,Neon Pierced,Neon Card,War Paint Horizontal,Mohawk,Sawtooth Katana,Neon Kimono,Oni,Smirking Neon Rings,
556,AVATAR #556,21,237.9352080545,9,All Black,Normal,Card,War Paint Horizontal All White,Shaved Neon Implant,Blaster,Netrunner White,Neon Synth,Smirking,
508,AVATAR #508,22,234.3225684233,10,White Diagonal Right,Trimmed,Neon Cross,Normal,Neon Visible Brain,Gun,Kimono,Armored,Smirking Rings,Monocle
94,AVATAR #94,23,234.3147355554,9,Neon Circle,Neon Pierced,Biohazzard,War Paint Horizontal,Shaved Deco,Spinner,Netrunner Neon,,Smirking Rings,Monocle
453,AVATAR #453,24,232.9538165051,10,All Black,Pierced,Triangle,All White,White Dreadlocks,Old School Gun,White Sweater,Neon Synth,Full Neon Lips,Neon Detector
152,AVATAR #152,25,232.4173297204,10,White Rays,Pierced,Card,War Paint Horizontal,Neon Visible Brain,Blaster,Netrunner White,War Paint,Smirking,Neon Visor
537,AVATAR #537,26,232.0573852235,8,White Circle,Fancy,Triangle,Neon War Paint Diagonal,Neon Dreadlocks,Neon Spinner,Leather,,Bored,
324,AVATAR #324,27,230.2026730913,10,Neon Circle,Normal,Earbuds,All White,White Dreadlocks,Spinner,Kimono,Neon Synth,Snake Bites,Neon Detector
108,AVATAR #108,28,229.6494918628,10,White Diagonal Right,Full,Neon Triangle,Neon War Paint Diagonal,Spikes,Neon Knife,Neon Kimono,Standard,Labret,Cyber Goggles
605,AVATAR #605,29,227.674183831,10,White Triangle,Normal,Card,War Paint Horizontal,Dark Spikes,Old School Gun,Neon Kimono,Neon Gas Mask,Snake Bites,Monocle
449,AVATAR #449,30,227.5273893668,10,All Black,Neon Pierced,Neon USB,Neon War Paint Diagonal,Sideshave,Old School Gun,Neon Kimono,War Paint,Smirking Rings,Cyber Goggles
496,AVATAR #496,31,226.7149596859,10,White Diagonal Right,Normal,Biohazzard,Bored,Visible Brain,Katana,Leather,Neon Oni,Full Neon Lips,Neon Detector
291,AVATAR #291,32,226.4833135073,10,White Triangle,Neon Pierced,Neon Earbuds,War Paint Horizontal,Neon Horns Implants,Gun,Netrunner White,Oni,Neon Geisha,Monocle
450,AVATAR #450,33,224.3233086108,9,White Circle,Trimmed,Triangle,Neon War Paint Diagonal,Spikes,Neon Katana,Neon Leather,Cyborg,Bored,
356,AVATAR #356,34,222.3298951049,8,Neon Triangle,Normal,Neon Earbuds,War Paint Diagonal All White,Curly,Neon Katana,Bulletproof,,Snake Bites,
39,AVATAR #39,35,220.8474947145,9,White Circle,Fancy,Neon USB,Normal,Neon Horns Implants,Neon Knife,White Sweater,Gas Mask,Snake Bites,
189,AVATAR #189,36,219.9288560369,10,White Diagonal Left,Trimmed,Neon Cross,Normal,Neon Dreadlocks,Blaster,Netrunner White,Synth,Neon Snake Bites,Implant
196,AVATAR #196,37,219.7687344266,10,White Diagonal Left,Fancy,Industrial,Neon Implants,Dark Curly,Neon Handheld Device,Cyberwhite,Neon Synth,Snake Bites,Monocle
434,AVATAR #434,38,219.1463888889,10,White Circle,Neon Pierced,Industrial,War Paint Diagonal,Crown,Neon Knife,Cyberwhite,Oni,Neon Snake Bites,Neon Cyber Goggles
509,AVATAR #509,39,218.6386656026,10,White Rays,Normal,Neon Cross,War Paint Diagonal All White,Neon Dreadlocks,Knife,Netrunner White,Neon Standard,Full Lips,Cyber Goggles
26,AVATAR #26,40,213.5235993625,8,All Black,Fancy,,Bored,Triple Mohawk,Old School Gun,Netrunner Neon,,Snake Bites,Implant
138,AVATAR #138,41,211.0712897454,10,All Black,Normal,Triangle,Neon War Paint Diagonal All White,Neon Curly,Neon Blaster,Neon Leather,War Paint,Full Lips,Glasses
432,AVATAR #432,42,209.8785576559,10,White Triangle,Normal,Triangle,Neon War Paint Horizontal All White,Crown,Sawtooth Katana,Kimono,Neon Cyborg,Smirking,Neon Detector
170,AVATAR #170,43,209.4894830592,10,Neon Circle,Fancy,Cross,Bored,Shaved Neon Implant,Neon Spinner,Kimono,Neon War Paint,Bored,Implant
10,AVATAR #10,44,208.3735845762,10,Neon Triangle,Fancy,Triangle,Normal,Neon Horns Implants,Sawtooth Katana,Netrunner White,Synth,Full Lips,Neon Monocle
498,AVATAR #498,45,208.1455772406,10,White Diagonal Right,Normal,Cross,With Scar,Neon Visible Brain,Spinner,Tee,War Paint,Full Lips,Glasses
262,AVATAR #262,46,207.9360946605,10,White Triangle,Fancy,Triangle,All White,Neon Horns Implants,Katana,Elegant,Standard,Neon Labret,Neon Visor
87,AVATAR #87,47,207.2079708652,10,White Circle,Neon Pierced,USB,Bored,Curly,Knife,Neon Leather,Armored,Neon Geisha,Cyber Goggles
520,AVATAR #520,48,206.7223260637,10,All Black,Fancy,More Rings,War Paint Horizontal,Neon Horns Implants,Neon Blaster,Netrunner White,War Paint,Labret,Neon Visor
298,AVATAR #298,49,203.5596753869,10,White Rays,Full,Earbuds,War Paint Diagonal,Neon Dreadlocks,Old School Gun,Bulletproof,Standard,Bored,Glasses
515,AVATAR #515,50,203.0425647015,10,White Triangle,Trimmed,Earbuds,All White,Neon Curly,Knife,Netrunner Dark,Neon Standard,Smirking Rings,Neon Glasses
593,AVATAR #593,51,202.3700438929,9,White Triangle,Fancy,,With Scar,Neon Dreadlocks,Spinner,Netrunner Dark,Neon Standard,Bored,Glasses
34,AVATAR #34,52,202.1828790515,10,White Diagonal Right,Neon Pierced,Neon Card,Neon Normal,Horns Implants,Katana,Tee,Gas Mask,Neon Labret,Implant
335,AVATAR #335,53,199.1243381334,10,White Rays,Normal,Biohazzard,War Paint Horizontal,Mohawk,Old School Gun,White Sweater,Neon Synth,Full Neon Lips,Cyber Goggles
81,AVATAR #81,54,198.6240308983,10,All Neon,Neon Pierced,Biohazzard,With Scar,Visible Brain,Old School Gun,Neon Leather,Standard,Smirking Neon Rings,Cyber Goggles
470,AVATAR #470,55,196.93602638,10,White Triangle,Fancy,Neon Triangle,Neon Implants,Cyber Mohawk,Sawtooth Katana,White Sweater,Neon War Paint,Smirking,Neon Detector
18,AVATAR #18,56,196.7651185908,10,White Rays,Pierced,Biohazzard,Bored,Cyber Mohawk,Sawtooth Katana,Neon Leather,Gas Mask,Full Neon Lips,Implant
318,AVATAR #318,57,195.6935864157,9,All Black,Normal,Neon Earbuds,All Neon,Shaved With Implant,Neon Blaster,Neon Elegant,Standard,Neon Geisha,
5,AVATAR #5,58,195.3527010394,10,All Neon,Pierced,Rings,Neon Normal,Curly,Neon Blaster,Elegant,Oni,Labret,Neon Visor
30,AVATAR #30,59,195.1522063874,10,All Black,Normal,Rings,Neon War Paint Diagonal All White,White Dreadlocks,Spinner,Neon Kimono,Gas Mask,Bored,Implant
215,AVATAR #215,60,195.065857365,10,Neon Circle,Fancy,Neon USB,Neon Implants,White Dreadlocks,Sawtooth Katana,Netrunner White,Standard,Full Neon Lips,Implant
279,AVATAR #279,61,194.4144687781,10,White Diagonal Left,Normal,Neon USB,Neon War Paint Horizontal All White,Shaved,Gun,Netrunner White,Cyborg,Smirking,Neon Cyber Goggles
494,AVATAR #494,62,194.1759029467,9,All Black,Trimmed,Neon Card,Neon Implants,Crown,Blaster,Cyberwhite,Oni,Snake Bites,
578,AVATAR #578,63,194.1352350866,10,White Diagonal Right,Full,Neon Earbuds,All White,Dark Spikes,Old School Gun,Neon Leather,Neon War Paint,Bored,Monocle
158,AVATAR #158,64,194.0602385129,10,White Rays,Fancy,Cross,Bored,Neon Dreadlocks,Knife,White Sweater,Standard,Neon Snake Bites,Implant
417,AVATAR #417,65,193.7539700683,9,White Diagonal Left,Neon Pierced,USB,War Paint Horizontal,Shaved Neon Implant,Knife,Netrunner White,,Smirking Rings,Neon Detector
638,AVATAR #638,66,193.2415514219,10,White Triangle,Normal,Neon Biohazzard,Normal,Head Cable,Gun,Tee,Neon Oni,Full Neon Lips,Implant
492,AVATAR #492,67,192.7895768128,10,White Circle,Normal,Industrial,War Paint Horizontal,Dark Spikes,Spinner,Neon Sweater,Synth,Neon Labret,Neon Glasses
153,AVATAR #153,68,192.4126916747,10,All Black,Fancy,Triangle,Normal,Curly,Spinner,Neon Sweater,Neon Cyborg,Bored,Cyber Goggles
528,AVATAR #528,69,191.9922574732,10,White Diagonal Left,Full,Biohazzard,Neon War Paint Diagonal,Triple Mohawk,Neon Spinner,Netrunner White,Armored,Smirking,Neon Cyber Goggles
647,AVATAR #647,70,190.7792565411,9,White Diagonal Right,Normal,Triangle,War Paint Horizontal,Shaved Deco,Old School Gun,Neon Kimono,Neon Standard,Smirking Rings,
144,AVATAR #144,71,188.5396012807,9,White Diagonal Right,Neon Pierced,More Rings,Neon War Paint Horizontal,Neon Spikes,Neon Spinner,Bulletproof,Cyborg,Neon Snake Bites,
616,AVATAR #616,72,187.8098659203,9,Neon Circle,Pierced,USB,War Paint Horizontal All White,Neon Spikes,Gun,Cyberwhite,Neon Gas Mask,Bored,
555,AVATAR #555,73,186.602390508,8,All Neon,Full,,Neon War Paint Diagonal,Head Neon Cable,Katana,White Sweater,Standard,Snake Bites,
70,AVATAR #70,74,186.4736460523,9,White Diagonal Right,Pierced,Neon Biohazzard,War Paint Diagonal All White,Dark Curly,Blaster,Tee,,Bored,Neon Cyber Goggles
46,AVATAR #46,75,186.2864852819,10,White Rays,Pierced,Neon Earbuds,Neon Implants,Sideshave,Neon Katana,Leather,War Paint,Smirking,Implant
125,AVATAR #125,76,185.7930684411,9,White Triangle,Full,Neon Card,War Paint Diagonal,Sideshave,Old School Gun,Neon Sweater,Oni,Labret,
218,AVATAR #218,77,184.8926278644,10,White Circle,Full,Neon Triangle,With Scar,Neon Curly,Neon Spinner,Leather,Cyborg,Full Lips,Glasses
405,AVATAR #405,78,184.3558493003,10,All Black,Trimmed,Rings,All White,Neon Curly,Sawtooth Katana,Bulletproof,Armored,Neon Geisha,Glasses
403,AVATAR #403,79,183.422276352,10,White Diagonal Left,Fancy,Neon Biohazzard,Neon War Paint Horizontal All White,Mohawk,Neon Blaster,White Sweater,Neon Cyborg,Labret,Glasses
134,AVATAR #134,80,183.3221665063,10,All Neon,Pierced,Earbuds,Cybernetic Neon,Horns Implants,Neon Knife,Tee,Cyborg,Smirking Neon Rings,Cyber Goggles
586,AVATAR #586,81,183.1270961595,9,Neon Triangle,Trimmed,,War Paint Diagonal All White,Neon Curly,Old School Gun,Tee,Neon Cyborg,Neon Snake Bites,Cyber Goggles
574,AVATAR #574,82,182.001469452,10,White Rays,Trimmed,Neon Cross,Bored,Head Cable,Neon Knife,Tee,Synth,Smirking,Neon Cyber Goggles
303,AVATAR #303,83,181.5354815571,10,White Rays,Normal,More Rings,Neon War Paint Diagonal All White,Head Cable,Old School Gun,Cyberwhite,Cyborg,Neon Geisha,Neon Cyber Goggles
51,AVATAR #51,84,181.3063702997,10,Neon Triangle,Neon Pierced,Card,War Paint Diagonal All White,Neon Mohawk,Old School Gun,Neon Leather,Armored,Neon Labret,Cyber Goggles
354,AVATAR #354,85,181.2212259969,10,White Triangle,Fancy,Neon Card,War Paint Diagonal All White,Spikes,Old School Gun,Netrunner White,Neon Standard,Full Neon Lips,Monocle
239,AVATAR #239,86,180.5538334309,10,White Rays,Fancy,Neon Cross,Normal,Shaved,Blaster,Leather,Neon Synth,Snake Bites,Cyber Goggles
4,AVATAR #4,87,180.410371306,10,All Black,Fancy,Neon Biohazzard,All White,Triple Mohawk,Neon Katana,Leather,Gas Mask,Labret,Glasses
281,AVATAR #281,88,180.0290555734,10,White Triangle,Fancy,More Rings,Neon Implants,Dark Spikes,Sawtooth Katana,Neon Leather,Standard,Smirking Rings,Glasses
401,AVATAR #401,89,179.9998055584,10,Neon Triangle,Normal,Triangle,War Paint Diagonal All White,Dark Dreadlocks,Old School Gun,Bulletproof,War Paint,Smirking Neon Rings,Neon Cyber Goggles
623,AVATAR #623,90,179.4623381997,9,All Neon,Trimmed,Neon Triangle,All Neon,Crown,Katana,Cyberwhite,,Snake Bites,Monocle
248,AVATAR #248,91,179.3591152412,10,White Triangle,Pierced,USB,All White,Cyber Mohawk,Spinner,Tee,Neon Gas Mask,Snake Bites,Neon Glasses
173,AVATAR #173,92,179.0733632379,10,Neon Triangle,Full,Neon Cross,Neon War Paint Horizontal,Sideshave,Neon Handheld Device,Elegant,Oni,Full Neon Lips,Implant
233,AVATAR #233,93,178.1155695248,10,Neon Triangle,Pierced,More Rings,War Paint Horizontal All White,Shaved Neon Implant,Old School Gun,Tee,Armored,Smirking Neon Rings,Cyber Goggles
257,AVATAR #257,94,177.5175185265,10,White Diagonal Left,Pierced,Triangle,War Paint Horizontal All White,Visible Brain,Neon Blaster,Neon Sweater,Synth,Full Lips,Implant
426,AVATAR #426,95,175.8608873509,10,White Diagonal Right,Normal,Cross,War Paint Horizontal,Sideshave,Neon Blaster,Neon Leather,War Paint,Full Lips,Neon Monocle
89,AVATAR #89,96,175.4419518668,10,White Rays,Full,USB,With Scar,Shaved With Implant,Katana,Netrunner White,Neon Synth,Smirking,Implant
296,AVATAR #296,97,174.7768538051,10,All Black,Pierced,Neon Cross,Neon War Paint Diagonal All White,Neon Curly,Old School Gun,Bulletproof,War Paint,Neon Labret,Implant
90,AVATAR #90,98,174.6622548534,10,Neon Circle,Neon Pierced,Card,Neon Implants,Dark Dreadlocks,Gun,Neon Elegant,Oni,Full Lips,Implant
645,AVATAR #645,99,174.201443001,9,Neon Triangle,Trimmed,,Normal,Neon Horns Implants,Katana,White Sweater,Cyborg,Smirking,Implant
536,AVATAR #536,100,174.1938558377,10,White Diagonal Right,Full,Card,War Paint Diagonal,Head Neon Cable,Knife,Bulletproof,War Paint,Neon Labret,Monocle
149,AVATAR #149,101,173.6049432508,9,White Rays,Full,Neon USB,War Paint Diagonal All White,Crown,Neon Spinner,Leather,Armored,Snake Bites,
611,AVATAR #611,102,173.5080665607,10,White Circle,Fancy,Card,Normal,Dark Dreadlocks,Old School Gun,Neon Elegant,Armored,Snake Bites,Neon Detector
448,AVATAR #448,103,173.2868952685,10,White Rays,Normal,Earbuds,Neon War Paint Horizontal,Shaved Deco,Neon Knife,Cyberwhite,Neon Oni,Neon Labret,Glasses
441,AVATAR #441,104,173.1336539397,10,All Black,Trimmed,Triangle,Neon War Paint Diagonal,White Dreadlocks,Old School Gun,Netrunner White,Neon War Paint,Labret,Neon Glasses
568,AVATAR #568,105,172.8852630875,10,All Black,Full,USB,War Paint Diagonal,Spikes,Blaster,White Sweater,Neon Synth,Bored,Implant
160,AVATAR #160,106,171.2985076935,9,Neon Circle,Fancy,Neon Card,War Paint Diagonal All White,Dark Spikes,Old School Gun,Elegant,Oni,Neon Snake Bites,
117,AVATAR #117,107,171.2087521095,10,White Rays,Trimmed,USB,Neon Normal,Spikes,Old School Gun,Cyberwhite,Oni,Smirking,Neon Cyber Goggles
383,AVATAR #383,108,170.8527521605,9,White Triangle,Full,Industrial,Neon Implants,Shaved Neon Implant,Old School Gun,White Sweater,,Smirking Rings,Cyber Goggles
197,AVATAR #197,109,170.8286914952,10,White Triangle,Full,Neon Earbuds,All Neon,Neon Mohawk,Old School Gun,Netrunner White,War Paint,Snake Bites,Neon Detector
208,AVATAR #208,110,170.5669029934,10,All Neon,Trimmed,Triangle,All White,Curly,Spinner,Leather,Standard,Full Neon Lips,Cyber Goggles
565,AVATAR #565,111,170.1786294081,10,Neon Triangle,Trimmed,Industrial,With Scar,Shaved Neon Implant,Blaster,Kimono,Standard,Bored,Implant
664,AVATAR #664,112,170.1308996776,10,White Diagonal Right,Neon Pierced,Triangle,Cybernetic Neon,Shaved With Implant,Neon Knife,Leather,Neon Gas Mask,Smirking Rings,Cyber Goggles
533,AVATAR #533,113,169.2822196371,10,All Black,Full,Earbuds,All White,Shaved Neon Implant,Gun,Netrunner White,Cyborg,Bored,Implant
349,AVATAR #349,114,168.0105670615,8,White Triangle,Pierced,,Neon War Paint Diagonal,Head Neon Cable,Old School Gun,Netrunner Dark,Standard,Full Lips,
607,AVATAR #607,115,167.6533225715,9,White Diagonal Left,Neon Pierced,Neon Cross,War Paint Diagonal,Horns Implants,Neon Handheld Device,Kimono,Oni,Smirking,
567,AVATAR #567,116,167.5083571849,10,White Diagonal Right,Trimmed,Industrial,Normal,Visible Brain,Sawtooth Katana,Netrunner White,Neon War Paint,Neon Geisha,Implant
177,AVATAR #177,117,167.3843132038,10,Neon Triangle,Fancy,Rings,Neon War Paint Horizontal All White,Dark Spikes,Knife,Leather,Neon Cyborg,Neon Labret,Cyber Goggles
307,AVATAR #307,118,167.3242175556,10,White Diagonal Right,Normal,Cross,Neon War Paint Diagonal All White,Curly,Gun,Elegant,Standard,Full Neon Lips,Neon Visor
618,AVATAR #618,119,167.2861367117,10,Neon Triangle,Trimmed,Cross,With Scar,Neon Spikes,Knife,White Sweater,Standard,Full Neon Lips,Implant
438,AVATAR #438,120,167.2797231433,10,White Circle,Fancy,Neon Earbuds,All White,Horns Implants,Neon Handheld Device,Cyberwhite,War Paint,Bored,Implant
346,AVATAR #346,121,166.6507440504,10,Neon Circle,Pierced,More Rings,Neon War Paint Horizontal All White,Head Cable,Neon Spinner,Tee,Gas Mask,Smirking,Neon Glasses
74,AVATAR #74,122,166.4768052764,10,White Rays,Normal,Triangle,War Paint Diagonal,Crown,Knife,Elegant,War Paint,Smirking Neon Rings,Neon Detector
534,AVATAR #534,123,166.2485334964,10,White Rays,Full,Card,War Paint Horizontal All White,Spikes,Neon Katana,Kimono,Synth,Smirking,Glasses
406,AVATAR #406,124,165.9530023214,9,Neon Circle,Normal,,War Paint Diagonal All White,Shaved With Implant,Neon Handheld Device,Cyberwhite,Neon Cyborg,Smirking,Neon Visor
297,AVATAR #297,125,165.1431196286,9,Neon Triangle,Pierced,Neon Triangle,Neon War Paint Diagonal All White,Dark Spikes,Gun,Neon Elegant,Standard,Smirking,
106,AVATAR #106,126,165.1281646644,9,All Neon,Trimmed,Neon Cross,War Paint Horizontal All White,Neon Mohawk,Spinner,Elegant,Cyborg,Neon Geisha,
198,AVATAR #198,127,165.0300157818,10,White Diagonal Left,Trimmed,Neon Card,War Paint Diagonal All White,Dark Dreadlocks,Knife,Tee,Neon Standard,Smirking,Glasses
24,AVATAR #24,128,164.8436457417,10,White Triangle,Full,Card,With Scar,Horns Implants,Katana,Neon Sweater,Armored,Full Lips,Implant
156,AVATAR #156,129,163.7676223458,9,White Circle,Normal,USB,Neon War Paint Horizontal All White,Neon Mohawk,Gun,Neon Sweater,War Paint,Labret,
295,AVATAR #295,130,163.2541164713,9,White Diagonal Right,Trimmed,,War Paint Diagonal,Head Neon Cable,Spinner,Netrunner Dark,War Paint,Neon Labret,Implant
96,AVATAR #96,131,163.1771122456,9,White Circle,Full,More Rings,Neon Normal,Neon Curly,Spinner,Netrunner Dark,,Full Lips,Monocle
246,AVATAR #246,132,163.1622987929,9,White Circle,Full,Neon Earbuds,War Paint Horizontal All White,Neon Curly,Old School Gun,Cyberwhite,Cyborg,Snake Bites,
541,AVATAR #541,133,161.8288017796,10,All Black,Normal,Card,Neon War Paint Diagonal,Triple Mohawk,Spinner,Netrunner Dark,Neon Oni,Smirking,Implant
228,AVATAR #228,134,161.705287936,10,White Circle,Trimmed,Neon Biohazzard,War Paint Horizontal All White,Horns Implants,Neon Knife,White Sweater,Cyborg,Bored,Glasses
161,AVATAR #161,135,161.6582455641,9,Neon Circle,Fancy,More Rings,War Paint Diagonal All White,Shaved,Neon Katana,Leather,Cyborg,Smirking Neon Rings,
587,AVATAR #587,136,161.5210846486,10,All Neon,Fancy,More Rings,Neon Normal,Mohawk,Gun,Neon Elegant,War Paint,Snake Bites,Monocle
398,AVATAR #398,137,161.3861767828,10,White Diagonal Right,Normal,Neon Card,Bored,Dark Spikes,Neon Spinner,White Sweater,Standard,Smirking,Implant
121,AVATAR #121,138,161.3747056016,10,White Circle,Trimmed,Triangle,War Paint Horizontal All White,Neon Curly,Katana,Netrunner Dark,Standard,Full Lips,Cyber Goggles
210,AVATAR #210,139,161.2873413451,9,White Circle,Fancy,,Neon War Paint Horizontal,Dark Dreadlocks,Old School Gun,Leather,Armored,Smirking,Neon Cyber Goggles
563,AVATAR #563,140,160.0023788953,10,White Diagonal Right,Normal,Industrial,Neon War Paint Diagonal,Mohawk,Neon Blaster,Kimono,War Paint,Labret,Neon Detector
376,AVATAR #376,141,159.6826428198,10,White Diagonal Right,Full,Cross,Neon War Paint Horizontal,Neon Mohawk,Sawtooth Katana,Neon Sweater,War Paint,Labret,Cyber Goggles
589,AVATAR #589,142,159.6546965381,9,White Triangle,Fancy,Cross,Neon War Paint Horizontal All White,Sideshave,Blaster,Bulletproof,Neon Oni,Snake Bites,
379,AVATAR #379,143,159.6133295944,10,Neon Triangle,Neon Pierced,USB,Neon Implants,Neon Mohawk,Neon Spinner,Cyberwhite,Standard,Neon Snake Bites,Implant
221,AVATAR #221,144,159.4048449267,10,Neon Circle,Full,Neon Cross,War Paint Horizontal,Neon Spikes,Old School Gun,Leather,Synth,Full Lips,Monocle
627,AVATAR #627,145,159.3232003049,10,White Rays,Pierced,Card,All Neon,Sideshave,Sawtooth Katana,Netrunner Dark,Oni,Smirking Neon Rings,Neon Monocle
162,AVATAR #162,146,158.598655334,8,White Triangle,Normal,,Bored,Shaved Neon Implant,Old School Gun,White Sweater,Cyborg,Bored,
507,AVATAR #507,147,158.3934698163,10,White Triangle,Fancy,Neon Triangle,War Paint Diagonal All White,White Dreadlocks,Old School Gun,Neon Elegant,Armored,Labret,Cyber Goggles
247,AVATAR #247,148,158.3831279877,10,White Triangle,Normal,Earbuds,War Paint Diagonal All White,Spikes,Neon Blaster,Kimono,Neon Gas Mask,Smirking Rings,Implant
444,AVATAR #444,149,157.4574924649,8,All Black,Normal,,Cybernetic Neon,Horns Implants,Katana,Leather,Neon Standard,Bored,
580,AVATAR #580,150,157.0986694508,10,White Diagonal Left,Normal,Neon USB,War Paint Horizontal All White,Curly,Spinner,Cyberwhite,Gas Mask,Labret,Glasses
123,AVATAR #123,151,157.0037811011,10,Neon Triangle,Normal,Neon USB,Bored,Shaved,Gun,Cyberwhite,Gas Mask,Bored,Neon Detector
575,AVATAR #575,152,156.7280236681,9,Neon Circle,Full,USB,Neon War Paint Diagonal,Mohawk,Blaster,Neon Sweater,Standard,Bored,
659,AVATAR #659,153,156.4000802166,10,White Diagonal Right,Trimmed,Neon Card,Neon Normal,Shaved With Implant,Spinner,White Sweater,War Paint,Full Lips,Glasses
294,AVATAR #294,154,156.2736363669,10,White Circle,Full,Biohazzard,War Paint Diagonal,Cyber Mohawk,Gun,White Sweater,Neon War Paint,Neon Labret,Cyber Goggles
466,AVATAR #466,155,156.0459521042,9,All Black,Trimmed,Rings,Neon War Paint Horizontal,Head Cable,Neon Handheld Device,Netrunner Dark,Neon War Paint,Smirking,
118,AVATAR #118,156,155.7324099781,9,White Diagonal Right,Fancy,More Rings,Neon Normal,Shaved Deco,Katana,Elegant,Neon Oni,Bored,
85,AVATAR #85,157,155.5733738711,9,White Triangle,Normal,Neon Cross,War Paint Diagonal All White,Sideshave,Neon Katana,Cyberwhite,War Paint,Full Lips,
452,AVATAR #452,158,155.203449985,10,All Black,Normal,Industrial,Neon War Paint Horizontal All White,Neon Mohawk,Old School Gun,Leather,Neon Oni,Snake Bites,Glasses
596,AVATAR #596,159,155.1648591871,10,All Black,Pierced,Industrial,War Paint Diagonal All White,Dark Curly,Neon Katana,Cyberwhite,Standard,Smirking,Monocle
285,AVATAR #285,160,154.7577331101,9,White Diagonal Left,Normal,Card,War Paint Horizontal All White,Neon Spikes,Sawtooth Katana,White Sweater,,Smirking,Neon Visor
174,AVATAR #174,161,154.128531877,9,White Circle,Normal,Neon Biohazzard,War Paint Diagonal,Curly,Knife,Kimono,,Snake Bites,Glasses
399,AVATAR #399,162,154.0294184093,10,All Black,Neon Pierced,USB,Neon War Paint Diagonal,Shaved Deco,Neon Spinner,White Sweater,Neon Standard,Smirking Neon Rings,Cyber Goggles
471,AVATAR #471,163,154.012847042,10,White Triangle,Normal,Triangle,Neon War Paint Diagonal All White,Head Neon Cable,Blaster,Netrunner White,Gas Mask,Bored,Monocle
517,AVATAR #517,164,153.6857608458,10,White Diagonal Left,Fancy,Card,Neon Implants,Spikes,Old School Gun,Tee,Neon Oni,Smirking,Implant
304,AVATAR #304,165,153.586162794,9,Neon Triangle,Fancy,Industrial,Neon War Paint Diagonal All White,Neon Spikes,Gun,Bulletproof,Standard,Bored,
12,AVATAR #12,166,153.5246702125,10,White Diagonal Left,Trimmed,Cross,Neon Implants,Dark Curly,Old School Gun,Neon Elegant,Oni,Smirking,Implant
629,AVATAR #629,167,153.417405213,10,White Diagonal Left,Normal,Card,Neon War Paint Horizontal All White,Head Neon Cable,Old School Gun,White Sweater,War Paint,Smirking Rings,Implant
131,AVATAR #131,168,153.0927568714,10,White Rays,Fancy,Rings,Neon Normal,Sideshave,Old School Gun,Bulletproof,Neon Gas Mask,Smirking,Cyber Goggles
264,AVATAR #264,169,153.0900239869,10,Neon Circle,Fancy,Earbuds,Neon Normal,Spikes,Spinner,Cyberwhite,Armored,Labret,Neon Glasses
97,AVATAR #97,170,152.641756465,8,White Diagonal Right,Normal,,War Paint Horizontal,Neon Spikes,Sawtooth Katana,Netrunner White,Oni,Bored,
402,AVATAR #402,171,152.6328715541,10,White Diagonal Right,Fancy,USB,War Paint Horizontal All White,Visible Brain,Neon Handheld Device,Netrunner Dark,War Paint,Full Lips,Implant
167,AVATAR #167,172,152.5699203428,10,White Rays,Fancy,Biohazzard,All White,Sideshave,Gun,Bulletproof,Neon Cyborg,Labret,Glasses
214,AVATAR #214,173,152.2573536439,10,White Circle,Normal,Neon Cross,War Paint Horizontal All White,White Dreadlocks,Neon Blaster,Bulletproof,Gas Mask,Bored,Cyber Goggles
169,AVATAR #169,174,152.1769302273,9,All Neon,Normal,Rings,War Paint Diagonal All White,Mohawk,Blaster,Neon Sweater,War Paint,Labret,
183,AVATAR #183,175,152.1520775524,9,All Neon,Neon Pierced,Biohazzard,War Paint Diagonal All White,Dark Curly,Knife,Netrunner Dark,,Full Lips,Neon Monocle
384,AVATAR #384,176,152.1261459744,10,All Black,Pierced,More Rings,All Neon,Shaved With Implant,Gun,Leather,Neon Gas Mask,Labret,Monocle
269,AVATAR #269,177,152.1201178376,10,All Black,Neon Pierced,Triangle,Normal,Spikes,Neon Blaster,Netrunner Dark,War Paint,Labret,Neon Glasses
413,AVATAR #413,178,151.9055829102,10,White Triangle,Fancy,Triangle,All Neon,Sideshave,Gun,Kimono,Synth,Labret,Neon Glasses
657,AVATAR #657,179,151.5630317712,10,White Rays,Pierced,Earbuds,Normal,Shaved,Old School Gun,Elegant,Synth,Neon Geisha,Neon Glasses
522,AVATAR #522,180,151.3146101746,10,All Black,Fancy,Neon USB,War Paint Diagonal,Horns Implants,Old School Gun,Leather,Synth,Full Lips,Glasses
418,AVATAR #418,181,151.2519925184,9,Neon Circle,Trimmed,Neon Cross,All Neon,Sideshave,Neon Blaster,Cyberwhite,Oni,Snake Bites,
612,AVATAR #612,182,150.9751655599,9,All Black,Trimmed,Industrial,Bored,Head Neon Cable,Gun,Tee,,Bored,Neon Visor
168,AVATAR #168,183,150.9221533443,8,White Triangle,Neon Pierced,,Neon War Paint Diagonal,Dark Spikes,Neon Handheld Device,Tee,Standard,Full Lips,
80,AVATAR #80,184,150.5019465518,9,White Diagonal Left,Normal,Earbuds,With Scar,Crown,Knife,Leather,Oni,Full Neon Lips,
506,AVATAR #506,185,150.4785437539,10,All Black,Normal,Biohazzard,Normal,Head Neon Cable,Katana,Leather,War Paint,Snake Bites,Monocle
41,AVATAR #41,186,150.3792854833,10,White Circle,Pierced,Biohazzard,War Paint Horizontal All White,Neon Mohawk,Sawtooth Katana,Cyberwhite,War Paint,Smirking Neon Rings,Neon Monocle
329,AVATAR #329,187,150.1514220303,10,White Triangle,Pierced,Cross,All White,Dark Dreadlocks,Spinner,Neon Sweater,Oni,Smirking Rings,Glasses
263,AVATAR #263,188,149.8981419255,10,All Black,Full,Neon Triangle,War Paint Horizontal All White,Dark Dreadlocks,Old School Gun,Tee,Armored,Full Neon Lips,Monocle
181,AVATAR #181,189,149.6679216038,10,Neon Triangle,Pierced,Neon Earbuds,War Paint Diagonal,Mohawk,Neon Spinner,Elegant,Gas Mask,Smirking Rings,Monocle
446,AVATAR #446,190,149.5872360721,10,White Diagonal Left,Normal,Industrial,War Paint Diagonal,Neon Spikes,Knife,Netrunner Dark,Gas Mask,Smirking Rings,Monocle
135,AVATAR #135,191,149.580669502,10,Neon Triangle,Full,Rings,War Paint Diagonal All White,Head Neon Cable,Gun,Cyberwhite,War Paint,Smirking,Glasses
662,AVATAR #662,192,149.3415709605,10,White Diagonal Left,Fancy,More Rings,War Paint Diagonal All White,Mohawk,Old School Gun,Cyberwhite,War Paint,Smirking Rings,Neon Cyber Goggles
422,AVATAR #422,193,149.0497118181,10,All Black,Full,More Rings,All White,Shaved,Knife,Cyberwhite,Cyborg,Full Neon Lips,Neon Detector
250,AVATAR #250,194,148.7126810314,10,White Diagonal Right,Trimmed,Cross,Bored,White Dreadlocks,Old School Gun,White Sweater,Neon Gas Mask,Neon Labret,Implant
610,AVATAR #610,195,148.6571710053,8,Neon Circle,Neon Pierced,Biohazzard,War Paint Diagonal,Dark Spikes,Sawtooth Katana,Bulletproof,,Smirking,
73,AVATAR #73,196,148.6377547033,10,White Triangle,Trimmed,Neon Cross,With Scar,Shaved With Implant,Neon Handheld Device,Elegant,Oni,Smirking Neon Rings,Monocle
597,AVATAR #597,197,148.4675180904,8,Neon Triangle,Pierced,,With Scar,Neon Spikes,Old School Gun,Tee,Synth,Smirking,
103,AVATAR #103,198,148.3729271959,9,Neon Circle,Fancy,Cross,Neon War Paint Diagonal All White,Cyber Mohawk,Old School Gun,Leather,Neon Standard,Full Neon Lips,
489,AVATAR #489,199,148.3134796781,10,White Diagonal Left,Normal,Neon USB,With Scar,Shaved Deco,Spinner,Netrunner White,Neon War Paint,Smirking,Cyber Goggles
591,AVATAR #591,200,148.0512382366,10,White Rays,Fancy,Neon USB,Normal,Spikes,Neon Blaster,Tee,Oni,Full Lips,Monocle
142,AVATAR #142,201,148.0139457884,10,All Black,Full,Rings,Neon Implants,Crown,Katana,Kimono,Armored,Smirking,Monocle
474,AVATAR #474,202,147.6044057641,10,Neon Triangle,Fancy,More Rings,War Paint Diagonal All White,Dark Curly,Gun,Cyberwhite,Neon Gas Mask,Bored,Implant
649,AVATAR #649,203,147.5314893594,9,White Diagonal Left,Fancy,Rings,Cybernetic Neon,Shaved With Implant,Neon Spinner,White Sweater,,Neon Geisha,Monocle
171,AVATAR #171,204,147.117150696,10,White Rays,Trimmed,Cross,All Neon,Shaved With Implant,Neon Handheld Device,Elegant,Synth,Snake Bites,Glasses
274,AVATAR #274,205,147.0804329673,8,White Circle,Normal,Biohazzard,With Scar,Horns Implants,Old School Gun,Netrunner Dark,,Smirking Neon Rings,
255,AVATAR #255,206,146.6643922262,9,White Rays,Neon Pierced,Neon USB,All Neon,Sideshave,Katana,Leather,Gas Mask,Smirking,
615,AVATAR #615,207,146.638125577,10,Neon Circle,Pierced,Earbuds,Bored,Head Cable,Katana,White Sweater,Neon Gas Mask,Bored,Glasses
270,AVATAR #270,208,146.2669442017,10,White Circle,Neon Pierced,Triangle,Neon War Paint Horizontal,Cyber Mohawk,Sawtooth Katana,Cyberwhite,Gas Mask,Smirking Rings,Neon Monocle
113,AVATAR #113,209,145.6593397237,8,White Diagonal Right,Neon Pierced,,Cybernetic Neon,Dark Curly,Old School Gun,Kimono,,Neon Labret,Monocle
227,AVATAR #227,210,145.6171906854,9,All Black,Normal,More Rings,All Neon,Sideshave,Old School Gun,Neon Elegant,,Neon Labret,Cyber Goggles
465,AVATAR #465,211,145.599720521,9,White Triangle,Neon Pierced,Neon Biohazzard,Cybernetic Neon,Dark Dreadlocks,Old School Gun,Cyberwhite,Standard,Labret,
66,AVATAR #66,212,145.392441587,10,White Diagonal Left,Pierced,Neon Biohazzard,Neon War Paint Horizontal All White,Dark Spikes,Gun,Leather,Gas Mask,Smirking Rings,Cyber Goggles
408,AVATAR #408,213,145.2728978875,10,Neon Circle,Normal,Earbuds,All White,Neon Mohawk,Spinner,Leather,Synth,Neon Geisha,Monocle
302,AVATAR #302,214,145.0976786499,10,White Circle,Neon Pierced,Cross,War Paint Diagonal,White Dreadlocks,Old School Gun,Leather,Standard,Neon Geisha,Neon Visor
617,AVATAR #617,215,144.9601344552,10,Neon Circle,Pierced,More Rings,Normal,Shaved,Neon Blaster,Cyberwhite,Standard,Full Lips,Neon Glasses
292,AVATAR #292,216,144.9372678939,10,All Neon,Neon Pierced,Rings,Normal,Cyber Mohawk,Neon Blaster,Leather,Oni,Full Lips,Cyber Goggles
261,AVATAR #261,217,144.791568089,10,Neon Triangle,Pierced,Biohazzard,Neon Implants,Spikes,Neon Knife,White Sweater,Cyborg,Neon Snake Bites,Monocle
423,AVATAR #423,218,144.7910637358,9,All Black,Fancy,,War Paint Horizontal All White,Neon Curly,Gun,Bulletproof,Synth,Smirking,Glasses
219,AVATAR #219,219,144.5526921222,10,White Triangle,Normal,Card,With Scar,Horns Implants,Old School Gun,Elegant,Standard,Full Neon Lips,Glasses
396,AVATAR #396,220,144.2594363569,10,White Diagonal Left,Fancy,Industrial,Normal,Shaved Deco,Knife,Kimono,Neon Standard,Neon Geisha,Neon Visor
6,AVATAR #6,221,144.1713947745,10,White Diagonal Right,Trimmed,Industrial,With Scar,Dark Curly,Knife,Netrunner Dark,Neon Cyborg,Bored,Implant
151,AVATAR #151,222,144.0775212457,9,White Diagonal Left,Fancy,Earbuds,War Paint Horizontal All White,Mohawk,Neon Spinner,Tee,,Labret,Neon Glasses
469,AVATAR #469,223,144.0446659922,10,White Diagonal Left,Normal,Triangle,Bored,Dark Spikes,Katana,Leather,Standard,Neon Labret,Neon Glasses
535,AVATAR #535,224,143.9767739372,9,White Diagonal Right,Fancy,Neon Earbuds,All Neon,Shaved Deco,Knife,Kimono,Cyborg,Neon Labret,
220,AVATAR #220,225,143.913559484,8,White Circle,Fancy,Neon Cross,With Scar,Dark Curly,Neon Blaster,White Sweater,,Bored,
184,AVATAR #184,226,143.7267523881,9,White Triangle,Pierced,Biohazzard,Neon Implants,Shaved Deco,Neon Spinner,Netrunner Dark,Armored,Smirking Rings,
428,AVATAR #428,227,143.3100902118,10,All Black,Trimmed,Cross,War Paint Diagonal,Mohawk,Sawtooth Katana,Neon Sweater,Standard,Smirking Rings,Monocle
154,AVATAR #154,228,142.9049149541,9,Neon Circle,Full,Neon Biohazzard,Neon War Paint Horizontal,Mohawk,Spinner,Cyberwhite,,Neon Labret,Glasses
280,AVATAR #280,229,142.6989694193,10,Neon Triangle,Fancy,Industrial,Bored,Shaved Deco,Neon Spinner,White Sweater,Synth,Full Neon Lips,Glasses
253,AVATAR #253,230,142.6287575336,10,White Diagonal Left,Normal,USB,War Paint Diagonal,Sideshave,Neon Spinner,Tee,War Paint,Full Neon Lips,Cyber Goggles
15,AVATAR #15,231,142.578612722,10,White Diagonal Left,Fancy,Neon Triangle,Neon War Paint Horizontal All White,Neon Mohawk,Old School Gun,White Sweater,Standard,Neon Labret,Implant
363,AVATAR #363,232,142.5708749468,9,All Neon,Neon Pierced,Neon Triangle,Neon War Paint Diagonal,Shaved,Old School Gun,Leather,Oni,Bored,
369,AVATAR #369,233,142.5395750667,9,Neon Triangle,Full,More Rings,Cybernetic Neon,Shaved With Implant,Gun,Elegant,Neon Standard,Snake Bites,
327,AVATAR #327,234,142.0643686091,9,Neon Circle,Pierced,USB,Normal,Neon Curly,Old School Gun,Elegant,,Bored,Implant
594,AVATAR #594,235,141.7140421157,8,White Diagonal Right,Fancy,Cross,Normal,Visible Brain,Neon Blaster,Elegant,,Smirking Rings,
25,AVATAR #25,236,141.6789787604,9,All Neon,Full,,Cybernetic Neon,Triple Mohawk,Knife,White Sweater,Standard,Smirking Rings,Neon Monocle
478,AVATAR #478,237,141.5776731673,10,White Triangle,Pierced,Earbuds,Neon War Paint Diagonal All White,Curly,Blaster,Kimono,Synth,Full Lips,Implant
566,AVATAR #566,238,141.5155940605,10,White Diagonal Right,Pierced,Cross,Neon War Paint Horizontal All White,Cyber Mohawk,Neon Spinner,Kimono,Oni,Labret,Cyber Goggles
337,AVATAR #337,239,141.4187814859,10,White Diagonal Left,Fancy,Cross,Neon War Paint Diagonal All White,Triple Mohawk,Katana,Kimono,Neon Gas Mask,Full Lips,Implant
621,AVATAR #621,240,141.3543473972,10,White Diagonal Right,Normal,Cross,Normal,Shaved With Implant,Blaster,Tee,Neon Oni,Labret,Monocle
561,AVATAR #561,241,141.0669123587,8,Neon Triangle,Neon Pierced,,Normal,Mohawk,Old School Gun,Neon Sweater,Armored,Bored,
631,AVATAR #631,242,140.9331585792,9,White Diagonal Left,Trimmed,Cross,Bored,Triple Mohawk,Blaster,Neon Elegant,,Snake Bites,Neon Monocle
579,AVATAR #579,243,140.7999606764,9,Neon Circle,Fancy,Industrial,War Paint Diagonal,Dark Curly,Katana,Leather,Neon War Paint,Labret,
372,AVATAR #372,244,140.7128898683,10,White Circle,Pierced,Biohazzard,With Scar,Dark Dreadlocks,Gun,Tee,Armored,Neon Geisha,Monocle
79,AVATAR #79,245,140.6948963838,8,White Diagonal Right,Pierced,,Bored,Shaved,Old School Gun,Neon Leather,,Snake Bites,Monocle
353,AVATAR #353,246,140.410550446,10,White Rays,Fancy,Cross,Neon War Paint Diagonal All White,Neon Mohawk,Blaster,Netrunner Dark,Neon Standard,Labret,Cyber Goggles
56,AVATAR #56,247,140.3599048578,8,White Diagonal Left,Fancy,,Neon War Paint Horizontal All White,Dark Dreadlocks,Knife,Netrunner Dark,,Snake Bites,Neon Monocle
203,AVATAR #203,248,140.3505238027,10,White Diagonal Right,Neon Pierced,Industrial,War Paint Horizontal,Shaved With Implant,Spinner,Tee,Neon Oni,Bored,Monocle
519,AVATAR #519,249,140.2805478841,10,White Diagonal Left,Fancy,Neon Biohazzard,All White,Crown,Old School Gun,Cyberwhite,War Paint,Smirking,Implant
640,AVATAR #640,250,140.2663386488,8,Neon Triangle,Neon Pierced,,All Neon,White Dreadlocks,Knife,Tee,,Neon Snake Bites,Monocle
200,AVATAR #200,251,140.0133123722,10,White Diagonal Left,Trimmed,Card,With Scar,Sideshave,Blaster,Leather,Neon Cyborg,Smirking Neon Rings,Implant
93,AVATAR #93,252,139.8892057162,10,Neon Triangle,Neon Pierced,More Rings,All White,Head Cable,Blaster,Bulletproof,Armored,Full Lips,Neon Monocle
308,AVATAR #308,253,139.7777856012,10,White Diagonal Left,Normal,Rings,All White,Cyber Mohawk,Blaster,Cyberwhite,Neon Cyborg,Snake Bites,Implant
523,AVATAR #523,254,139.7040835202,10,White Diagonal Right,Pierced,Earbuds,All White,Horns Implants,Katana,Leather,Synth,Smirking Neon Rings,Cyber Goggles
238,AVATAR #238,255,139.4897407961,10,White Triangle,Fancy,Cross,All Neon,Head Cable,Sawtooth Katana,Netrunner White,Armored,Neon Geisha,Glasses
256,AVATAR #256,256,139.1103159567,10,All Black,Full,USB,Neon War Paint Horizontal All White,Shaved Deco,Neon Blaster,Kimono,War Paint,Neon Snake Bites,Glasses
628,AVATAR #628,257,138.3985603369,10,Neon Triangle,Fancy,Cross,Neon War Paint Horizontal,Shaved,Blaster,Cyberwhite,Oni,Labret,Neon Glasses
14,AVATAR #14,258,138.3718995334,9,Neon Circle,Pierced,USB,With Scar,Dark Spikes,Spinner,Leather,Oni,Neon Geisha,
625,AVATAR #625,259,138.2890102113,9,White Diagonal Right,Trimmed,USB,Neon War Paint Diagonal,Curly,Old School Gun,White Sweater,Synth,Smirking Rings,
155,AVATAR #155,260,138.018103452,9,White Triangle,Trimmed,,Neon Normal,Mohawk,Spinner,Cyberwhite,Neon Cyborg,Smirking Rings,Glasses
558,AVATAR #558,261,137.9605228483,8,All Neon,Normal,,All White,Shaved Deco,Old School Gun,Leather,Neon War Paint,Smirking Rings,
582,AVATAR #582,262,137.7729445093,10,White Triangle,Pierced,Earbuds,War Paint Diagonal,Triple Mohawk,Knife,White Sweater,Neon Gas Mask,Full Lips,Implant
63,AVATAR #63,263,137.6715165848,10,White Triangle,Neon Pierced,Card,All Neon,Shaved,Knife,White Sweater,Gas Mask,Neon Snake Bites,Neon Visor
43,AVATAR #43,264,137.5415046232,8,White Diagonal Right,Neon Pierced,,Neon War Paint Diagonal,Sideshave,Knife,Bulletproof,,Snake Bites,Neon Visor
165,AVATAR #165,265,137.494148506,10,White Triangle,Normal,Neon Triangle,War Paint Horizontal All White,Sideshave,Katana,White Sweater,Cyborg,Full Lips,Neon Monocle
237,AVATAR #237,266,137.4681886088,10,White Diagonal Left,Full,More Rings,Normal,Sideshave,Old School Gun,Tee,Neon Standard,Snake Bites,Neon Detector
606,AVATAR #606,267,137.0949207212,10,White Rays,Trimmed,Industrial,Neon Normal,Crown,Gun,Cyberwhite,Cyborg,Bored,Implant
98,AVATAR #98,268,137.0224747215,10,All Black,Normal,Neon Cross,Normal,Curly,Old School Gun,White Sweater,Gas Mask,Neon Snake Bites,Implant
655,AVATAR #655,269,136.9187881367,10,White Rays,Full,Biohazzard,Neon War Paint Diagonal All White,Shaved With Implant,Neon Handheld Device,Cyberwhite,Armored,Smirking Rings,Glasses
272,AVATAR #272,270,136.8984718854,10,All Black,Normal,Industrial,Neon War Paint Horizontal,Cyber Mohawk,Old School Gun,Netrunner White,Synth,Smirking Rings,Neon Glasses
430,AVATAR #430,271,136.878884139,9,White Circle,Neon Pierced,Rings,Cybernetic Neon,Cyber Mohawk,Old School Gun,Cyberwhite,War Paint,Neon Labret,
194,AVATAR #194,272,136.7214685871,10,White Rays,Pierced,Card,All White,Spikes,Blaster,White Sweater,Armored,Snake Bites,Neon Glasses
38,AVATAR #38,273,136.4706661961,9,White Diagonal Right,Normal,,All Neon,Shaved With Implant,Katana,Neon Elegant,Cyborg,Bored,Glasses
364,AVATAR #364,274,136.0766565282,9,All Black,Trimmed,,With Scar,Spikes,Neon Handheld Device,Netrunner Dark,Synth,Neon Labret,Implant
69,AVATAR #69,275,136.000507977,10,White Triangle,Fancy,Industrial,With Scar,Neon Mohawk,Old School Gun,Neon Sweater,Armored,Bored,Monocle
8,AVATAR #8,276,135.9882017279,10,White Triangle,Neon Pierced,Rings,War Paint Diagonal,Crown,Old School Gun,Leather,Gas Mask,Smirking Neon Rings,Monocle
404,AVATAR #404,277,135.9282577449,10,White Rays,Neon Pierced,Earbuds,Bored,Head Cable,Old School Gun,White Sweater,Neon Gas Mask,Full Lips,Implant
338,AVATAR #338,278,135.761917766,10,White Triangle,Trimmed,Industrial,Bored,White Dreadlocks,Knife,Neon Elegant,Gas Mask,Bored,Cyber Goggles
201,AVATAR #201,279,135.3424224492,9,White Circle,Neon Pierced,USB,Neon War Paint Horizontal,White Dreadlocks,Knife,Elegant,Armored,Neon Labret,
300,AVATAR #300,280,135.2378329111,10,Neon Triangle,Neon Pierced,Rings,All Neon,Spikes,Gun,Netrunner Dark,Oni,Full Lips,Cyber Goggles
457,AVATAR #457,281,135.0713190753,10,White Diagonal Left,Pierced,Earbuds,Neon War Paint Diagonal All White,Horns Implants,Spinner,Netrunner Dark,War Paint,Full Lips,Glasses
367,AVATAR #367,282,135.0233616152,9,All Neon,Full,Triangle,War Paint Horizontal,Triple Mohawk,Gun,Kimono,,Neon Geisha,Implant
140,AVATAR #140,283,134.8837885034,10,White Triangle,Full,Industrial,Neon War Paint Diagonal All White,Dark Dreadlocks,Sawtooth Katana,White Sweater,Neon War Paint,Bored,Cyber Goggles
545,AVATAR #545,284,134.7779872046,10,All Black,Fancy,Rings,Neon Normal,Horns Implants,Katana,White Sweater,War Paint,Smirking Rings,Cyber Goggles
88,AVATAR #88,285,134.5568677596,9,All Black,Trimmed,,Normal,Head Neon Cable,Knife,Cyberwhite,Cyborg,Full Lips,Implant
64,AVATAR #64,286,134.5395482179,10,Neon Circle,Pierced,USB,War Paint Diagonal All White,Visible Brain,Spinner,Kimono,War Paint,Labret,Monocle
543,AVATAR #543,287,134.5198580788,9,All Neon,Neon Pierced,Triangle,Bored,Shaved Deco,Neon Knife,White Sweater,,Labret,Neon Visor
343,AVATAR #343,288,134.1889636523,9,White Triangle,Normal,Triangle,All White,Crown,Neon Blaster,Tee,,Bored,Implant
512,AVATAR #512,289,134.0419211425,9,Neon Triangle,Trimmed,Neon Triangle,Normal,Cyber Mohawk,Spinner,Elegant,Armored,Labret,
569,AVATAR #569,290,133.9848863673,10,All Black,Normal,Industrial,Neon War Paint Horizontal All White,Crown,Sawtooth Katana,Leather,War Paint,Full Lips,Glasses
222,AVATAR #222,291,133.8378320053,10,White Diagonal Left,Trimmed,More Rings,Cybernetic Neon,Spikes,Blaster,Netrunner Dark,Synth,Labret,Implant
630,AVATAR #630,292,133.5887719589,10,White Diagonal Left,Fancy,Neon Earbuds,Neon War Paint Horizontal All White,Shaved Deco,Neon Knife,Cyberwhite,Gas Mask,Full Lips,Implant
653,AVATAR #653,293,133.5475721313,9,White Diagonal Right,Neon Pierced,Neon Triangle,War Paint Horizontal,Visible Brain,Spinner,Cyberwhite,,Bored,Cyber Goggles
660,AVATAR #660,294,133.4969797278,8,All Black,Normal,,Neon War Paint Diagonal,Triple Mohawk,Neon Knife,Tee,Gas Mask,Neon Snake Bites,
293,AVATAR #293,295,133.3435495292,9,White Triangle,Fancy,,Normal,Curly,Blaster,Tee,Neon War Paint,Bored,Implant
397,AVATAR #397,296,133.1713735623,9,White Diagonal Right,Normal,Triangle,Normal,Visible Brain,Knife,Leather,Neon War Paint,Smirking Rings,
266,AVATAR #266,297,133.1611403825,10,White Diagonal Left,Pierced,Biohazzard,War Paint Diagonal All White,Shaved Deco,Gun,Kimono,War Paint,Bored,Neon Detector
240,AVATAR #240,298,132.806495489,10,White Circle,Trimmed,Neon Earbuds,War Paint Diagonal,Shaved Deco,Old School Gun,Bulletproof,Armored,Smirking,Glasses
273,AVATAR #273,299,132.5772060029,10,White Rays,Full,Biohazzard,All White,Dark Dreadlocks,Spinner,Cyberwhite,War Paint,Smirking Neon Rings,Neon Visor
61,AVATAR #61,300,132.565052099,10,All Black,Fancy,Industrial,All White,Sideshave,Sawtooth Katana,Neon Elegant,Gas Mask,Full Lips,Monocle
99,AVATAR #99,301,132.3903307371,9,White Triangle,Fancy,More Rings,Neon War Paint Horizontal,Visible Brain,Gun,Kimono,War Paint,Smirking Neon Rings,
381,AVATAR #381,302,132.0329284396,10,All Black,Fancy,Triangle,Neon War Paint Diagonal,Sideshave,Neon Handheld Device,Cyberwhite,Cyborg,Bored,Cyber Goggles
604,AVATAR #604,303,132.0166058771,9,White Rays,Trimmed,Biohazzard,Neon Implants,Shaved With Implant,Katana,Cyberwhite,Oni,Smirking Neon Rings,
92,AVATAR #92,304,131.8582936604,8,White Diagonal Right,Pierced,Neon Triangle,Normal,Cyber Mohawk,Gun,Cyberwhite,,Smirking Rings,
175,AVATAR #175,305,131.6134055077,10,White Rays,Full,USB,Normal,Spikes,Knife,White Sweater,Neon Gas Mask,Bored,Glasses
223,AVATAR #223,306,131.5535481302,10,White Circle,Trimmed,Rings,War Paint Diagonal All White,Neon Mohawk,Sawtooth Katana,Kimono,Gas Mask,Snake Bites,Cyber Goggles
78,AVATAR #78,307,131.5120671452,10,White Triangle,Pierced,Neon Cross,Neon War Paint Horizontal,Cyber Mohawk,Spinner,Leather,War Paint,Smirking,Neon Visor
57,AVATAR #57,308,131.5072968735,10,White Diagonal Left,Normal,Industrial,Neon War Paint Horizontal,Dark Spikes,Knife,White Sweater,Synth,Smirking Neon Rings,Neon Monocle
3,AVATAR #3,309,131.4196601853,10,White Diagonal Right,Normal,Card,Bored,Dark Spikes,Blaster,Kimono,Neon War Paint,Smirking,Monocle
84,AVATAR #84,310,131.2445156133,9,All Black,Neon Pierced,Card,War Paint Horizontal All White,Spikes,Knife,Netrunner White,Neon Cyborg,Smirking,
350,AVATAR #350,311,131.12859752,10,White Diagonal Left,Pierced,Earbuds,Normal,Curly,Neon Knife,Leather,Cyborg,Smirking,Implant
68,AVATAR #68,312,131.0530046652,10,All Black,Fancy,Neon Cross,All White,Head Cable,Neon Spinner,Kimono,Armored,Snake Bites,Implant
553,AVATAR #553,313,130.7601430718,10,White Diagonal Right,Normal,Neon Cross,War Paint Horizontal All White,Dark Dreadlocks,Old School Gun,White Sweater,Synth,Labret,Neon Visor
602,AVATAR #602,314,130.5724888904,8,White Circle,Normal,Industrial,With Scar,Spikes,Neon Blaster,Elegant,,Smirking Neon Rings,
65,AVATAR #65,315,130.5011673167,9,White Diagonal Left,Trimmed,,War Paint Horizontal,Shaved Deco,Gun,Elegant,Neon War Paint,Labret,Neon Visor
633,AVATAR #633,316,130.4076680411,10,White Rays,Normal,Rings,Neon War Paint Horizontal,Shaved Deco,Neon Handheld Device,Cyberwhite,Oni,Smirking,Glasses
504,AVATAR #504,317,130.3614299507,10,All Black,Pierced,More Rings,War Paint Diagonal,Neon Mohawk,Old School Gun,Kimono,Gas Mask,Smirking,Neon Monocle
527,AVATAR #527,318,130.1575472565,10,Neon Triangle,Trimmed,Neon Biohazzard,War Paint Diagonal,Head Cable,Gun,Cyberwhite,Standard,Full Lips,Implant
259,AVATAR #259,319,129.951419503,10,White Diagonal Left,Normal,Neon Earbuds,Neon War Paint Horizontal,Triple Mohawk,Knife,Leather,Gas Mask,Neon Snake Bites,Cyber Goggles
252,AVATAR #252,320,129.8404770901,10,All Neon,Normal,Triangle,Bored,Dark Curly,Neon Knife,Leather,Armored,Smirking,Glasses
499,AVATAR #499,321,129.4328558941,10,White Diagonal Left,Normal,Earbuds,All Neon,Visible Brain,Old School Gun,Leather,Armored,Full Lips,Monocle
205,AVATAR #205,322,129.2295311907,9,All Black,Trimmed,Cross,War Paint Horizontal,Visible Brain,Sawtooth Katana,Netrunner White,War Paint,Neon Snake Bites,
163,AVATAR #163,323,129.1703089857,9,White Triangle,Pierced,Card,With Scar,Curly,Katana,Tee,,Smirking Neon Rings,Monocle
375,AVATAR #375,324,129.0763854233,9,Neon Circle,Normal,Neon Cross,Neon War Paint Horizontal,Mohawk,Neon Knife,Netrunner White,Standard,Snake Bites,
126,AVATAR #126,325,129.0393549281,10,White Diagonal Right,Trimmed,Neon Biohazzard,War Paint Diagonal,Mohawk,Old School Gun,Elegant,Oni,Bored,Cyber Goggles
646,AVATAR #646,326,128.9853473239,10,White Diagonal Right,Full,USB,Neon War Paint Horizontal All White,White Dreadlocks,Katana,Netrunner White,Oni,Smirking Rings,Implant
643,AVATAR #643,327,128.9639525745,9,All Black,Fancy,Card,Normal,Dark Spikes,Neon Handheld Device,Netrunner White,,Labret,Cyber Goggles
236,AVATAR #236,328,128.9528045648,10,White Diagonal Left,Trimmed,Neon Triangle,Normal,Neon Mohawk,Blaster,Tee,Cyborg,Bored,Implant
513,AVATAR #513,329,128.730656674,10,White Diagonal Left,Fancy,Neon Earbuds,War Paint Diagonal All White,Triple Mohawk,Neon Spinner,Elegant,Standard,Bored,Cyber Goggles
415,AVATAR #415,330,128.3586232823,10,White Diagonal Left,Normal,Neon Cross,War Paint Diagonal All White,Horns Implants,Old School Gun,Elegant,Oni,Bored,Implant
242,AVATAR #242,331,128.0960043239,9,White Diagonal Right,Fancy,,With Scar,Mohawk,Knife,Leather,Neon Cyborg,Neon Snake Bites,Implant
60,AVATAR #60,332,128.0035051547,10,Neon Circle,Pierced,Neon Biohazzard,With Scar,Head Cable,Knife,Tee,Standard,Snake Bites,Implant
23,AVATAR #23,333,127.8481617421,10,White Diagonal Left,Trimmed,Rings,Neon War Paint Diagonal,Dark Spikes,Knife,Kimono,Standard,Smirking Neon Rings,Implant
544,AVATAR #544,334,127.6730276109,10,Neon Circle,Pierced,Earbuds,Neon War Paint Horizontal All White,Head Cable,Gun,Tee,War Paint,Smirking Neon Rings,Monocle
104,AVATAR #104,335,127.6061255367,9,White Diagonal Left,Normal,Rings,Bored,Neon Spikes,Knife,Tee,,Bored,Implant
359,AVATAR #359,336,127.5971335925,10,Neon Circle,Normal,Cross,Cybernetic Neon,Mohawk,Spinner,Netrunner Dark,War Paint,Smirking,Glasses
299,AVATAR #299,337,127.5146420086,10,Neon Circle,Trimmed,Neon Cross,War Paint Horizontal,Shaved With Implant,Old School Gun,White Sweater,Neon Standard,Bored,Cyber Goggles
166,AVATAR #166,338,127.3692510263,10,All Black,Normal,Triangle,Neon Implants,Mohawk,Katana,White Sweater,Synth,Bored,Neon Visor
491,AVATAR #491,339,127.286961956,10,All Black,Fancy,Rings,With Scar,White Dreadlocks,Gun,Leather,Armored,Neon Geisha,Cyber Goggles
42,AVATAR #42,340,127.2135161449,10,White Circle,Normal,Industrial,Bored,Mohawk,Neon Knife,Tee,Neon War Paint,Smirking,Glasses
114,AVATAR #114,341,127.1866857305,10,White Triangle,Neon Pierced,Cross,War Paint Diagonal,Dark Curly,Old School Gun,Bulletproof,Gas Mask,Smirking Neon Rings,Glasses
29,AVATAR #29,342,126.8157583272,10,White Diagonal Left,Trimmed,Neon USB,War Paint Diagonal,Head Cable,Knife,White Sweater,War Paint,Smirking,Monocle
516,AVATAR #516,343,126.7495173826,10,White Rays,Full,Biohazzard,Bored,Shaved With Implant,Old School Gun,Elegant,Synth,Neon Geisha,Glasses
437,AVATAR #437,344,126.656504705,10,White Diagonal Right,Fancy,USB,With Scar,Triple Mohawk,Knife,Leather,Neon Cyborg,Bored,Cyber Goggles
564,AVATAR #564,345,126.2607851362,10,All Black,Full,Triangle,Neon War Paint Horizontal All White,Spikes,Neon Handheld Device,Leather,War Paint,Bored,Implant
312,AVATAR #312,346,126.2220422687,9,White Diagonal Right,Full,Industrial,Neon Implants,Dark Curly,Katana,Kimono,Cyborg,Smirking,
59,AVATAR #59,347,126.1870929326,10,White Circle,Full,More Rings,War Paint Horizontal All White,Dark Curly,Spinner,Netrunner Dark,Oni,Bored,Implant
479,AVATAR #479,348,126.1326780314,8,All Black,Normal,,War Paint Diagonal,Visible Brain,Spinner,Elegant,Standard,Smirking Rings,
251,AVATAR #251,349,126.1118857603,10,Neon Triangle,Fancy,Biohazzard,War Paint Horizontal,Mohawk,Neon Blaster,Tee,Armored,Smirking Rings,Monocle
473,AVATAR #473,350,126.0818819055,10,All Black,Full,USB,Normal,Dark Dreadlocks,Blaster,Kimono,Synth,Bored,Neon Visor
576,AVATAR #576,351,125.9038885603,10,White Rays,Pierced,Triangle,Neon War Paint Diagonal,Dark Spikes,Katana,White Sweater,Cyborg,Snake Bites,Monocle
554,AVATAR #554,352,125.7299991012,10,Neon Triangle,Full,Triangle,Neon War Paint Horizontal,Shaved,Katana,White Sweater,Neon Standard,Labret,Cyber Goggles
351,AVATAR #351,353,125.7297887233,10,White Diagonal Right,Normal,Industrial,Neon War Paint Horizontal,Dark Spikes,Old School Gun,Cyberwhite,Armored,Neon Geisha,Cyber Goggles
443,AVATAR #443,354,125.5778920701,10,White Diagonal Right,Fancy,Biohazzard,Normal,Neon Mohawk,Sawtooth Katana,Elegant,War Paint,Smirking Neon Rings,Glasses
488,AVATAR #488,355,125.5509562286,10,White Rays,Neon Pierced,Cross,Neon War Paint Diagonal All White,Shaved Deco,Spinner,Netrunner White,Neon War Paint,Smirking,Monocle
71,AVATAR #71,356,125.450893568,10,White Rays,Trimmed,Card,Bored,Dark Spikes,Old School Gun,Netrunner White,Standard,Labret,Neon Monocle
282,AVATAR #282,357,125.3924524268,9,White Rays,Fancy,,War Paint Horizontal,Spikes,Blaster,Neon Elegant,Gas Mask,Full Lips,Cyber Goggles
385,AVATAR #385,358,125.385631865,10,White Diagonal Right,Neon Pierced,USB,War Paint Horizontal All White,Visible Brain,Spinner,Leather,Gas Mask,Full Lips,Implant
592,AVATAR #592,359,125.2253454133,10,All Black,Trimmed,Rings,Neon War Paint Diagonal,White Dreadlocks,Old School Gun,Kimono,Gas Mask,Snake Bites,Glasses
505,AVATAR #505,360,125.0975303885,8,White Triangle,Full,,War Paint Horizontal All White,Dark Spikes,Spinner,White Sweater,Neon Standard,Full Lips,
425,AVATAR #425,361,124.919239289,10,All Neon,Pierced,USB,Normal,Shaved,Sawtooth Katana,Elegant,Oni,Smirking,Cyber Goggles
472,AVATAR #472,362,124.9042621752,9,White Diagonal Left,Pierced,Triangle,Normal,Crown,Gun,Elegant,Standard,Labret,
455,AVATAR #455,363,124.612670161,8,White Rays,Normal,Neon Biohazzard,War Paint Diagonal,Shaved,Spinner,White Sweater,,Bored,
245,AVATAR #245,364,124.5732703675,10,White Rays,Full,Neon Triangle,With Scar,Spikes,Neon Knife,Cyberwhite,Armored,Smirking,Glasses
619,AVATAR #619,365,124.5557325414,10,White Rays,Fancy,Triangle,Normal,Sideshave,Katana,Tee,Standard,Smirking,Neon Glasses
309,AVATAR #309,366,124.4642466818,10,All Black,Neon Pierced,Cross,War Paint Diagonal All White,Curly,Spinner,Elegant,War Paint,Smirking Rings,Glasses
277,AVATAR #277,367,124.4388056583,10,White Rays,Full,Cross,Bored,Triple Mohawk,Blaster,Bulletproof,Standard,Smirking Neon Rings,Neon Visor
608,AVATAR #608,368,124.3625042689,9,Neon Circle,Normal,USB,Neon War Paint Diagonal All White,Mohawk,Neon Spinner,Leather,Gas Mask,Bored,
19,AVATAR #19,369,124.1787902512,10,White Circle,Full,More Rings,Cybernetic Neon,Triple Mohawk,Knife,Elegant,Standard,Snake Bites,Monocle
67,AVATAR #67,370,124.1186403527,9,All Black,Normal,Neon Earbuds,Neon War Paint Horizontal All White,Triple Mohawk,Old School Gun,Bulletproof,War Paint,Full Lips,
235,AVATAR #235,371,124.1126847749,10,White Diagonal Right,Pierced,Rings,War Paint Horizontal,Shaved,Katana,White Sweater,Armored,Smirking,Neon Glasses
31,AVATAR #31,372,124.0867829923,10,White Circle,Trimmed,Industrial,Neon Normal,Shaved,Gun,Tee,Armored,Bored,Neon Visor
539,AVATAR #539,373,123.9821587715,9,All Black,Pierced,Industrial,Neon Implants,Shaved Deco,Spinner,Netrunner White,Synth,Neon Labret,
102,AVATAR #102,374,123.9804225501,9,All Black,Fancy,Biohazzard,Neon War Paint Horizontal,Head Cable,Neon Spinner,Kimono,,Smirking Rings,Glasses
37,AVATAR #37,375,123.9353102794,9,Neon Triangle,Trimmed,,War Paint Horizontal All White,Horns Implants,Gun,Kimono,Standard,Full Lips,Glasses
206,AVATAR #206,376,123.8832033452,9,All Neon,Normal,,Neon War Paint Diagonal All White,Mohawk,Knife,Netrunner White,Neon Standard,Full Lips,Implant
475,AVATAR #475,377,123.8672208379,10,All Black,Trimmed,Neon Earbuds,With Scar,Mohawk,Old School Gun,Tee,Cyborg,Neon Snake Bites,Glasses
111,AVATAR #111,378,123.7793517432,8,White Diagonal Right,Full,,Neon War Paint Horizontal,White Dreadlocks,Sawtooth Katana,Netrunner White,,Snake Bites,Cyber Goggles
411,AVATAR #411,379,123.7658786396,8,White Diagonal Left,Pierced,,All Neon,Sideshave,Knife,Netrunner White,,Full Lips,Neon Visor
481,AVATAR #481,380,123.6695122076,9,White Rays,Trimmed,Neon Biohazzard,Bored,Shaved Deco,Sawtooth Katana,Elegant,,Bored,Monocle
635,AVATAR #635,381,123.5137177542,10,All Black,Fancy,Neon Cross,War Paint Diagonal,Triple Mohawk,Neon Knife,Netrunner Dark,Armored,Smirking,Implant
442,AVATAR #442,382,123.4897110154,9,All Black,Fancy,,War Paint Diagonal All White,Horns Implants,Neon Spinner,Netrunner White,War Paint,Full Lips,Monocle
124,AVATAR #124,383,123.310506346,10,White Diagonal Left,Trimmed,USB,War Paint Horizontal,Shaved With Implant,Blaster,White Sweater,Synth,Smirking Rings,Neon Monocle
377,AVATAR #377,384,123.184156795,10,Neon Triangle,Pierced,Cross,War Paint Diagonal,Sideshave,Gun,Netrunner Dark,Cyborg,Neon Snake Bites,Implant
313,AVATAR #313,385,123.020577014,9,White Rays,Fancy,USB,War Paint Horizontal,Curly,Blaster,Leather,Gas Mask,Smirking,
157,AVATAR #157,386,122.7216787361,10,White Diagonal Right,Fancy,More Rings,All Neon,Shaved Deco,Neon Blaster,Cyberwhite,Standard,Bored,Glasses
211,AVATAR #211,387,122.6505690508,10,White Rays,Full,Neon USB,War Paint Horizontal All White,Mohawk,Old School Gun,Cyberwhite,War Paint,Bored,Glasses
557,AVATAR #557,388,122.5415306656,10,White Diagonal Left,Normal,Rings,Cybernetic Neon,Sideshave,Sawtooth Katana,White Sweater,Gas Mask,Snake Bites,Implant
374,AVATAR #374,389,122.3668588133,10,White Diagonal Right,Normal,Rings,Neon Normal,Shaved,Katana,Tee,Neon Standard,Full Lips,Glasses
524,AVATAR #524,390,122.0763911268,9,All Black,Neon Pierced,,All Neon,Shaved With Implant,Gun,Netrunner Dark,Standard,Neon Snake Bites,Monocle
644,AVATAR #644,391,122.068663153,9,All Black,Neon Pierced,Cross,Normal,Head Cable,Neon Handheld Device,Kimono,Gas Mask,Bored,
225,AVATAR #225,392,122.0189903387,9,All Black,Pierced,Earbuds,All White,Dark Curly,Gun,Tee,,Neon Labret,Cyber Goggles
28,AVATAR #28,393,121.9164063964,10,White Rays,Pierced,USB,Neon War Paint Horizontal All White,Sideshave,Old School Gun,Cyberwhite,Cyborg,Bored,Neon Monocle
361,AVATAR #361,394,121.9098587055,9,White Rays,Fancy,Industrial,War Paint Horizontal,Head Cable,Blaster,Netrunner White,,Full Lips,Neon Detector
439,AVATAR #439,395,121.779563295,10,White Diagonal Right,Neon Pierced,Cross,War Paint Diagonal All White,Shaved Deco,Old School Gun,Neon Elegant,Standard,Bored,Cyber Goggles
540,AVATAR #540,396,121.6417353607,10,All Neon,Normal,Industrial,Neon War Paint Horizontal,Shaved Deco,Old School Gun,Netrunner Dark,Synth,Smirking,Monocle
485,AVATAR #485,397,121.6372765025,10,Neon Triangle,Trimmed,USB,Neon War Paint Diagonal All White,Shaved,Spinner,White Sweater,War Paint,Smirking,Neon Monocle
487,AVATAR #487,398,121.6209250757,10,White Diagonal Left,Neon Pierced,Cross,War Paint Diagonal All White,Shaved,Blaster,Bulletproof,Gas Mask,Smirking,Neon Monocle
445,AVATAR #445,399,121.2500523268,10,White Triangle,Pierced,Neon Biohazzard,War Paint Horizontal All White,Shaved With Implant,Knife,Netrunner White,Standard,Snake Bites,Implant
195,AVATAR #195,400,121.0823415213,10,White Diagonal Left,Fancy,Triangle,Neon War Paint Horizontal All White,Shaved,Neon Knife,Bulletproof,Synth,Bored,Implant
216,AVATAR #216,401,121.0689976747,9,White Circle,Fancy,Earbuds,Neon War Paint Horizontal All White,White Dreadlocks,Old School Gun,Leather,Gas Mask,Smirking Rings,
147,AVATAR #147,402,121.0336232403,9,White Rays,Normal,Industrial,Neon Normal,Spikes,Spinner,Kimono,Gas Mask,Neon Snake Bites,
345,AVATAR #345,403,120.8241611364,10,Neon Triangle,Normal,USB,Normal,Dark Curly,Gun,Tee,Oni,Labret,Glasses
76,AVATAR #76,404,120.7407746557,10,White Diagonal Right,Fancy,Card,War Paint Diagonal,White Dreadlocks,Sawtooth Katana,Cyberwhite,Standard,Smirking Neon Rings,Monocle
148,AVATAR #148,405,120.6974602672,10,White Rays,Neon Pierced,Triangle,Normal,Dark Curly,Neon Knife,Tee,Gas Mask,Smirking,Glasses
391,AVATAR #391,406,120.3906503575,9,Neon Triangle,Fancy,Industrial,Normal,Visible Brain,Blaster,Elegant,Gas Mask,Bored,
454,AVATAR #454,407,120.3094426872,10,White Rays,Trimmed,More Rings,Bored,Spikes,Spinner,Kimono,Neon Standard,Full Lips,Cyber Goggles
650,AVATAR #650,408,120.254625968,9,White Rays,Trimmed,Cross,War Paint Horizontal,Crown,Blaster,Leather,War Paint,Smirking,
431,AVATAR #431,409,120.0875610373,10,White Triangle,Normal,USB,Cybernetic Neon,Shaved,Sawtooth Katana,Leather,Cyborg,Full Lips,Glasses
330,AVATAR #330,410,120.0173209252,10,White Diagonal Right,Pierced,Triangle,War Paint Horizontal All White,Sideshave,Spinner,Netrunner Dark,Neon Standard,Smirking,Cyber Goggles
370,AVATAR #370,411,119.9461874517,10,Neon Triangle,Fancy,Neon Cross,War Paint Horizontal All White,Mohawk,Knife,Tee,Armored,Smirking Neon Rings,Implant
86,AVATAR #86,412,119.8485490849,10,White Triangle,Fancy,Industrial,War Paint Horizontal,Triple Mohawk,Katana,Leather,Standard,Smirking,Neon Detector
572,AVATAR #572,413,119.7640406576,10,White Diagonal Left,Pierced,Neon Triangle,With Scar,Triple Mohawk,Katana,Tee,Synth,Smirking,Glasses
433,AVATAR #433,414,119.7484367021,10,Neon Circle,Fancy,USB,Neon War Paint Diagonal All White,Neon Mohawk,Knife,Cyberwhite,War Paint,Snake Bites,Monocle
190,AVATAR #190,415,119.6562908347,9,All Black,Normal,Card,Neon War Paint Diagonal All White,Cyber Mohawk,Old School Gun,Tee,Neon Standard,Labret,
164,AVATAR #164,416,119.6269260086,9,White Triangle,Full,,Normal,Visible Brain,Knife,Bulletproof,Cyborg,Smirking Rings,Glasses
436,AVATAR #436,417,119.5687980476,10,White Diagonal Left,Neon Pierced,Triangle,Neon Implants,Shaved,Spinner,Leather,Synth,Smirking Neon Rings,Implant
271,AVATAR #271,418,119.500845868,10,All Black,Pierced,Biohazzard,Cybernetic Neon,Triple Mohawk,Old School Gun,Netrunner White,Standard,Smirking Rings,Cyber Goggles
115,AVATAR #115,419,119.393815231,10,All Neon,Pierced,Earbuds,Bored,Dark Spikes,Old School Gun,Leather,Cyborg,Smirking,Monocle
328,AVATAR #328,420,119.3838997352,10,All Black,Full,Industrial,All White,Mohawk,Blaster,Cyberwhite,Neon War Paint,Smirking Rings,Glasses
316,AVATAR #316,421,119.3676197544,10,White Diagonal Left,Normal,Neon Cross,War Paint Horizontal All White,Shaved,Knife,Tee,War Paint,Snake Bites,Neon Monocle
326,AVATAR #326,422,119.175414339,9,White Diagonal Right,Pierced,Rings,Normal,Triple Mohawk,Old School Gun,Neon Elegant,,Smirking Rings,Implant
656,AVATAR #656,423,119.0614016856,9,All Black,Fancy,,Neon War Paint Diagonal,Shaved With Implant,Old School Gun,Cyberwhite,Synth,Neon Geisha,Glasses
637,AVATAR #637,424,118.7955954609,10,White Diagonal Left,Full,Biohazzard,War Paint Horizontal,Spikes,Old School Gun,Tee,Oni,Full Lips,Neon Monocle
268,AVATAR #268,425,118.7626424986,9,White Diagonal Left,Trimmed,,Neon War Paint Diagonal All White,Shaved,Knife,Netrunner Dark,War Paint,Smirking Neon Rings,Neon Monocle
27,AVATAR #27,426,118.7594656373,10,White Circle,Normal,Neon Biohazzard,Bored,Shaved Deco,Knife,Tee,War Paint,Smirking,Monocle
392,AVATAR #392,427,118.7057624346,8,Neon Triangle,Trimmed,,All White,Shaved,Neon Knife,Leather,Synth,Smirking Rings,
35,AVATAR #35,428,118.6747688204,10,Neon Circle,Normal,Industrial,Bored,Mohawk,Neon Blaster,Leather,Cyborg,Labret,Implant
306,AVATAR #306,429,118.1280950977,9,White Rays,Neon Pierced,Card,Cybernetic Neon,Spikes,Katana,Cyberwhite,,Smirking,Monocle
632,AVATAR #632,430,118.037284174,9,White Circle,Fancy,Cross,Cybernetic Neon,Shaved With Implant,Gun,Tee,Cyborg,Smirking,
322,AVATAR #322,431,118.030152959,9,White Diagonal Left,Pierced,,Cybernetic Neon,Dark Dreadlocks,Knife,Tee,Armored,Labret,Glasses
666,AVATAR #666,432,117.991203303,10,White Triangle,Full,Cross,War Paint Horizontal All White,Shaved Deco,Gun,Elegant,Gas Mask,Bored,Neon Monocle
139,AVATAR #139,433,117.9842273598,10,White Diagonal Right,Neon Pierced,Rings,Bored,Dark Spikes,Old School Gun,Leather,War Paint,Full Lips,Neon Monocle
573,AVATAR #573,434,117.9717466354,10,All Black,Fancy,Neon Earbuds,War Paint Diagonal All White,Head Cable,Knife,Netrunner Dark,Standard,Snake Bites,Monocle
440,AVATAR #440,435,117.7351927664,9,Neon Triangle,Neon Pierced,Cross,War Paint Diagonal All White,Cyber Mohawk,Gun,Elegant,Cyborg,Smirking Neon Rings,
416,AVATAR #416,436,117.5461881445,10,All Neon,Fancy,Cross,Normal,Sideshave,Old School Gun,Bulletproof,Cyborg,Smirking Rings,Monocle
150,AVATAR #150,437,117.5355413625,9,All Black,Normal,Cross,War Paint Diagonal All White,Spikes,Gun,Netrunner Dark,Neon War Paint,Full Lips,
193,AVATAR #193,438,117.5161108309,9,White Diagonal Right,Fancy,Cross,With Scar,Horns Implants,Knife,Kimono,Oni,Smirking,
642,AVATAR #642,439,117.4666301672,10,All Black,Full,More Rings,War Paint Diagonal All White,Shaved With Implant,Sawtooth Katana,Netrunner White,Oni,Neon Snake Bites,Glasses
11,AVATAR #11,440,117.4211588849,9,White Circle,Full,Neon Earbuds,War Paint Diagonal All White,Shaved Deco,Old School Gun,Cyberwhite,Synth,Snake Bites,
112,AVATAR #112,441,117.4190571651,10,White Diagonal Left,Normal,Earbuds,War Paint Horizontal,Dark Spikes,Old School Gun,Leather,Cyborg,Labret,Neon Visor
424,AVATAR #424,442,117.3444648326,10,All Black,Full,Card,Neon War Paint Horizontal All White,Cyber Mohawk,Knife,White Sweater,Synth,Snake Bites,Monocle
477,AVATAR #477,443,117.2333163962,8,White Diagonal Left,Full,Card,Normal,Spikes,Neon Knife,Elegant,,Snake Bites,
476,AVATAR #476,444,117.0610398723,10,Neon Circle,Full,Neon Cross,War Paint Horizontal,Shaved,Gun,Cyberwhite,War Paint,Smirking Neon Rings,Monocle
407,AVATAR #407,445,116.8919902738,9,Neon Circle,Pierced,Cross,War Paint Horizontal All White,Visible Brain,Spinner,Cyberwhite,,Bored,Monocle
389,AVATAR #389,446,116.8324800384,10,All Black,Fancy,Card,All Neon,Shaved Deco,Blaster,Elegant,Standard,Snake Bites,Glasses
626,AVATAR #626,447,116.7009744549,9,White Diagonal Right,Normal,Earbuds,War Paint Horizontal,Mohawk,Neon Knife,White Sweater,Armored,Neon Labret,
2,AVATAR #2,448,116.6826283197,9,White Circle,Pierced,,War Paint Horizontal All White,Dark Dreadlocks,Neon Knife,Netrunner White,Cyborg,Snake Bites,Implant
48,AVATAR #48,449,116.6532773158,9,White Triangle,Full,,All White,Sideshave,Knife,Leather,Cyborg,Full Lips,Neon Detector
45,AVATAR #45,450,116.5983599734,8,All Black,Full,Rings,War Paint Diagonal All White,Sideshave,Sawtooth Katana,White Sweater,,Neon Snake Bites,
202,AVATAR #202,451,116.3865404211,10,White Rays,Normal,Rings,All White,Head Cable,Old School Gun,Leather,Oni,Full Lips,Neon Monocle
378,AVATAR #378,452,116.3645573593,9,White Diagonal Right,Fancy,Earbuds,Neon Implants,Sideshave,Neon Knife,Netrunner White,,Bored,Glasses
187,AVATAR #187,453,116.1366289438,10,All Black,Fancy,Rings,Bored,Spikes,Neon Knife,Netrunner White,Neon Standard,Smirking,Glasses
226,AVATAR #226,454,115.9555818091,9,All Neon,Pierced,Cross,Neon War Paint Horizontal All White,Spikes,Old School Gun,Cyberwhite,Synth,Smirking,
180,AVATAR #180,455,115.8015804454,10,Neon Triangle,Pierced,Earbuds,Neon War Paint Diagonal All White,Mohawk,Knife,Tee,Synth,Labret,Monocle
109,AVATAR #109,456,115.7435544237,10,White Triangle,Pierced,Cross,Neon Normal,White Dreadlocks,Gun,Netrunner White,Standard,Bored,Cyber Goggles
130,AVATAR #130,457,115.4798653891,8,White Diagonal Left,Normal,More Rings,War Paint Horizontal All White,Dark Curly,Spinner,Leather,,Smirking Rings,
429,AVATAR #429,458,115.4171029344,9,Neon Circle,Fancy,Rings,Neon War Paint Horizontal,Shaved With Implant,Katana,Elegant,,Labret,Cyber Goggles
654,AVATAR #654,459,115.3445219949,10,White Diagonal Left,Trimmed,Neon Triangle,War Paint Diagonal All White,Triple Mohawk,Old School Gun,Elegant,Standard,Labret,Glasses
525,AVATAR #525,460,115.3410285637,9,All Black,Pierced,,Neon War Paint Horizontal All White,Shaved Deco,Spinner,Kimono,Cyborg,Smirking,Neon Visor
658,AVATAR #658,461,115.3313980155,9,All Black,Neon Pierced,,Neon War Paint Diagonal All White,Triple Mohawk,Knife,Cyberwhite,Synth,Neon Geisha,Glasses
224,AVATAR #224,462,115.1293248902,8,Neon Triangle,Normal,,War Paint Diagonal,Mohawk,Neon Knife,Cyberwhite,Cyborg,Bored,
119,AVATAR #119,463,114.8626145389,9,All Neon,Neon Pierced,More Rings,War Paint Diagonal All White,Triple Mohawk,Blaster,Elegant,,Bored,Cyber Goggles
497,AVATAR #497,464,114.8501798094,9,White Diagonal Left,Full,Neon Earbuds,Neon War Paint Diagonal All White,Shaved,Katana,Leather,Gas Mask,Bored,
267,AVATAR #267,465,114.8168752997,10,White Diagonal Right,Neon Pierced,Industrial,War Paint Horizontal All White,Dark Spikes,Old School Gun,Netrunner Dark,Armored,Labret,Cyber Goggles
254,AVATAR #254,466,114.6306181826,9,Neon Triangle,Normal,Rings,All White,Head Cable,Blaster,Elegant,Standard,Neon Snake Bites,
40,AVATAR #40,467,114.4740137761,9,White Circle,Pierced,More Rings,With Scar,Head Cable,Sawtooth Katana,White Sweater,,Bored,Neon Visor
105,AVATAR #105,468,114.4649233307,10,White Diagonal Right,Full,Cross,War Paint Horizontal,Head Cable,Knife,Elegant,War Paint,Labret,Neon Monocle
283,AVATAR #283,469,114.4612594777,10,White Triangle,Neon Pierced,Earbuds,Neon Normal,Shaved Deco,Blaster,Leather,War Paint,Full Lips,Glasses
461,AVATAR #461,470,114.4563741582,8,All Black,Pierced,USB,Bored,Dark Curly,Blaster,Cyberwhite,,Full Lips,
511,AVATAR #511,471,114.4077204501,10,White Triangle,Neon Pierced,Cross,War Paint Horizontal,Dark Dreadlocks,Knife,Bulletproof,Standard,Snake Bites,Cyber Goggles
234,AVATAR #234,472,114.3611779626,10,White Triangle,Full,Rings,War Paint Diagonal All White,Cyber Mohawk,Knife,Netrunner Dark,Synth,Smirking Rings,Glasses
33,AVATAR #33,473,114.3560005952,9,White Triangle,Full,,Neon War Paint Horizontal,Head Cable,Katana,Netrunner White,Cyborg,Neon Labret,Cyber Goggles
348,AVATAR #348,474,114.2101838442,10,All Black,Full,Cross,Bored,Cyber Mohawk,Gun,Kimono,War Paint,Smirking,Neon Visor
577,AVATAR #577,475,114.1310988768,10,White Diagonal Left,Neon Pierced,Industrial,War Paint Horizontal,Dark Curly,Neon Knife,Leather,Gas Mask,Smirking,Implant
284,AVATAR #284,476,114.0463680007,9,White Diagonal Right,Pierced,Neon USB,War Paint Diagonal All White,Shaved Deco,Old School Gun,Leather,,Smirking,Implant
387,AVATAR #387,477,113.9949598973,9,White Diagonal Left,Neon Pierced,Cross,Cybernetic Neon,Sideshave,Sawtooth Katana,Tee,,Bored,Glasses
599,AVATAR #599,478,113.8788410176,8,White Rays,Neon Pierced,Industrial,Normal,Cyber Mohawk,Gun,Tee,,Snake Bites,
420,AVATAR #420,479,113.8511747857,10,White Diagonal Left,Pierced,Earbuds,War Paint Diagonal All White,Shaved With Implant,Knife,White Sweater,Gas Mask,Smirking,Neon Monocle
482,AVATAR #482,480,113.8041820094,10,White Diagonal Left,Pierced,Cross,Normal,Dark Dreadlocks,Blaster,Netrunner Dark,Oni,Full Lips,Glasses
13,AVATAR #13,481,113.754972915,10,White Diagonal Left,Full,USB,Neon War Paint Horizontal All White,Dark Dreadlocks,Old School Gun,Elegant,War Paint,Full Lips,Implant
484,AVATAR #484,482,113.7253824191,10,White Circle,Trimmed,Industrial,War Paint Diagonal All White,Shaved Deco,Blaster,Bulletproof,Armored,Full Lips,Glasses
373,AVATAR #373,483,113.6922132477,10,White Diagonal Right,Fancy,Industrial,Bored,Neon Mohawk,Neon Knife,White Sweater,Gas Mask,Full Lips,Cyber Goggles
532,AVATAR #532,484,113.3261670473,9,Neon Circle,Trimmed,Card,All White,Mohawk,Blaster,Elegant,,Labret,Implant
311,AVATAR #311,485,113.2762555981,10,All Black,Pierced,Rings,With Scar,Triple Mohawk,Sawtooth Katana,Cyberwhite,Gas Mask,Neon Labret,Monocle
217,AVATAR #217,486,113.1114494883,10,White Diagonal Left,Fancy,Earbuds,With Scar,Mohawk,Old School Gun,Cyberwhite,Standard,Neon Geisha,Cyber Goggles
521,AVATAR #521,487,113.0757109061,10,White Diagonal Left,Normal,More Rings,Bored,Dark Curly,Neon Knife,Leather,Cyborg,Smirking,Cyber Goggles
231,AVATAR #231,488,113.0566488411,10,White Triangle,Normal,Biohazzard,Neon Normal,Mohawk,Old School Gun,Netrunner White,Cyborg,Smirking Rings,Monocle
317,AVATAR #317,489,112.9002015599,10,All Black,Full,Triangle,Neon War Paint Horizontal,Mohawk,Old School Gun,Elegant,Armored,Bored,Neon Visor
286,AVATAR #286,490,112.8848199504,9,Neon Triangle,Trimmed,,Neon War Paint Diagonal All White,Spikes,Katana,Cyberwhite,Armored,Neon Snake Bites,Implant
595,AVATAR #595,491,112.6330945777,10,White Triangle,Normal,Card,Bored,Cyber Mohawk,Old School Gun,Elegant,War Paint,Neon Labret,Implant
382,AVATAR #382,492,112.547020723,10,White Diagonal Right,Fancy,Cross,All Neon,Shaved,Blaster,Kimono,Standard,Labret,Cyber Goggles
53,AVATAR #53,493,112.4640911987,10,All Black,Full,Earbuds,Bored,Shaved,Old School Gun,White Sweater,Standard,Full Neon Lips,Glasses
581,AVATAR #581,494,112.4039606227,8,Neon Triangle,Full,Earbuds,War Paint Diagonal,Sideshave,Old School Gun,White Sweater,,Labret,
182,AVATAR #182,495,112.3191520645,9,Neon Triangle,Pierced,,Neon War Paint Diagonal All White,Shaved Deco,Neon Knife,Cyberwhite,Oni,Smirking Rings,Monocle
172,AVATAR #172,496,112.1202206639,10,Neon Triangle,Pierced,Cross,War Paint Horizontal All White,Sideshave,Katana,Netrunner Dark,Synth,Bored,Glasses
241,AVATAR #241,497,112.1063471681,10,White Triangle,Fancy,Rings,With Scar,Dark Curly,Sawtooth Katana,White Sweater,War Paint,Labret,Monocle
101,AVATAR #101,498,112.0958929646,9,White Diagonal Left,Trimmed,Earbuds,Neon War Paint Horizontal,Shaved,Neon Blaster,Netrunner White,,Bored,Monocle
17,AVATAR #17,499,111.8173551034,10,White Diagonal Right,Fancy,Earbuds,War Paint Diagonal All White,Spikes,Spinner,Cyberwhite,Cyborg,Neon Labret,Cyber Goggles
549,AVATAR #549,500,111.8012057107,10,White Diagonal Left,Full,Neon Triangle,War Paint Horizontal,Shaved,Old School Gun,Kimono,Gas Mask,Smirking,Implant
584,AVATAR #584,501,111.7719665535,10,All Black,Normal,Biohazzard,War Paint Diagonal All White,Spikes,Sawtooth Katana,Kimono,Armored,Labret,Glasses
665,AVATAR #665,502,111.7466926725,9,White Rays,Fancy,USB,Neon Normal,Head Cable,Old School Gun,White Sweater,,Neon Snake Bites,Monocle
331,AVATAR #331,503,111.5511996158,9,White Triangle,Trimmed,Industrial,Cybernetic Neon,Triple Mohawk,Knife,Tee,War Paint,Smirking Rings,
620,AVATAR #620,504,111.5301008138,10,White Diagonal Left,Fancy,Cross,Neon War Paint Horizontal,Mohawk,Knife,Tee,Neon Standard,Full Lips,Implant
490,AVATAR #490,505,111.4721966277,10,White Circle,Normal,More Rings,Neon Normal,Shaved,Knife,White Sweater,Standard,Smirking Neon Rings,Implant
400,AVATAR #400,506,111.4093435231,10,White Circle,Full,Rings,War Paint Diagonal All White,Shaved With Implant,Old School Gun,Cyberwhite,Neon Standard,Full Lips,Implant
410,AVATAR #410,507,111.1884280406,8,All Black,Pierced,USB,War Paint Horizontal,Sideshave,Spinner,Bulletproof,,Bored,
7,AVATAR #7,508,111.1321823531,9,White Rays,Pierced,Rings,Neon Normal,Shaved With Implant,Old School Gun,Elegant,,Smirking Neon Rings,Glasses
16,AVATAR #16,509,111.0936740403,10,Neon Triangle,Normal,More Rings,Neon War Paint Horizontal,Shaved With Implant,Spinner,Netrunner White,Armored,Full Lips,Cyber Goggles
393,AVATAR #393,510,111.0678631759,9,White Rays,Normal,,Neon Implants,Head Cable,Spinner,Kimono,Synth,Smirking,Monocle
357,AVATAR #357,511,110.9688166584,10,White Rays,Pierced,Cross,Neon War Paint Diagonal All White,Shaved Deco,Knife,Cyberwhite,Neon Standard,Bored,Glasses
464,AVATAR #464,512,110.9604834967,10,Neon Circle,Fancy,Triangle,War Paint Horizontal,Mohawk,Blaster,Elegant,Armored,Snake Bites,Monocle
386,AVATAR #386,513,110.859780597,10,White Diagonal Right,Full,Biohazzard,War Paint Diagonal,Shaved With Implant,Katana,White Sweater,Cyborg,Smirking Rings,Monocle
462,AVATAR #462,514,110.7359456349,9,White Diagonal Right,Normal,,War Paint Diagonal All White,Cyber Mohawk,Knife,Netrunner Dark,Armored,Neon Labret,Monocle
571,AVATAR #571,515,110.6884001944,8,White Triangle,Neon Pierced,Biohazzard,Neon War Paint Diagonal All White,Sideshave,Old School Gun,Netrunner White,,Bored,
601,AVATAR #601,516,110.5482806168,10,White Circle,Full,Triangle,War Paint Horizontal,Neon Mohawk,Old School Gun,Netrunner White,Armored,Full Lips,Monocle
648,AVATAR #648,517,110.3642676795,9,White Diagonal Right,Fancy,Rings,War Paint Diagonal All White,Dark Spikes,Gun,Bulletproof,War Paint,Full Lips,
526,AVATAR #526,518,110.3408422547,10,White Diagonal Left,Full,More Rings,All White,Cyber Mohawk,Spinner,Elegant,Gas Mask,Full Lips,Glasses
36,AVATAR #36,519,110.1634098924,10,White Rays,Normal,More Rings,War Paint Horizontal,Sideshave,Gun,Leather,Oni,Neon Snake Bites,Monocle
542,AVATAR #542,520,110.1018655412,8,White Diagonal Right,Fancy,Industrial,Neon Normal,Spikes,Old School Gun,Kimono,,Smirking,
20,AVATAR #20,521,109.9818993647,10,Neon Circle,Full,Card,War Paint Diagonal All White,Shaved With Implant,Blaster,Tee,Armored,Bored,Cyber Goggles
178,AVATAR #178,522,109.9026746636,10,White Circle,Full,Cross,War Paint Horizontal All White,Neon Mohawk,Old School Gun,Cyberwhite,Cyborg,Full Lips,Cyber Goggles
583,AVATAR #583,523,109.8850459091,9,White Triangle,Fancy,Neon Triangle,With Scar,Shaved Deco,Blaster,White Sweater,,Full Lips,Glasses
546,AVATAR #546,524,109.8790642243,9,White Triangle,Normal,Earbuds,Bored,Shaved,Neon Spinner,Kimono,,Labret,Implant
301,AVATAR #301,525,109.8643800436,9,White Diagonal Left,Fancy,Industrial,War Paint Horizontal All White,Neon Mohawk,Gun,Bulletproof,,Full Lips,Glasses
186,AVATAR #186,526,109.6926251235,10,White Circle,Normal,Industrial,Neon War Paint Horizontal All White,Shaved With Implant,Spinner,Tee,Gas Mask,Smirking,Implant
305,AVATAR #305,527,109.5506372947,9,White Diagonal Right,Full,Card,War Paint Diagonal All White,White Dreadlocks,Neon Knife,Leather,,Smirking,Cyber Goggles
314,AVATAR #314,528,109.3994240486,9,All Black,Neon Pierced,Neon Cross,War Paint Diagonal All White,Dark Dreadlocks,Knife,Cyberwhite,Cyborg,Bored,
368,AVATAR #368,529,109.2665414364,10,All Black,Trimmed,Industrial,War Paint Horizontal,Spikes,Spinner,Elegant,Cyborg,Bored,Neon Visor
137,AVATAR #137,530,109.1419285677,10,White Triangle,Pierced,Cross,Bored,Dark Curly,Gun,White Sweater,Cyborg,Labret,Cyber Goggles
651,AVATAR #651,531,109.1375007584,10,All Black,Normal,Industrial,Bored,Head Cable,Spinner,Kimono,Neon Standard,Bored,Cyber Goggles
468,AVATAR #468,532,108.9483265104,10,White Diagonal Left,Full,Earbuds,Normal,Triple Mohawk,Knife,Cyberwhite,Gas Mask,Full Lips,Neon Visor
340,AVATAR #340,533,108.804114483,9,White Diagonal Left,Full,,With Scar,Triple Mohawk,Old School Gun,Kimono,Neon War Paint,Smirking Rings,Implant
122,AVATAR #122,534,108.6299709705,10,White Rays,Fancy,More Rings,War Paint Horizontal All White,White Dreadlocks,Spinner,White Sweater,Cyborg,Full Lips,Monocle
624,AVATAR #624,535,108.1777112742,8,White Diagonal Left,Fancy,,War Paint Horizontal All White,Head Cable,Knife,Bulletproof,Cyborg,Smirking,
129,AVATAR #129,536,108.1480446811,10,All Black,Pierced,Earbuds,All White,Head Cable,Gun,Netrunner White,Synth,Snake Bites,Monocle
133,AVATAR #133,537,108.0989734097,9,All Black,Normal,Industrial,Normal,Shaved,Neon Blaster,Kimono,Synth,Snake Bites,
412,AVATAR #412,538,108.0833714323,9,White Diagonal Left,Fancy,Cross,Neon War Paint Diagonal All White,White Dreadlocks,Sawtooth Katana,Tee,Standard,Full Lips,
531,AVATAR #531,539,108.0052208415,10,White Triangle,Full,Triangle,Bored,Shaved,Katana,Netrunner White,Armored,Neon Snake Bites,Cyber Goggles
562,AVATAR #562,540,107.9724578301,10,White Diagonal Left,Neon Pierced,Card,Neon War Paint Horizontal,Shaved With Implant,Knife,White Sweater,Gas Mask,Smirking Rings,Implant
319,AVATAR #319,541,107.9522958204,10,White Diagonal Right,Full,Biohazzard,Normal,Triple Mohawk,Knife,Netrunner White,Standard,Neon Snake Bites,Glasses
380,AVATAR #380,542,107.9154538983,9,White Diagonal Right,Trimmed,Triangle,With Scar,Triple Mohawk,Gun,Bulletproof,Cyborg,Smirking Rings,
82,AVATAR #82,543,107.871916916,10,White Diagonal Left,Normal,Cross,Bored,Shaved,Neon Blaster,Netrunner White,Standard,Smirking Neon Rings,Glasses
213,AVATAR #213,544,107.8564444236,9,White Circle,Trimmed,Rings,Neon Normal,Mohawk,Old School Gun,Netrunner White,Standard,Smirking,
529,AVATAR #529,545,107.7906736806,10,White Circle,Trimmed,USB,All White,Triple Mohawk,Spinner,Tee,War Paint,Snake Bites,Implant
128,AVATAR #128,546,107.762539399,9,White Diagonal Left,Pierced,More Rings,Bored,Cyber Mohawk,Sawtooth Katana,Leather,,Smirking Neon Rings,Glasses
336,AVATAR #336,547,107.4747097612,9,White Triangle,Pierced,More Rings,Bored,White Dreadlocks,Katana,Tee,Synth,Smirking,
289,AVATAR #289,548,107.3235319435,10,All Black,Fancy,Cross,War Paint Horizontal,Dark Dreadlocks,Blaster,Elegant,Armored,Labret,Glasses
100,AVATAR #100,549,107.0201840447,10,All Black,Fancy,USB,Normal,Shaved,Neon Spinner,Cyberwhite,Standard,Smirking Rings,Cyber Goggles
486,AVATAR #486,550,106.7997653819,10,All Black,Normal,Earbuds,War Paint Horizontal,Neon Mohawk,Knife,Leather,Armored,Snake Bites,Glasses
362,AVATAR #362,551,106.4818034899,10,White Rays,Fancy,Industrial,Neon War Paint Horizontal,Shaved Deco,Old School Gun,White Sweater,War Paint,Neon Labret,Glasses
395,AVATAR #395,552,106.4610682257,10,All Black,Neon Pierced,More Rings,War Paint Diagonal,Spikes,Knife,Kimono,Oni,Smirking,Implant
560,AVATAR #560,553,106.3343955216,10,All Black,Neon Pierced,Triangle,With Scar,Cyber Mohawk,Katana,Netrunner White,Armored,Bored,Glasses
639,AVATAR #639,554,106.3247654928,8,White Diagonal Right,Normal,,With Scar,Cyber Mohawk,Knife,Leather,Standard,Smirking Neon Rings,
83,AVATAR #83,555,106.3052234449,8,All Black,Normal,,All White,Triple Mohawk,Neon Knife,Netrunner White,,Snake Bites,Implant
91,AVATAR #91,556,106.1243539986,10,White Triangle,Full,More Rings,War Paint Diagonal All White,Shaved,Old School Gun,White Sweater,Synth,Smirking Rings,Neon Visor
54,AVATAR #54,557,106.1026921855,9,White Diagonal Right,Pierced,Triangle,War Paint Horizontal,Dark Dreadlocks,Knife,Leather,,Neon Snake Bites,Monocle
229,AVATAR #229,558,105.9912897489,10,White Diagonal Left,Normal,USB,Normal,Shaved With Implant,Katana,Leather,Standard,Bored,Neon Visor
552,AVATAR #552,559,105.9811736353,9,Neon Triangle,Trimmed,,Bored,Mohawk,Neon Knife,Tee,Cyborg,Smirking Rings,Monocle
176,AVATAR #176,560,105.8515202706,10,White Triangle,Fancy,Triangle,Neon Implants,Shaved With Implant,Knife,Tee,Standard,Bored,Monocle
52,AVATAR #52,561,105.704566233,9,Neon Circle,Fancy,Rings,Bored,Neon Mohawk,Spinner,Leather,,Smirking,Monocle
310,AVATAR #310,562,105.6520060658,10,All Black,Normal,Neon Earbuds,With Scar,Spikes,Knife,Cyberwhite,War Paint,Full Lips,Implant
614,AVATAR #614,563,105.5198023082,10,All Black,Trimmed,More Rings,Neon War Paint Horizontal,Triple Mohawk,Sawtooth Katana,Tee,Standard,Smirking,Monocle
55,AVATAR #55,564,105.5055420018,9,White Diagonal Left,Normal,Industrial,With Scar,White Dreadlocks,Katana,Netrunner White,Synth,Snake Bites,
570,AVATAR #570,565,105.4322129411,10,White Triangle,Normal,Cross,War Paint Horizontal,Shaved,Old School Gun,Tee,Neon War Paint,Full Lips,Monocle
388,AVATAR #388,566,105.3613496902,9,White Diagonal Left,Normal,Triangle,Neon War Paint Horizontal,Dark Spikes,Blaster,Leather,,Labret,Monocle
341,AVATAR #341,567,105.3586520785,10,White Rays,Full,Triangle,War Paint Horizontal,Triple Mohawk,Blaster,Bulletproof,War Paint,Smirking,Monocle
95,AVATAR #95,568,105.2624517878,10,White Diagonal Left,Full,Triangle,Bored,Head Cable,Spinner,Netrunner White,War Paint,Neon Snake Bites,Glasses
366,AVATAR #366,569,105.1267011153,10,All Black,Normal,Industrial,Neon War Paint Diagonal All White,Triple Mohawk,Sawtooth Katana,White Sweater,War Paint,Smirking Neon Rings,Monocle
371,AVATAR #371,570,104.9899452944,10,White Circle,Fancy,Triangle,With Scar,Shaved Deco,Old School Gun,Tee,Gas Mask,Smirking Neon Rings,Implant
460,AVATAR #460,571,104.8779442872,9,White Diagonal Left,Fancy,,Normal,Visible Brain,Spinner,Leather,Armored,Smirking,Cyber Goggles
9,AVATAR #9,572,104.8569173158,10,White Triangle,Trimmed,More Rings,Bored,Shaved,Gun,Leather,Cyborg,Neon Snake Bites,Implant
548,AVATAR #548,573,104.7586678636,10,White Diagonal Right,Pierced,More Rings,Neon War Paint Horizontal,Shaved Deco,Blaster,Tee,Armored,Bored,Glasses
414,AVATAR #414,574,104.5183234314,10,White Rays,Normal,Industrial,War Paint Horizontal All White,Dark Curly,Blaster,Tee,Standard,Bored,Monocle
120,AVATAR #120,575,104.3795849513,10,White Triangle,Normal,Earbuds,Bored,Dark Dreadlocks,Knife,Leather,Oni,Smirking,Glasses
191,AVATAR #191,576,104.3535282304,10,White Diagonal Left,Normal,Earbuds,Neon Implants,Mohawk,Old School Gun,White Sweater,Standard,Bored,Implant
365,AVATAR #365,577,104.3424720405,10,All Black,Full,Card,With Scar,Dark Dreadlocks,Old School Gun,Netrunner White,Standard,Labret,Cyber Goggles
132,AVATAR #132,578,104.2803440303,9,White Diagonal Right,Full,Cross,War Paint Diagonal,White Dreadlocks,Knife,White Sweater,Cyborg,Smirking Rings,
50,AVATAR #50,579,104.0910772034,10,White Rays,Full,More Rings,Neon War Paint Diagonal All White,Triple Mohawk,Blaster,Cyberwhite,War Paint,Smirking Rings,Monocle
72,AVATAR #72,580,104.0101862157,10,White Rays,Fancy,Card,War Paint Horizontal All White,Head Cable,Spinner,Elegant,Cyborg,Bored,Monocle
480,AVATAR #480,581,103.9845917629,10,White Diagonal Right,Full,Card,Bored,Sideshave,Neon Knife,Netrunner White,Standard,Bored,Cyber Goggles
600,AVATAR #600,582,103.8757065049,10,All Black,Normal,Rings,Normal,Dark Dreadlocks,Old School Gun,Cyberwhite,Standard,Neon Snake Bites,Monocle
207,AVATAR #207,583,103.5859038018,9,White Triangle,Normal,Rings,War Paint Horizontal,Shaved Deco,Neon Spinner,White Sweater,Standard,Smirking,
500,AVATAR #500,584,103.5714066257,8,White Diagonal Left,Normal,USB,Bored,Spikes,Blaster,Netrunner White,,Full Lips,
287,AVATAR #287,585,103.5675506294,10,All Black,Full,Industrial,With Scar,Sideshave,Old School Gun,Elegant,Oni,Neon Snake Bites,Implant
547,AVATAR #547,586,103.5258023524,9,All Black,Fancy,Industrial,War Paint Horizontal All White,Spikes,Old School Gun,Kimono,Cyborg,Neon Labret,
204,AVATAR #204,587,103.3468226748,10,White Triangle,Trimmed,Rings,Neon War Paint Diagonal All White,Head Cable,Spinner,White Sweater,Standard,Snake Bites,Monocle
44,AVATAR #44,588,103.3106946534,8,White Triangle,Fancy,,Normal,Sideshave,Neon Knife,Leather,Cyborg,Bored,
136,AVATAR #136,589,103.1543280934,9,White Diagonal Left,Neon Pierced,Card,All White,Head Cable,Blaster,Leather,Oni,Bored,
32,AVATAR #32,590,103.0260763036,9,White Diagonal Left,Normal,Neon Earbuds,War Paint Horizontal,Sideshave,Old School Gun,White Sweater,Gas Mask,Smirking,
260,AVATAR #260,591,102.8028359282,10,White Diagonal Right,Normal,Card,Neon War Paint Diagonal All White,Shaved,Knife,Bulletproof,Standard,Bored,Monocle
661,AVATAR #661,592,102.6804305254,10,White Rays,Full,Cross,War Paint Diagonal All White,Neon Mohawk,Knife,Cyberwhite,War Paint,Snake Bites,Glasses
333,AVATAR #333,593,102.3454205652,9,White Diagonal Right,Neon Pierced,Rings,With Scar,Dark Curly,Knife,Tee,War Paint,Smirking,
493,AVATAR #493,594,102.1546232498,10,White Triangle,Normal,Biohazzard,War Paint Horizontal,Shaved,Old School Gun,Bulletproof,Armored,Full Lips,Monocle
116,AVATAR #116,595,101.9710884868,10,White Triangle,Full,Industrial,With Scar,Dark Dreadlocks,Gun,Elegant,War Paint,Smirking,Monocle
559,AVATAR #559,596,101.9553544343,9,White Rays,Normal,Rings,Neon War Paint Horizontal All White,Shaved,Blaster,Elegant,,Full Lips,Implant
58,AVATAR #58,597,101.9270329125,10,White Diagonal Left,Pierced,Card,War Paint Diagonal,Triple Mohawk,Knife,White Sweater,Gas Mask,Smirking Rings,Monocle
146,AVATAR #146,598,101.9090355498,10,White Triangle,Trimmed,Triangle,All White,Triple Mohawk,Katana,White Sweater,Synth,Bored,Glasses
585,AVATAR #585,599,101.7779499718,9,White Diagonal Left,Trimmed,,Neon War Paint Horizontal,Dark Dreadlocks,Knife,Leather,Standard,Labret,Cyber Goggles
447,AVATAR #447,600,101.4514195098,9,White Diagonal Left,Pierced,USB,War Paint Diagonal,Shaved Deco,Gun,Cyberwhite,Cyborg,Smirking Rings,
598,AVATAR #598,601,101.2104645402,10,All Black,Normal,More Rings,All White,Shaved With Implant,Blaster,Cyberwhite,War Paint,Smirking Neon Rings,Monocle
467,AVATAR #467,602,101.1349461589,10,All Black,Normal,Biohazzard,All White,Spikes,Spinner,White Sweater,Oni,Bored,Monocle
232,AVATAR #232,603,101.1206526561,10,White Diagonal Left,Fancy,Triangle,Bored,White Dreadlocks,Knife,White Sweater,Cyborg,Snake Bites,Monocle
613,AVATAR #613,604,100.9749673766,9,White Diagonal Right,Pierced,,All White,Head Cable,Sawtooth Katana,Cyberwhite,Gas Mask,Labret,Cyber Goggles
550,AVATAR #550,605,100.8929935442,10,White Diagonal Left,Full,Triangle,With Scar,Shaved,Old School Gun,White Sweater,Synth,Neon Labret,Glasses
409,AVATAR #409,606,100.7965325465,10,All Black,Fancy,Biohazzard,All White,Shaved With Implant,Spinner,Elegant,War Paint,Bored,Glasses
435,AVATAR #435,607,100.737212061,9,Neon Triangle,Neon Pierced,Card,Bored,Head Cable,Old School Gun,Netrunner White,,Snake Bites,Cyber Goggles
321,AVATAR #321,608,100.0987376653,10,White Diagonal Left,Neon Pierced,Neon Cross,Bored,Triple Mohawk,Knife,White Sweater,War Paint,Smirking,Implant
77,AVATAR #77,609,99.6875921382,9,White Diagonal Left,Fancy,,War Paint Diagonal All White,Head Cable,Katana,White Sweater,Cyborg,Bored,Neon Visor
320,AVATAR #320,610,99.6451311131,9,All Black,Trimmed,Cross,War Paint Horizontal,Shaved Deco,Neon Knife,Cyberwhite,Synth,Smirking,
127,AVATAR #127,611,99.5316978376,9,White Diagonal Right,Neon Pierced,,All Neon,Shaved,Knife,Cyberwhite,Gas Mask,Full Lips,Implant
325,AVATAR #325,612,99.0519886886,9,White Rays,Normal,More Rings,With Scar,Shaved Deco,Katana,Tee,Oni,Smirking,
1,AVATAR #1,613,98.9786202741,9,Neon Triangle,Fancy,Cross,Normal,Mohawk,Gun,Tee,Armored,Labret,
342,AVATAR #342,614,98.8862415325,10,White Rays,Full,More Rings,Neon War Paint Diagonal All White,Shaved With Implant,Old School Gun,Tee,War Paint,Full Lips,Glasses
360,AVATAR #360,615,98.3682576117,9,White Rays,Fancy,Rings,With Scar,Mohawk,Gun,Cyberwhite,Standard,Smirking Neon Rings,
538,AVATAR #538,616,98.2757559894,10,White Triangle,Fancy,More Rings,War Paint Diagonal All White,Cyber Mohawk,Old School Gun,Tee,War Paint,Smirking Rings,Implant
230,AVATAR #230,617,98.15312646,9,White Diagonal Right,Full,Industrial,All White,Sideshave,Gun,Bulletproof,,Smirking,Glasses
502,AVATAR #502,618,98.1388694714,10,White Rays,Normal,Industrial,All White,Sideshave,Spinner,Elegant,Cyborg,Full Lips,Implant
192,AVATAR #192,619,97.7205133185,9,White Diagonal Left,Full,,Neon War Paint Diagonal,Head Cable,Knife,Cyberwhite,War Paint,Snake Bites,Implant
47,AVATAR #47,620,97.4683056819,9,White Diagonal Left,Pierced,Industrial,Neon Normal,Shaved,Knife,Cyberwhite,Armored,Smirking Rings,
419,AVATAR #419,621,97.4469850779,9,White Diagonal Right,Full,Cross,War Paint Horizontal All White,Neon Mohawk,Spinner,Cyberwhite,,Bored,Glasses
590,AVATAR #590,622,97.2734979352,9,White Diagonal Right,Pierced,Industrial,War Paint Diagonal All White,Sideshave,Knife,Netrunner White,,Neon Labret,Monocle
275,AVATAR #275,623,97.1096342347,10,All Black,Normal,Biohazzard,War Paint Horizontal,Shaved,Gun,Cyberwhite,Oni,Bored,Cyber Goggles
288,AVATAR #288,624,97.0901165623,9,White Diagonal Right,Normal,Cross,War Paint Horizontal,Shaved Deco,Sawtooth Katana,Leather,,Smirking Neon Rings,Monocle
145,AVATAR #145,625,96.436236829,10,All Black,Pierced,Rings,War Paint Horizontal All White,Shaved With Implant,Katana,Leather,Standard,Bored,Cyber Goggles
358,AVATAR #358,626,96.4289825133,10,White Triangle,Fancy,Cross,Normal,Shaved With Implant,Spinner,White Sweater,Oni,Smirking Rings,Glasses
243,AVATAR #243,627,96.2872701867,10,Neon Triangle,Normal,USB,War Paint Diagonal All White,Shaved With Implant,Spinner,Cyberwhite,Standard,Smirking,Implant
278,AVATAR #278,628,96.2511757062,9,White Diagonal Right,Pierced,,War Paint Horizontal All White,Cyber Mohawk,Gun,Cyberwhite,War Paint,Smirking Rings,Glasses
107,AVATAR #107,629,96.0562883838,8,White Rays,Pierced,,With Scar,Triple Mohawk,Old School Gun,Netrunner White,Armored,Smirking,
427,AVATAR #427,630,95.9348175788,8,White Rays,Pierced,,War Paint Diagonal All White,Shaved,Spinner,White Sweater,Standard,Snake Bites,
212,AVATAR #212,631,95.7146019751,9,White Triangle,Full,Industrial,With Scar,Triple Mohawk,Katana,Leather,Synth,Snake Bites,
394,AVATAR #394,632,95.2018104675,8,White Rays,Normal,,With Scar,Shaved With Implant,Knife,White Sweater,,Labret,Implant
49,AVATAR #49,633,94.949420553,10,All Black,Pierced,Industrial,Normal,Spikes,Katana,Cyberwhite,Synth,Full Lips,Implant
463,AVATAR #463,634,94.8369067219,8,White Triangle,Full,,With Scar,Head Cable,Old School Gun,Tee,Armored,Bored,
185,AVATAR #185,635,94.4310462657,9,White Triangle,Fancy,Biohazzard,With Scar,Shaved,Spinner,Netrunner White,Gas Mask,Smirking,
510,AVATAR #510,636,94.3891822003,9,White Rays,Normal,Cross,Normal,Head Cable,Old School Gun,Netrunner White,Armored,Smirking Neon Rings,
21,AVATAR #21,637,94.3326478059,10,White Diagonal Left,Full,Rings,Bored,Shaved With Implant,Old School Gun,Kimono,Standard,Smirking Rings,Monocle
347,AVATAR #347,638,94.2466924889,10,All Black,Trimmed,USB,With Scar,Head Cable,Knife,Cyberwhite,Standard,Snake Bites,Implant
352,AVATAR #352,639,94.0539579913,10,White Diagonal Left,Full,Card,Neon War Paint Horizontal,Shaved,Old School Gun,Leather,Cyborg,Smirking,Monocle
334,AVATAR #334,640,93.7002456912,10,White Diagonal Left,Fancy,Card,Normal,Spikes,Blaster,Leather,Standard,Full Lips,Glasses
459,AVATAR #459,641,93.371755928,10,All Black,Neon Pierced,USB,War Paint Horizontal,Sideshave,Knife,Netrunner White,War Paint,Smirking,Implant
458,AVATAR #458,642,92.8023514286,10,White Diagonal Left,Pierced,Industrial,Neon War Paint Diagonal All White,Spikes,Old School Gun,White Sweater,Gas Mask,Smirking,Glasses
588,AVATAR #588,643,92.5550901743,10,White Diagonal Right,Fancy,Cross,With Scar,Shaved,Blaster,Netrunner Dark,Standard,Bored,Monocle
22,AVATAR #22,644,92.4841785247,9,White Diagonal Left,Full,,War Paint Horizontal,Head Cable,Old School Gun,Elegant,Armored,Smirking Neon Rings,Monocle
501,AVATAR #501,645,92.2933413074,9,All Black,Fancy,,All White,Triple Mohawk,Katana,Cyberwhite,Oni,Snake Bites,Implant
518,AVATAR #518,646,92.2045146439,9,White Diagonal Right,Pierced,,Neon War Paint Horizontal,Shaved,Spinner,Cyberwhite,Oni,Full Lips,Monocle
290,AVATAR #290,647,92.1979426891,9,White Diagonal Left,Pierced,Cross,With Scar,Triple Mohawk,Blaster,Netrunner Dark,,Bored,Monocle
110,AVATAR #110,648,91.9598494896,10,All Black,Fancy,Industrial,All White,Shaved,Gun,Cyberwhite,Armored,Snake Bites,Cyber Goggles
75,AVATAR #75,649,91.2955512369,9,White Diagonal Right,Full,,War Paint Horizontal All White,Mohawk,Katana,Tee,Armored,Bored,Glasses
209,AVATAR #209,650,90.7715296261,8,All Black,Full,,Bored,Shaved,Blaster,Netrunner White,,Bored,Glasses
276,AVATAR #276,651,90.1854511004,9,All Black,Normal,Card,Neon War Paint Diagonal All White,Shaved,Katana,Cyberwhite,,Bored,Implant
390,AVATAR #390,652,89.2487328027,10,All Black,Fancy,More Rings,War Paint Horizontal,Head Cable,Knife,Leather,Standard,Full Lips,Glasses
609,AVATAR #609,653,88.7921985281,9,White Diagonal Right,Fancy,Industrial,War Paint Diagonal,Shaved Deco,Knife,Cyberwhite,,Labret,Monocle
495,AVATAR #495,654,87.5681118096,8,White Triangle,Normal,,Bored,Triple Mohawk,Old School Gun,Netrunner White,,Smirking,Monocle
663,AVATAR #663,655,87.5521237102,9,All Black,Pierced,Industrial,All White,Shaved,Spinner,Netrunner White,,Labret,Monocle
143,AVATAR #143,656,87.218288949,9,White Diagonal Right,Fancy,,War Paint Diagonal,Triple Mohawk,Knife,White Sweater,Gas Mask,Full Lips,Implant
641,AVATAR #641,657,87.038927911,10,White Diagonal Right,Normal,Rings,Normal,Triple Mohawk,Knife,Tee,War Paint,Bored,Monocle
265,AVATAR #265,658,85.7823171336,9,White Triangle,Normal,Biohazzard,War Paint Diagonal All White,Shaved With Implant,Old School Gun,White Sweater,,Smirking,Implant
344,AVATAR #344,659,85.2516155091,10,White Diagonal Left,Normal,Cross,Normal,Shaved With Implant,Knife,White Sweater,Armored,Smirking,Glasses
355,AVATAR #355,660,85.1889284168,10,All Black,Pierced,Industrial,War Paint Horizontal,Shaved,Old School Gun,Cyberwhite,Cyborg,Labret,Monocle
514,AVATAR #514,661,83.498425365,9,White Triangle,Full,Industrial,War Paint Horizontal,Sideshave,Old School Gun,Leather,War Paint,Snake Bites,
339,AVATAR #339,662,80.319102184,10,White Triangle,Normal,Rings,War Paint Horizontal,Shaved,Old School Gun,Leather,Standard,Bored,Implant
332,AVATAR #332,663,79.9272710432,9,White Diagonal Right,Normal,,War Paint Horizontal All White,Sideshave,Old School Gun,Leather,Standard,Snake Bites,Glasses
551,AVATAR #551,664,79.7970476319,9,White Triangle,Normal,Rings,War Paint Diagonal All White,Shaved,Old School Gun,Leather,,Snake Bites,Monocle
179,AVATAR #179,665,78.9828471874,9,White Diagonal Left,Trimmed,,With Scar,Shaved,Old School Gun,Elegant,Standard,Full Lips,Monocle
258,AVATAR #258,666,75.3015520998,9,All Black,Normal,,Bored,Triple Mohawk,Old School Gun,Tee,Standard,Smirking,Cyber Goggles
