ID,Name,Rank,Rarity_Score,Accessory,Attributes,Background,Clothes,Eyes,Head,Legendary,Mouth,Skin,Tattoo
2935,SadPython #2935,1,1836.0,,1,,,,,Pambo,,,
721,SadPython #721,2,322.527461248429,Alienblaster,8,Myday,Vaultboy,Lament,Windy,,Mouth 12,Cyan,Solana
1672,SadPython #1672,3,299.7761696052895,Enzyme,8,95S,Jaunes,Sceptic,Glasses,,Mouth 9,Cyan,Solana
814,SadPython #814,4,296.3388122194681,Pypotion,7,Cemento,Mesa,Sceptic,Ser,,Mouth 7,Ultramar,
1714,SadPython #1714,5,293.5026834710245,Vaxpass,7,Myday,Vaultboy,Closed,Livingstone,,Mouth 10,Pinky,
149,SadPython #149,6,270.7169169960474,Zubenyakov,7,Misty,Vaultboy,Dead,Livingstone,,Mouth 5,Ultramar,
1065,SadPython #1065,7,270.0714767923011,Psycho,7,Dark,Vaultboy,Energetic,French,,Mouth 6,Honeycheese,
970,SadPython #970,8,266.46089173872934,Razorblade,7,Dark,Marty,Dead,Cuisine,,Mouth 5,Pinky,
1053,SadPython #1053,9,265.755265152951,Dope,7,95S,Firefight,Sceptic,Cuisine,,Mouth 4,Green,
2795,SadPython #2795,10,264.7813594014681,Lambokeys,8,Myday,Sweater,Closed,Firefighter,,Mouth 11,Violet,Solana
3076,SadPython #3076,11,255.94767317342792,Calc,8,Misty,Jaunes,Dead,Xtzblu,,Mouth 6,Amarillo,Bitcoin
1745,SadPython #1745,12,251.49086969001146,Psycho,8,Misty,Sweater,Crying,Dora,,Mouth 1,Stone,Bitcoin
3237,SadPython #3237,13,246.59590928788097,Alienblaster,7,Misty,Mets,Dazed,Ser,,Mouth 10,Ultramar,
3425,SadPython #3425,14,244.46702961672474,Zippo,8,Myday,Office,Sceptic,Livingstone,,Mouth 9,Violet,Bitcoin
2285,SadPython #2285,15,242.30267237963147,Herrig,8,Myday,Dale,Shocked,Shao,,Mouth 10,Pinky,Bitcoin
1503,SadPython #1503,16,240.48485319028796,Herrig,7,95S,Mets,Sorry,Ser,,Mouth 11,Amarillo,
3087,SadPython #3087,17,238.79646245059288,Gun,7,Misty,Astro,Painful,Ser,,Mouth 8,Violet,
2148,SadPython #2148,18,238.29469546665567,Zubenyakov,7,Cemento,Tatoes,Energetic,Cuisine,,Mouth 5,Ultramar,
2721,SadPython #2721,19,235.81423668630558,Iwatch,8,Cemento,Pylice,Shocked,French,,Mouth 13,Amarillo,Bitcoin
639,SadPython #639,20,234.52894968304008,Razorblade,8,95S,Jaunes,Shocked,Mrsdavis,,Mouth 13,Amarillo,Solana
900,SadPython #900,21,230.49768993278812,Nitrilglove,7,Myday,Feelsgood,Distracted,Dora,,Mouth 12,Cyan,
451,SadPython #451,22,229.86004884889743,Knife,7,Misty,Vaultboy,Crying,Rider,,Mouth 14,Green,
1302,SadPython #1302,23,229.53375495797295,Gun,7,95S,Rocknrolla,Sceptic,Cuisine,,Mouth 1,Ruby,
2652,SadPython #2652,24,229.2000314983524,Zubenyakov,8,Myday,Dungeonmaster,Painful,Jokage,,Mouth 1,Green,Solana
1826,SadPython #1826,25,227.6721322849214,Mechatail,7,95S,Chester,Energetic,Dora,,Mouth 14,Green,
3130,SadPython #3130,26,226.3491813419139,Gun,8,Myday,Pylice,Dazed,Fishman,,Mouth 13,Green,Tezos
2766,SadPython #2766,27,225.80560726875942,Iwatch,8,95S,Casual,Shocked,Glasses,,Mouth 4,Stone,Solana
1276,SadPython #1276,28,224.7535887472881,Gun,7,Cemento,Deliveryboy,Distracted,Cuisine,,Mouth 13,Amarillo,
396,SadPython #396,29,223.150934701944,Cigarettes,8,95S,Dale,Distracted,Dora,,Mouth 11,Violet,Tezos
2176,SadPython #2176,30,222.6544916182216,Lambokeys,7,95S,Fishman,Painful,Starducks,,Mouth 5,Stone,
2360,SadPython #2360,31,222.44215568451366,Spoon,7,Cemento,Astro,Shocked,,,Mouth 14,Violet,Bitcoin
459,SadPython #459,32,220.81990400903445,Pypotion,7,Myday,Mesa,Painful,Jokage,,Mouth 12,Violet,
3218,SadPython #3218,33,220.8108099649299,Alienblaster,8,95S,Deliveryboy,Shocked,Fishman,,Mouth 5,Cyan,Tezos
2855,SadPython #2855,34,220.45148638337412,Psycho,7,Cemento,Deliveryboy,Shocked,Xtzred,,Mouth 1,Charcoal,
1567,SadPython #1567,35,219.79596495192988,Psycho,7,Misty,Astro,Dazed,Shao,,Mouth 8,Pinky,
362,SadPython #362,36,219.4600799386913,Herrig,8,Myday,Redshirt,Sorry,Chocohaircut,,Mouth 1,Pinky,Tezos
755,SadPython #755,37,216.07922212414252,,6,Misty,Redshirt,Crying,Cuisine,,Mouth 13,Charcoal,
1895,SadPython #1895,38,215.30302089215132,Knife,7,Myday,Firefight,Painful,Xtzred,,Mouth 11,Stone,
2331,SadPython #2331,39,214.93627002288332,Strike,7,95S,Bag,Energetic,Xtzred,,Mouth 2,Stone,
493,SadPython #493,40,214.0828498896385,,6,Myday,Feelsgood,Distracted,Xtzred,,Mouth 1,Honeycheese,
3097,SadPython #3097,41,212.42222134774102,Nitrilglove,8,Misty,Mets,Painful,Oldy,,Mouth 9,Charcoal,Tezos
311,SadPython #311,42,212.17100330642944,Iwatch,7,95S,Sweater,Dazed,Ser,,Mouth 9,Charcoal,
1699,SadPython #1699,43,210.73370060790273,Egg,8,Myday,Deliveryboy,Painful,Pfc,,Mouth 14,Ultramar,Bitcoin
2681,SadPython #2681,44,205.41941482395458,Fishrode,7,Myday,Marty,Crying,Pfc,,Mouth 16,Cyan,
1603,SadPython #1603,45,204.05380316214425,Vaxpass,7,Misty,Dungeonmaster,Closed,Firefighter,,Mouth 4,Pinky,
444,SadPython #444,46,203.82436162308895,Spoon,7,Misty,Bag,Distracted,Pylice,,Mouth 14,Ruby,
245,SadPython #245,47,202.91085091349103,Mechatail,6,Dark,Jaunes,Closed,,,Mouth 3,Green,
6,SadPython #6,48,202.43349491092866,Nitrilglove,8,Dark,Sweater,Closed,Punk,,Mouth 6,Stone,Tezos
2932,SadPython #2932,49,201.99030310924272,Phone,7,95S,Rocknrolla,Shocked,Ser,,Mouth 2,Charcoal,
1569,SadPython #1569,50,200.14935888176538,Palm,7,Myday,Prisoner,Dazed,Glasses,,Mouth 13,Amarillo,
2484,SadPython #2484,51,200.1140380657261,Soap,7,Cemento,Pylice,Crying,Mrsdavis,,Mouth 6,Ultramar,
889,SadPython #889,52,199.21982201605385,Iwatch,8,Misty,Deliveryboy,Lament,Mrsdavis,,Mouth 3,Charcoal,Tezos
1474,SadPython #1474,53,198.99549815173384,Fishrode,7,Dark,Bag,Shocked,,,Mouth 13,Green,Tezos
3312,SadPython #3312,54,198.88060823302334,Cigarettes,8,Misty,Fishman,Sceptic,French,,Mouth 13,Cyan,Tezos
1122,SadPython #1122,55,198.3562358041633,Mechatail,7,Myday,Office,Painful,Lordofwar,,Mouth 13,Pinky,
2798,SadPython #2798,56,197.69481407442487,Dope,8,Myday,Starducks,Energetic,Punk,,Mouth 12,Green,Bitcoin
1765,SadPython #1765,57,197.49513509945433,Knife,8,Dark,Chester,Closed,Fishman,,Mouth 7,Green,Tezos
3135,SadPython #3135,58,197.01868621320276,,6,95S,Vaultboy,Sceptic,Jokage,,Mouth 1,Amarillo,
1446,SadPython #1446,59,195.83801757738829,Pypotion,7,Misty,Jaunes,Closed,Fishman,,Mouth 2,Green,
3282,SadPython #3282,60,195.42510183446484,Herrig,7,Misty,Tommy,Dazed,Shao,,Mouth 9,Stone,
1231,SadPython #1231,61,195.2744942393116,Cigarettes,7,Cemento,Dale,Energetic,Xtzred,,Mouth 9,Green,
3371,SadPython #3371,62,195.25121340523881,Tnt,6,Cemento,Vaultboy,Lament,,,Mouth 7,Green,
95,SadPython #95,63,195.21315953358365,Enzyme,7,Cemento,Fishman,Crying,Shao,,Mouth 13,Violet,
1114,SadPython #1114,64,195.17195226147408,Calc,8,Myday,Office,Dead,Rider,,Mouth 2,Green,Tezos
3201,SadPython #3201,65,194.48554174182863,Dope,8,Misty,Redshirt,Distracted,Rider,,Mouth 15,Ultramar,Tezos
994,SadPython #994,66,194.3519614253024,Lambokeys,7,Dark,Sweater,Distracted,Oldy,,Mouth 7,Violet,
2998,SadPython #2998,67,194.27396245059288,Vaxpass,7,Myday,Mesa,Lament,Windy,,Mouth 5,Green,
1962,SadPython #1962,68,194.1704508306339,Razorblade,7,Dark,Fishman,Sceptic,Glasses,,Mouth 5,Ruby,
705,SadPython #705,69,193.27100162109983,Nitrilglove,7,Misty,Feelsgood,Distracted,Windy,,Mouth 5,Honeycheese,
316,SadPython #316,70,192.99184650792478,Tnt,8,Myday,Tommy,Sorry,Punk,,Mouth 2,Amarillo,Tezos
1441,SadPython #1441,71,191.22419923429743,,7,Myday,Dungeonmaster,Distracted,Pfc,,Mouth 4,Cyan,Solana
2415,SadPython #2415,72,191.16144320751002,Enzyme,7,Cemento,Chester,Sorry,Shao,,Mouth 4,Charcoal,
2961,SadPython #2961,73,191.01289246480988,Spoon,7,Dark,Mets,Sorry,French,,Mouth 15,Cyan,
2037,SadPython #2037,74,190.4631340897645,Spoon,7,Myday,Deliveryboy,Lament,Pfc,,Mouth 4,Ruby,
325,SadPython #325,75,190.41788778743296,Pypotion,7,Cemento,Dale,Crying,Livingstone,,Mouth 6,Ruby,
891,SadPython #891,76,189.11131242898978,Psycho,7,95S,Bag,Dead,Jokage,,Mouth 7,Stone,
54,SadPython #54,77,189.07942362600278,Vaxpass,8,95S,Marty,Dead,Rider,,Mouth 1,Charcoal,Solana
2465,SadPython #2465,78,188.3350084697911,Mechatail,7,95S,Prisoner,Sceptic,Pylice,,Mouth 11,Green,
426,SadPython #426,79,187.34136841050736,Dope,7,Dark,Bag,Sorry,Pfc,,Mouth 15,Green,
135,SadPython #135,80,187.0798136645963,Alienblaster,7,Myday,Casual,Closed,Xtzblu,,Mouth 7,Amarillo,
1072,SadPython #1072,81,186.8002008308567,Psycho,7,Cemento,Prisoner,Sorry,Fishman,,Mouth 15,Violet,
2065,SadPython #2065,82,186.60019383601474,Beer,8,Myday,Casual,Crying,Mrsdavis,,Mouth 9,Violet,Solana
2347,SadPython #2347,83,186.32049941716127,Strike,7,Dark,Feelsgood,Lament,Firefighter,,Mouth 3,Green,
806,SadPython #806,84,186.22257189421225,Mechatail,6,Misty,Pyman,Closed,,,Mouth 4,Charcoal,
934,SadPython #934,85,185.91250597228859,Knife,7,95S,Pylice,Distracted,Fishman,,Mouth 15,Violet,
1926,SadPython #1926,86,185.86622027746753,Enzyme,7,Dark,Starducks,Energetic,,,Mouth 11,Pinky,Bitcoin
1306,SadPython #1306,87,185.84781618340276,Tnt,7,Dark,Feelsgood,Lament,Oldy,,Mouth 14,Amarillo,
815,SadPython #815,88,185.75695305921087,Zippo,7,Cemento,Deliveryboy,Sorry,Glasses,,Mouth 12,Pinky,
3023,SadPython #3023,89,185.34038921390223,Soap,7,Cemento,Dale,Shocked,Glasses,,Mouth 9,Violet,
555,SadPython #555,90,185.2088412189038,Strike,7,95S,Dale,Crying,Xtzred,,Mouth 13,Pinky,
2486,SadPython #2486,91,185.14650438234534,Egg,7,Dark,Mesa,Lament,Starducks,,Mouth 5,Violet,
2437,SadPython #2437,92,184.47499290072528,Spoon,7,Misty,Tommy,Distracted,Windy,,Mouth 8,Pinky,
180,SadPython #180,93,184.3357168152582,Iwatch,7,Misty,Pylice,Dead,Chocohaircut,,Mouth 4,Charcoal,
3236,SadPython #3236,94,184.30187916460892,Calc,7,Myday,Pylice,Sceptic,Fishman,,Mouth 2,Honeycheese,
1059,SadPython #1059,95,184.11545799627046,Lambokeys,6,Dark,Chester,Dead,,,Mouth 8,Pinky,
3088,SadPython #3088,96,183.87644340858031,Tnt,7,Misty,Mesa,Energetic,Lordofwar,,Mouth 14,Green,
2376,SadPython #2376,97,183.76163388357418,Strike,7,Dark,Feelsgood,Sorry,Jokage,,Mouth 2,Cyan,
2621,SadPython #2621,98,183.4327321019941,Phone,7,Misty,Astro,Shocked,Dora,,Mouth 2,Violet,
1808,SadPython #1808,99,183.07108977978544,Gun,8,95S,Firefight,Lament,Pylice,,Mouth 9,Amarillo,Solana
1460,SadPython #1460,100,183.02699173772166,Ledger,7,Misty,Redshirt,Lament,Livingstone,,Mouth 10,Charcoal,
1557,SadPython #1557,101,181.38359664288527,Zubenyakov,8,Misty,Tommy,Crying,Peasant,,Mouth 8,Cyan,Solana
2752,SadPython #2752,102,181.13870961279505,Herrig,7,Cemento,Mets,Distracted,Dora,,Mouth 1,Green,
1140,SadPython #1140,103,181.04038473798292,Beer,7,Myday,Marty,Sorry,Xtzred,,Mouth 5,Cyan,
2092,SadPython #2092,104,180.9906176948497,Gun,8,Myday,Redshirt,Distracted,Fishman,,Mouth 15,Amarillo,Solana
2115,SadPython #2115,105,180.44276898417152,Spoon,7,Misty,Starducks,Energetic,Peasant,,Mouth 12,Honeycheese,
2419,SadPython #2419,106,180.20796524081132,Razorblade,7,Myday,Jaunes,Crying,Oldy,,Mouth 10,Ruby,
3094,SadPython #3094,107,180.14081780844742,Vaxpass,7,Dark,Pylice,Lament,Lordofwar,,Mouth 1,Cyan,
1150,SadPython #1150,108,179.68664899737513,Ledger,6,Dark,Feelsgood,Energetic,,,Mouth 6,Violet,
363,SadPython #363,109,179.65312047874784,Lambokeys,6,Cemento,Marty,Lament,,,Mouth 9,Pinky,
592,SadPython #592,110,179.46728483381025,Lambokeys,6,Cemento,Prisoner,Sceptic,,,Mouth 9,Violet,
84,SadPython #84,111,179.3346493952272,Iwatch,7,Myday,Fishman,Lament,Dora,,Mouth 15,Stone,
2049,SadPython #2049,112,178.84260748099223,Gun,8,95S,Chester,Dazed,Firefighter,,Mouth 12,Stone,Solana
1170,SadPython #1170,113,178.80039700832128,Spoon,6,95S,Astro,Energetic,,,Mouth 13,Cyan,
216,SadPython #216,114,178.65233816372262,Mechatail,7,Dark,Tatoes,Sorry,Windy,,Mouth 4,Amarillo,
2598,SadPython #2598,115,178.29859482816374,Phone,8,Cemento,Chester,Sceptic,Peasant,,Mouth 11,Amarillo,Bitcoin
18,SadPython #18,116,178.21935773866645,Egg,7,Dark,Marty,Distracted,Xtzred,,Mouth 7,Cyan,
1754,SadPython #1754,117,177.93784350292066,Dope,7,Myday,Tatoes,Sceptic,Glasses,,Mouth 15,Amarillo,
509,SadPython #509,118,177.25198760879633,Soap,7,Dark,Jaunes,Lament,Mrsdavis,,Mouth 7,Cyan,
1560,SadPython #1560,119,177.2493956658724,Strike,7,Cemento,Dungeonmaster,Crying,Peasant,,Mouth 10,Ultramar,
2522,SadPython #2522,120,176.96237736400096,,7,Cemento,Marty,Sorry,Xtzred,,Mouth 7,Honeycheese,Solana
2552,SadPython #2552,121,176.8224866971643,Lambokeys,6,Cemento,Mets,Lament,,,Mouth 8,Amarillo,
44,SadPython #44,122,176.79926732195625,Nitrilglove,7,95S,Marty,Energetic,Shao,,Mouth 15,Pinky,
267,SadPython #267,123,176.71981856815952,Zubenyakov,7,Dark,Dungeonmaster,Shocked,Windy,,Mouth 8,Stone,
2489,SadPython #2489,124,176.45398147059075,Psycho,7,Myday,Rocknrolla,Sceptic,Dora,,Mouth 3,Amarillo,
3386,SadPython #3386,125,176.22116003491195,Psycho,7,Dark,Deliveryboy,Painful,Fishman,,Mouth 12,Charcoal,
2421,SadPython #2421,126,175.7478260869565,Herrig,7,Myday,Firefight,Shocked,Pylice,,Mouth 7,Ultramar,
811,SadPython #811,127,175.00040600397952,Spoon,7,Dark,Sweater,Dazed,Oldy,,Mouth 11,Ultramar,
1602,SadPython #1602,128,174.9660000794607,Knife,7,95S,Dale,Sorry,Xtzred,,Mouth 1,Violet,
771,SadPython #771,129,174.68017943576635,Enzyme,7,Myday,Dale,Distracted,,,Mouth 2,Honeycheese,Tezos
3404,SadPython #3404,130,174.50231522982048,Phone,7,95S,Pylice,Shocked,Peasant,,Mouth 16,Pinky,
2227,SadPython #2227,131,174.32839243065024,Psycho,7,Cemento,Tommy,Shocked,Oldy,,Mouth 4,Pinky,
1526,SadPython #1526,132,174.13703350999242,Iwatch,7,Dark,Dungeonmaster,Sorry,Rider,,Mouth 1,Pinky,
439,SadPython #439,133,174.1037471395881,Pypotion,7,Dark,Prisoner,Lament,Shao,,Mouth 9,Green,
3324,SadPython #3324,134,173.89770894966188,Pypotion,7,Cemento,Astro,Lament,Rider,,Mouth 13,Pinky,
1432,SadPython #1432,135,173.79036377488373,Herrig,7,Dark,Tommy,Sorry,Chocohaircut,,Mouth 6,Honeycheese,
1397,SadPython #1397,136,173.7310513652132,Calc,7,Dark,Pylice,Sceptic,Lordofwar,,Mouth 3,Violet,
1507,SadPython #1507,137,173.56213202658498,Pypotion,7,Cemento,Office,Distracted,Xtzblu,,Mouth 7,Pinky,
326,SadPython #326,138,173.39005004427426,Zubenyakov,7,95S,Pyman,Sceptic,Glasses,,Mouth 1,Violet,
2566,SadPython #2566,139,173.37923226924744,Herrig,7,95S,Deliveryboy,Dazed,Shao,,Mouth 7,Ruby,
614,SadPython #614,140,171.65735494909677,,6,Cemento,Rocknrolla,Distracted,Ser,,Mouth 12,Pinky,
1056,SadPython #1056,141,171.22078475512913,Ledger,7,Cemento,Redshirt,Sceptic,Dora,,Mouth 11,Violet,
1430,SadPython #1430,142,170.61388856983822,Enzyme,7,Dark,Mets,Distracted,Firefighter,,Mouth 4,Ultramar,
824,SadPython #824,143,170.30600118675156,,7,95S,Tatoes,Dead,Glasses,,Mouth 7,Honeycheese,Bitcoin
3263,SadPython #3263,144,169.86690097200642,Soap,7,95S,Pyman,Painful,,,Mouth 14,Stone,Tezos
2840,SadPython #2840,145,169.61922686001594,Egg,7,Myday,Fishman,Lament,Glasses,,Mouth 6,Ultramar,
2844,SadPython #2844,146,169.57461500364042,Mechatail,6,Cemento,Starducks,Lament,,,Mouth 13,Green,
196,SadPython #196,147,169.52303845928571,Cigarettes,7,Dark,Chester,Energetic,Xtzblu,,Mouth 12,Pinky,
85,SadPython #85,148,168.3682978654011,Enzyme,7,Cemento,Fishman,Lament,Peasant,,Mouth 8,Ultramar,
2490,SadPython #2490,149,168.0575212531161,Spoon,7,Myday,Sweater,Dazed,Lordofwar,,Mouth 1,Charcoal,
910,SadPython #910,150,168.02901833497913,,6,Cemento,Rocknrolla,Dead,Ser,,Mouth 1,Violet,
1289,SadPython #1289,151,167.55649104202715,Vaxpass,7,Dark,Office,Dead,Pfc,,Mouth 9,Stone,
156,SadPython #156,152,167.41722661745715,Nitrilglove,7,Dark,Rocknrolla,Dazed,Livingstone,,Mouth 2,Charcoal,
253,SadPython #253,153,166.04389002302045,Cigarettes,7,Misty,Prisoner,Shocked,Xtzblu,,Mouth 13,Stone,
1550,SadPython #1550,154,165.9994373960529,,7,Myday,Pyman,Crying,Pfc,,Mouth 11,Amarillo,Bitcoin
1565,SadPython #1565,155,165.17131739228515,Lambokeys,6,Myday,Tatoes,Sorry,,,Mouth 7,Honeycheese,
1163,SadPython #1163,156,165.05831125396344,Nitrilglove,6,95S,Feelsgood,Sorry,,,Mouth 13,Violet,
2491,SadPython #2491,157,164.7830819638028,Gun,7,95S,Bag,Sceptic,Xtzblu,,Mouth 5,Amarillo,
2305,SadPython #2305,158,164.5821434655254,Fishrode,7,95S,Chester,Shocked,,,Mouth 2,Cyan,Solana
409,SadPython #409,159,163.89211778614745,Psycho,7,Cemento,Redshirt,Crying,Starducks,,Mouth 1,Amarillo,
2908,SadPython #2908,160,163.80330458903697,Ledger,7,Myday,Casual,Sorry,Oldy,,Mouth 15,Pinky,
2333,SadPython #2333,161,163.75764257481651,Gun,7,Misty,Chester,Painful,Glasses,,Mouth 7,Amarillo,
2955,SadPython #2955,162,163.44608526116238,Fishrode,7,Myday,Casual,Painful,Punk,,Mouth 13,Amarillo,
3424,SadPython #3424,163,162.90960942043031,Cigarettes,6,Myday,Dungeonmaster,Shocked,,,Mouth 1,Ultramar,
336,SadPython #336,164,162.55587274373514,Iwatch,7,95S,Dale,Sorry,Pfc,,Mouth 16,Pinky,
1043,SadPython #1043,165,162.31128762541806,Fishrode,7,Myday,Marty,Sorry,Windy,,Mouth 13,Ruby,
1685,SadPython #1685,166,162.09751779042875,Phone,6,Misty,Mesa,Dead,,,Mouth 9,Charcoal,
1738,SadPython #1738,167,162.0329270851849,Knife,7,Cemento,Starducks,Sorry,Livingstone,,Mouth 9,Pinky,
1071,SadPython #1071,168,161.79042507626016,Herrig,7,Cemento,Fishman,Painful,Pylice,,Mouth 1,Charcoal,
2015,SadPython #2015,169,161.4377724228155,Zippo,7,Dark,Starducks,Painful,,,Mouth 14,Ultramar,Solana
1652,SadPython #1652,170,161.16790588059945,Alienblaster,7,95S,Tatoes,Lament,Fishman,,Mouth 11,Charcoal,
2198,SadPython #2198,171,160.9725665638709,Fishrode,6,Myday,Jaunes,Energetic,,,Mouth 13,Green,
79,SadPython #79,172,160.58794967304786,Spoon,7,Myday,Deliveryboy,Distracted,Lordofwar,,Mouth 7,Honeycheese,
2822,SadPython #2822,173,159.99088477791437,Fishrode,7,Misty,Redshirt,Closed,Peasant,,Mouth 9,Pinky,
2617,SadPython #2617,174,159.98165767144602,Herrig,7,Dark,Fishman,Lament,Jokage,,Mouth 4,Ultramar,
48,SadPython #48,175,159.92555636840675,Iwatch,7,Dark,Redshirt,Crying,Xtzblu,,Mouth 12,Green,
1486,SadPython #1486,176,159.8890374617886,Pypotion,7,Myday,Deliveryboy,Sceptic,Lordofwar,,Mouth 16,Ruby,
2492,SadPython #2492,177,159.65577185274958,Ledger,7,95S,Office,Sorry,Firefighter,,Mouth 8,Ruby,
1899,SadPython #1899,178,159.08015871397296,Ledger,7,95S,Tatoes,Sorry,Jokage,,Mouth 16,Charcoal,
518,SadPython #518,179,159.0668758636645,Alienblaster,6,Misty,Firefight,Painful,,,Mouth 3,Honeycheese,
1986,SadPython #1986,180,158.99777053241291,Egg,7,Myday,Jaunes,Closed,Punk,,Mouth 5,Stone,
251,SadPython #251,181,158.7196350560195,Vaxpass,7,Dark,Firefight,Distracted,Pylice,,Mouth 12,Amarillo,
594,SadPython #594,182,158.60166824833013,Beer,7,Dark,Prisoner,Shocked,Livingstone,,Mouth 3,Green,
2716,SadPython #2716,183,158.38802827607174,,6,Myday,Mesa,Sorry,Fishman,,Mouth 11,Amarillo,
2195,SadPython #2195,184,158.2689266472938,Psycho,7,Cemento,Tatoes,Lament,Starducks,,Mouth 6,Violet,
111,SadPython #111,185,158.11277039202557,Cigarettes,7,Cemento,Deliveryboy,Dead,Xtzblu,,Mouth 2,Cyan,
696,SadPython #696,186,157.65414616439463,Herrig,7,95S,Dale,Closed,Peasant,,Mouth 11,Green,
629,SadPython #629,187,157.527206068826,,6,95S,Dungeonmaster,Shocked,Starducks,,Mouth 8,Cyan,
1134,SadPython #1134,188,157.5029672567435,Calc,7,Misty,Dale,Distracted,Xtzblu,,Mouth 1,Honeycheese,
2117,SadPython #2117,189,157.4721640652066,,6,Myday,Tommy,Dead,Glasses,,Mouth 2,Charcoal,
2642,SadPython #2642,190,157.06406243681357,,7,Myday,Pyman,Painful,Mrsdavis,,Mouth 13,Violet,Tezos
3403,SadPython #3403,191,156.68187011168416,Egg,7,Dark,Chester,Closed,Xtzblu,,Mouth 3,Amarillo,
2806,SadPython #2806,192,156.05613665704425,Nitrilglove,7,Cemento,Fishman,Energetic,Pfc,,Mouth 7,Violet,
2638,SadPython #2638,193,155.78315076228122,Knife,7,Misty,Starducks,Sorry,Dora,,Mouth 8,Stone,
1542,SadPython #1542,194,155.70350964713677,Cigarettes,7,Myday,Bag,Distracted,Windy,,Mouth 10,Pinky,
2636,SadPython #2636,195,155.47994132988583,Phone,7,Cemento,Firefight,Crying,Firefighter,,Mouth 9,Cyan,
2392,SadPython #2392,196,155.42711642443024,Ledger,7,Cemento,Rocknrolla,Sceptic,Pfc,,Mouth 7,Amarillo,
2366,SadPython #2366,197,155.33270750988143,Palm,7,Myday,Starducks,Shocked,,,Mouth 5,Amarillo,Solana
586,SadPython #586,198,155.052176279018,Cigarettes,7,Misty,Sweater,Lament,Dora,,Mouth 6,Ultramar,
2543,SadPython #2543,199,154.97036774511338,Palm,6,Myday,Jaunes,Distracted,,,Mouth 14,Amarillo,
338,SadPython #338,200,154.78783958302532,Enzyme,7,95S,Rocknrolla,Distracted,French,,Mouth 1,Honeycheese,
681,SadPython #681,201,154.37807444271974,Fishrode,7,Dark,Deliveryboy,Energetic,French,,Mouth 9,Green,
1935,SadPython #1935,202,154.33615858593257,Pypotion,7,Misty,Tommy,Dazed,Pylice,,Mouth 7,Charcoal,
32,SadPython #32,203,154.33419274355575,Palm,7,Misty,Marty,Dazed,French,,Mouth 11,Green,
86,SadPython #86,204,154.3289210789211,Mechatail,6,Myday,Tatoes,Shocked,,,Mouth 7,Green,
778,SadPython #778,205,154.11777236732325,Zippo,7,95S,Fishman,Dead,Oldy,,Mouth 3,Ruby,
1314,SadPython #1314,206,153.89488209159262,Beer,6,Dark,Mesa,Distracted,,,Mouth 9,Green,
3361,SadPython #3361,207,153.64856771518131,Razorblade,7,Misty,Pyman,Distracted,Fishman,,Mouth 4,Cyan,
2837,SadPython #2837,208,153.58267853855082,Ledger,7,Cemento,Rocknrolla,Painful,Fishman,,Mouth 8,Pinky,
1317,SadPython #1317,209,153.47017858493126,Calc,7,Myday,Starducks,Painful,Starducks,,Mouth 6,Charcoal,
2135,SadPython #2135,210,153.3024689440994,Phone,7,Misty,Astro,Sorry,Oldy,,Mouth 7,Ultramar,
2387,SadPython #2387,211,153.15837129368074,Soap,7,Misty,Sweater,Dead,Shao,,Mouth 6,Honeycheese,
3063,SadPython #3063,212,153.06713737838157,Dope,7,Dark,Tommy,Shocked,Mrsdavis,,Mouth 8,Ultramar,
270,SadPython #270,213,152.65872561667615,Psycho,7,Myday,Redshirt,Lament,Pylice,,Mouth 2,Ultramar,
2818,SadPython #2818,214,152.49002762225416,,6,Dark,Feelsgood,Crying,Rider,,Mouth 11,Green,
2192,SadPython #2192,215,152.3460133058343,,6,Myday,Starducks,Dazed,Livingstone,,Mouth 16,Honeycheese,
831,SadPython #831,216,152.27635442360844,Palm,6,Dark,Firefight,Dead,,,Mouth 11,Amarillo,
1434,SadPython #1434,217,151.77270177754693,Razorblade,7,Misty,Mets,Distracted,Mrsdavis,,Mouth 6,Ultramar,
2589,SadPython #2589,218,151.76366022747894,Ledger,7,Cemento,Office,Shocked,French,,Mouth 10,Honeycheese,
1930,SadPython #1930,219,151.68488885256622,Knife,7,95S,Bag,Dead,Firefighter,,Mouth 10,Violet,
1805,SadPython #1805,220,151.66845567476003,,6,Misty,Astro,Energetic,Pfc,,Mouth 12,Violet,
1953,SadPython #1953,221,151.62460128230816,Strike,7,Misty,Firefight,Closed,Windy,,Mouth 7,Honeycheese,
1981,SadPython #1981,222,151.44825665875388,Fishrode,7,Dark,Redshirt,Lament,Windy,,Mouth 4,Cyan,
1881,SadPython #1881,223,151.34922801335162,Beer,7,Cemento,Jaunes,Painful,Peasant,,Mouth 8,Cyan,
3438,SadPython #3438,224,151.17332238366845,Phone,7,Misty,Bag,Shocked,Oldy,,Mouth 1,Stone,
1272,SadPython #1272,225,150.23276714734936,Mechatail,6,Misty,Rocknrolla,Sorry,,,Mouth 7,Cyan,
2516,SadPython #2516,226,150.1586296011201,Alienblaster,7,Myday,Rocknrolla,Shocked,Lordofwar,,Mouth 14,Amarillo,
1845,SadPython #1845,227,149.71001224739743,Tnt,7,Myday,Firefight,Painful,Firefighter,,Mouth 6,Amarillo,
924,SadPython #924,228,149.59120379703498,Soap,7,Cemento,Tommy,Energetic,Punk,,Mouth 5,Honeycheese,
2783,SadPython #2783,229,149.5791699604743,,6,Misty,Feelsgood,Energetic,Pylice,,Mouth 5,Ultramar,
2771,SadPython #2771,230,149.227049862018,Cigarettes,7,Dark,Pyman,Energetic,Lordofwar,,Mouth 14,Stone,
2019,SadPython #2019,231,148.72552550618136,Zubenyakov,7,Cemento,Starducks,Distracted,Shao,,Mouth 13,Ultramar,
1456,SadPython #1456,232,148.63032597669158,Palm,7,Cemento,Redshirt,Dazed,Oldy,,Mouth 3,Honeycheese,
127,SadPython #127,233,148.44799548277808,Vaxpass,7,95S,Prisoner,Painful,French,,Mouth 10,Ultramar,
3068,SadPython #3068,234,148.27853938669523,Cigarettes,7,Myday,Rocknrolla,Sorry,Pfc,,Mouth 8,Charcoal,
689,SadPython #689,235,148.19296118641086,Soap,7,Dark,Mets,Lament,Fishman,,Mouth 8,Ultramar,
3180,SadPython #3180,236,147.23093132573425,,7,Dark,Mets,Dazed,Windy,,Mouth 16,Ultramar,Bitcoin
1712,SadPython #1712,237,147.15261077595173,Zippo,7,Dark,Starducks,Sceptic,Jokage,,Mouth 10,Green,
1880,SadPython #1880,238,147.05503692920203,Strike,7,Cemento,Bag,Lament,Punk,,Mouth 6,Green,
2712,SadPython #2712,239,146.72522240032058,Vaxpass,7,Misty,Tommy,Distracted,Oldy,,Mouth 7,Honeycheese,
502,SadPython #502,240,146.5929652408113,Tnt,7,Misty,Bag,Sceptic,Firefighter,,Mouth 3,Violet,
3041,SadPython #3041,241,146.41292348955392,Calc,7,Myday,Tommy,Lament,French,,Mouth 9,Stone,
1916,SadPython #1916,242,146.1122233201581,Beer,7,Misty,Sweater,Energetic,Xtzblu,,Mouth 12,Green,
682,SadPython #682,243,146.07401185770752,,6,95S,Prisoner,Painful,Xtzblu,,Mouth 15,Amarillo,
2201,SadPython #2201,244,145.6311359063472,,6,Misty,Jaunes,Distracted,Pfc,,Mouth 6,Ruby,
1031,SadPython #1031,245,145.55742344695028,Ledger,7,Cemento,Sweater,Dead,Punk,,Mouth 10,Cyan,
1937,SadPython #1937,246,145.4505928853755,Zubenyakov,7,95S,Casual,Distracted,Pfc,,Mouth 12,Ultramar,
913,SadPython #913,247,145.39345002823265,Gun,7,95S,Prisoner,Sceptic,Livingstone,,Mouth 7,Violet,
1842,SadPython #1842,248,145.00786368094148,Nitrilglove,7,Myday,Fishman,Sorry,Chocohaircut,,Mouth 9,Green,
2368,SadPython #2368,249,144.85328519306782,Iwatch,7,95S,Marty,Sorry,Starducks,,Mouth 12,Ruby,
795,SadPython #795,250,144.83857328987267,Nitrilglove,7,Cemento,Tommy,Dazed,Peasant,,Mouth 11,Charcoal,
3254,SadPython #3254,251,144.8061866215976,,6,Myday,Astro,Sceptic,Pfc,,Mouth 7,Charcoal,
739,SadPython #739,252,144.4213271602677,Psycho,7,95S,Rocknrolla,Lament,Peasant,,Mouth 8,Amarillo,
263,SadPython #263,253,144.3390997376793,Zippo,7,Dark,Deliveryboy,Distracted,Rider,,Mouth 15,Amarillo,
1703,SadPython #1703,254,144.3337527148798,Beer,7,Myday,Bag,Shocked,Jokage,,Mouth 4,Pinky,
1040,SadPython #1040,255,143.9844865451424,Iwatch,7,Cemento,Marty,Painful,Firefighter,,Mouth 13,Ruby,
776,SadPython #776,256,143.86908557939503,,7,Misty,Deliveryboy,Shocked,Pfc,,Mouth 6,Honeycheese,Bitcoin
308,SadPython #308,257,143.69831343971597,Palm,7,Misty,Sweater,Energetic,Lordofwar,,Mouth 13,Honeycheese,
2539,SadPython #2539,258,143.67673932514262,Iwatch,7,95S,Chester,Sceptic,French,,Mouth 16,Violet,
1731,SadPython #1731,259,143.54196800802697,Egg,7,Cemento,Rocknrolla,Crying,Xtzblu,,Mouth 8,Cyan,
361,SadPython #361,260,143.49999105272082,Palm,7,Misty,Tatoes,Dead,Pylice,,Mouth 2,Cyan,
1329,SadPython #1329,261,143.1005957086392,Iwatch,6,Misty,Pylice,Sorry,,,Mouth 9,Amarillo,
2533,SadPython #2533,262,142.97669359909213,Gun,7,Myday,Dale,Painful,Shao,,Mouth 11,Charcoal,
3343,SadPython #3343,263,142.8086195065846,Iwatch,7,Cemento,Redshirt,Dead,Oldy,,Mouth 16,Green,
359,SadPython #359,264,142.77134809598027,Pypotion,7,Myday,Redshirt,Sceptic,Firefighter,,Mouth 6,Pinky,
3049,SadPython #3049,265,142.35955427326692,Palm,7,Myday,Rocknrolla,Sceptic,Jokage,,Mouth 11,Cyan,
457,SadPython #457,266,142.15800905084026,Zubenyakov,6,Dark,Astro,Sceptic,,,Mouth 16,Ultramar,
2045,SadPython #2045,267,141.9490640473645,Tnt,7,Myday,Fishman,Sorry,Starducks,,Mouth 16,Pinky,
711,SadPython #711,268,141.92061537263436,Soap,7,Dark,Dale,Crying,French,,Mouth 10,Ultramar,
2478,SadPython #2478,269,141.79395057665047,Iwatch,7,Cemento,Rocknrolla,Closed,,,Mouth 3,Ruby,Tezos
923,SadPython #923,270,141.73560837221032,Vaxpass,6,Misty,Firefight,Painful,,,Mouth 9,Pinky,
3098,SadPython #3098,271,141.59434066212322,Vaxpass,7,Dark,Pyman,Sorry,,,Mouth 3,Violet,Solana
2557,SadPython #2557,272,141.58191894865547,Cigarettes,7,Myday,Tommy,Shocked,Rider,,Mouth 5,Charcoal,
2848,SadPython #2848,273,141.4333887840218,Ledger,7,Myday,Deliveryboy,Sceptic,Punk,,Mouth 2,Cyan,
3008,SadPython #3008,274,140.99019995615046,Knife,7,Dark,Casual,Crying,Pfc,,Mouth 1,Honeycheese,
1205,SadPython #1205,275,140.8792207792208,Enzyme,6,Myday,Deliveryboy,Painful,,,Mouth 5,Ruby,
1035,SadPython #1035,276,140.80546036795354,,6,Cemento,Dungeonmaster,Sceptic,Peasant,,Mouth 9,Honeycheese,
2943,SadPython #2943,277,140.7926528277215,Razorblade,7,Myday,Prisoner,Dead,Oldy,,Mouth 7,Amarillo,
3330,SadPython #3330,278,140.6950192020606,Beer,7,Misty,Jaunes,Distracted,Peasant,,Mouth 7,Charcoal,
2334,SadPython #2334,279,140.62573495929036,,6,95S,Pylice,Sorry,Punk,,Mouth 10,Ruby,
554,SadPython #554,280,140.54182084976455,Zippo,7,Cemento,Redshirt,Sorry,Firefighter,,Mouth 2,Honeycheese,
3054,SadPython #3054,281,140.3496615290415,Nitrilglove,7,Cemento,Tatoes,Crying,Punk,,Mouth 12,Stone,
1080,SadPython #1080,282,140.33296806362392,Phone,7,Cemento,Chester,Lament,Mrsdavis,,Mouth 10,Ruby,
2823,SadPython #2823,283,140.23199647645814,Phone,7,Dark,Pyman,Sceptic,,,Mouth 13,Stone,Bitcoin
1803,SadPython #1803,284,140.21405162687662,Spoon,6,Dark,Rocknrolla,Dead,,,Mouth 8,Violet,
1258,SadPython #1258,285,140.10449778942927,Razorblade,7,Myday,Prisoner,Energetic,Windy,,Mouth 9,Pinky,
3001,SadPython #3001,286,139.9402949988369,,5,Cemento,Mesa,Painful,,,Mouth 5,Charcoal,
3429,SadPython #3429,287,139.66370741883705,Pypotion,7,Dark,Deliveryboy,Painful,Pylice,,Mouth 3,Cyan,
2616,SadPython #2616,288,139.15514979693563,Soap,7,Misty,Tatoes,Dazed,,,Mouth 3,Pinky,Tezos
66,SadPython #66,289,139.05170089804145,Enzyme,6,Myday,Mets,Lament,,,Mouth 3,Charcoal,
202,SadPython #202,290,138.86594003822265,Zubenyakov,7,95S,Tommy,Lament,Starducks,,Mouth 13,Ultramar,
571,SadPython #571,291,138.81241829620672,Soap,7,Myday,Rocknrolla,Crying,Peasant,,Mouth 16,Pinky,
175,SadPython #175,292,138.18583784570598,Ledger,7,Dark,Redshirt,Dazed,Rider,,Mouth 4,Charcoal,
2812,SadPython #2812,293,138.11945988793815,Pypotion,7,Myday,Tatoes,Energetic,Lordofwar,,Mouth 13,Amarillo,
714,SadPython #714,294,138.00492425111656,Razorblade,7,Cemento,Redshirt,Energetic,Punk,,Mouth 14,Amarillo,
908,SadPython #908,295,137.9173458284319,Alienblaster,6,95S,Pyman,Shocked,,,Mouth 6,Pinky,
2100,SadPython #2100,296,137.8422416713721,Vaxpass,7,Misty,Chester,Shocked,Peasant,,Mouth 12,Violet,
345,SadPython #345,297,137.68308865047996,Vaxpass,7,95S,Mets,Shocked,Lordofwar,,Mouth 9,Violet,
2224,SadPython #2224,298,137.57357792594541,Strike,6,95S,Pylice,Energetic,,,Mouth 7,Charcoal,
1052,SadPython #1052,299,137.50706521739133,Beer,7,95S,Deliveryboy,Dead,Shao,,Mouth 9,Amarillo,
513,SadPython #513,300,137.33051144670955,Zippo,7,Dark,Dale,Painful,Peasant,,Mouth 13,Green,
2324,SadPython #2324,301,137.31531593276043,Dope,7,Dark,Marty,Dazed,Chocohaircut,,Mouth 12,Honeycheese,
297,SadPython #297,302,137.02645559409535,,7,Misty,Dale,Closed,Oldy,,Mouth 5,Amarillo,Bitcoin
706,SadPython #706,303,136.93621782366156,Razorblade,7,Dark,Sweater,Closed,Pylice,,Mouth 2,Honeycheese,
1658,SadPython #1658,304,136.86767035016425,Gun,7,95S,Casual,Lament,Dora,,Mouth 6,Stone,
313,SadPython #313,305,136.72525974025973,Calc,6,Misty,Jaunes,Painful,,,Mouth 7,Green,
906,SadPython #906,306,136.4514335786914,Zippo,7,Cemento,Prisoner,Distracted,Peasant,,Mouth 11,Pinky,
1480,SadPython #1480,307,136.25670538385182,Egg,7,Misty,Firefight,Shocked,Rider,,Mouth 1,Violet,
1477,SadPython #1477,308,136.06723994986987,Nitrilglove,7,Misty,Chester,Energetic,Rider,,Mouth 11,Ultramar,
2142,SadPython #2142,309,136.0046866177301,Alienblaster,6,Myday,Tommy,Sceptic,,,Mouth 5,Amarillo,
2573,SadPython #2573,310,135.96498749697508,Zippo,7,Myday,Dale,Sorry,Jokage,,Mouth 10,Violet,
1363,SadPython #1363,311,135.917938471512,Calc,7,Dark,Casual,Dazed,Windy,,Mouth 8,Ruby,
786,SadPython #786,312,135.6232328629184,Calc,7,95S,Dale,Dazed,Fishman,,Mouth 6,Pinky,
1155,SadPython #1155,313,135.28203360070543,Calc,6,95S,Tommy,Closed,,,Mouth 12,Charcoal,
2838,SadPython #2838,314,135.05454640888811,Iwatch,7,Myday,Sweater,Dead,,,Mouth 6,Ruby,Tezos
847,SadPython #847,315,134.97655985319028,,7,Myday,Chester,Lament,Firefighter,,Mouth 5,Stone,Bitcoin
2868,SadPython #2868,316,134.9619299640074,Razorblade,7,Myday,Dale,Painful,Rider,,Mouth 5,Green,
624,SadPython #624,317,134.8850764250916,Knife,7,95S,Prisoner,Dazed,Mrsdavis,,Mouth 8,Violet,
2793,SadPython #2793,318,134.78418762088975,Vaxpass,6,Myday,Firefight,Distracted,,,Mouth 14,Violet,
1841,SadPython #1841,319,134.4982993233975,Zippo,7,Misty,Sweater,Sorry,Oldy,,Mouth 13,Cyan,
1349,SadPython #1349,320,134.47196114038587,,5,Dark,Dungeonmaster,Closed,,,Mouth 7,Ultramar,
2230,SadPython #2230,321,134.36021470062204,Zippo,7,95S,Mets,Crying,Rider,,Mouth 7,Green,
389,SadPython #389,322,133.99226539809015,Pypotion,7,95S,Rocknrolla,Dazed,Rider,,Mouth 4,Ultramar,
896,SadPython #896,323,133.97105404759088,,7,Misty,Office,Sceptic,Fishman,,Mouth 6,Green,Bitcoin
3030,SadPython #3030,324,133.1858021051108,Soap,7,Dark,Casual,Shocked,Jokage,,Mouth 4,Cyan,
1373,SadPython #1373,325,133.1408518826711,Alienblaster,6,Dark,Mets,Sorry,,,Mouth 12,Stone,
2237,SadPython #2237,326,132.93472499885544,Gun,7,Myday,Chester,Sorry,Pfc,,Mouth 4,Stone,
167,SadPython #167,327,132.93324306868544,Alienblaster,6,Dark,Marty,Crying,,,Mouth 7,Charcoal,
3252,SadPython #3252,328,132.46364110214427,Zubenyakov,7,Cemento,Office,Closed,Oldy,,Mouth 8,Amarillo,
3295,SadPython #3295,329,132.2081302564712,Cigarettes,7,Dark,Prisoner,Distracted,French,,Mouth 10,Violet,
1361,SadPython #1361,330,132.1691267531429,Nitrilglove,7,95S,Deliveryboy,Dead,Oldy,,Mouth 2,Pinky,
3213,SadPython #3213,331,132.14203156582195,,6,Cemento,Redshirt,Closed,Livingstone,,Mouth 13,Honeycheese,
2880,SadPython #2880,332,132.11101248333455,Zippo,6,Dark,Fishman,Lament,,,Mouth 16,Amarillo,
1267,SadPython #1267,333,132.07186055602241,Soap,7,Dark,Deliveryboy,Distracted,Starducks,,Mouth 3,Violet,
2889,SadPython #2889,334,132.0456827725245,Zubenyakov,7,Misty,Firefight,Lament,Peasant,,Mouth 6,Violet,
2688,SadPython #2688,335,132.0086124566321,Fishrode,6,Myday,Mets,Sorry,,,Mouth 5,Charcoal,
2246,SadPython #2246,336,131.99407114624506,,7,Myday,Firefight,Sceptic,Peasant,,Mouth 10,Amarillo,Solana
2622,SadPython #2622,337,131.9089671279402,,6,95S,Prisoner,Lament,Livingstone,,Mouth 3,Ultramar,
58,SadPython #58,338,131.78971944145616,,6,Cemento,Prisoner,Painful,Dora,,Mouth 6,Ruby,
337,SadPython #337,339,131.1102050580998,Nitrilglove,6,Misty,Bag,Shocked,,,Mouth 7,Green,
2820,SadPython #2820,340,131.02669508852995,Cigarettes,7,Cemento,Prisoner,Sorry,French,,Mouth 6,Honeycheese,
2698,SadPython #2698,341,130.97763720150817,Dope,6,Misty,Astro,Sceptic,,,Mouth 12,Cyan,
2789,SadPython #2789,342,130.9602580391656,Zubenyakov,7,95S,Deliveryboy,Crying,Mrsdavis,,Mouth 14,Pinky,
3163,SadPython #3163,343,130.74769126544857,Palm,6,Cemento,Chester,Dead,,,Mouth 1,Charcoal,
2545,SadPython #2545,344,130.7279367618919,Zippo,6,Cemento,Mets,Dazed,,,Mouth 16,Honeycheese,
2412,SadPython #2412,345,130.64338952972494,Zubenyakov,7,Myday,Dale,Energetic,Windy,,Mouth 15,Amarillo,
3214,SadPython #3214,346,130.5718362231618,,7,Myday,Chester,Sceptic,Rider,,Mouth 11,Ruby,Tezos
286,SadPython #286,347,130.50350950222946,Enzyme,6,Dark,Redshirt,Sceptic,,,Mouth 1,Green,
1092,SadPython #1092,348,130.29422933380627,Strike,7,Cemento,Redshirt,Dazed,Mrsdavis,,Mouth 5,Stone,
580,SadPython #580,349,129.7595655018922,Alienblaster,6,Misty,Office,Lament,,,Mouth 2,Green,
1711,SadPython #1711,350,129.7427855427787,Fishrode,6,Cemento,Casual,Lament,,,Mouth 13,Cyan,
212,SadPython #212,351,129.7390295208133,,5,Dark,Mesa,Distracted,,,Mouth 13,Cyan,
3298,SadPython #3298,352,129.7232841251009,,5,Misty,Mesa,Shocked,,,Mouth 6,Violet,
1836,SadPython #1836,353,129.64926406390936,Gun,7,Dark,Sweater,Energetic,Dora,,Mouth 4,Violet,
727,SadPython #727,354,129.55456471898663,Zubenyakov,6,Myday,Astro,Closed,,,Mouth 6,Pinky,
2665,SadPython #2665,355,129.2877468798758,Egg,7,Cemento,Mets,Painful,Chocohaircut,,Mouth 3,Amarillo,
1233,SadPython #1233,356,129.24470500253014,Zubenyakov,7,95S,Sweater,Painful,Chocohaircut,,Mouth 2,Charcoal,
335,SadPython #335,357,129.23777953426216,Ledger,6,Dark,Tommy,Energetic,,,Mouth 7,Cyan,
2629,SadPython #2629,358,129.18762499772316,Gun,7,Myday,Deliveryboy,Painful,Mrsdavis,,Mouth 12,Cyan,
3004,SadPython #3004,359,129.04320551541085,Knife,7,Dark,Casual,Painful,,,Mouth 3,Amarillo,Bitcoin
2959,SadPython #2959,360,128.89081428335695,Enzyme,6,95S,Rocknrolla,Dazed,,,Mouth 10,Amarillo,
1330,SadPython #1330,361,128.87296919092535,Soap,7,Misty,Rocknrolla,Sceptic,Lordofwar,,Mouth 6,Ruby,
1515,SadPython #1515,362,128.55715371584938,Cigarettes,7,95S,Mets,Energetic,Peasant,,Mouth 13,Ruby,
1097,SadPython #1097,363,128.445253326214,Iwatch,7,95S,Dale,Lament,French,,Mouth 3,Ruby,
2309,SadPython #2309,364,128.43988281070273,Ledger,7,95S,Rocknrolla,Sorry,Pylice,,Mouth 3,Pinky,
241,SadPython #241,365,128.20819434939466,Cigarettes,6,Misty,Firefight,Dazed,,,Mouth 4,Cyan,
1050,SadPython #1050,366,128.0678653668168,,7,Myday,Pyman,Dazed,Windy,,Mouth 11,Honeycheese,Solana
1840,SadPython #1840,367,128.0067524084891,Fishrode,6,Cemento,Tatoes,Sorry,,,Mouth 6,Ruby,
3340,SadPython #3340,368,127.95602001167586,,7,Cemento,Marty,Sceptic,French,,Mouth 10,Violet,Bitcoin
1690,SadPython #1690,369,127.90061567314673,Knife,7,Misty,Dale,Lament,Mrsdavis,,Mouth 10,Amarillo,
1145,SadPython #1145,370,127.4202329504112,,6,Dark,Astro,Sorry,Oldy,,Mouth 9,Honeycheese,
142,SadPython #142,371,127.19422380036836,Strike,7,Cemento,Dale,Sceptic,Chocohaircut,,Mouth 2,Green,
403,SadPython #403,372,127.0873894897258,Razorblade,6,Myday,Pyman,Crying,,,Mouth 5,Ultramar,
356,SadPython #356,373,127.06758784206629,Egg,7,Dark,Rocknrolla,Crying,Starducks,,Mouth 14,Ultramar,
1779,SadPython #1779,374,126.94521530372468,Phone,7,95S,Pyman,Sceptic,Rider,,Mouth 10,Charcoal,
2173,SadPython #2173,375,126.83883326663907,,5,Myday,Dungeonmaster,Dazed,,,Mouth 9,Honeycheese,
28,SadPython #28,376,126.55814765410098,,5,Misty,Feelsgood,Energetic,,,Mouth 7,Amarillo,
2098,SadPython #2098,377,126.38547794504684,Knife,7,Cemento,Mets,Energetic,Chocohaircut,,Mouth 8,Violet,
1654,SadPython #1654,378,126.33193894464581,Zubenyakov,7,Misty,Mets,Distracted,Chocohaircut,,Mouth 11,Honeycheese,
3073,SadPython #3073,379,126.32027400517102,Zubenyakov,7,Dark,Fishman,Closed,Lordofwar,,Mouth 7,Violet,
1106,SadPython #1106,380,125.87561847072031,Calc,6,Cemento,Mets,Dead,,,Mouth 15,Honeycheese,
2977,SadPython #2977,381,125.81033223336765,Alienblaster,6,Dark,Dale,Shocked,,,Mouth 4,Honeycheese,
582,SadPython #582,382,125.74452563324974,Dope,6,Misty,Jaunes,Crying,,,Mouth 10,Green,
1518,SadPython #1518,383,125.73672162966224,Gun,7,95S,Fishman,Closed,Oldy,,Mouth 5,Pinky,
123,SadPython #123,384,125.62777718157469,,6,Cemento,Firefight,Energetic,Starducks,,Mouth 8,Honeycheese,
521,SadPython #521,385,125.61770817854914,Egg,7,Dark,Starducks,Lament,Pylice,,Mouth 12,Stone,
2027,SadPython #2027,386,125.55866935390189,,6,Misty,Firefight,Dazed,Fishman,,Mouth 7,Ruby,
2724,SadPython #2724,387,125.4960665561647,Calc,7,Myday,Casual,Shocked,,,Mouth 7,Honeycheese,Solana
1920,SadPython #1920,388,125.48149789498139,,6,95S,Pyman,Closed,Chocohaircut,,Mouth 12,Pinky,
2832,SadPython #2832,389,125.43889751552793,Phone,7,Myday,Prisoner,Sorry,Firefighter,,Mouth 10,Stone,
1008,SadPython #1008,390,125.33274812227494,Tnt,7,Cemento,Starducks,Sorry,Punk,,Mouth 10,Honeycheese,
498,SadPython #498,391,125.31805151370368,,6,95S,Tatoes,Distracted,Livingstone,,Mouth 8,Ultramar,
1352,SadPython #1352,392,125.30104726970085,Dope,7,95S,Tatoes,Distracted,Pylice,,Mouth 15,Cyan,
1325,SadPython #1325,393,125.26547685917619,Zubenyakov,7,Cemento,Casual,Dead,Starducks,,Mouth 11,Amarillo,
2784,SadPython #2784,394,125.16981534329359,,7,Myday,Sweater,Energetic,Chocohaircut,,Mouth 4,Amarillo,Tezos
36,SadPython #36,395,125.16416186981773,Cigarettes,7,Cemento,Tatoes,Shocked,Peasant,,Mouth 11,Ultramar,
2357,SadPython #2357,396,125.04410647831578,Phone,7,Cemento,Casual,Dazed,,,Mouth 3,Violet,Bitcoin
865,SadPython #865,397,124.9914651616791,Herrig,6,Cemento,Redshirt,Sceptic,,,Mouth 8,Stone,
2375,SadPython #2375,398,124.98621868073522,,6,95S,Pylice,Distracted,Pylice,,Mouth 3,Amarillo,
3367,SadPython #3367,399,124.87023574251835,Knife,7,Myday,Mets,Lament,Firefighter,,Mouth 12,Amarillo,
1821,SadPython #1821,400,124.70403351154972,Knife,6,Dark,Bag,Sorry,,,Mouth 12,Charcoal,
506,SadPython #506,401,124.67566442131047,Egg,7,95S,Deliveryboy,Closed,Chocohaircut,,Mouth 6,Amarillo,
106,SadPython #106,402,124.57408169633568,Nitrilglove,6,Dark,Tommy,Shocked,,,Mouth 12,Amarillo,
1847,SadPython #1847,403,124.56428339463436,Phone,7,Cemento,Office,Shocked,Lordofwar,,Mouth 5,Ultramar,
5,SadPython #5,404,124.28001662971175,,6,Myday,Astro,Lament,Rider,,Mouth 8,Ruby,
105,SadPython #105,405,124.15491602292248,,6,Misty,Jaunes,Energetic,Jokage,,Mouth 14,Violet,
748,SadPython #748,406,124.14464540575023,,7,Cemento,Rocknrolla,Dazed,Starducks,,Mouth 4,Pinky,Bitcoin
1476,SadPython #1476,407,124.0571082250919,Egg,7,Misty,Pyman,Dazed,Windy,,Mouth 4,Green,
638,SadPython #638,408,124.0006239263461,Dope,7,Misty,Redshirt,Dead,Chocohaircut,,Mouth 7,Stone,
3245,SadPython #3245,409,123.77981561720429,Zubenyakov,7,95S,Office,Dead,Lordofwar,,Mouth 5,Charcoal,
3399,SadPython #3399,410,123.59322421949139,Dope,7,Myday,Starducks,Sorry,,,Mouth 2,Pinky,Solana
2034,SadPython #2034,411,123.48483509177146,,6,Cemento,Astro,Shocked,Peasant,,Mouth 9,Charcoal,
1997,SadPython #1997,412,123.46321042254432,Gun,7,Cemento,Dale,Dead,Fishman,,Mouth 1,Ruby,
1989,SadPython #1989,413,123.41896490951984,Dope,7,Dark,Redshirt,Dead,Firefighter,,Mouth 6,Charcoal,
613,SadPython #613,414,123.30202938060289,Tnt,7,Dark,Starducks,Dazed,Jokage,,Mouth 7,Stone,
2316,SadPython #2316,415,123.10553359683793,,6,Myday,Deliveryboy,Energetic,Livingstone,,Mouth 10,Ultramar,
1221,SadPython #1221,416,123.00848143306362,Herrig,6,Myday,Rocknrolla,Dead,,,Mouth 8,Cyan,
3221,SadPython #3221,417,122.9760040082618,Iwatch,7,Cemento,Tatoes,Painful,French,,Mouth 7,Pinky,
3116,SadPython #3116,418,122.91785386230426,Tnt,7,Myday,Mets,Lament,,,Mouth 6,Green,Tezos
893,SadPython #893,419,122.90983029430801,Phone,7,95S,Starducks,Sorry,Rider,,Mouth 5,Ruby,
132,SadPython #132,420,122.63632949882266,Alienblaster,6,Cemento,Tatoes,Distracted,,,Mouth 9,Honeycheese,
3118,SadPython #3118,421,122.45181189777963,Pypotion,6,Myday,Chester,Distracted,,,Mouth 9,Honeycheese,
204,SadPython #204,422,122.38609448581518,Palm,6,Myday,Redshirt,Crying,,,Mouth 6,Ultramar,
1709,SadPython #1709,423,122.1168026500901,Egg,7,Cemento,Deliveryboy,Distracted,Mrsdavis,,Mouth 2,Green,
1133,SadPython #1133,424,121.95048815803668,Dope,7,Dark,Tatoes,Energetic,Chocohaircut,,Mouth 10,Green,
1593,SadPython #1593,425,121.94607187102318,,7,Myday,Starducks,Dead,Windy,,Mouth 3,Green,Solana
384,SadPython #384,426,121.84677822177822,Palm,6,Myday,Tatoes,Sorry,,,Mouth 8,Ruby,
719,SadPython #719,427,121.80218402079846,Fishrode,6,Misty,Rocknrolla,Sceptic,,,Mouth 10,Violet,
3402,SadPython #3402,428,121.7572307796536,,6,Misty,Tommy,Crying,Mrsdavis,,Mouth 9,Pinky,
1590,SadPython #1590,429,121.68625231910946,,6,Misty,Dale,Sorry,Xtzblu,,Mouth 8,Ultramar,
2000,SadPython #2000,430,121.67135019681639,Cigarettes,7,Dark,Tatoes,Energetic,Windy,,Mouth 3,Violet,
2328,SadPython #2328,431,121.5230258790367,,7,Dark,Marty,Distracted,French,,Mouth 14,Honeycheese,Solana
1528,SadPython #1528,432,121.51982936018294,Knife,7,Misty,Rocknrolla,Closed,Fishman,,Mouth 4,Violet,
1574,SadPython #1574,433,121.25746753246753,,6,95S,Marty,Energetic,Dora,,Mouth 11,Amarillo,
2021,SadPython #2021,434,121.14565486564874,,7,95S,Chester,Sorry,Fishman,,Mouth 6,Violet,Solana
3144,SadPython #3144,435,121.06081309994352,,7,Myday,Sweater,Distracted,Jokage,,Mouth 5,Ultramar,Bitcoin
3265,SadPython #3265,436,120.92796452109545,,5,Cemento,Dungeonmaster,Distracted,,,Mouth 13,Violet,
1299,SadPython #1299,437,120.9247682550008,Herrig,6,Myday,Tatoes,Dazed,,,Mouth 10,Green,
402,SadPython #402,438,120.90516452341485,Cigarettes,7,95S,Sweater,Lament,French,,Mouth 7,Cyan,
3235,SadPython #3235,439,120.79168223081265,Tnt,7,Myday,Tommy,Distracted,Peasant,,Mouth 13,Stone,
2975,SadPython #2975,440,120.67005717932749,Egg,7,Cemento,Rocknrolla,Sorry,Starducks,,Mouth 9,Ruby,
702,SadPython #702,441,120.59861545911761,Gun,7,Cemento,Rocknrolla,Crying,Peasant,,Mouth 15,Charcoal,
2479,SadPython #2479,442,120.26894590738026,,6,95S,Dale,Energetic,Mrsdavis,,Mouth 16,Stone,
2958,SadPython #2958,443,120.04866955200211,Phone,7,Misty,Sweater,Painful,Windy,,Mouth 14,Green,
2613,SadPython #2613,444,119.97946221988987,Strike,7,Misty,Redshirt,Closed,Pylice,,Mouth 13,Stone,
1360,SadPython #1360,445,119.82903010056269,Strike,7,Misty,Rocknrolla,Closed,Jokage,,Mouth 6,Cyan,
3149,SadPython #3149,446,119.60777725775066,Beer,7,Cemento,Fishman,Dead,Rider,,Mouth 2,Amarillo,
675,SadPython #675,447,119.46873488414583,Pypotion,6,Myday,Marty,Distracted,,,Mouth 4,Charcoal,
2662,SadPython #2662,448,119.32615003539809,Beer,6,Cemento,Pyman,Distracted,,,Mouth 15,Pinky,
3122,SadPython #3122,449,119.28722844661058,Gun,7,Myday,Fishman,Energetic,Lordofwar,,Mouth 8,Ultramar,
1702,SadPython #1702,450,119.07679736613778,Phone,7,Dark,Office,Energetic,Peasant,,Mouth 11,Ultramar,
783,SadPython #783,451,119.02932605346017,Palm,6,Cemento,Mets,Sorry,,,Mouth 5,Violet,
3109,SadPython #3109,452,118.95717217604458,,6,Misty,Fishman,Energetic,Firefighter,,Mouth 16,Ultramar,
965,SadPython #965,453,118.75755063292291,Dope,7,Cemento,Chester,Sceptic,Lordofwar,,Mouth 6,Pinky,
2799,SadPython #2799,454,118.47333479553251,Beer,7,95S,Fishman,Sorry,Lordofwar,,Mouth 4,Cyan,
117,SadPython #117,455,118.45674584823858,Dope,7,Myday,Dale,Dead,Jokage,,Mouth 5,Pinky,
1428,SadPython #1428,456,118.44157990989508,Razorblade,6,95S,Fishman,Painful,,,Mouth 1,Green,
2116,SadPython #2116,457,118.43021097030474,Vaxpass,6,95S,Pyman,Sceptic,,,Mouth 3,Stone,
1601,SadPython #1601,458,118.39366369217996,,7,Dark,Tatoes,Energetic,Punk,,Mouth 12,Cyan,Solana
1673,SadPython #1673,459,118.38393917368477,,6,Misty,Sweater,Dead,Dora,,Mouth 14,Amarillo,
1728,SadPython #1728,460,118.20529361942404,Egg,7,Myday,Casual,Painful,Lordofwar,,Mouth 7,Stone,
1509,SadPython #1509,461,118.03623979189564,,7,Cemento,Sweater,Sceptic,Jokage,,Mouth 13,Violet,Tezos
2633,SadPython #2633,462,117.85629664624796,,7,Misty,Deliveryboy,Shocked,Starducks,,Mouth 3,Stone,Solana
937,SadPython #937,463,117.84486000574842,Tnt,7,Cemento,Tatoes,Dazed,Fishman,,Mouth 4,Stone,
200,SadPython #200,464,117.80577121891503,,6,95S,Starducks,Shocked,Punk,,Mouth 16,Honeycheese,
2441,SadPython #2441,465,117.74703616005701,Tnt,7,Cemento,Office,Lament,Pylice,,Mouth 14,Honeycheese,
47,SadPython #47,466,117.73025780189958,Zippo,6,Myday,Casual,Crying,,,Mouth 1,Ruby,
11,SadPython #11,467,117.70905181632804,Dope,7,Dark,Office,Crying,Rider,,Mouth 1,Violet,
2108,SadPython #2108,468,117.68932227025572,Dope,7,Misty,Redshirt,Sceptic,Starducks,,Mouth 6,Violet,
1693,SadPython #1693,469,117.65560983306115,Beer,7,Misty,Deliveryboy,Crying,Windy,,Mouth 13,Ruby,
3021,SadPython #3021,470,117.6400630828938,Beer,7,Misty,Prisoner,Dazed,Peasant,,Mouth 8,Honeycheese,
1882,SadPython #1882,471,117.48324204245256,,6,Dark,Chester,Distracted,Xtzblu,,Mouth 4,Green,
404,SadPython #404,472,117.2895171442854,Knife,6,Misty,Fishman,Crying,,,Mouth 15,Stone,
2488,SadPython #2488,473,117.26019383601472,Pypotion,6,Misty,Marty,Distracted,,,Mouth 1,Violet,
2713,SadPython #2713,474,117.06224070219203,Tnt,7,Misty,Marty,Shocked,Peasant,,Mouth 3,Ruby,
3284,SadPython #3284,475,116.86305334381713,Zubenyakov,7,Dark,Deliveryboy,Shocked,Fishman,,Mouth 3,Pinky,
59,SadPython #59,476,116.83707082280318,Gun,7,Myday,Sweater,Distracted,Mrsdavis,,Mouth 8,Pinky,
1906,SadPython #1906,477,116.58250777899251,Strike,7,95S,Marty,Sorry,Peasant,,Mouth 14,Violet,
169,SadPython #169,478,116.5645726649662,,6,95S,Pyman,Lament,French,,Mouth 16,Green,
1488,SadPython #1488,479,116.47194708276798,,6,Myday,Starducks,Sceptic,Shao,,Mouth 1,Violet,
2671,SadPython #2671,480,116.40064987064373,Tnt,7,95S,Tatoes,Painful,Jokage,,Mouth 6,Stone,
3165,SadPython #3165,481,116.30001731871666,Knife,7,Cemento,Tatoes,Sorry,Oldy,,Mouth 12,Amarillo,
1217,SadPython #1217,482,116.08547379128625,,6,Dark,Jaunes,Sorry,Lordofwar,,Mouth 4,Pinky,
2112,SadPython #2112,483,115.80379082893968,Strike,6,95S,Bag,Sorry,,,Mouth 4,Pinky,
2391,SadPython #2391,484,115.55849745587162,Gun,7,Misty,Casual,Crying,Firefighter,,Mouth 1,Pinky,
1553,SadPython #1553,485,115.47577088951017,Strike,7,95S,Deliveryboy,Dazed,Punk,,Mouth 1,Stone,
742,SadPython #742,486,115.36449143772651,Tnt,7,95S,Marty,Crying,Peasant,,Mouth 2,Green,
61,SadPython #61,487,115.32248392605743,Zubenyakov,7,Dark,Deliveryboy,Dazed,Lordofwar,,Mouth 12,Green,
159,SadPython #159,488,115.21087880380675,Knife,7,Cemento,Sweater,Energetic,Starducks,,Mouth 4,Cyan,
2003,SadPython #2003,489,115.13434328132101,Egg,7,95S,Office,Distracted,Pylice,,Mouth 10,Ultramar,
2099,SadPython #2099,490,115.01162337662336,,6,Misty,Deliveryboy,Sorry,Shao,,Mouth 12,Ruby,
787,SadPython #787,491,115.0014221234872,Dope,7,Dark,Marty,Distracted,Peasant,,Mouth 1,Ultramar,
399,SadPython #399,492,114.77064177241522,Tnt,7,95S,Fishman,Sceptic,French,,Mouth 7,Amarillo,
2275,SadPython #2275,493,114.72550536420101,,6,95S,Tommy,Sceptic,Chocohaircut,,Mouth 12,Amarillo,
2350,SadPython #2350,494,114.71750653808434,Beer,7,Misty,Fishman,Dead,Pylice,,Mouth 7,Violet,
3327,SadPython #3327,495,114.55159324152595,Egg,7,Dark,Redshirt,Sorry,Punk,,Mouth 4,Ruby,
2785,SadPython #2785,496,114.53829431438128,Tnt,7,95S,Tatoes,Energetic,Oldy,,Mouth 8,Green,
1671,SadPython #1671,497,114.39466992162534,Tnt,7,Dark,Rocknrolla,Dead,Jokage,,Mouth 10,Ultramar,
397,SadPython #397,498,114.3565633451217,,6,Dark,Tommy,Energetic,Pylice,,Mouth 15,Amarillo,
1889,SadPython #1889,499,114.31422592734347,,6,Misty,Astro,Energetic,Peasant,,Mouth 6,Pinky,
699,SadPython #699,500,114.23763600586142,,5,95S,Pylice,Shocked,,,Mouth 5,Honeycheese,
1372,SadPython #1372,501,114.11124956124955,Vaxpass,6,Myday,Marty,Painful,,,Mouth 4,Stone,
2038,SadPython #2038,502,114.01694002701309,Strike,7,95S,Redshirt,Sceptic,French,,Mouth 10,Pinky,
1946,SadPython #1946,503,113.92117317761837,Beer,7,Myday,Rocknrolla,Dazed,Firefighter,,Mouth 13,Cyan,
1576,SadPython #1576,504,113.89260137146384,Razorblade,6,Myday,Chester,Sceptic,,,Mouth 9,Cyan,
2329,SadPython #2329,505,113.88141295767115,Razorblade,6,95S,Chester,Lament,,,Mouth 6,Ultramar,
1823,SadPython #1823,506,113.62930210787562,Gun,7,Dark,Prisoner,Dazed,,,Mouth 9,Violet,Solana
2403,SadPython #2403,507,113.55347493092266,,6,Cemento,Office,Energetic,Shao,,Mouth 1,Pinky,
3167,SadPython #3167,508,113.25113637173986,Strike,7,95S,Tatoes,Crying,Jokage,,Mouth 7,Violet,
2296,SadPython #2296,509,113.04768492377187,Egg,7,95S,Sweater,Energetic,French,,Mouth 9,Stone,
604,SadPython #604,510,112.86423167578815,Tnt,7,Cemento,Dale,Shocked,Windy,,Mouth 5,Amarillo,
2317,SadPython #2317,511,112.63236903066823,,5,Dark,Bag,Sceptic,,,Mouth 16,Cyan,
1297,SadPython #1297,512,112.61757836058483,Calc,6,Misty,Prisoner,Energetic,,,Mouth 14,Stone,
1941,SadPython #1941,513,112.58590747995132,Gun,7,Dark,Rocknrolla,Lament,Pylice,,Mouth 16,Honeycheese,
3300,SadPython #3300,514,112.54756356939747,Egg,7,Cemento,Dale,Lament,Jokage,,Mouth 3,Violet,
2191,SadPython #2191,515,112.26920942771615,Dope,7,95S,Sweater,Shocked,Windy,,Mouth 3,Stone,
2996,SadPython #2996,516,112.25677943024716,Soap,6,Misty,Starducks,Lament,,,Mouth 7,Honeycheese,
1589,SadPython #1589,517,112.24437772305322,Gun,7,Cemento,Mets,Sorry,Jokage,,Mouth 10,Charcoal,
626,SadPython #626,518,112.23944140213924,Knife,6,Dark,Firefight,Dazed,,,Mouth 6,Amarillo,
2571,SadPython #2571,519,112.21467128298374,,6,Dark,Tatoes,Lament,Shao,,Mouth 12,Pinky,
2072,SadPython #2072,520,112.20913551634182,Vaxpass,6,Cemento,Fishman,Lament,,,Mouth 2,Pinky,
1966,SadPython #1966,521,112.19763966574567,Knife,6,Myday,Bag,Sceptic,,,Mouth 6,Violet,
2462,SadPython #2462,522,112.14642594136883,Egg,7,Dark,Tatoes,Shocked,Windy,,Mouth 11,Pinky,
3184,SadPython #3184,523,112.14134151450438,Beer,6,Misty,Office,Lament,,,Mouth 15,Cyan,
1662,SadPython #1662,524,111.89199626166418,Palm,6,Myday,Rocknrolla,Dazed,,,Mouth 3,Green,
1605,SadPython #1605,525,111.82697930255651,,6,95S,Pyman,Energetic,Chocohaircut,,Mouth 10,Stone,
2133,SadPython #2133,526,111.76283819349403,Zubenyakov,7,Cemento,Deliveryboy,Sorry,Firefighter,,Mouth 10,Violet,
176,SadPython #176,527,111.62658905691978,,7,Misty,Deliveryboy,Dazed,Jokage,,Mouth 11,Cyan,Solana
3112,SadPython #3112,528,111.51791841763172,Knife,7,Cemento,Dale,Dazed,Windy,,Mouth 7,Cyan,
2007,SadPython #2007,529,111.49465891251604,,6,Myday,Dale,Sorry,Fishman,,Mouth 15,Green,
1381,SadPython #1381,530,111.13957013821602,Ledger,6,Dark,Rocknrolla,Dead,,,Mouth 3,Green,
550,SadPython #550,531,111.09251662971174,Knife,6,Myday,Office,Sorry,,,Mouth 15,Ultramar,
801,SadPython #801,532,110.90505338638265,Nitrilglove,6,95S,Dale,Closed,,,Mouth 6,Violet,
1917,SadPython #1917,533,110.82708278452567,Beer,7,Dark,Deliveryboy,Distracted,Firefighter,,Mouth 7,Pinky,
383,SadPython #383,534,110.81741435470765,Egg,7,Misty,Office,Sorry,Pylice,,Mouth 5,Honeycheese,
2553,SadPython #2553,535,110.8011680814802,,7,Cemento,Redshirt,Sceptic,Jokage,,Mouth 10,Honeycheese,Solana
3043,SadPython #3043,536,110.79343333604285,Gun,6,Myday,Firefight,Crying,,,Mouth 3,Cyan,
3287,SadPython #3287,537,110.60023856578205,Palm,6,Misty,Deliveryboy,Lament,,,Mouth 7,Amarillo,
1624,SadPython #1624,538,110.53629105506653,Dope,7,Cemento,Rocknrolla,Shocked,Jokage,,Mouth 13,Pinky,
642,SadPython #642,539,110.42769927440979,Ledger,6,Dark,Sweater,Lament,,,Mouth 13,Green,
3223,SadPython #3223,540,110.39143053631622,Zippo,6,95S,Casual,Sceptic,,,Mouth 2,Pinky,
2866,SadPython #2866,541,110.25758454637123,Egg,7,Myday,Redshirt,Distracted,French,,Mouth 10,Cyan,
342,SadPython #342,542,110.12681189777963,Zippo,6,Myday,Deliveryboy,Dead,,,Mouth 9,Cyan,
1659,SadPython #1659,543,110.04817561086917,Beer,7,95S,Sweater,Sorry,Windy,,Mouth 5,Charcoal,
1400,SadPython #1400,544,110.04200928886176,Zippo,6,95S,Tatoes,Dazed,,,Mouth 9,Honeycheese,
112,SadPython #112,545,109.69451376113368,Tnt,6,95S,Prisoner,Distracted,,,Mouth 15,Honeycheese,
3032,SadPython #3032,546,109.68955695897874,Soap,6,Dark,Marty,Dead,,,Mouth 6,Green,
534,SadPython #534,547,109.55095889040707,,6,Dark,Office,Sceptic,Mrsdavis,,Mouth 2,Charcoal,
887,SadPython #887,548,109.54331635747498,Vaxpass,6,Myday,Fishman,Sceptic,,,Mouth 6,Stone,
3222,SadPython #3222,549,109.46882750707938,Razorblade,6,Myday,Dale,Lament,,,Mouth 10,Stone,
3065,SadPython #3065,550,109.38419866183841,Beer,7,95S,Dale,Lament,Pylice,,Mouth 4,Stone,
3040,SadPython #3040,551,109.25558415720775,Egg,7,Cemento,Tatoes,Sceptic,French,,Mouth 5,Honeycheese,
1992,SadPython #1992,552,108.92295506818762,,6,Misty,Sweater,Dazed,Starducks,,Mouth 15,Violet,
3267,SadPython #3267,553,108.81623212411942,,6,95S,Rocknrolla,Distracted,Mrsdavis,,Mouth 16,Green,
767,SadPython #767,554,108.75702613415137,,6,Myday,Deliveryboy,Energetic,Xtzblu,,Mouth 3,Violet,
1844,SadPython #1844,555,108.57312610594506,Strike,7,Misty,Redshirt,Sorry,,,Mouth 4,Green,Solana
78,SadPython #78,556,108.30520650088819,Razorblade,6,Dark,Mets,Distracted,,,Mouth 5,Honeycheese,
1846,SadPython #1846,557,107.92847333517545,,6,Misty,Casual,Shocked,Chocohaircut,,Mouth 14,Ruby,
2667,SadPython #2667,558,107.91808853830248,Nitrilglove,6,Cemento,Redshirt,Painful,,,Mouth 11,Green,
3227,SadPython #3227,559,107.88920089804144,Vaxpass,6,Myday,Mets,Sceptic,,,Mouth 1,Charcoal,
2916,SadPython #2916,560,107.80064724821894,,6,95S,Mets,Closed,Firefighter,,Mouth 14,Violet,
620,SadPython #620,561,107.78764700441987,Beer,6,95S,Pyman,Distracted,,,Mouth 8,Ruby,
33,SadPython #33,562,107.75906832569208,,6,Cemento,Office,Dead,Punk,,Mouth 12,Ruby,
249,SadPython #249,563,107.69204151305779,Calc,6,Cemento,Fishman,Lament,,,Mouth 11,Amarillo,
734,SadPython #734,564,107.59247196433495,Phone,7,Misty,Sweater,Dazed,Peasant,,Mouth 5,Ultramar,
826,SadPython #826,565,107.29246894409937,Beer,7,Myday,Sweater,Sorry,Oldy,,Mouth 7,Green,
2459,SadPython #2459,566,107.23573161885383,,6,Misty,Starducks,Lament,Chocohaircut,,Mouth 6,Charcoal,
909,SadPython #909,567,107.1648731501057,Iwatch,6,Myday,Starducks,Dazed,,,Mouth 9,Violet,
3315,SadPython #3315,568,107.10489960046851,Soap,6,Dark,Redshirt,Sceptic,,,Mouth 14,Honeycheese,
1759,SadPython #1759,569,106.97855651558059,Razorblade,6,Dark,Rocknrolla,Energetic,,,Mouth 10,Ruby,
80,SadPython #80,570,106.91629768322424,Cigarettes,6,Myday,Prisoner,Energetic,,,Mouth 6,Charcoal,
1261,SadPython #1261,571,106.76630155571895,Phone,7,Dark,Mets,Sorry,Peasant,,Mouth 7,Honeycheese,
992,SadPython #992,572,106.43350166091294,,6,95S,Bag,Sorry,Peasant,,Mouth 3,Amarillo,
914,SadPython #914,573,106.4089627682747,Vaxpass,6,Dark,Office,Energetic,,,Mouth 7,Pinky,
2150,SadPython #2150,574,106.4014379261232,Strike,6,Misty,Tommy,Crying,,,Mouth 1,Amarillo,
1391,SadPython #1391,575,106.30691730090176,Gun,7,Dark,Deliveryboy,Dazed,Jokage,,Mouth 5,Charcoal,
1892,SadPython #1892,576,106.24751690657017,Zubenyakov,7,Myday,Tatoes,Lament,Windy,,Mouth 3,Pinky,
907,SadPython #907,577,105.95986870401084,Beer,7,Misty,Rocknrolla,Distracted,Rider,,Mouth 14,Violet,
864,SadPython #864,578,105.74530581877137,Calc,6,Dark,Redshirt,Crying,,,Mouth 14,Amarillo,
1336,SadPython #1336,579,105.64908560805104,Phone,7,Cemento,Rocknrolla,Sceptic,Rider,,Mouth 4,Ruby,
1999,SadPython #1999,580,105.52252775673828,,6,Dark,Sweater,Dead,Shao,,Mouth 4,Green,
1139,SadPython #1139,581,105.37157557584842,Tnt,6,95S,Prisoner,Sorry,,,Mouth 16,Violet,
1984,SadPython #1984,582,105.3654136162345,Nitrilglove,6,Misty,Casual,Crying,,,Mouth 13,Violet,
1120,SadPython #1120,583,105.29929789889744,Soap,6,95S,Fishman,Sorry,,,Mouth 7,Violet,
3353,SadPython #3353,584,105.23935165754123,,6,Cemento,Sweater,Sorry,Chocohaircut,,Mouth 16,Amarillo,
120,SadPython #120,585,105.23299971556867,Egg,6,Cemento,Pyman,Painful,,,Mouth 1,Pinky,
1722,SadPython #1722,586,105.2120482774576,,6,Myday,Pyman,Crying,Windy,,Mouth 8,Cyan,
1858,SadPython #1858,587,105.08499898970443,Phone,7,95S,Sweater,Crying,Pylice,,Mouth 7,Pinky,
314,SadPython #314,588,105.0552895861902,Nitrilglove,6,Myday,Dale,Painful,,,Mouth 7,Amarillo,
1850,SadPython #1850,589,104.95813343732335,Dope,7,Misty,Redshirt,Lament,Peasant,,Mouth 4,Honeycheese,
1125,SadPython #1125,590,104.86435250343425,,6,95S,Starducks,Closed,Jokage,,Mouth 1,Violet,
3181,SadPython #3181,591,104.8266029378297,,6,Myday,Chester,Distracted,Rider,,Mouth 16,Charcoal,
657,SadPython #657,592,104.61420807453416,Phone,7,95S,Deliveryboy,Sceptic,Pylice,,Mouth 8,Amarillo,
863,SadPython #863,593,104.29912111159733,Knife,7,Misty,Rocknrolla,Energetic,Rider,,Mouth 3,Charcoal,
834,SadPython #834,594,104.26117881921968,Tnt,7,Myday,Tatoes,Energetic,Rider,,Mouth 7,Charcoal,
16,SadPython #16,595,103.90705055754903,,6,95S,Rocknrolla,Sorry,Shao,,Mouth 1,Charcoal,
1409,SadPython #1409,596,103.89472729762942,Gun,7,Dark,Rocknrolla,Dead,Punk,,Mouth 5,Amarillo,
2992,SadPython #2992,597,103.88970296851508,Gun,7,Dark,Office,Dazed,Pylice,,Mouth 4,Amarillo,
1585,SadPython #1585,598,103.75800905084026,Beer,6,Dark,Pyman,Lament,,,Mouth 10,Stone,
262,SadPython #262,599,103.51884409344945,Dope,6,Myday,Starducks,Sceptic,,,Mouth 14,Stone,
536,SadPython #536,600,103.44962152696785,Calc,6,Cemento,Prisoner,Sceptic,,,Mouth 1,Green,
1027,SadPython #1027,601,103.41178815286536,Gun,7,95S,Redshirt,Sorry,Rider,,Mouth 9,Charcoal,
2332,SadPython #2332,602,103.38853134209447,Iwatch,6,95S,Marty,Lament,,,Mouth 10,Charcoal,
2157,SadPython #2157,603,103.3574272455569,Dope,7,95S,Deliveryboy,Dazed,Pylice,,Mouth 6,Violet,
2869,SadPython #2869,604,103.27970322602333,,6,Misty,Redshirt,Sorry,Mrsdavis,,Mouth 2,Ruby,
2934,SadPython #2934,605,103.24491966956612,Beer,7,Myday,Deliveryboy,Sorry,Rider,,Mouth 1,Stone,
334,SadPython #334,606,103.22544187192447,Nitrilglove,6,Dark,Casual,Energetic,,,Mouth 5,Honeycheese,
1374,SadPython #1374,607,103.08277809147374,Phone,6,95S,Tommy,Lament,,,Mouth 11,Amarillo,
2683,SadPython #2683,608,102.64831969543263,Zubenyakov,6,Dark,Starducks,Dazed,,,Mouth 14,Cyan,
1198,SadPython #1198,609,102.60966346177428,Phone,7,Dark,Rocknrolla,Dazed,Pylice,,Mouth 1,Pinky,
2129,SadPython #2129,610,102.58294139418682,,6,Cemento,Pyman,Lament,Lordofwar,,Mouth 2,Honeycheese,
2608,SadPython #2608,611,102.4522370525608,Gun,7,Cemento,Rocknrolla,Dazed,Lordofwar,,Mouth 1,Stone,
897,SadPython #897,612,102.20334464181576,Gun,7,95S,Redshirt,Dead,,,Mouth 7,Green,Solana
2718,SadPython #2718,613,102.15984145442987,,6,Misty,Pyman,Shocked,Windy,,Mouth 10,Cyan,
1177,SadPython #1177,614,101.98836050999742,,5,Dark,Jaunes,Crying,,,Mouth 10,Violet,
1696,SadPython #1696,615,101.933047271758,,6,Myday,Office,Energetic,Starducks,,Mouth 6,Ruby,
460,SadPython #460,616,101.8657318694099,,6,Myday,Dale,Sorry,Mrsdavis,,Mouth 3,Ultramar,
388,SadPython #388,617,101.81441671529151,Egg,6,95S,Pyman,Dead,,,Mouth 13,Pinky,
3241,SadPython #3241,618,101.58236088390284,Tnt,7,Myday,Rocknrolla,Distracted,Rider,,Mouth 9,Pinky,
3447,SadPython #3447,619,101.57913229985549,,6,Misty,Chester,Closed,Punk,,Mouth 6,Green,
812,SadPython #812,620,101.50123563620816,,6,95S,Office,Energetic,Starducks,,Mouth 1,Ultramar,
2154,SadPython #2154,621,101.30659157775862,Calc,6,Dark,Mets,Energetic,,,Mouth 5,Amarillo,
218,SadPython #218,622,100.90694688253906,Egg,7,95S,Rocknrolla,Sorry,Rider,,Mouth 13,Stone,
150,SadPython #150,623,100.74474025974025,Calc,6,Misty,Casual,Sorry,,,Mouth 11,Green,
1904,SadPython #1904,624,100.63805023022631,Dope,6,95S,Pyman,Distracted,,,Mouth 10,Violet,
797,SadPython #797,625,100.63804065499717,Iwatch,6,95S,Marty,Energetic,,,Mouth 5,Stone,
2413,SadPython #2413,626,100.57918519031661,Knife,7,Dark,Redshirt,Lament,Peasant,,Mouth 7,Pinky,
2852,SadPython #2852,627,100.53293372717042,,6,Cemento,Chester,Lament,Chocohaircut,,Mouth 6,Stone,
2481,SadPython #2481,628,100.48547316373403,Tnt,6,95S,Chester,Closed,,,Mouth 4,Stone,
2248,SadPython #2248,629,100.28144096624477,Gun,6,Misty,Office,Closed,,,Mouth 11,Ultramar,
500,SadPython #500,630,99.96087420144922,Phone,6,95S,Tommy,Distracted,,,Mouth 3,Pinky,
2058,SadPython #2058,631,99.79879337160281,Gun,7,Misty,Deliveryboy,Lament,Windy,,Mouth 6,Cyan,
1192,SadPython #1192,632,99.7861558772635,Soap,6,Cemento,Rocknrolla,Shocked,,,Mouth 5,Cyan,
486,SadPython #486,633,99.76565194343057,Beer,6,Misty,Rocknrolla,Dead,,,Mouth 16,Amarillo,
741,SadPython #741,634,99.67160452450774,Dope,6,Misty,Marty,Sceptic,,,Mouth 9,Ruby,
3406,SadPython #3406,635,99.62969928130121,Iwatch,6,Myday,Marty,Shocked,,,Mouth 5,Pinky,
1426,SadPython #1426,636,99.49675299374384,Iwatch,6,Myday,Fishman,Shocked,,,Mouth 4,Amarillo,
3000,SadPython #3000,637,99.38457647881316,Nitrilglove,6,Misty,Rocknrolla,Shocked,,,Mouth 6,Charcoal,
3394,SadPython #3394,638,99.37609679480481,Beer,6,Myday,Casual,Closed,,,Mouth 2,Cyan,
1047,SadPython #1047,639,99.16506312024138,Cigarettes,6,Dark,Tatoes,Sceptic,,,Mouth 11,Honeycheese,
2576,SadPython #2576,640,99.08153364470085,,6,Cemento,Casual,Crying,Fishman,,Mouth 3,Stone,
759,SadPython #759,641,98.93895229678206,,6,Cemento,Marty,Energetic,Starducks,,Mouth 7,Ultramar,
2612,SadPython #2612,642,98.8515268436407,,6,Myday,Mets,Dead,Punk,,Mouth 12,Pinky,
804,SadPython #804,643,98.79552806583649,Soap,6,95S,Redshirt,Sorry,,,Mouth 4,Honeycheese,
2009,SadPython #2009,644,98.45408268669222,Strike,6,Misty,Prisoner,Crying,,,Mouth 3,Cyan,
1282,SadPython #1282,645,97.96502753966409,Razorblade,6,Cemento,Rocknrolla,Sorry,,,Mouth 5,Pinky,
2719,SadPython #2719,646,97.89377737112368,,6,Cemento,Chester,Distracted,Oldy,,Mouth 1,Ruby,
2780,SadPython #2780,647,97.75711652534194,,5,95S,Astro,Sceptic,,,Mouth 7,Cyan,
121,SadPython #121,648,97.67331095325096,,7,Myday,Rocknrolla,Sceptic,Rider,,Mouth 7,Stone,Solana
2744,SadPython #2744,649,97.63205741626794,,6,Dark,Starducks,Sorry,Lordofwar,,Mouth 7,Ruby,
1019,SadPython #1019,650,97.60619380619379,Calc,6,Myday,Casual,Distracted,,,Mouth 13,Green,
1636,SadPython #1636,651,97.5403090372861,,6,95S,Dale,Lament,Starducks,,Mouth 11,Cyan,
1578,SadPython #1578,652,97.39130917709294,,6,95S,Chester,Lament,Oldy,,Mouth 2,Stone,
2600,SadPython #2600,653,97.13546665199208,,6,Cemento,Starducks,Shocked,Oldy,,Mouth 7,Violet,
2106,SadPython #2106,654,97.12761935119578,,6,Misty,Mets,Shocked,Chocohaircut,,Mouth 7,Cyan,
2402,SadPython #2402,655,96.98197205779294,Calc,6,Misty,Tatoes,Sceptic,,,Mouth 3,Stone,
3240,SadPython #3240,656,96.93516549120032,Egg,6,Cemento,Redshirt,Crying,,,Mouth 12,Ultramar,
585,SadPython #585,657,96.67245360160832,Gun,7,Dark,Redshirt,Energetic,Peasant,,Mouth 3,Green,
3335,SadPython #3335,658,96.64098410210478,,6,Misty,Pyman,Lament,Jokage,,Mouth 7,Green,
1801,SadPython #1801,659,96.57828105874904,,5,Myday,Bag,Shocked,,,Mouth 13,Cyan,
919,SadPython #919,660,96.57655844155843,,6,Misty,Deliveryboy,Dead,,,Mouth 9,Violet,Bitcoin
3113,SadPython #3113,661,96.4703025316669,Beer,6,Myday,Chester,Painful,,,Mouth 3,Amarillo,
685,SadPython #685,662,96.44405307953195,,6,95S,Office,Shocked,Oldy,,Mouth 2,Green,
1244,SadPython #1244,663,96.44226600888591,,6,95S,Tatoes,Painful,French,,Mouth 12,Cyan,
1358,SadPython #1358,664,96.25682015897496,,5,Myday,Fishman,Painful,,,Mouth 15,Pinky,
452,SadPython #452,665,96.1878976416745,,6,Cemento,Fishman,Sorry,French,,Mouth 14,Pinky,
777,SadPython #777,666,96.10571927259967,Egg,6,Dark,Prisoner,Sceptic,,,Mouth 14,Cyan,
483,SadPython #483,667,95.61179171075806,,6,95S,Casual,Dead,Punk,,Mouth 10,Charcoal,
1545,SadPython #1545,668,95.59705030786436,Phone,6,Cemento,Marty,Crying,,,Mouth 5,Honeycheese,
1431,SadPython #1431,669,95.57909047474263,,6,95S,Tatoes,Painful,Lordofwar,,Mouth 10,Ruby,
3124,SadPython #3124,670,95.28481895811339,Phone,6,Myday,Office,Shocked,,,Mouth 2,Honeycheese,
606,SadPython #606,671,95.2638737124944,,6,Misty,Deliveryboy,Distracted,Windy,,Mouth 16,Green,
2468,SadPython #2468,672,95.06624260896832,Tnt,6,Cemento,Chester,Dazed,,,Mouth 8,Honeycheese,
1533,SadPython #1533,673,94.93357155751981,,6,Cemento,Deliveryboy,Crying,Starducks,,Mouth 11,Pinky,
2655,SadPython #2655,674,94.77447206695089,Soap,6,Misty,Rocknrolla,Distracted,,,Mouth 1,Amarillo,
2068,SadPython #2068,675,94.48474338122598,Cigarettes,6,Dark,Deliveryboy,Energetic,,,Mouth 4,Honeycheese,
2672,SadPython #2672,676,94.44604862185426,Dope,6,Myday,Casual,Dazed,,,Mouth 14,Cyan,
1384,SadPython #1384,677,94.362987012987,Knife,6,Myday,Marty,Sceptic,,,Mouth 9,Ultramar,
3382,SadPython #3382,678,94.09159618517262,,6,Misty,Casual,Closed,Windy,,Mouth 4,Cyan,
2644,SadPython #2644,679,93.97031390338118,Strike,6,95S,Fishman,Lament,,,Mouth 4,Honeycheese,
2298,SadPython #2298,680,93.87990595514655,,6,95S,Tatoes,Sceptic,Pylice,,Mouth 16,Honeycheese,
183,SadPython #183,681,93.7479694358937,Iwatch,6,95S,Sweater,Energetic,,,Mouth 11,Cyan,
3224,SadPython #3224,682,93.50355050679123,,6,Cemento,Deliveryboy,Energetic,Chocohaircut,,Mouth 5,Charcoal,
1987,SadPython #1987,683,93.46995375592148,,6,Misty,Tatoes,Sorry,Firefighter,,Mouth 12,Cyan,
3377,SadPython #3377,684,93.36345914213717,Strike,6,Myday,Dale,Sceptic,,,Mouth 1,Ruby,
1949,SadPython #1949,685,93.33806324110671,,6,Misty,Marty,Dead,Jokage,,Mouth 10,Amarillo,
22,SadPython #22,686,93.20752873624927,Egg,6,Cemento,Office,Dead,,,Mouth 10,Violet,
2252,SadPython #2252,687,93.15003909134343,,6,95S,Marty,Closed,Pylice,,Mouth 13,Amarillo,
3101,SadPython #3101,688,92.7193186554265,Phone,6,Dark,Deliveryboy,Closed,,,Mouth 1,Honeycheese,
1582,SadPython #1582,689,92.70733669315757,,6,Myday,Prisoner,Distracted,,,Mouth 3,Ruby,Solana
3188,SadPython #3188,690,92.70357632916603,Phone,6,Misty,Dale,Dazed,,,Mouth 4,Ruby,
2897,SadPython #2897,691,92.64545454545454,,6,Myday,Casual,Distracted,Jokage,,Mouth 9,Ruby,
1260,SadPython #1260,692,92.46853448876705,Strike,6,Misty,Tatoes,Dazed,,,Mouth 11,Ultramar,
1741,SadPython #1741,693,92.46117844922085,,6,Dark,Deliveryboy,Dazed,Starducks,,Mouth 2,Honeycheese,
661,SadPython #661,694,92.2928342843597,,6,Cemento,Sweater,Distracted,Fishman,,Mouth 9,Stone,
2941,SadPython #2941,695,92.21791820182384,Beer,6,Dark,Office,Sorry,,,Mouth 11,Green,
758,SadPython #758,696,92.05492550980007,Dope,6,Dark,Dale,Energetic,,,Mouth 2,Cyan,
2094,SadPython #2094,697,91.95029189414402,Phone,6,Cemento,Office,Sceptic,,,Mouth 2,Violet,
1269,SadPython #1269,698,91.85720756021158,,6,Cemento,Rocknrolla,Dazed,,,Mouth 2,Violet,Tezos
126,SadPython #126,699,91.78695156114092,Calc,6,Dark,Rocknrolla,Lament,,,Mouth 1,Amarillo,
2534,SadPython #2534,700,91.71930329798131,Gun,6,Myday,Dale,Crying,,,Mouth 12,Stone,
1188,SadPython #1188,701,91.6764112808605,Egg,6,95S,Office,Sceptic,,,Mouth 8,Pinky,
2197,SadPython #2197,702,91.65952616808156,,6,95S,Tatoes,Dead,Punk,,Mouth 8,Stone,
3420,SadPython #3420,703,91.51773606827955,,6,Myday,Casual,Lament,Fishman,,Mouth 5,Amarillo,
2914,SadPython #2914,704,91.45743732864152,,6,Myday,Dale,Dazed,Punk,,Mouth 6,Ultramar,
2220,SadPython #2220,705,91.35637396023832,,6,Myday,Casual,Sorry,Chocohaircut,,Mouth 3,Amarillo,
331,SadPython #331,706,91.28942110767464,,6,Cemento,Dale,Distracted,Punk,,Mouth 8,Cyan,
1642,SadPython #1642,707,91.2769973407292,,6,Myday,Starducks,Lament,Peasant,,Mouth 1,Charcoal,
3059,SadPython #3059,708,91.18349825653367,Strike,6,Dark,Dale,Dead,,,Mouth 7,Cyan,
3400,SadPython #3400,709,91.1437582675875,,6,Cemento,Mets,Lament,Rider,,Mouth 12,Stone,
588,SadPython #588,710,91.1245898838004,,6,Dark,Starducks,Distracted,Pylice,,Mouth 9,Violet,
2235,SadPython #2235,711,90.91686229859899,,6,Cemento,Deliveryboy,Sorry,Chocohaircut,,Mouth 6,Ultramar,
1747,SadPython #1747,712,90.9077525264032,Egg,6,Cemento,Marty,Energetic,,,Mouth 1,Stone,
3339,SadPython #3339,713,90.9026097974136,,6,Myday,Casual,Closed,Rider,,Mouth 10,Green,
655,SadPython #655,714,90.68845285149632,Knife,6,Myday,Prisoner,Sceptic,,,Mouth 8,Amarillo,
1804,SadPython #1804,715,90.56950891214048,,6,Misty,Tatoes,Painful,Lordofwar,,Mouth 2,Green,
2393,SadPython #2393,716,90.40592038396385,Egg,6,Misty,Starducks,Distracted,,,Mouth 7,Amarillo,
89,SadPython #89,717,90.33437035374665,,6,95S,Prisoner,Distracted,Punk,,Mouth 3,Violet,
2708,SadPython #2708,718,90.2728064989517,Gun,6,Dark,Chester,Dazed,,,Mouth 14,Green,
72,SadPython #72,719,90.06398446098716,,6,Misty,Redshirt,Sorry,Punk,,Mouth 8,Charcoal,
282,SadPython #282,720,89.93241410183589,Zubenyakov,6,Dark,Prisoner,Distracted,,,Mouth 6,Stone,
173,SadPython #173,721,89.8514448132963,,6,Cemento,Marty,Sorry,Punk,,Mouth 1,Pinky,
390,SadPython #390,722,89.76430280246069,,6,Dark,Fishman,Sorry,Pylice,,Mouth 8,Stone,
1719,SadPython #1719,723,89.75261204002715,Tnt,6,Myday,Fishman,Lament,,,Mouth 4,Cyan,
1695,SadPython #1695,724,89.6968092070973,Knife,6,Myday,Office,Energetic,,,Mouth 1,Cyan,
1556,SadPython #1556,725,89.68829996090865,,6,Misty,Mets,Sceptic,Windy,,Mouth 13,Ultramar,
1377,SadPython #1377,726,89.4904136162345,,6,Misty,Tatoes,Dead,Firefighter,,Mouth 3,Green,
695,SadPython #695,727,88.9899123367212,,6,Dark,Office,Lament,Punk,,Mouth 7,Violet,
2495,SadPython #2495,728,88.77523774852149,Strike,6,95S,Casual,Distracted,,,Mouth 2,Violet,
2306,SadPython #2306,729,88.66594387254335,Phone,6,Myday,Redshirt,Shocked,,,Mouth 13,Charcoal,
2769,SadPython #2769,730,88.64176709648953,Dope,6,Dark,Mets,Sceptic,,,Mouth 13,Violet,
330,SadPython #330,731,88.6169226425748,Iwatch,6,95S,Sweater,Sceptic,,,Mouth 5,Green,
2200,SadPython #2200,732,88.57476442666264,,6,95S,Rocknrolla,Dead,Firefighter,,Mouth 2,Green,
2146,SadPython #2146,733,88.48845285149632,Zubenyakov,6,Myday,Chester,Distracted,,,Mouth 10,Amarillo,
3271,SadPython #3271,734,88.31701010853553,Knife,6,Cemento,Tatoes,Dead,,,Mouth 13,Ultramar,
437,SadPython #437,735,88.08846024942798,,6,Misty,Marty,Dead,Pylice,,Mouth 13,Honeycheese,
1283,SadPython #1283,736,88.03253284491701,,6,95S,Redshirt,Sorry,Starducks,,Mouth 13,Amarillo,
1837,SadPython #1837,737,88.01582921973137,,6,Dark,Dale,Dazed,French,,Mouth 13,Pinky,
942,SadPython #942,738,87.99828334349728,,6,Cemento,Redshirt,Sorry,French,,Mouth 12,Green,
548,SadPython #548,739,87.85237580755407,,6,Dark,Casual,Sceptic,Windy,,Mouth 9,Cyan,
902,SadPython #902,740,87.68489207846851,,6,Misty,Mets,Distracted,Lordofwar,,Mouth 5,Cyan,
2454,SadPython #2454,741,87.62727272727273,,6,Myday,Deliveryboy,Shocked,Oldy,,Mouth 7,Ruby,
227,SadPython #227,742,87.6069532723428,Knife,6,Dark,Marty,Sorry,,,Mouth 6,Cyan,
3234,SadPython #3234,743,87.40528801921982,,6,Cemento,Office,Distracted,Lordofwar,,Mouth 6,Violet,
272,SadPython #272,744,87.17608511969958,,6,Misty,Rocknrolla,Shocked,Firefighter,,Mouth 7,Ultramar,
381,SadPython #381,745,86.76019126544854,Phone,6,Cemento,Deliveryboy,Crying,,,Mouth 7,Charcoal,
700,SadPython #700,746,86.73159673158989,,6,Cemento,Casual,Lament,Peasant,,Mouth 12,Honeycheese,
472,SadPython #472,747,86.62181240117907,,6,Cemento,Mets,Dazed,French,,Mouth 4,Violet,
1318,SadPython #1318,748,86.27275904946117,Zubenyakov,6,Misty,Sweater,Sorry,,,Mouth 14,Stone,
1800,SadPython #1800,749,86.24043773845375,Tnt,6,Myday,Office,Sorry,,,Mouth 1,Violet,
3256,SadPython #3256,750,86.17649346368857,,6,Myday,Office,Sorry,Pylice,,Mouth 4,Ruby,
1631,SadPython #1631,751,86.07337585154842,Tnt,6,95S,Redshirt,Dazed,,,Mouth 2,Honeycheese,
350,SadPython #350,752,86.02835202748614,,6,Cemento,Mets,Dead,Peasant,,Mouth 11,Violet,
414,SadPython #414,753,86.02250824793823,,6,Dark,Fishman,Energetic,Pylice,,Mouth 4,Cyan,
737,SadPython #737,754,85.94692307386615,Beer,6,Dark,Tatoes,Dazed,,,Mouth 5,Stone,
842,SadPython #842,755,85.90974327997583,Tnt,6,Misty,Sweater,Dazed,,,Mouth 11,Stone,
1496,SadPython #1496,756,85.81746958352304,Zubenyakov,6,Myday,Sweater,Dazed,,,Mouth 3,Ruby,
3226,SadPython #3226,757,85.66516301317903,,6,Myday,Tatoes,Crying,Rider,,Mouth 13,Ruby,
2560,SadPython #2560,758,85.5971685099935,Strike,6,Dark,Rocknrolla,Shocked,,,Mouth 5,Stone,
137,SadPython #137,759,85.567776159767,Knife,6,Myday,Fishman,Sorry,,,Mouth 7,Amarillo,
2707,SadPython #2707,760,85.51585073810473,,6,Dark,Sweater,Shocked,Firefighter,,Mouth 4,Amarillo,
844,SadPython #844,761,85.36090280687054,,6,Myday,Deliveryboy,Shocked,French,,Mouth 11,Honeycheese,
1809,SadPython #1809,762,85.3355450576588,Dope,6,Dark,Sweater,Dead,,,Mouth 5,Violet,
1963,SadPython #1963,763,85.27427610230406,Dope,6,Cemento,Sweater,Sceptic,,,Mouth 2,Cyan,
2145,SadPython #2145,764,85.16155254912506,,5,Cemento,Casual,Crying,,,Mouth 16,Violet,
2359,SadPython #2359,765,85.07875861482174,Gun,6,95S,Marty,Distracted,,,Mouth 5,Charcoal,
1166,SadPython #1166,766,85.07216850999349,,6,Dark,Rocknrolla,Sceptic,French,,Mouth 11,Ultramar,
1076,SadPython #1076,767,84.96516345557441,,6,Myday,Casual,Sceptic,,,Mouth 4,Charcoal,Solana
505,SadPython #505,768,84.61388135816999,Beer,6,Myday,Tatoes,Crying,,,Mouth 7,Cyan,
2048,SadPython #2048,769,84.33138347784788,Knife,6,Misty,Deliveryboy,Dazed,,,Mouth 1,Charcoal,
600,SadPython #600,770,84.29347539684919,,6,Misty,Redshirt,Crying,Windy,,Mouth 3,Amarillo,
1555,SadPython #1555,771,84.10120691359576,Strike,6,95S,Rocknrolla,Lament,,,Mouth 6,Charcoal,
2791,SadPython #2791,772,84.02622046339806,,6,Cemento,Deliveryboy,Closed,Pylice,,Mouth 5,Amarillo,
2398,SadPython #2398,773,83.8316224074433,Knife,6,Misty,Casual,Sceptic,,,Mouth 1,Green,
429,SadPython #429,774,83.68824036375524,,6,Dark,Casual,Energetic,Pylice,,Mouth 10,Stone,
1806,SadPython #1806,775,83.67670407395806,,6,Dark,Tatoes,Sceptic,Lordofwar,,Mouth 8,Amarillo,
802,SadPython #802,776,83.59024390243901,Gun,6,Myday,Office,Shocked,,,Mouth 5,Violet,
2942,SadPython #2942,777,83.5830997949419,Knife,6,Dark,Deliveryboy,Shocked,,,Mouth 2,Green,
2675,SadPython #2675,778,83.49472579239566,,6,Misty,Tatoes,Shocked,Peasant,,Mouth 14,Honeycheese,
449,SadPython #449,779,83.46135647466393,,6,Dark,Deliveryboy,Dazed,Oldy,,Mouth 3,Amarillo,
1454,SadPython #1454,780,83.42167006287036,Tnt,6,Misty,Tatoes,Dazed,,,Mouth 13,Honeycheese,
2163,SadPython #2163,781,83.38840110708962,Egg,6,Misty,Redshirt,Sceptic,,,Mouth 5,Stone,
2549,SadPython #2549,782,83.34483319006574,,6,Misty,Marty,Dazed,Peasant,,Mouth 13,Violet,
348,SadPython #348,783,83.3403573003924,,5,Misty,Starducks,Closed,,,Mouth 3,Violet,
871,SadPython #871,784,83.16169917039481,,6,95S,Sweater,Dead,Lordofwar,,Mouth 13,Amarillo,
2805,SadPython #2805,785,82.92940256985855,,6,95S,Mets,Distracted,Rider,,Mouth 5,Stone,
3323,SadPython #3323,786,82.73260225591632,Zubenyakov,6,Cemento,Sweater,Shocked,,,Mouth 1,Honeycheese,
244,SadPython #244,787,82.52644361573871,,6,95S,Rocknrolla,Energetic,Punk,,Mouth 3,Stone,
41,SadPython #41,788,82.26731601952979,Tnt,6,Myday,Rocknrolla,Shocked,,,Mouth 2,Cyan,
1628,SadPython #1628,789,82.24256853069589,Strike,6,Cemento,Deliveryboy,Distracted,,,Mouth 5,Pinky,
3391,SadPython #3391,790,82.2252377485215,Tnt,6,95S,Deliveryboy,Sorry,,,Mouth 2,Stone,
976,SadPython #976,791,81.96355553017544,,6,95S,Chester,Distracted,Peasant,,Mouth 4,Honeycheese,
1570,SadPython #1570,792,81.95360723936197,Strike,6,Myday,Tatoes,Lament,,,Mouth 6,Amarillo,
3297,SadPython #3297,793,81.9156908088467,,6,Cemento,Rocknrolla,Painful,Rider,,Mouth 3,Stone,
1421,SadPython #1421,794,81.83624069306882,,5,Myday,Pyman,Shocked,,,Mouth 9,Pinky,
2440,SadPython #2440,795,81.69898455349397,,6,Misty,Redshirt,Sceptic,Jokage,,Mouth 3,Green,
3452,SadPython #3452,796,81.63263692828909,,6,95S,Deliveryboy,Distracted,Lordofwar,,Mouth 11,Green,
3238,SadPython #3238,797,81.51805097887187,Zubenyakov,6,Myday,Sweater,Dead,,,Mouth 1,Violet,
2900,SadPython #2900,798,81.47697871136127,Tnt,6,Cemento,Dale,Distracted,,,Mouth 7,Violet,
185,SadPython #185,799,81.39820971952982,Gun,6,Misty,Redshirt,Sceptic,,,Mouth 2,Ultramar,
1497,SadPython #1497,800,81.3480000133166,Zubenyakov,6,Myday,Rocknrolla,Distracted,,,Mouth 14,Green,
2400,SadPython #2400,801,81.34765215572705,Strike,6,Dark,Sweater,Sorry,,,Mouth 3,Amarillo,
1449,SadPython #1449,802,81.30679467152754,,5,Cemento,Tommy,Sceptic,,,Mouth 8,Pinky,
239,SadPython #239,803,81.29231430401992,,6,95S,Sweater,Dazed,Pylice,,Mouth 1,Ruby,
1758,SadPython #1758,804,81.17857196710256,,6,Cemento,Sweater,Lament,Punk,,Mouth 4,Pinky,
1839,SadPython #1839,805,81.1504692561443,,6,Misty,Sweater,Distracted,Jokage,,Mouth 2,Amarillo,
3288,SadPython #3288,806,80.98263750439548,Zubenyakov,6,Cemento,Sweater,Dazed,,,Mouth 13,Green,
1505,SadPython #1505,807,80.74870129870129,Zubenyakov,6,95S,Sweater,Energetic,,,Mouth 10,Amarillo,
2399,SadPython #2399,808,80.68013798893504,,6,Myday,Chester,Sorry,Rider,,Mouth 7,Pinky,
1002,SadPython #1002,809,80.55428404233656,Gun,6,Misty,Mets,Dazed,,,Mouth 6,Green,
3311,SadPython #3311,810,80.26839241839241,,6,Myday,Casual,Distracted,Pylice,,Mouth 4,Ultramar,
442,SadPython #442,811,80.17315607772498,,6,Cemento,Sweater,Distracted,Oldy,,Mouth 4,Amarillo,
523,SadPython #523,812,79.87484708235064,,6,95S,Redshirt,Distracted,Rider,,Mouth 11,Honeycheese,
1522,SadPython #1522,813,79.58952834768051,Beer,6,95S,Tatoes,Distracted,,,Mouth 4,Green,
659,SadPython #659,814,79.4924223775099,,6,95S,Rocknrolla,Crying,Pylice,,Mouth 8,Green,
729,SadPython #729,815,79.44684706570669,,5,95S,Tatoes,Sceptic,,,Mouth 15,Pinky,
2626,SadPython #2626,816,79.20384151450438,,6,Misty,Deliveryboy,Lament,Rider,,Mouth 8,Honeycheese,
704,SadPython #704,817,78.69498336987262,,5,95S,Tommy,Sorry,,,Mouth 2,Violet,
3453,SadPython #3453,818,78.69319550930996,,6,Myday,Rocknrolla,Lament,Lordofwar,,Mouth 10,Violet,
3079,SadPython #3079,819,77.98739338464738,,6,Dark,Sweater,Sceptic,Windy,,Mouth 5,Amarillo,
2213,SadPython #2213,820,77.94664153349292,,6,Myday,Redshirt,Shocked,Rider,,Mouth 4,Cyan,
2530,SadPython #2530,821,77.79743785597974,,5,Cemento,Casual,Dead,,,Mouth 12,Charcoal,
408,SadPython #408,822,77.77288066513478,Gun,6,95S,Casual,Distracted,,,Mouth 13,Pinky,
2991,SadPython #2991,823,77.44920836345997,,5,Cemento,Tatoes,Lament,,,Mouth 16,Green,
2888,SadPython #2888,824,77.2975822583983,,5,Dark,Sweater,Sorry,,,Mouth 15,Violet,
3024,SadPython #3024,825,76.96226847452616,,5,Misty,Prisoner,Closed,,,Mouth 4,Amarillo,
2343,SadPython #2343,826,76.76106070955024,,5,95S,Prisoner,Crying,,,Mouth 13,Charcoal,
3260,SadPython #3260,827,76.4492861837131,,6,Dark,Rocknrolla,Distracted,French,,Mouth 4,Pinky,
17,SadPython #17,828,76.31767878880784,Gun,6,Dark,Rocknrolla,Sorry,,,Mouth 14,Pinky,
1263,SadPython #1263,829,76.28440772126494,,5,Misty,Fishman,Energetic,,,Mouth 5,Ruby,
3070,SadPython #3070,830,75.35756081658916,,5,Myday,Prisoner,Crying,,,Mouth 8,Pinky,
247,SadPython #247,831,75.21208231450872,,5,Misty,Prisoner,Painful,,,Mouth 3,Green,
1737,SadPython #1737,832,74.94087775009194,,5,Myday,Deliveryboy,Closed,,,Mouth 11,Ultramar,
1861,SadPython #1861,833,74.51046284796284,,6,Myday,Tatoes,Lament,Peasant,,Mouth 4,Stone,
2407,SadPython #2407,834,74.43271958516038,Gun,6,95S,Tatoes,Distracted,,,Mouth 3,Honeycheese,
2428,SadPython #2428,835,73.87515652890262,,5,Cemento,Mets,Energetic,,,Mouth 14,Stone,
2336,SadPython #2336,836,73.85402807183388,,5,Misty,Chester,Dazed,,,Mouth 11,Honeycheese,
514,SadPython #514,837,73.50444079872943,Gun,6,Myday,Deliveryboy,Lament,,,Mouth 3,Honeycheese,
1682,SadPython #1682,838,72.986867972684,,5,Dark,Chester,Sorry,,,Mouth 10,Ultramar,
1401,SadPython #1401,839,72.94136802879441,,5,Myday,Chester,Crying,,,Mouth 10,Violet,
3321,SadPython #3321,840,72.88315550829321,,5,Misty,Dale,Painful,,,Mouth 2,Amarillo,
304,SadPython #304,841,72.4444750055345,,6,Myday,Sweater,Distracted,Rider,,Mouth 3,Amarillo,
2294,SadPython #2294,842,72.42942676852545,,5,Cemento,Prisoner,Sceptic,,,Mouth 8,Cyan,
2040,SadPython #2040,843,72.21430683816635,,5,Dark,Starducks,Distracted,,,Mouth 13,Amarillo,
838,SadPython #838,844,72.10455329779217,,5,Dark,Prisoner,Dead,,,Mouth 1,Pinky,
1230,SadPython #1230,845,72.06829164054932,,5,95S,Marty,Sceptic,,,Mouth 8,Stone,
83,SadPython #83,846,71.94934766796212,,6,Misty,Rocknrolla,Sorry,Pylice,,Mouth 4,Stone,
3313,SadPython #3313,847,71.68480939883001,,5,Myday,Fishman,Lament,,,Mouth 10,Honeycheese,
1304,SadPython #1304,848,71.20720514827786,,5,Misty,Office,Energetic,,,Mouth 10,Honeycheese,
1001,SadPython #1001,849,71.03420743660739,,5,Misty,Office,Sceptic,,,Mouth 2,Honeycheese,
3255,SadPython #3255,850,71.00906989214847,,5,95S,Prisoner,Dead,,,Mouth 1,Violet,
2161,SadPython #2161,851,70.8099515639034,,5,Cemento,Casual,Crying,,,Mouth 9,Green,
382,SadPython #382,852,70.3110003670032,,5,Misty,Sweater,Closed,,,Mouth 1,Cyan,
2352,SadPython #2352,853,69.51645861671,,5,Dark,Rocknrolla,Painful,,,Mouth 3,Ruby,
545,SadPython #545,854,69.02963333491688,,5,Myday,Dale,Crying,,,Mouth 10,Green,
1617,SadPython #1617,855,68.86753657755952,,5,Misty,Sweater,Energetic,,,Mouth 14,Charcoal,
2276,SadPython #2276,856,68.58073891176632,,5,Misty,Sweater,Closed,,,Mouth 6,Pinky,
2586,SadPython #2586,857,68.12425437346857,,5,Misty,Mets,Sceptic,,,Mouth 8,Green,
3147,SadPython #3147,858,67.45742207533193,,5,Myday,Sweater,Energetic,,,Mouth 9,Ruby,
780,SadPython #780,859,67.43913384123783,,5,95S,Rocknrolla,Crying,,,Mouth 11,Charcoal,
1681,SadPython #1681,860,67.41875986797407,,5,Misty,Mets,Shocked,,,Mouth 13,Violet,
1103,SadPython #1103,861,67.40174731530934,,5,Myday,Mets,Energetic,,,Mouth 11,Amarillo,
3019,SadPython #3019,862,67.29162692341069,,5,Dark,Sweater,Painful,,,Mouth 13,Honeycheese,
1907,SadPython #1907,863,67.26614709045703,,5,Cemento,Marty,Sceptic,,,Mouth 6,Honeycheese,
2727,SadPython #2727,864,67.21324112002489,,5,Dark,Chester,Sorry,,,Mouth 4,Honeycheese,
2164,SadPython #2164,865,67.20841104634016,,5,Dark,Sweater,Sorry,,,Mouth 14,Charcoal,
3141,SadPython #3141,866,67.2033476074185,,5,95S,Prisoner,Sceptic,,,Mouth 6,Pinky,
601,SadPython #601,867,66.6054562574342,,5,Cemento,Rocknrolla,Dazed,,,Mouth 11,Ruby,
1764,SadPython #1764,868,66.42132955560493,,5,Myday,Deliveryboy,Shocked,,,Mouth 14,Cyan,
2348,SadPython #2348,869,66.34371248281116,,5,Cemento,Sweater,Dead,,,Mouth 9,Honeycheese,
265,SadPython #265,870,66.20302570104545,,5,Cemento,Redshirt,Dazed,,,Mouth 8,Cyan,
1437,SadPython #1437,871,66.09376591540284,,5,Dark,Casual,Crying,,,Mouth 4,Violet,
206,SadPython #206,872,66.0907262481952,,5,95S,Casual,Sceptic,,,Mouth 6,Ultramar,
2304,SadPython #2304,873,65.9065780028099,,5,95S,Sweater,Energetic,,,Mouth 14,Honeycheese,
2753,SadPython #2753,874,65.89090219028512,,5,95S,Casual,Energetic,,,Mouth 1,Stone,
2322,SadPython #2322,875,65.86103742125901,,5,Cemento,Dale,Distracted,,,Mouth 2,Pinky,
617,SadPython #617,876,65.84795047049862,,5,95S,Redshirt,Shocked,,,Mouth 9,Pinky,
546,SadPython #546,877,65.53668749182962,,5,Misty,Deliveryboy,Dazed,,,Mouth 14,Pinky,
2226,SadPython #2226,878,65.37530419321405,,5,Myday,Tatoes,Energetic,,,Mouth 5,Ruby,
722,SadPython #722,879,65.32384166214246,,5,Cemento,Deliveryboy,Lament,,,Mouth 14,Cyan,
2885,SadPython #2885,880,65.12623820218441,,5,95S,Redshirt,Shocked,,,Mouth 11,Green,
2679,SadPython #2679,881,65.08877404383203,,5,Misty,Sweater,Crying,,,Mouth 2,Green,
3114,SadPython #3114,882,64.96029300342393,,5,Cemento,Casual,Dead,,,Mouth 4,Violet,
2749,SadPython #2749,883,64.42614816315677,,5,Myday,Rocknrolla,Crying,,,Mouth 8,Honeycheese,
2300,SadPython #2300,884,64.2684107314278,,5,Myday,Casual,Dazed,,,Mouth 6,Honeycheese,
3026,SadPython #3026,885,64.25133679750752,,5,95S,Mets,Energetic,,,Mouth 4,Green,
1954,SadPython #1954,886,64.07097071296687,,5,Myday,Redshirt,Sorry,,,Mouth 14,Green,
2278,SadPython #2278,887,64.05431648526982,,5,Myday,Casual,Energetic,,,Mouth 10,Amarillo,
2238,SadPython #2238,888,63.93146102111,,5,Myday,Casual,Dead,,,Mouth 4,Amarillo,
1160,SadPython #1160,889,63.768675242069385,,5,Misty,Tatoes,Crying,,,Mouth 4,Cyan,
274,SadPython #274,890,63.346277250007994,,5,Myday,Tatoes,Energetic,,,Mouth 3,Ultramar,
1359,SadPython #1359,891,63.13387025428902,,5,Cemento,Redshirt,Distracted,,,Mouth 2,Cyan,
556,SadPython #556,892,63.09043940125543,,5,Dark,Deliveryboy,Dead,,,Mouth 10,Green,
2427,SadPython #2427,893,63.0729566063136,,5,95S,Tatoes,Lament,,,Mouth 2,Cyan,
2646,SadPython #2646,894,62.85764218436573,,5,Cemento,Rocknrolla,Dazed,,,Mouth 14,Amarillo,
2627,SadPython #2627,895,62.85709697481694,,5,Myday,Rocknrolla,Lament,,,Mouth 11,Ultramar,
692,SadPython #692,896,62.779856682977794,,5,95S,Mets,Distracted,,,Mouth 6,Amarillo,
1790,SadPython #1790,897,62.27796452109545,,5,Cemento,Tatoes,Distracted,,,Mouth 7,Ruby,
2312,SadPython #2312,898,62.274783820825704,,5,Cemento,Tatoes,Lament,,,Mouth 4,Charcoal,
3428,SadPython #3428,899,61.77643305055993,,5,95S,Rocknrolla,Painful,,,Mouth 6,Amarillo,
197,SadPython #197,900,61.22997906785197,,5,Cemento,Redshirt,Dazed,,,Mouth 1,Violet,
2745,SadPython #2745,901,60.93273263433814,,5,Myday,Sweater,Dead,,,Mouth 7,Stone,
2630,SadPython #2630,902,60.725460048823535,,5,Cemento,Tatoes,Dazed,,,Mouth 13,Violet,
2047,SadPython #2047,903,60.23157184399229,,5,Cemento,Rocknrolla,Shocked,,,Mouth 2,Amarillo,
1013,SadPython #1013,904,59.42210908135446,,5,Cemento,Rocknrolla,Lament,,,Mouth 11,Green,
2182,SadPython #2182,905,59.34174058742441,,5,Cemento,Redshirt,Sceptic,,,Mouth 3,Amarillo,
860,SadPython #860,906,59.16433951623548,,5,Myday,Redshirt,Distracted,,,Mouth 5,Pinky,
3303,SadPython #3303,907,58.755025676549984,,5,Myday,Rocknrolla,Energetic,,,Mouth 13,Stone,
3095,SadPython #3095,908,57.93327283204613,,5,95S,Sweater,Energetic,,,Mouth 6,Green,
2287,SadPython #2287,909,57.816691982740565,,5,Dark,Deliveryboy,Dazed,,,Mouth 4,Violet,
3405,SadPython #3405,910,57.592560816589156,,5,Misty,Sweater,Sorry,,,Mouth 3,Pinky,
524,SadPython #524,911,57.32034836429551,,5,Misty,Rocknrolla,Energetic,,,Mouth 1,Pinky,
2006,SadPython #2006,912,57.31681254859632,,5,Dark,Deliveryboy,Distracted,,,Mouth 4,Cyan,
3191,SadPython #3191,913,57.251448398288275,,5,95S,Rocknrolla,Sceptic,,,Mouth 5,Cyan,
2886,SadPython #2886,914,56.67114005868811,,5,Dark,Rocknrolla,Energetic,,,Mouth 6,Pinky,
561,SadPython #561,915,56.609225171651566,,5,Myday,Sweater,Distracted,,,Mouth 1,Green,
1245,SadPython #1245,916,55.672882284575316,,5,95S,Rocknrolla,Sceptic,,,Mouth 3,Green,
2388,SadPython #2388,917,55.36147368468113,,5,Myday,Deliveryboy,Distracted,,,Mouth 4,Pinky,
3138,SadPython #3138,918,53.411304062909565,,5,Myday,Deliveryboy,Sorry,,,Mouth 7,Violet,
