ID,Name,Rank,Rarity_Score,Attributes,Background,Body,Body Material,Energy,Flyer,Head,Left Arm,Right Arm
245,Unibot #245,1,4283.1025720986745,8,Buenos Aires,Washing Machine,Silver,Solar,Yes,Nighthawk,A017,A017
305,Unibot #305,1,4283.1025720986745,8,Buenos Aires,Safe,Silver,Solar,Yes,Rabbit,A018,A018
51,Unibot #51,3,4278.9773195734215,8,Babylon,Modded Car Jack,Silver,Solar,Yes,It is on Fire,A015,A015
1001,Unibot #1001,4,4278.391469099479,8,Granada,Modded Tray,Silver,Biodiesel,Yes,Plant,A019,A019
20,Unibot #20,5,4278.143200430968,8,Sahara,Octopus,Silver,Hydraulic,Yes,Wired,A016,A016
15,Unibot #15,6,4273.673423469527,8,Florence,Tray,Silver,Solar,Yes,Booze,A012,A012
246,Unibot #246,7,402.25017949816475,8,Mexico City,Synthetic Heart,Gold,Hydraulic,No,Electric Rocket,A004,A004
65,Unibot #65,8,399.8184439646034,8,Mexico City,Armor 01,Gold,Hydraulic,No,Electric Rocket,A005,A005
657,Unibot #657,9,394.04800460863447,8,Mexico City,Armor 04,Gold,Hydraulic,No,Jaw,A010,A010
233,Unibot #233,10,317.7578776156793,8,Hangzhou,Armor 04,Gold,Hydraulic,No,Electric Rocket,A008,A008
34,Unibot #34,11,317.3129046088039,8,Hangzhou,Satellite,Gold,Hydraulic,No,IG-11,A004,A004
171,Unibot #171,12,311.07149667212656,8,Hangzhou,Satellite,Gold,Hydraulic,No,Jaw,A010,A010
745,Unibot #745,13,308.77622535429714,8,Hangzhou,Armor 02,Gold,Hydraulic,No,Jaw,A010,A010
678,Unibot #678,14,93.55737100755366,8,Yucatan,Armor 02,Silver,Solar,No,Chappie,A003,A003
668,Unibot #668,15,92.71352584785974,8,Buenos Aires,Candy Machine,Silver,Solar,No,Open Helmet,A003,A003
654,Unibot #654,16,91.68896805394567,8,New York City,Synthetic Heart,Silver,Geothermal,No,Chappie,A003,A003
660,Unibot #660,17,91.59847565871644,8,New York City,Satellite,Silver,Solar,No,Chappie,A003,A003
257,Unibot #257,18,90.57372657670909,8,Carthage,Drying machine,Silver,Biodiesel,No,Chappie,A003,A003
863,Unibot #863,19,90.19523516383121,8,Buenos Aires,Car Jack,Silver,Hydraulic,No,Chappie,A009,A009
46,Unibot #46,20,89.70225380783356,8,Paris,Candy Machine,Silver,Hydraulic,No,Chappie,A003,A003
36,Unibot #36,21,87.99579039826801,8,Yucatan,Synthetic Heart,Silver,Geothermal,No,Fancy Chappie,A003,A003
484,Unibot #484,22,87.31359617538119,8,New Mexico,Suit,Silver,Solar,No,Fish Tank,A003,A003
652,Unibot #652,23,87.29581131505095,8,Yucatan,Suit,Silver,Solar,No,Chappie,A009,A009
186,Unibot #186,24,87.28837316915174,8,Yucatan,Drying machine,Silver,Solar,No,Bee,A003,A003
773,Unibot #773,25,87.1713895360941,8,Buenos Aires,Armor 01,Silver,Hydraulic,No,Bee,A003,A003
320,Unibot #320,26,87.05073457577356,8,Paris,Suit,Silver,Biodiesel,No,Open Helmet,A003,A003
194,Unibot #194,27,86.70876701815953,8,Yucatan,Car Jack,Silver,Geothermal,No,Open Helmet,A007,A007
154,Unibot #154,28,86.69322770698118,8,Buenos Aires,Armor 01,Silver,Geothermal,No,Googles,A003,A003
763,Unibot #763,29,86.5162624836539,8,New Mexico,Synthetic Heart,Silver,Geothermal,No,Fish Tank,A003,A003
820,Unibot #820,30,86.41742062679184,8,Babylon,Suit,Silver,Solar,No,Drone,A003,A003
439,Unibot #439,31,86.32911776484463,8,New Mexico,Mustang Engine,Silver,Solar,No,Fancy Chappie,A003,A003
726,Unibot #726,32,86.12902001068429,8,Babylon,Candy Machine,Silver,Solar,No,Screen,A003,A003
359,Unibot #359,33,86.04678142233773,8,New Mexico,Armor 04,Silver,Hydraulic,No,Open Helmet,A003,A003
220,Unibot #220,34,86.03980450165713,8,Buenos Aires,Armor 04,Silver,Geothermal,No,Bee,A003,A003
845,Unibot #845,35,85.95015267254308,8,New York City,Drying machine,Silver,Hydraulic,No,Chappie,A007,A007
1,Unibot #1,36,85.90000596882334,8,New Mexico,Drying machine,Silver,Solar,No,Fancy Chappie,A003,A003
538,Unibot #538,37,85.30097511817493,8,Athens,Suit,Silver,Geothermal,No,Electric Rocket,A003,A003
476,Unibot #476,38,85.23202433463626,8,Yucatan,Drying machine,Silver,Hydraulic,No,Drone,A001,A001
270,Unibot #270,39,84.72908648944977,8,New Mexico,Mustang Engine,Silver,Solar,No,Open Helmet,A001,A001
510,Unibot #510,40,84.68038846280794,8,Babylon,Armor 02,Silver,Geothermal,No,Queen Bee,A003,A003
843,Unibot #843,41,84.28828458126793,8,Buenos Aires,Car Jack,Silver,Hydraulic,No,Chappie,A005,A005
366,Unibot #366,42,84.25218113523106,8,Florence,Mustang Engine,Silver,Wind,No,Chappie,A007,A007
875,Unibot #875,43,84.1991335487595,8,Sahara,Armor 01,Silver,Wind,No,Chappie,A009,A009
2,Unibot #2,44,84.10432966377962,8,Athens,Drying machine,Silver,Solar,No,Chappie,A009,A009
557,Unibot #557,45,83.93574155071917,8,Carthage,Car Jack,Silver,Wind,No,Chappie,A007,A007
491,Unibot #491,46,83.89499693051793,8,New Mexico,Drying machine,Silver,Wind,No,Screen,A001,A001
146,Unibot #146,47,83.84740377144264,8,Yucatan,Drying machine,Silver,Solar,No,Electric Rocket,A001,A001
147,Unibot #147,48,83.60065354918218,8,Buenos Aires,Armor 02,Silver,Hydraulic,No,Brain Capsule,A003,A003
772,Unibot #772,49,83.47420917621245,8,Caracas,Satellite,Silver,Hydraulic,No,Open Helmet,A003,A003
76,Unibot #76,50,83.45381462243131,8,Buenos Aires,Satellite,Gold,Solar,No,Brain Capsule,A002,A002
584,Unibot #584,51,83.35218008908568,8,Athens,Synthetic Heart,Silver,Hydraulic,No,Fancy Chappie,A003,A003
791,Unibot #791,52,83.28743070883426,8,New York City,Drying machine,Silver,Solar,No,Broken Screen,A003,A003
608,Unibot #608,53,83.12541072588363,8,Carthage,Car Jack,Silver,Hydraulic,No,Screen,A003,A003
0,Unibot #0,54,83.11689018583932,8,New York City,Car Jack,Silver,Hydraulic,No,Fish Tank,A001,A001
42,Unibot #42,55,83.09080356626217,8,Edo,Suit,Silver,Geothermal,No,Screen,A003,A003
837,Unibot #837,56,82.99022630444118,8,Yucatan,Armor 01,Silver,Geothermal,No,Lighbulb,A001,A001
164,Unibot #164,57,82.9601001765448,8,Hong Kong,Candy Machine,Silver,Geothermal,No,Lighbulb,A003,A003
172,Unibot #172,58,82.92690136145818,8,Buenos Aires,Satellite,Gold,Solar,No,Lighbulb,A010,A010
141,Unibot #141,59,82.89407635697714,8,Paris,Mustang Engine,Silver,Solar,No,Lighbulb,A003,A003
770,Unibot #770,60,82.87119558005752,8,Babylon,Drying machine,Silver,Geothermal,No,Rocket,A001,A001
575,Unibot #575,61,82.81400532946763,8,Yucatan,Satellite,Silver,Solar,No,Fancy Chappie,A001,A001
835,Unibot #835,62,82.73705825912418,8,Miami,Mustang Engine,Silver,Biodiesel,No,Googles,A003,A003
743,Unibot #743,63,82.70731374286483,8,Carthage,Armor 01,Silver,Hydraulic,No,Chappie,A001,A001
566,Unibot #566,64,82.56462531416521,8,Sahara,Drying machine,Silver,Wind,No,Fancy Chappie,A001,A001
234,Unibot #234,65,82.43647887117903,8,Hong Kong,Suit,Silver,Biodiesel,No,Bee,A003,A003
63,Unibot #63,66,82.39041967798151,8,Buenos Aires,Armor 04,Gold,Hydraulic,No,Googles,A008,A008
139,Unibot #139,67,82.33332106887215,8,Buenos Aires,Armor 01,Silver,Hydraulic,No,Broken Screen,A001,A001
509,Unibot #509,68,82.26110651227309,8,Caracas,Mustang Engine,Silver,Biodiesel,No,Lighbulb,A003,A003
459,Unibot #459,69,82.21859961439051,8,Sahara,Car Jack,Silver,Wind,No,Electric Rocket,A001,A001
132,Unibot #132,70,82.2155953070826,8,Sahara,Suit,Silver,Biodiesel,No,Brain Capsule,A003,A003
700,Unibot #700,71,82.1852719539129,8,Buenos Aires,Mustang Engine,Silver,Solar,No,IG-11,A007,A007
527,Unibot #527,72,82.17954253283405,8,Sahara,Mustang Engine,Silver,Biodiesel,No,Rocket,A001,A001
90,Unibot #90,73,82.17015968847402,8,Miami,Drying machine,Silver,Geothermal,No,Googles,A003,A003
522,Unibot #522,74,82.14002153414418,8,Babylon,Candy Machine,Silver,Geothermal,No,Screen,A001,A001
203,Unibot #203,75,82.04150791174868,8,Delphi,Synthetic Heart,Silver,Solar,No,Chappie,A007,A007
798,Unibot #798,76,81.86520949962777,8,Yucatan,Synthetic Heart,Gold,Hydraulic,No,Googles,A002,A002
489,Unibot #489,77,81.80187699057171,8,Hong Kong,Satellite,Silver,Biodiesel,No,Broken Screen,A003,A003
947,Unibot #947,78,81.74978127172197,8,Athens,Drying machine,Silver,Solar,No,Brain Capsule,A003,A003
739,Unibot #739,79,81.66197051656341,8,Babylon,Candy Machine,Silver,Solar,No,Googles,A003,A003
1016,Unibot #1016,80,81.61993578151534,8,Miami,Armor 01,Silver,Geothermal,No,Broken Screen,A003,A003
296,Unibot #296,81,81.48249391505222,8,Buenos Aires,Satellite,Silver,Geothermal,No,Brain Capsule,A001,A001
995,Unibot #995,82,81.40696946399089,8,New York City,Mustang Engine,Silver,Hydraulic,No,Drone,A001,A001
175,Unibot #175,83,81.39589275217472,8,Miami,Suit,Silver,Geothermal,No,Googles,A003,A003
56,Unibot #56,84,81.36643959853713,8,Yucatan,Armor 02,Silver,Solar,No,Open Helmet,A007,A007
735,Unibot #735,85,81.29317706502634,8,Athens,Satellite,Gold,Solar,No,Electric Rocket,A002,A002
134,Unibot #134,86,81.23945270068032,8,Miami,Satellite,Silver,Hydraulic,No,Broken Screen,A003,A003
789,Unibot #789,87,81.22668011121517,8,Sahara,Candy Machine,Silver,Biodiesel,No,Brain Capsule,A003,A003
824,Unibot #824,88,81.00113574736336,8,Buenos Aires,Synthetic Heart,Silver,Hydraulic,No,Rocket,A007,A007
795,Unibot #795,89,80.93848776284038,8,Yucatan,Car Jack,Silver,Geothermal,No,Bee,A007,A007
348,Unibot #348,90,80.92019833979587,8,Carthage,Armor 02,Silver,Solar,No,Open Helmet,A003,A003
551,Unibot #551,91,80.79825652582701,8,Sahara,Satellite,Silver,Geothermal,No,Open Helmet,A007,A007
588,Unibot #588,92,80.77581439258982,8,New York City,Candy Machine,Silver,Solar,No,Chappie,A002,A002
865,Unibot #865,93,80.77423717446918,8,Paris,Armor 01,Silver,Biodiesel,No,Open Helmet,A001,A001
801,Unibot #801,94,80.73684769095574,8,Babylon,Suit,Silver,Wind,No,Drone,A007,A007
834,Unibot #834,95,80.73471572883837,8,Miami,Candy Machine,Silver,Wind,No,Screen,A001,A001
716,Unibot #716,96,80.73398847922925,8,Delphi,Armor 04,Silver,Solar,No,Rocket,A003,A003
616,Unibot #616,97,80.72579723729642,8,New Mexico,Satellite,Gold,Solar,No,IG-11,A002,A002
228,Unibot #228,98,80.68979601244244,8,Hong Kong,Mustang Engine,Silver,Geothermal,No,Rocket,A001,A001
189,Unibot #189,99,80.68264984066714,8,Sahara,Candy Machine,Silver,Geothermal,No,Chappie,A004,A004
766,Unibot #766,100,80.67418352326892,8,Babylon,Synthetic Heart,Gold,Solar,No,IG-11,A002,A002
374,Unibot #374,101,80.62961192501885,8,Athens,Satellite,Gold,Solar,No,IG-11,A008,A008
400,Unibot #400,102,80.62077348384213,8,Yucatan,Car Jack,Silver,Solar,No,IG-11,A007,A007
93,Unibot #93,103,80.55822489612103,8,Babylon,Drying machine,Silver,Geothermal,No,Chappie,A005,A005
131,Unibot #131,104,80.5526928113645,8,Miami,Suit,Silver,Biodiesel,No,Queen Bee,A001,A001
721,Unibot #721,105,80.46028214376767,8,Buenos Aires,Armor 02,Gold,Hydraulic,No,IG-11,A006,A006
600,Unibot #600,106,80.44781851181187,8,New Mexico,Armor 01,Silver,Wind,No,Fish Tank,A007,A007
253,Unibot #253,107,80.38569349646824,8,Edo,Armor 02,Silver,Hydraulic,No,Fish Tank,A003,A003
1009,Unibot #1009,108,80.36406582444965,8,Buenos Aires,Drying machine,Silver,Geothermal,No,Bee,A009,A009
344,Unibot #344,109,80.33151148918404,8,Yucatan,Armor 01,Gold,Solar,No,Lighbulb,A005,A005
692,Unibot #692,110,80.32277695377998,8,Yucatan,Armor 01,Gold,Solar,No,Jaw,A008,A008
927,Unibot #927,111,80.27269329850637,8,New York City,Mustang Engine,Silver,Solar,No,Jaw,A003,A003
466,Unibot #466,112,80.264256948365,8,Florence,Suit,Silver,Wind,No,Chappie,A008,A008
465,Unibot #465,113,80.19731330355953,8,Buenos Aires,Suit,Silver,Solar,No,Bee,A007,A007
648,Unibot #648,114,80.19198442212321,8,Caracas,Suit,Silver,Biodiesel,No,IG-11,A003,A003
105,Unibot #105,115,80.13199958158113,8,Athens,Drying machine,Silver,Solar,No,Jaw,A003,A003
297,Unibot #297,116,80.0672799175207,8,New York City,Synthetic Heart,Silver,Solar,No,Chappie,A008,A008
627,Unibot #627,117,79.98557636468317,8,Yucatan,Armor 01,Gold,Hydraulic,No,Bee,A010,A010
58,Unibot #58,118,79.96303700756313,8,Yucatan,Armor 01,Gold,Solar,No,Helmet,A002,A002
941,Unibot #941,119,79.9581617031265,8,Delphi,Mustang Engine,Silver,Wind,No,Open Helmet,A008,A008
445,Unibot #445,120,79.93737834534065,8,Delphi,Satellite,Silver,Solar,No,Fish Tank,A001,A001
531,Unibot #531,121,79.88976256459934,8,New York City,Synthetic Heart,Silver,Geothermal,No,Brain Capsule,A003,A003
423,Unibot #423,122,79.88606298367219,8,Babylon,Car Jack,Silver,Solar,No,Fish Tank,A009,A009
473,Unibot #473,123,79.88185866912526,8,Caracas,Candy Machine,Silver,Hydraulic,No,Rocket,A003,A003
224,Unibot #224,124,79.85206969159927,8,New Mexico,Armor 04,Silver,Solar,No,Bee,A003,A003
122,Unibot #122,125,79.78158063481403,8,Florence,Mustang Engine,Silver,Wind,No,Chappie,A004,A004
306,Unibot #306,126,79.7683860540476,8,Hong Kong,Satellite,Silver,Biodiesel,No,Screen,A001,A001
166,Unibot #166,127,79.75167436768683,8,Buenos Aires,Armor 02,Gold,Solar,No,Electric Rocket,A005,A005
468,Unibot #468,128,79.71822762929243,8,Granada,Drying machine,Silver,Wind,No,Bee,A001,A001
676,Unibot #676,129,79.69325757521939,8,Paris,Armor 02,Silver,Wind,No,Chappie,A009,A009
711,Unibot #711,130,79.68689341612207,8,New Mexico,Armor 04,Gold,Solar,No,Electric Rocket,A008,A008
851,Unibot #851,131,79.60887517545474,8,Buenos Aires,Armor 01,Silver,Geothermal,No,Fancy Chappie,A008,A008
449,Unibot #449,132,79.57150318405886,8,Granada,Drying machine,Silver,Biodiesel,No,Screen,A007,A007
590,Unibot #590,133,79.43992613979526,8,Miami,Car Jack,Silver,Biodiesel,No,IG-11,A001,A001
120,Unibot #120,134,79.42794743639706,8,Paris,Drying machine,Silver,Wind,No,Lighbulb,A001,A001
635,Unibot #635,135,79.42708375246944,8,Babylon,Drying machine,Silver,Wind,No,Screen,A008,A008
537,Unibot #537,136,79.37602434763241,8,Yucatan,Suit,Silver,Geothermal,No,Rocket,A008,A008
355,Unibot #355,137,79.36839791621937,8,Buenos Aires,Synthetic Heart,Silver,Solar,No,Brain Capsule,A001,A001
703,Unibot #703,138,79.31354991805038,8,Sahara,Candy Machine,Silver,Geothermal,No,Helmet,A003,A003
219,Unibot #219,139,79.30942384065146,8,Buenos Aires,Armor 04,Silver,Hydraulic,No,Fish Tank,A008,A008
625,Unibot #625,140,79.24244744032539,8,Paris,Drying machine,Silver,Biodiesel,No,Rocket,A001,A001
429,Unibot #429,141,79.2371126672256,8,New Mexico,Synthetic Heart,Silver,Geothermal,No,Rocket,A001,A001
943,Unibot #943,142,79.1806698410279,8,Florence,Suit,Silver,Hydraulic,No,Broken Screen,A003,A003
462,Unibot #462,143,79.17117358024431,8,Babylon,Candy Machine,Silver,Geothermal,No,Open Helmet,A008,A008
319,Unibot #319,144,79.16975268877071,8,Buenos Aires,Armor 04,Gold,Solar,No,Bee,A010,A010
666,Unibot #666,145,79.15410688989846,8,Granada,Mustang Engine,Silver,Wind,No,Lighbulb,A007,A007
1010,Unibot #1010,146,79.12309091574548,8,New Mexico,Car Jack,Silver,Solar,No,Queen Bee,A007,A007
805,Unibot #805,147,79.07158555956828,8,New York City,Car Jack,Silver,Solar,No,Chappie,A010,A010
738,Unibot #738,148,78.93180537290328,8,Hong Kong,Car Jack,Silver,Geothermal,No,Screen,A007,A007
883,Unibot #883,149,78.90359161661863,8,Granada,Armor 04,Silver,Wind,No,Queen Bee,A001,A001
406,Unibot #406,150,78.8979335891049,8,New York City,Armor 04,Gold,Solar,No,Lighbulb,A002,A002
113,Unibot #113,151,78.86765199295749,8,Granada,Synthetic Heart,Silver,Wind,No,Fish Tank,A007,A007
499,Unibot #499,152,78.84411685908167,8,Florence,Mustang Engine,Silver,Geothermal,No,Open Helmet,A007,A007
847,Unibot #847,153,78.73677730534956,8,Athens,Satellite,Silver,Hydraulic,No,Helmet,A003,A003
722,Unibot #722,154,78.71665637439716,8,Babylon,Synthetic Heart,Silver,Solar,No,Jaw,A003,A003
92,Unibot #92,155,78.71485532975274,8,Delphi,Drying machine,Silver,Biodiesel,No,Open Helmet,A008,A008
116,Unibot #116,156,78.66319311657698,8,Sahara,Suit,Silver,Biodiesel,No,Chappie,A005,A005
979,Unibot #979,157,78.56517893545546,8,Hong Kong,Synthetic Heart,Silver,Hydraulic,No,Googles,A003,A003
66,Unibot #66,158,78.54853612963217,8,Yucatan,Synthetic Heart,Silver,Hydraulic,No,Queen Bee,A009,A009
475,Unibot #475,159,78.52611555759204,8,Delphi,Suit,Silver,Wind,No,Fish Tank,A009,A009
209,Unibot #209,160,78.51792569071557,8,New Mexico,Satellite,Silver,Solar,No,Lighbulb,A001,A001
4,Unibot #4,161,78.51563259169575,8,Hong Kong,Car Jack,Silver,Biodiesel,No,Fish Tank,A009,A009
607,Unibot #607,162,78.49012027270567,8,Sahara,Armor 01,Silver,Geothermal,No,Chappie,A006,A006
780,Unibot #780,163,78.48738454973059,8,Florence,Synthetic Heart,Silver,Geothermal,No,Chappie,A009,A009
207,Unibot #207,164,78.47575523457466,8,Hong Kong,Armor 04,Silver,Wind,No,Screen,A001,A001
266,Unibot #266,165,78.4012412683928,8,Miami,Armor 04,Silver,Geothermal,No,Googles,A003,A003
441,Unibot #441,166,78.37570087962207,8,Sahara,Candy Machine,Silver,Biodiesel,No,Screen,A007,A007
495,Unibot #495,167,78.37137465184352,8,Granada,Armor 02,Silver,Wind,No,Drone,A001,A001
591,Unibot #591,168,78.32042102695965,8,Hong Kong,Mustang Engine,Silver,Wind,No,Screen,A009,A009
327,Unibot #327,169,78.30267043503737,8,Granada,Armor 02,Silver,Solar,No,Chappie,A002,A002
775,Unibot #775,170,78.29264741288819,8,Carthage,Armor 04,Silver,Solar,No,Queen Bee,A003,A003
749,Unibot #749,171,78.13472165347919,8,Athens,Suit,Silver,Hydraulic,No,Broken Screen,A001,A001
232,Unibot #232,172,78.1335485817208,8,Florence,Mustang Engine,Silver,Solar,No,Brain Capsule,A003,A003
73,Unibot #73,173,78.12270605890545,8,Yucatan,Armor 02,Gold,Solar,No,Jaw,A002,A002
882,Unibot #882,174,78.09591610737859,8,Edo,Drying machine,Silver,Hydraulic,No,Screen,A001,A001
650,Unibot #650,175,77.98324456723792,8,New Mexico,Armor 01,Silver,Geothermal,No,Queen Bee,A007,A007
655,Unibot #655,176,77.90017229770254,8,Caracas,Armor 02,Silver,Hydraulic,No,Chappie,A007,A007
914,Unibot #914,177,77.87703171442313,8,New Mexico,Synthetic Heart,Silver,Wind,No,Drone,A007,A007
762,Unibot #762,178,77.86775544014586,8,Delphi,Drying machine,Silver,Hydraulic,No,Queen Bee,A007,A007
549,Unibot #549,179,77.74219620717382,8,Babylon,Armor 04,Silver,Wind,No,Drone,A007,A007
902,Unibot #902,180,77.73146676188509,8,New York City,Mustang Engine,Silver,Geothermal,No,Drone,A009,A009
328,Unibot #328,181,77.7118029363537,8,Granada,Synthetic Heart,Silver,Wind,No,Screen,A007,A007
419,Unibot #419,182,77.70663037615464,8,Babylon,Candy Machine,Silver,Wind,No,Rocket,A009,A009
998,Unibot #998,183,77.6934355475226,8,Yucatan,Drying machine,Silver,Solar,No,Drone,A004,A004
680,Unibot #680,184,77.65527962109859,8,Athens,Armor 02,Silver,Geothermal,No,Rocket,A001,A001
59,Unibot #59,185,77.61446928278639,8,Paris,Armor 01,Silver,Biodiesel,No,Drone,A001,A001
205,Unibot #205,186,77.61056490587039,8,Miami,Car Jack,Silver,Wind,No,IG-11,A007,A007
945,Unibot #945,187,77.59778210278606,8,Caracas,Armor 01,Silver,Biodiesel,No,Fish Tank,A001,A001
229,Unibot #229,188,77.55804132758257,8,Miami,Armor 04,Silver,Biodiesel,No,Queen Bee,A001,A001
891,Unibot #891,189,77.52665987602568,8,Babylon,Car Jack,Silver,Geothermal,No,Helmet,A001,A001
375,Unibot #375,190,77.49673840154404,8,Buenos Aires,Mustang Engine,Silver,Geothermal,No,Drone,A005,A005
32,Unibot #32,191,77.4741689547167,8,Granada,Mustang Engine,Silver,Biodiesel,No,IG-11,A007,A007
153,Unibot #153,192,77.46378548999881,8,Edo,Suit,Silver,Wind,No,Fish Tank,A007,A007
785,Unibot #785,193,77.45864068253096,8,New Mexico,Suit,Silver,Geothermal,No,Queen Bee,A009,A009
25,Unibot #25,194,77.42738588580917,8,Athens,Satellite,Gold,Hydraulic,No,Googles,A004,A004
40,Unibot #40,195,77.406813336846,8,Hong Kong,Armor 02,Gold,Hydraulic,No,IG-11,A008,A008
24,Unibot #24,196,77.33305124429684,8,Buenos Aires,Armor 01,Gold,Hydraulic,No,Jaw,A005,A005
1005,Unibot #1005,197,77.31070318216275,8,Babylon,Armor 04,Gold,Solar,No,Bee,A004,A004
937,Unibot #937,198,77.29078957713821,8,Edo,Suit,Silver,Wind,No,Lighbulb,A001,A001
975,Unibot #975,199,77.21595417404946,8,Babylon,Mustang Engine,Silver,Solar,No,Lighbulb,A009,A009
347,Unibot #347,200,77.20798720189052,8,Granada,Satellite,Silver,Biodiesel,No,Chappie,A005,A005
750,Unibot #750,201,77.19422307382659,8,New York City,Synthetic Heart,Gold,Hydraulic,No,Brain Capsule,A002,A002
413,Unibot #413,202,77.1736823907584,8,Miami,Car Jack,Silver,Geothermal,No,Open Helmet,A004,A004
901,Unibot #901,203,77.16586382049093,8,Athens,Armor 04,Silver,Hydraulic,No,Fancy Chappie,A001,A001
55,Unibot #55,204,77.14317648319947,8,Buenos Aires,Armor 04,Silver,Solar,No,Electric Rocket,A009,A009
544,Unibot #544,205,77.11790457332884,8,Buenos Aires,Satellite,Silver,Solar,No,Fancy Chappie,A004,A004
954,Unibot #954,206,77.11252535103418,8,Miami,Drying machine,Silver,Wind,No,Fancy Chappie,A009,A009
356,Unibot #356,207,77.10091512458699,8,Paris,Candy Machine,Silver,Biodiesel,No,Jaw,A003,A003
578,Unibot #578,208,77.0917396020565,8,Caracas,Armor 04,Silver,Biodiesel,No,Open Helmet,A001,A001
395,Unibot #395,209,77.08852542286814,8,Yucatan,Armor 01,Silver,Solar,No,Rocket,A008,A008
1015,Unibot #1015,210,77.06326170627497,8,Yucatan,Armor 02,Gold,Hydraulic,No,Jaw,A004,A004
283,Unibot #283,211,77.0435059670326,8,Hong Kong,Mustang Engine,Silver,Wind,No,Screen,A002,A002
974,Unibot #974,212,76.99361865767415,8,Yucatan,Armor 04,Silver,Hydraulic,No,IG-11,A007,A007
351,Unibot #351,213,76.99216617082251,8,Babylon,Mustang Engine,Silver,Hydraulic,No,Fancy Chappie,A002,A002
482,Unibot #482,214,76.91240176357317,8,New Mexico,Armor 01,Silver,Solar,No,Open Helmet,A008,A008
150,Unibot #150,215,76.89411707515167,8,Florence,Mustang Engine,Silver,Solar,No,Rocket,A001,A001
615,Unibot #615,216,76.87978134695398,8,New Mexico,Drying machine,Silver,Hydraulic,No,Rocket,A009,A009
532,Unibot #532,217,76.87822057703484,8,Granada,Armor 04,Silver,Biodiesel,No,Helmet,A003,A003
249,Unibot #249,218,76.87174145727326,8,Yucatan,Armor 04,Gold,Solar,No,Bee,A005,A005
670,Unibot #670,219,76.85660947685025,8,Florence,Synthetic Heart,Silver,Solar,No,Broken Screen,A003,A003
605,Unibot #605,220,76.81887667993232,8,Buenos Aires,Mustang Engine,Silver,Hydraulic,No,Drone,A005,A005
377,Unibot #377,221,76.813368256826,8,New York City,Satellite,Gold,Hydraulic,No,IG-11,A010,A010
469,Unibot #469,222,76.78993593081421,8,Babylon,Suit,Silver,Wind,No,Electric Rocket,A002,A002
176,Unibot #176,223,76.78146084162869,8,Athens,Armor 01,Gold,Hydraulic,No,Jaw,A008,A008
391,Unibot #391,224,76.69512081992522,8,Edo,Synthetic Heart,Silver,Wind,No,Queen Bee,A001,A001
190,Unibot #190,225,76.68367417479723,8,Paris,Car Jack,Silver,Hydraulic,No,Broken Screen,A001,A001
788,Unibot #788,226,76.68019856169448,8,New Mexico,Mustang Engine,Silver,Hydraulic,No,Electric Rocket,A009,A009
553,Unibot #553,227,76.65971835942548,8,Hong Kong,Mustang Engine,Silver,Wind,No,Lighbulb,A009,A009
966,Unibot #966,228,76.62483575959558,8,New York City,Car Jack,Silver,Geothermal,No,Electric Rocket,A009,A009
151,Unibot #151,229,76.60401477933921,8,New Mexico,Drying machine,Silver,Wind,No,Lighbulb,A002,A002
751,Unibot #751,230,76.58815428976082,8,Hong Kong,Armor 01,Gold,Hydraulic,No,Electric Rocket,A006,A006
238,Unibot #238,231,76.55933381373427,8,Edo,Mustang Engine,Silver,Geothermal,No,Screen,A007,A007
618,Unibot #618,232,76.54141687684107,8,Babylon,Synthetic Heart,Gold,Solar,No,Helmet,A002,A002
1014,Unibot #1014,233,76.52850778196562,8,Buenos Aires,Armor 02,Gold,Solar,No,Brain Capsule,A005,A005
606,Unibot #606,234,76.52339408795832,8,Carthage,Armor 01,Silver,Solar,No,Fish Tank,A001,A001
62,Unibot #62,235,76.5038829632042,8,New Mexico,Armor 04,Silver,Solar,No,Helmet,A003,A003
410,Unibot #410,236,76.4638324362954,8,Athens,Suit,Silver,Solar,No,Lighbulb,A007,A007
8,Unibot #8,237,76.42262080859145,8,Athens,Mustang Engine,Silver,Geothermal,No,Open Helmet,A006,A006
810,Unibot #810,238,76.42087275075166,8,Paris,Armor 01,Silver,Biodiesel,No,Open Helmet,A009,A009
603,Unibot #603,239,76.40908074641752,8,Yucatan,Synthetic Heart,Silver,Geothermal,No,Brain Capsule,A007,A007
52,Unibot #52,240,76.40722766148646,8,Yucatan,Armor 02,Gold,Solar,No,Googles,A010,A010
248,Unibot #248,241,76.36928201542243,8,Delphi,Drying machine,Silver,Wind,No,Drone,A008,A008
331,Unibot #331,242,76.28464385471636,8,Buenos Aires,Candy Machine,Silver,Hydraulic,No,Helmet,A007,A007
952,Unibot #952,243,76.26028530179758,8,Miami,Candy Machine,Silver,Wind,No,Fish Tank,A002,A002
921,Unibot #921,244,76.25120238739711,8,Hong Kong,Armor 04,Silver,Biodiesel,No,Jaw,A003,A003
426,Unibot #426,245,76.24495725395519,8,Miami,Candy Machine,Silver,Biodiesel,No,Fancy Chappie,A007,A007
115,Unibot #115,246,76.21883681601044,8,New Mexico,Satellite,Silver,Wind,No,Lighbulb,A009,A009
243,Unibot #243,247,76.20376790170498,8,Babylon,Car Jack,Silver,Solar,No,IG-11,A009,A009
535,Unibot #535,248,76.18440014929793,8,Buenos Aires,Candy Machine,Silver,Geothermal,No,Drone,A010,A010
54,Unibot #54,249,76.17541435719936,8,New York City,Suit,Silver,Solar,No,Electric Rocket,A007,A007
758,Unibot #758,250,76.16536330030151,8,Athens,Armor 04,Gold,Solar,No,Brain Capsule,A008,A008
152,Unibot #152,251,76.14400168615622,8,Sahara,Car Jack,Silver,Biodiesel,No,Open Helmet,A010,A010
414,Unibot #414,252,76.07310269157502,8,New Mexico,Armor 02,Gold,Solar,No,Brain Capsule,A002,A002
558,Unibot #558,253,76.06855782388686,8,Caracas,Drying machine,Silver,Geothermal,No,Chappie,A006,A006
112,Unibot #112,254,76.06833527788997,8,Babylon,Suit,Silver,Solar,No,Fish Tank,A004,A004
500,Unibot #500,255,76.04866432282864,8,Paris,Mustang Engine,Silver,Biodiesel,No,Open Helmet,A004,A004
430,Unibot #430,256,76.04312261707909,8,New Mexico,Mustang Engine,Silver,Hydraulic,No,Open Helmet,A006,A006
511,Unibot #511,257,76.03879710719912,8,Caracas,Satellite,Silver,Biodiesel,No,Drone,A001,A001
425,Unibot #425,258,76.00319895276859,8,Babylon,Candy Machine,Silver,Wind,No,Lighbulb,A008,A008
638,Unibot #638,259,75.93605614840219,8,Edo,Armor 04,Silver,Solar,No,Broken Screen,A003,A003
3,Unibot #3,260,75.89697770864247,8,Miami,Armor 02,Silver,Wind,No,Screen,A007,A007
565,Unibot #565,261,75.86098299396635,8,Delphi,Satellite,Silver,Hydraulic,No,Chappie,A005,A005
198,Unibot #198,262,75.86070429692592,8,Athens,Armor 04,Gold,Hydraulic,No,Electric Rocket,A010,A010
200,Unibot #200,263,75.84538600308515,8,Florence,Synthetic Heart,Silver,Wind,No,Rocket,A001,A001
985,Unibot #985,264,75.80715088055533,8,Sahara,Suit,Silver,Hydraulic,No,Fancy Chappie,A009,A009
492,Unibot #492,265,75.78122994147071,8,Delphi,Satellite,Silver,Solar,No,Queen Bee,A007,A007
959,Unibot #959,266,75.75112532249675,8,Buenos Aires,Candy Machine,Silver,Geothermal,No,Brain Capsule,A002,A002
80,Unibot #80,267,75.74780826493537,8,Athens,Car Jack,Silver,Hydraulic,No,Jaw,A001,A001
621,Unibot #621,268,75.73497328983942,8,Sahara,Satellite,Silver,Biodiesel,No,Fancy Chappie,A009,A009
740,Unibot #740,269,75.71739341503985,8,Florence,Mustang Engine,Silver,Geothermal,No,Bee,A001,A001
971,Unibot #971,270,75.69668026401922,8,Delphi,Drying machine,Silver,Biodiesel,No,Queen Bee,A002,A002
210,Unibot #210,271,75.6884993002014,8,New York City,Armor 02,Gold,Solar,No,Brain Capsule,A008,A008
669,Unibot #669,272,75.67991218206802,8,Babylon,Candy Machine,Silver,Geothermal,No,Fancy Chappie,A008,A008
230,Unibot #230,273,75.67781550226837,8,Buenos Aires,Armor 02,Silver,Solar,No,Lighbulb,A002,A002
960,Unibot #960,274,75.66963619240092,8,Miami,Drying machine,Silver,Biodiesel,No,Electric Rocket,A009,A009
906,Unibot #906,275,75.65730367435208,8,Granada,Mustang Engine,Silver,Wind,No,Open Helmet,A005,A005
364,Unibot #364,276,75.6338389019982,8,Buenos Aires,Drying machine,Silver,Solar,No,Fancy Chappie,A005,A005
28,Unibot #28,277,75.63038012570361,8,Yucatan,Satellite,Gold,Solar,No,Helmet,A005,A005
432,Unibot #432,278,75.630163854955,8,New Mexico,Candy Machine,Silver,Wind,No,Jaw,A001,A001
159,Unibot #159,279,75.61626267267441,8,Delphi,Candy Machine,Silver,Biodiesel,No,Electric Rocket,A007,A007
639,Unibot #639,280,75.59817140453319,8,New Mexico,Armor 01,Silver,Geothermal,No,Rocket,A009,A009
938,Unibot #938,281,75.58833816454722,8,Hong Kong,Car Jack,Silver,Geothermal,No,Queen Bee,A002,A002
757,Unibot #757,282,75.57974559998638,8,New York City,Synthetic Heart,Silver,Solar,No,Queen Bee,A007,A007
264,Unibot #264,283,75.57956500695641,8,Miami,Satellite,Silver,Geothermal,No,Electric Rocket,A007,A007
498,Unibot #498,284,75.5665331809044,8,Babylon,Suit,Silver,Solar,No,Rocket,A008,A008
118,Unibot #118,285,75.53887998322823,8,Yucatan,Armor 02,Silver,Geothermal,No,Screen,A004,A004
157,Unibot #157,286,75.512126952598,8,Hong Kong,Car Jack,Silver,Hydraulic,No,Rocket,A009,A009
317,Unibot #317,287,75.50992731810112,8,Babylon,Drying machine,Silver,Solar,No,Electric Rocket,A002,A002
314,Unibot #314,288,75.49908696860298,8,Granada,Satellite,Silver,Biodiesel,No,Drone,A009,A009
991,Unibot #991,289,75.4955869119118,8,Yucatan,Satellite,Silver,Hydraulic,No,Lighbulb,A004,A004
431,Unibot #431,290,75.4413363316013,8,Paris,Satellite,Silver,Biodiesel,No,Open Helmet,A002,A002
382,Unibot #382,291,75.40280683279552,8,New Mexico,Car Jack,Silver,Wind,No,Lighbulb,A004,A004
307,Unibot #307,292,75.38400067073401,8,Delphi,Armor 04,Silver,Wind,No,Chappie,A005,A005
782,Unibot #782,293,75.36929454093884,8,Florence,Satellite,Silver,Geothermal,No,Helmet,A003,A003
254,Unibot #254,294,75.36292166149227,8,New York City,Synthetic Heart,Gold,Solar,No,Electric Rocket,A005,A005
799,Unibot #799,295,75.34318540000028,8,Florence,Armor 04,Gold,Solar,No,Lighbulb,A008,A008
70,Unibot #70,296,75.33614839023544,8,Yucatan,Drying machine,Silver,Solar,No,Broken Screen,A004,A004
415,Unibot #415,297,75.30876843611448,8,New York City,Satellite,Silver,Geothermal,No,Rocket,A009,A009
78,Unibot #78,298,75.30427525460661,8,Paris,Armor 01,Silver,Hydraulic,No,Chappie,A006,A006
800,Unibot #800,299,75.3026226136495,8,Paris,Armor 02,Silver,Hydraulic,No,Chappie,A004,A004
731,Unibot #731,300,75.28400444111823,8,Buenos Aires,Suit,Silver,Hydraulic,No,Fancy Chappie,A005,A005
142,Unibot #142,301,75.25909295300431,8,Sahara,Mustang Engine,Silver,Geothermal,No,Drone,A004,A004
977,Unibot #977,302,75.23848232533682,8,New York City,Satellite,Silver,Solar,No,Screen,A009,A009
165,Unibot #165,303,75.23599553666016,8,Carthage,Candy Machine,Silver,Biodiesel,No,Helmet,A003,A003
1007,Unibot #1007,304,75.23526087369578,8,Caracas,Car Jack,Silver,Geothermal,No,Bee,A001,A001
488,Unibot #488,305,75.22784345653426,8,New York City,Armor 02,Silver,Geothermal,No,Open Helmet,A002,A002
690,Unibot #690,306,75.21149701541327,8,Hong Kong,Car Jack,Silver,Biodiesel,No,Jaw,A001,A001
285,Unibot #285,307,75.19268826222951,8,Carthage,Synthetic Heart,Silver,Biodiesel,No,Drone,A001,A001
515,Unibot #515,308,75.1649505713517,8,New York City,Candy Machine,Silver,Geothermal,No,Screen,A008,A008
258,Unibot #258,309,75.1410071821785,8,Florence,Armor 04,Gold,Solar,No,Electric Rocket,A002,A002
180,Unibot #180,310,75.10845576033289,8,Athens,Armor 01,Silver,Solar,No,Fish Tank,A002,A002
619,Unibot #619,311,75.09662511445893,8,Athens,Candy Machine,Silver,Geothermal,No,Queen Bee,A008,A008
622,Unibot #622,312,74.92407684415745,8,Granada,Drying machine,Silver,Biodiesel,No,Electric Rocket,A002,A002
50,Unibot #50,313,74.9134486253353,8,Caracas,Armor 02,Silver,Hydraulic,No,Chappie,A002,A002
268,Unibot #268,314,74.91072609182477,8,Buenos Aires,Armor 02,Gold,Solar,No,Jaw,A005,A005
861,Unibot #861,314,74.91072609182477,8,Buenos Aires,Armor 02,Gold,Solar,No,Jaw,A005,A005
251,Unibot #251,316,74.89821239312484,8,Florence,Satellite,Gold,Solar,No,IG-11,A004,A004
19,Unibot #19,317,74.862517044121,8,New York City,Synthetic Heart,Gold,Solar,No,Bee,A006,A006
708,Unibot #708,318,74.82748606548088,8,Granada,Armor 01,Silver,Biodiesel,No,Screen,A008,A008
526,Unibot #526,319,74.82428589645649,8,Buenos Aires,Armor 01,Silver,Solar,No,Rocket,A006,A006
915,Unibot #915,320,74.82038406546843,8,Sahara,Satellite,Silver,Wind,No,Screen,A004,A004
871,Unibot #871,321,74.80575557989987,8,Yucatan,Car Jack,Silver,Geothermal,No,Helmet,A008,A008
215,Unibot #215,322,74.79987224263452,8,Babylon,Candy Machine,Silver,Hydraulic,No,Rocket,A002,A002
91,Unibot #91,323,74.7942540092417,8,New Mexico,Drying machine,Silver,Hydraulic,No,Queen Bee,A004,A004
880,Unibot #880,324,74.7284591979708,8,Edo,Mustang Engine,Silver,Geothermal,No,Fish Tank,A002,A002
417,Unibot #417,325,74.72284596285368,8,Sahara,Candy Machine,Silver,Wind,No,Googles,A007,A007
346,Unibot #346,326,74.72017594957025,8,Paris,Car Jack,Silver,Wind,No,Open Helmet,A006,A006
343,Unibot #343,327,74.71694744980232,8,Athens,Armor 01,Gold,Hydraulic,No,Brain Capsule,A006,A006
643,Unibot #643,328,74.7055499797835,8,Miami,Synthetic Heart,Silver,Biodiesel,No,Lighbulb,A007,A007
530,Unibot #530,329,74.70182314696366,8,Florence,Candy Machine,Silver,Solar,No,Fancy Chappie,A001,A001
60,Unibot #60,330,74.68404615386629,8,Miami,Mustang Engine,Silver,Geothermal,No,Lighbulb,A002,A002
72,Unibot #72,331,74.64366397023898,8,Florence,Satellite,Gold,Solar,No,Googles,A008,A008
38,Unibot #38,332,74.62600643618086,8,Athens,Armor 02,Gold,Hydraulic,No,Helmet,A008,A008
191,Unibot #191,333,74.62503170720126,8,Yucatan,Armor 04,Silver,Solar,No,Screen,A004,A004
1017,Unibot #1017,334,74.62356873527752,8,Edo,Satellite,Gold,Hydraulic,No,Brain Capsule,A002,A002
778,Unibot #778,335,74.61472724479957,8,Babylon,Armor 01,Silver,Hydraulic,No,Open Helmet,A006,A006
237,Unibot #237,336,74.60967255658,8,Granada,Armor 01,Silver,Wind,No,Fancy Chappie,A008,A008
589,Unibot #589,337,74.59881715299429,8,Paris,Car Jack,Silver,Biodiesel,No,Fish Tank,A004,A004
156,Unibot #156,338,74.59350899457401,8,Delphi,Satellite,Silver,Biodiesel,No,Screen,A008,A008
213,Unibot #213,339,74.58539005585592,8,Sahara,Armor 02,Silver,Wind,No,Drone,A009,A009
595,Unibot #595,340,74.57948272182877,8,Miami,Armor 04,Silver,Geothermal,No,Fish Tank,A009,A009
481,Unibot #481,341,74.56776320515462,8,Miami,Synthetic Heart,Silver,Geothermal,No,Electric Rocket,A007,A007
1011,Unibot #1011,342,74.56188943366902,8,New Mexico,Synthetic Heart,Silver,Wind,No,Helmet,A001,A001
97,Unibot #97,343,74.51951688011951,8,Yucatan,Synthetic Heart,Silver,Hydraulic,No,Bee,A008,A008
260,Unibot #260,344,74.5119235566765,8,New Mexico,Synthetic Heart,Silver,Solar,No,Open Helmet,A004,A004
931,Unibot #931,345,74.49014128155238,8,New York City,Car Jack,Silver,Hydraulic,No,Queen Bee,A004,A004
663,Unibot #663,346,74.4414857524172,8,Florence,Satellite,Gold,Solar,No,Googles,A002,A002
685,Unibot #685,347,74.4393717509686,8,Athens,Armor 01,Gold,Solar,No,Googles,A010,A010
94,Unibot #94,348,74.43823017150012,8,Yucatan,Synthetic Heart,Silver,Hydraulic,No,Googles,A009,A009
564,Unibot #564,349,74.4213087467493,8,Edo,Armor 01,Silver,Wind,No,Chappie,A005,A005
582,Unibot #582,350,74.40130320131522,8,Sahara,Armor 04,Silver,Geothermal,No,Fish Tank,A002,A002
699,Unibot #699,351,74.39476469553895,8,Miami,Candy Machine,Silver,Hydraulic,No,Queen Bee,A009,A009
192,Unibot #192,352,74.38208254267326,8,Athens,Armor 02,Gold,Solar,No,IG-11,A010,A010
389,Unibot #389,353,74.36362744612613,8,New York City,Armor 02,Gold,Solar,No,IG-11,A006,A006
556,Unibot #556,354,74.35438632100028,8,Athens,Armor 01,Silver,Geothermal,No,Drone,A002,A002
781,Unibot #781,355,74.35389804574707,8,Florence,Armor 01,Gold,Hydraulic,No,Brain Capsule,A008,A008
601,Unibot #601,356,74.33477309888116,8,Carthage,Suit,Silver,Wind,No,Fish Tank,A008,A008
261,Unibot #261,357,74.320908480572,8,Yucatan,Drying machine,Silver,Geothermal,No,Helmet,A002,A002
402,Unibot #402,358,74.29327510259176,8,New Mexico,Synthetic Heart,Gold,Solar,No,Googles,A006,A006
923,Unibot #923,359,74.26018092292827,8,Buenos Aires,Armor 02,Silver,Geothermal,No,Drone,A006,A006
326,Unibot #326,360,74.23922096604069,8,Miami,Armor 04,Silver,Biodiesel,No,Fancy Chappie,A007,A007
477,Unibot #477,361,74.21339068570511,8,Paris,Candy Machine,Silver,Solar,No,Broken Screen,A001,A001
17,Unibot #17,362,74.15171982792529,8,Florence,Armor 01,Gold,Hydraulic,No,Brain Capsule,A002,A002
160,Unibot #160,363,74.14531300920208,8,Paris,Satellite,Silver,Biodiesel,No,Googles,A001,A001
714,Unibot #714,364,74.14260290876652,8,Carthage,Armor 01,Silver,Biodiesel,No,Chappie,A010,A010
786,Unibot #786,365,74.12527680428951,8,Babylon,Car Jack,Silver,Wind,No,Helmet,A009,A009
814,Unibot #814,366,74.11527949690885,8,Edo,Satellite,Silver,Solar,No,Open Helmet,A009,A009
567,Unibot #567,367,74.10329481038389,8,Athens,Car Jack,Silver,Hydraulic,No,Rocket,A004,A004
687,Unibot #687,368,74.09285662000421,8,Granada,Satellite,Silver,Biodiesel,No,Fancy Chappie,A008,A008
130,Unibot #130,369,74.08117997765105,8,Carthage,Armor 01,Silver,Biodiesel,No,IG-11,A001,A001
242,Unibot #242,370,74.07984225020837,8,Yucatan,Armor 02,Silver,Solar,No,Queen Bee,A004,A004
683,Unibot #683,371,74.06145300676543,8,Athens,Satellite,Silver,Geothermal,No,Open Helmet,A010,A010
774,Unibot #774,372,74.0408246907711,8,Hong Kong,Satellite,Gold,Hydraulic,No,Jaw,A004,A004
802,Unibot #802,373,74.02962589827236,8,Miami,Suit,Silver,Biodiesel,No,IG-11,A009,A009
47,Unibot #47,374,74.01996463119228,8,Buenos Aires,Suit,Silver,Solar,No,Jaw,A002,A002
273,Unibot #273,375,74.00244425432984,8,New York City,Armor 02,Gold,Solar,No,Brain Capsule,A004,A004
888,Unibot #888,375,74.00244425432984,8,New York City,Armor 02,Gold,Solar,No,Brain Capsule,A004,A004
765,Unibot #765,377,73.98570422998557,8,Delphi,Mustang Engine,Silver,Wind,No,Bee,A002,A002
227,Unibot #227,378,73.97398977805577,8,Caracas,Candy Machine,Silver,Geothermal,No,IG-11,A001,A001
1006,Unibot #1006,379,73.96336749666852,8,Athens,Mustang Engine,Silver,Geothermal,No,Screen,A006,A006
594,Unibot #594,380,73.95471135678221,8,Sahara,Car Jack,Silver,Biodiesel,No,Screen,A006,A006
707,Unibot #707,381,73.93076426727654,8,New York City,Candy Machine,Silver,Geothermal,No,Fancy Chappie,A002,A002
162,Unibot #162,382,73.92751249044956,8,Granada,Satellite,Silver,Solar,No,Fancy Chappie,A009,A009
525,Unibot #525,383,73.92291597697405,8,New Mexico,Car Jack,Silver,Geothermal,No,Helmet,A007,A007
819,Unibot #819,384,73.91097081706685,8,Hong Kong,Car Jack,Silver,Geothermal,No,Bee,A009,A009
783,Unibot #783,385,73.90865138550122,8,Sahara,Candy Machine,Silver,Biodiesel,No,Googles,A007,A007
570,Unibot #570,386,73.89985624349767,8,Florence,Car Jack,Silver,Hydraulic,No,Lighbulb,A007,A007
636,Unibot #636,387,73.89622539968313,8,Miami,Armor 04,Gold,Hydraulic,No,IG-11,A010,A010
769,Unibot #769,388,73.8929061868784,8,Yucatan,Synthetic Heart,Silver,Solar,No,Bee,A002,A002
74,Unibot #74,389,73.89170305303868,8,Babylon,Suit,Silver,Geothermal,No,Brain Capsule,A009,A009
88,Unibot #88,390,73.85082868889108,8,New Mexico,Candy Machine,Silver,Hydraulic,No,Open Helmet,A006,A006
523,Unibot #523,391,73.83022677759637,8,Caracas,Drying machine,Silver,Wind,No,Rocket,A009,A009
98,Unibot #98,392,73.82144946785304,8,Florence,Drying machine,Silver,Solar,No,Fancy Chappie,A007,A007
443,Unibot #443,393,73.81412302041916,8,Babylon,Drying machine,Silver,Wind,No,Electric Rocket,A010,A010
686,Unibot #686,394,73.79064516013004,8,Granada,Armor 02,Silver,Biodiesel,No,Googles,A001,A001
290,Unibot #290,395,73.78597819995188,8,Caracas,Armor 04,Silver,Wind,No,Electric Rocket,A001,A001
83,Unibot #83,396,73.78145404647704,8,New Mexico,Synthetic Heart,Silver,Solar,No,Fancy Chappie,A009,A009
951,Unibot #951,397,73.7606902927264,8,Babylon,Car Jack,Silver,Geothermal,No,Bee,A004,A004
662,Unibot #662,398,73.7259521112576,8,Babylon,Satellite,Silver,Wind,No,Queen Bee,A006,A006
725,Unibot #725,399,73.724031889193,8,New York City,Synthetic Heart,Silver,Geothermal,No,Fish Tank,A004,A004
909,Unibot #909,400,73.7119746072801,8,Florence,Car Jack,Silver,Geothermal,No,IG-11,A007,A007
6,Unibot #6,401,73.70334662139643,8,Sahara,Drying machine,Silver,Geothermal,No,Bee,A002,A002
265,Unibot #265,402,73.68483262516241,8,Miami,Armor 02,Gold,Hydraulic,No,Jaw,A008,A008
1002,Unibot #1002,402,73.68483262516241,8,Miami,Armor 02,Gold,Hydraulic,No,Jaw,A008,A008
885,Unibot #885,404,73.65520804532947,8,Yucatan,Candy Machine,Silver,Hydraulic,No,Brain Capsule,A002,A002
963,Unibot #963,405,73.63295177677668,8,New Mexico,Synthetic Heart,Silver,Hydraulic,No,Fish Tank,A004,A004
956,Unibot #956,406,73.55350997587956,8,Caracas,Drying machine,Silver,Geothermal,No,Queen Bee,A009,A009
84,Unibot #84,407,73.54999965891321,8,Paris,Suit,Silver,Solar,No,Queen Bee,A009,A009
982,Unibot #982,408,73.50677711908153,8,Edo,Car Jack,Silver,Wind,No,Jaw,A001,A001
612,Unibot #612,409,73.48624476785066,8,Granada,Suit,Silver,Biodiesel,No,IG-11,A008,A008
158,Unibot #158,410,73.48556664455768,8,Athens,Mustang Engine,Silver,Solar,No,Broken Screen,A008,A008
694,Unibot #694,411,73.45548191074418,8,Buenos Aires,Candy Machine,Silver,Hydraulic,No,Jaw,A002,A002
416,Unibot #416,412,73.44941925968845,8,New Mexico,Mustang Engine,Silver,Solar,No,Googles,A009,A009
342,Unibot #342,413,73.43423806198342,8,Paris,Armor 02,Gold,Hydraulic,No,Electric Rocket,A006,A006
13,Unibot #13,414,73.41636306321755,8,Delphi,Synthetic Heart,Silver,Solar,No,Screen,A009,A009
771,Unibot #771,415,73.38580814767224,8,Edo,Drying machine,Silver,Hydraulic,No,Queen Bee,A009,A009
936,Unibot #936,416,73.3696523543018,8,Carthage,Armor 02,Silver,Solar,No,Screen,A001,A001
900,Unibot #900,417,73.36592997942373,8,Carthage,Mustang Engine,Silver,Biodiesel,No,Screen,A002,A002
67,Unibot #67,418,73.36367794851525,8,Delphi,Armor 04,Silver,Solar,No,Bee,A001,A001
519,Unibot #519,419,73.35873618133436,8,Paris,Car Jack,Silver,Solar,No,Fish Tank,A004,A004
398,Unibot #398,420,73.31961418751254,8,Sahara,Synthetic Heart,Silver,Geothermal,No,Open Helmet,A006,A006
973,Unibot #973,421,73.31596093466659,8,Granada,Mustang Engine,Silver,Wind,No,Rocket,A006,A006
387,Unibot #387,422,73.31216285466054,8,Sahara,Armor 04,Silver,Biodiesel,No,Broken Screen,A007,A007
642,Unibot #642,423,73.30908454554444,8,New York City,Armor 02,Gold,Solar,No,Bee,A010,A010
99,Unibot #99,424,73.29870818544154,8,Buenos Aires,Armor 04,Silver,Geothermal,No,Drone,A005,A005
528,Unibot #528,425,73.28250217624282,8,Sahara,Candy Machine,Silver,Hydraulic,No,Open Helmet,A010,A010
577,Unibot #577,426,73.27424550824728,8,Caracas,Armor 02,Silver,Geothermal,No,Fancy Chappie,A001,A001
562,Unibot #562,427,73.25721413683601,8,Granada,Candy Machine,Silver,Solar,No,Bee,A007,A007
279,Unibot #279,428,73.24736431068955,8,Granada,Mustang Engine,Silver,Solar,No,IG-11,A002,A002
412,Unibot #412,429,73.2469888736788,8,Edo,Armor 01,Silver,Solar,No,Chappie,A010,A010
433,Unibot #433,430,73.22886779161514,8,New York City,Armor 02,Silver,Geothermal,No,IG-11,A007,A007
852,Unibot #852,431,73.225579234275,8,Paris,Suit,Silver,Wind,No,Electric Rocket,A008,A008
409,Unibot #409,432,73.22165279812928,8,Carthage,Suit,Silver,Wind,No,Fancy Chappie,A009,A009
804,Unibot #804,433,73.1978002807828,8,Delphi,Drying machine,Silver,Biodiesel,No,Broken Screen,A008,A008
524,Unibot #524,434,73.19246924485967,8,New York City,Drying machine,Silver,Hydraulic,No,Broken Screen,A008,A008
247,Unibot #247,435,73.19151318593018,8,Miami,Car Jack,Silver,Biodiesel,No,Lighbulb,A004,A004
21,Unibot #21,436,73.18188567640993,8,New York City,Candy Machine,Silver,Geothermal,No,Broken Screen,A009,A009
103,Unibot #103,437,73.17957954596241,8,Granada,Mustang Engine,Silver,Solar,No,Fish Tank,A010,A010
1008,Unibot #1008,438,73.17268183269672,8,Miami,Suit,Silver,Hydraulic,No,Open Helmet,A010,A010
581,Unibot #581,439,73.13626735835201,8,Yucatan,Armor 01,Silver,Solar,No,Fancy Chappie,A010,A010
126,Unibot #126,440,73.13351120740028,8,Paris,Synthetic Heart,Silver,Biodiesel,No,Googles,A001,A001
244,Unibot #244,441,73.11641000239345,8,Sahara,Car Jack,Silver,Geothermal,No,Drone,A006,A006
816,Unibot #816,442,73.11190715402003,8,New Mexico,Suit,Silver,Solar,No,Fish Tank,A006,A006
569,Unibot #569,443,73.1043793495989,8,Yucatan,Armor 04,Silver,Geothermal,No,Queen Bee,A010,A010
362,Unibot #362,444,73.09695427599243,8,Caracas,Armor 01,Silver,Biodiesel,No,Chappie,A005,A005
384,Unibot #384,445,73.09027542193971,8,Florence,Candy Machine,Silver,Solar,No,Screen,A007,A007
274,Unibot #274,446,73.07979280024529,8,Paris,Drying machine,Silver,Solar,No,Bee,A007,A007
989,Unibot #989,447,73.06914618504405,8,Sahara,Mustang Engine,Silver,Biodiesel,No,Fancy Chappie,A006,A006
135,Unibot #135,448,73.04963797099991,8,Florence,Drying machine,Silver,Wind,No,Jaw,A001,A001
434,Unibot #434,449,73.04548131287272,8,Babylon,Armor 04,Silver,Geothermal,No,Electric Rocket,A008,A008
705,Unibot #705,450,73.04071466529861,8,Edo,Mustang Engine,Silver,Wind,No,Screen,A004,A004
961,Unibot #961,451,72.97173945043419,8,Hong Kong,Synthetic Heart,Silver,Biodiesel,No,Queen Bee,A008,A008
322,Unibot #322,452,72.93280632703984,8,Miami,Satellite,Silver,Biodiesel,No,Electric Rocket,A008,A008
168,Unibot #168,453,72.92907968509715,8,Athens,Suit,Silver,Geothermal,No,Bee,A002,A002
288,Unibot #288,454,72.9252294991409,8,Delphi,Car Jack,Silver,Solar,No,Open Helmet,A005,A005
965,Unibot #965,455,72.9249061372792,8,Paris,Satellite,Silver,Wind,No,Jaw,A001,A001
501,Unibot #501,456,72.90244290554035,8,Athens,Armor 02,Silver,Geothermal,No,Queen Bee,A008,A008
87,Unibot #87,457,72.89955503760247,8,Granada,Car Jack,Silver,Wind,No,Rocket,A010,A010
354,Unibot #354,458,72.88929802200477,8,Carthage,Mustang Engine,Silver,Wind,No,Open Helmet,A010,A010
292,Unibot #292,459,72.87887660038064,8,Granada,Synthetic Heart,Silver,Biodiesel,No,Fancy Chappie,A002,A002
640,Unibot #640,460,72.86887088282188,8,Hong Kong,Armor 04,Silver,Geothermal,No,Open Helmet,A004,A004
803,Unibot #803,461,72.86166546276328,8,Granada,Car Jack,Silver,Hydraulic,No,Googles,A009,A009
436,Unibot #436,462,72.85439593509689,8,Athens,Synthetic Heart,Silver,Solar,No,Electric Rocket,A009,A009
381,Unibot #381,463,72.85356134502186,8,New York City,Armor 02,Gold,Hydraulic,No,Bee,A005,A005
323,Unibot #323,464,72.83943259651548,8,Edo,Satellite,Silver,Geothermal,No,Fish Tank,A008,A008
206,Unibot #206,465,72.83725305107556,8,Babylon,Candy Machine,Silver,Geothermal,No,Helmet,A007,A007
689,Unibot #689,466,72.80875947514048,8,New Mexico,Suit,Silver,Wind,No,Brain Capsule,A008,A008
826,Unibot #826,467,72.76803676944034,8,New York City,Drying machine,Silver,Solar,No,Broken Screen,A008,A008
470,Unibot #470,468,72.7659191624609,8,Athens,Suit,Silver,Geothermal,No,Fish Tank,A005,A005
876,Unibot #876,469,72.76327194940559,8,Miami,Suit,Silver,Biodiesel,No,Rocket,A004,A004
912,Unibot #912,470,72.76062501051454,8,Granada,Car Jack,Silver,Biodiesel,No,Queen Bee,A010,A010
411,Unibot #411,471,72.72335249050403,8,Florence,Car Jack,Silver,Wind,No,Googles,A007,A007
930,Unibot #930,472,72.72115070297043,8,Carthage,Car Jack,Silver,Biodiesel,No,Drone,A008,A008
494,Unibot #494,473,72.70004716189044,8,Caracas,Drying machine,Silver,Biodiesel,No,Broken Screen,A007,A007
598,Unibot #598,474,72.69527340729961,8,Babylon,Armor 01,Silver,Solar,No,Rocket,A004,A004
832,Unibot #832,475,72.68491583233053,8,Paris,Synthetic Heart,Silver,Solar,No,Fancy Chappie,A007,A007
422,Unibot #422,476,72.66500194455664,8,New York City,Suit,Silver,Solar,No,Drone,A004,A004
1019,Unibot #1019,477,72.6381623084678,8,Delphi,Car Jack,Silver,Wind,No,Fancy Chappie,A006,A006
128,Unibot #128,478,72.63295606034748,8,Florence,Satellite,Silver,Geothermal,No,Lighbulb,A007,A007
271,Unibot #271,479,72.5949866093205,8,Carthage,Candy Machine,Silver,Solar,No,Open Helmet,A008,A008
193,Unibot #193,480,72.59466897470611,8,Miami,Mustang Engine,Silver,Geothermal,No,Screen,A010,A010
390,Unibot #390,481,72.59299418482196,8,Buenos Aires,Satellite,Silver,Geothermal,No,Helmet,A004,A004
579,Unibot #579,482,72.5869791893905,8,Sahara,Car Jack,Silver,Wind,No,Fancy Chappie,A005,A005
405,Unibot #405,483,72.58135456971735,8,Edo,Satellite,Gold,Solar,No,Jaw,A002,A002
572,Unibot #572,484,72.57743392887326,8,Edo,Synthetic Heart,Silver,Wind,No,Fish Tank,A002,A002
155,Unibot #155,485,72.56942961388599,8,Babylon,Car Jack,Silver,Solar,No,Brain Capsule,A002,A002
667,Unibot #667,486,72.53192137348127,8,Caracas,Synthetic Heart,Silver,Geothermal,No,Broken Screen,A001,A001
403,Unibot #403,487,72.52613211752774,8,New York City,Satellite,Gold,Solar,No,Helmet,A006,A006
962,Unibot #962,488,72.51187818774197,8,Babylon,Suit,Silver,Geothermal,No,Queen Bee,A005,A005
385,Unibot #385,489,72.50910100027909,8,Edo,Armor 01,Gold,Solar,No,IG-11,A010,A010
49,Unibot #49,490,72.48893895020167,8,Babylon,Drying machine,Silver,Solar,No,Brain Capsule,A008,A008
506,Unibot #506,491,72.48305258550938,8,Caracas,Car Jack,Silver,Hydraulic,No,Fancy Chappie,A009,A009
401,Unibot #401,492,72.47923154298579,8,Hong Kong,Mustang Engine,Silver,Biodiesel,No,Screen,A010,A010
713,Unibot #713,493,72.44565998345401,8,Delphi,Candy Machine,Silver,Hydraulic,No,Helmet,A001,A001
677,Unibot #677,494,72.43170186726897,8,Hong Kong,Suit,Silver,Biodiesel,No,Fish Tank,A010,A010
719,Unibot #719,495,72.41314888222509,8,New Mexico,Candy Machine,Silver,Solar,No,Bee,A009,A009
300,Unibot #300,496,72.41308505268694,8,Sahara,Synthetic Heart,Silver,Hydraulic,No,IG-11,A009,A009
321,Unibot #321,497,72.40063328906115,8,Granada,Suit,Silver,Hydraulic,No,Fish Tank,A010,A010
330,Unibot #330,498,72.38220347991394,8,Hong Kong,Armor 01,Silver,Biodiesel,No,Lighbulb,A008,A008
287,Unibot #287,499,72.35549342696171,8,Miami,Drying machine,Silver,Wind,No,Rocket,A006,A006
917,Unibot #917,500,72.3553844874206,8,Hong Kong,Car Jack,Silver,Wind,No,Broken Screen,A004,A004
29,Unibot #29,501,72.34911963210865,8,New York City,Armor 04,Gold,Hydraulic,No,Brain Capsule,A010,A010
138,Unibot #138,502,72.34096643259645,8,Delphi,Armor 02,Silver,Biodiesel,No,Fancy Chappie,A009,A009
853,Unibot #853,503,72.31306545885555,8,Delphi,Armor 01,Silver,Biodiesel,No,Broken Screen,A009,A009
365,Unibot #365,504,72.29447780448983,8,Athens,Satellite,Silver,Geothermal,No,Broken Screen,A002,A002
913,Unibot #913,505,72.28485815433056,8,Caracas,Candy Machine,Silver,Biodiesel,No,Screen,A009,A009
145,Unibot #145,506,72.2668530357603,8,Paris,Car Jack,Silver,Wind,No,Fish Tank,A005,A005
539,Unibot #539,507,72.23956465165372,8,Athens,Armor 04,Silver,Hydraulic,No,Fish Tank,A004,A004
334,Unibot #334,508,72.20032368580674,8,Edo,Mustang Engine,Silver,Wind,No,IG-11,A008,A008
534,Unibot #534,509,72.1715312192505,8,Granada,Armor 04,Silver,Wind,No,Lighbulb,A008,A008
298,Unibot #298,510,72.15608633192541,8,Athens,Synthetic Heart,Silver,Geothermal,No,Drone,A004,A004
102,Unibot #102,511,72.10942293335596,8,Granada,Armor 01,Silver,Biodiesel,No,Rocket,A004,A004
554,Unibot #554,512,72.10680659678422,8,Florence,Armor 04,Silver,Wind,No,Rocket,A007,A007
188,Unibot #188,513,72.0931958081835,8,Miami,Drying machine,Silver,Hydraulic,No,Electric Rocket,A004,A004
373,Unibot #373,514,72.08617746501585,8,Caracas,Car Jack,Silver,Geothermal,No,Rocket,A008,A008
993,Unibot #993,515,72.04867994577484,8,Hong Kong,Mustang Engine,Silver,Biodiesel,No,Drone,A006,A006
380,Unibot #380,516,72.04251635291286,8,Babylon,Car Jack,Silver,Solar,No,Lighbulb,A010,A010
624,Unibot #624,517,72.0333970581718,8,Paris,Suit,Silver,Hydraulic,No,Open Helmet,A006,A006
597,Unibot #597,518,71.97909792092366,8,Athens,Candy Machine,Silver,Hydraulic,No,Fish Tank,A010,A010
259,Unibot #259,519,71.96128392620518,8,Granada,Armor 02,Silver,Wind,No,Googles,A007,A007
329,Unibot #329,520,71.9339992939457,8,Hong Kong,Armor 04,Gold,Hydraulic,No,Jaw,A004,A004
143,Unibot #143,521,71.92670242628681,8,New Mexico,Armor 01,Silver,Solar,No,Fish Tank,A006,A006
137,Unibot #137,522,71.91416455544478,8,Caracas,Armor 02,Silver,Wind,No,Drone,A007,A007
939,Unibot #939,523,71.90490105424556,8,Paris,Armor 01,Silver,Solar,No,IG-11,A007,A007
121,Unibot #121,524,71.90156823670159,8,New Mexico,Armor 04,Silver,Wind,No,Fish Tank,A010,A010
53,Unibot #53,525,71.89784675931635,8,Carthage,Suit,Silver,Solar,No,Open Helmet,A004,A004
456,Unibot #456,526,71.86488475138879,8,Granada,Satellite,Silver,Biodiesel,No,Broken Screen,A002,A002
848,Unibot #848,527,71.86289943154767,8,Carthage,Car Jack,Silver,Wind,No,Open Helmet,A005,A005
293,Unibot #293,528,71.84261921979709,8,Granada,Suit,Silver,Wind,No,Rocket,A010,A010
867,Unibot #867,529,71.83547823382979,8,Hong Kong,Synthetic Heart,Silver,Biodiesel,No,Open Helmet,A010,A010
839,Unibot #839,530,71.8255524188957,8,Hong Kong,Drying machine,Silver,Geothermal,No,Queen Bee,A006,A006
997,Unibot #997,531,71.80787342250787,8,Delphi,Armor 04,Silver,Wind,No,Open Helmet,A010,A010
504,Unibot #504,532,71.78144075192435,8,Athens,Mustang Engine,Silver,Geothermal,No,Rocket,A005,A005
550,Unibot #550,533,71.74339240374012,8,New Mexico,Drying machine,Silver,Solar,No,Googles,A002,A002
460,Unibot #460,534,71.71227185131565,8,Delphi,Armor 02,Silver,Biodiesel,No,Lighbulb,A009,A009
505,Unibot #505,535,71.69383346551287,8,Edo,Armor 04,Silver,Geothermal,No,Bee,A001,A001
239,Unibot #239,536,71.68458855167144,8,Edo,Armor 04,Silver,Wind,No,Fish Tank,A008,A008
318,Unibot #318,537,71.63041175564736,8,Athens,Armor 02,Silver,Solar,No,Bee,A007,A007
404,Unibot #404,538,71.61837413552567,8,Paris,Armor 04,Silver,Wind,No,Broken Screen,A007,A007
184,Unibot #184,539,71.61773021202154,8,Caracas,Synthetic Heart,Gold,Hydraulic,No,Brain Capsule,A004,A004
289,Unibot #289,540,71.61166054503957,8,Granada,Satellite,Silver,Biodiesel,No,Bee,A002,A002
85,Unibot #85,541,71.58699315239029,8,Babylon,Car Jack,Silver,Hydraulic,No,Lighbulb,A005,A005
458,Unibot #458,542,71.58399080016696,8,Miami,Armor 04,Silver,Biodiesel,No,Drone,A002,A002
823,Unibot #823,543,71.5807144347277,8,Athens,Armor 01,Silver,Geothermal,No,Fish Tank,A005,A005
926,Unibot #926,544,71.57668240195376,8,Sahara,Armor 02,Silver,Geothermal,No,Googles,A007,A007
129,Unibot #129,545,71.56651295012131,8,Babylon,Car Jack,Silver,Wind,No,Bee,A005,A005
755,Unibot #755,546,71.56539760205968,8,Edo,Armor 04,Gold,Solar,No,Electric Rocket,A010,A010
170,Unibot #170,547,71.53278541227307,8,Athens,Synthetic Heart,Gold,Solar,No,Helmet,A010,A010
651,Unibot #651,548,71.5290770170144,8,Miami,Suit,Silver,Biodiesel,No,Screen,A010,A010
64,Unibot #64,549,71.52113254718898,8,Hong Kong,Candy Machine,Silver,Biodiesel,No,Fancy Chappie,A004,A004
119,Unibot #119,550,71.4940431613892,8,Edo,Car Jack,Silver,Solar,No,Rocket,A008,A008
555,Unibot #555,551,71.4185430249094,8,Carthage,Candy Machine,Silver,Biodiesel,No,Fancy Chappie,A009,A009
983,Unibot #983,552,71.39090478037978,8,Granada,Car Jack,Silver,Wind,No,Lighbulb,A005,A005
599,Unibot #599,553,71.3849029946112,8,Yucatan,Suit,Silver,Hydraulic,No,Helmet,A004,A004
546,Unibot #546,554,71.37788420516995,8,Granada,Armor 02,Silver,Biodiesel,No,IG-11,A009,A009
284,Unibot #284,555,71.32237507972768,8,Granada,Suit,Silver,Hydraulic,No,Helmet,A007,A007
990,Unibot #990,556,71.31333007924883,8,Athens,Armor 04,Silver,Solar,No,Fancy Chappie,A008,A008
821,Unibot #821,557,71.29844866961521,8,Hong Kong,Suit,Silver,Wind,No,Broken Screen,A004,A004
349,Unibot #349,558,71.29047855678988,8,Sahara,Car Jack,Silver,Geothermal,No,IG-11,A006,A006
214,Unibot #214,559,71.28250833997319,8,New York City,Armor 02,Silver,Solar,No,Electric Rocket,A009,A009
672,Unibot #672,560,71.25900940060073,8,Edo,Armor 04,Silver,Solar,No,Screen,A007,A007
340,Unibot #340,561,71.24116065830408,8,Sahara,Suit,Silver,Wind,No,Googles,A004,A004
872,Unibot #872,562,71.21015199295748,8,Granada,Synthetic Heart,Silver,Wind,No,Jaw,A007,A007
144,Unibot #144,563,71.20933289800237,8,Delphi,Armor 02,Silver,Hydraulic,No,Broken Screen,A007,A007
236,Unibot #236,564,71.18801414463935,8,Edo,Car Jack,Silver,Wind,No,Googles,A009,A009
934,Unibot #934,565,71.17164809763156,8,Athens,Satellite,Silver,Geothermal,No,Drone,A006,A006
887,Unibot #887,566,71.15872440568897,8,New Mexico,Synthetic Heart,Silver,Geothermal,No,Screen,A006,A006
277,Unibot #277,567,71.15088150485106,8,Babylon,Satellite,Silver,Hydraulic,No,Fancy Chappie,A010,A010
870,Unibot #870,568,71.11812507065814,8,Granada,Synthetic Heart,Silver,Wind,No,Brain Capsule,A009,A009
629,Unibot #629,569,71.10987440153711,8,Edo,Armor 04,Gold,Hydraulic,No,Electric Rocket,A005,A005
217,Unibot #217,570,71.1087382273869,8,Caracas,Armor 02,Silver,Geothermal,No,Fish Tank,A009,A009
999,Unibot #999,571,71.08250446860445,8,New Mexico,Candy Machine,Silver,Geothermal,No,Googles,A002,A002
626,Unibot #626,572,71.05904549482416,8,Paris,Armor 01,Gold,Hydraulic,No,Brain Capsule,A005,A005
744,Unibot #744,573,71.04037354672889,8,Paris,Candy Machine,Silver,Biodiesel,No,Queen Bee,A004,A004
728,Unibot #728,574,71.03547714407318,8,Carthage,Satellite,Silver,Hydraulic,No,Drone,A009,A009
644,Unibot #644,575,71.03497441449042,8,Granada,Armor 04,Silver,Biodiesel,No,Broken Screen,A009,A009
693,Unibot #693,576,71.00608832989774,8,New Mexico,Armor 04,Gold,Solar,No,Helmet,A006,A006
174,Unibot #174,577,70.95232914781249,8,Yucatan,Satellite,Silver,Hydraulic,No,Broken Screen,A005,A005
628,Unibot #628,578,70.9358497892633,8,Babylon,Drying machine,Silver,Hydraulic,No,Helmet,A002,A002
299,Unibot #299,579,70.9038177017817,8,Miami,Armor 01,Silver,Biodiesel,No,Googles,A009,A009
634,Unibot #634,580,70.8752186095131,8,Hong Kong,Armor 02,Silver,Geothermal,No,Fancy Chappie,A008,A008
897,Unibot #897,581,70.87382837835595,8,New Mexico,Suit,Silver,Hydraulic,No,Queen Bee,A005,A005
96,Unibot #96,582,70.82598093021444,8,Miami,Armor 04,Silver,Biodiesel,No,Lighbulb,A008,A008
508,Unibot #508,583,70.82373351676728,8,Granada,Suit,Silver,Biodiesel,No,Queen Bee,A005,A005
496,Unibot #496,584,70.81923053780409,8,Edo,Drying machine,Silver,Geothermal,No,IG-11,A008,A008
637,Unibot #637,585,70.81764240889368,8,New Mexico,Armor 02,Gold,Solar,No,Helmet,A006,A006
737,Unibot #737,586,70.80601935700157,8,Paris,Armor 04,Silver,Hydraulic,No,Brain Capsule,A001,A001
280,Unibot #280,587,70.79002962446107,8,Sahara,Armor 01,Silver,Geothermal,No,Googles,A008,A008
79,Unibot #79,588,70.77125883608204,8,Athens,Drying machine,Silver,Solar,No,Lighbulb,A006,A006
950,Unibot #950,589,70.76656613260404,8,Florence,Armor 02,Silver,Hydraulic,No,Fish Tank,A009,A009
806,Unibot #806,590,70.7617008773868,8,New York City,Suit,Silver,Hydraulic,No,Rocket,A006,A006
394,Unibot #394,591,70.74695821395753,8,Florence,Armor 02,Gold,Hydraulic,No,Electric Rocket,A005,A005
684,Unibot #684,592,70.72328408570357,8,Yucatan,Armor 02,Silver,Geothermal,No,Jaw,A008,A008
559,Unibot #559,593,70.70751443882537,8,Babylon,Suit,Silver,Geothermal,No,Bee,A006,A006
596,Unibot #596,594,70.69796363229251,8,Sahara,Armor 02,Silver,Wind,No,Bee,A002,A002
840,Unibot #840,595,70.69700409381676,8,Carthage,Candy Machine,Silver,Wind,No,Open Helmet,A010,A010
45,Unibot #45,596,70.68256892683272,8,Miami,Suit,Silver,Wind,No,Lighbulb,A010,A010
856,Unibot #856,596,70.68256892683272,8,Delphi,Suit,Silver,Wind,No,Electric Rocket,A010,A010
309,Unibot #309,598,70.67977467244108,8,Paris,Suit,Silver,Biodiesel,No,Googles,A009,A009
221,Unibot #221,599,70.67150480732894,8,Carthage,Armor 04,Silver,Hydraulic,No,Bee,A001,A001
903,Unibot #903,600,70.66714536245085,8,Babylon,Armor 04,Silver,Geothermal,No,Queen Bee,A006,A006
111,Unibot #111,601,70.6574370716482,8,Carthage,Armor 01,Silver,Solar,No,Queen Bee,A009,A009
976,Unibot #976,602,70.63753500921038,8,Miami,Armor 02,Silver,Biodiesel,No,Lighbulb,A008,A008
61,Unibot #61,603,70.59118246317412,8,Paris,Armor 01,Gold,Hydraulic,No,Jaw,A006,A006
23,Unibot #23,604,70.5841987368017,8,New York City,Armor 02,Silver,Geothermal,No,Drone,A004,A004
48,Unibot #48,605,70.57611024780647,8,Edo,Armor 01,Gold,Hydraulic,No,Brain Capsule,A010,A010
701,Unibot #701,606,70.56283099545968,8,Hong Kong,Candy Machine,Silver,Biodiesel,No,Fish Tank,A005,A005
647,Unibot #647,607,70.55849482084086,8,Edo,Armor 04,Silver,Solar,No,Drone,A007,A007
358,Unibot #358,608,70.54684693180376,8,Granada,Armor 04,Silver,Solar,No,Helmet,A001,A001
896,Unibot #896,609,70.52123455287884,8,Delphi,Synthetic Heart,Silver,Wind,No,Helmet,A007,A007
649,Unibot #649,610,70.51886006151463,8,Florence,Synthetic Heart,Silver,Solar,No,Electric Rocket,A007,A007
1013,Unibot #1013,611,70.49706893076103,8,Delphi,Suit,Silver,Biodiesel,No,Rocket,A010,A010
104,Unibot #104,612,70.4949724251978,8,Granada,Candy Machine,Silver,Wind,No,Lighbulb,A006,A006
620,Unibot #620,613,70.48699794264719,8,Miami,Armor 01,Silver,Biodiesel,No,Brain Capsule,A009,A009
698,Unibot #698,614,70.46964949126274,8,Hong Kong,Drying machine,Silver,Biodiesel,No,Drone,A005,A005
123,Unibot #123,615,70.46794166095071,8,Sahara,Synthetic Heart,Silver,Biodiesel,No,IG-11,A004,A004
704,Unibot #704,616,70.459076663906,8,Carthage,Satellite,Silver,Hydraulic,No,Screen,A002,A002
308,Unibot #308,617,70.4353567913886,8,Delphi,Armor 02,Silver,Biodiesel,No,Lighbulb,A002,A002
163,Unibot #163,618,70.4334182443336,8,Caracas,Armor 04,Gold,Hydraulic,No,Helmet,A008,A008
185,Unibot #185,619,70.42413391350513,8,Carthage,Suit,Silver,Solar,No,Drone,A008,A008
427,Unibot #427,620,70.42082486627532,8,Hong Kong,Car Jack,Silver,Biodiesel,No,Rocket,A005,A005
933,Unibot #933,621,70.40309334747776,8,Edo,Armor 02,Silver,Solar,No,Bee,A001,A001
341,Unibot #341,622,70.39541210912117,8,Hong Kong,Car Jack,Silver,Wind,No,Jaw,A002,A002
552,Unibot #552,623,70.3855845210103,8,Sahara,Drying machine,Silver,Hydraulic,No,Googles,A004,A004
337,Unibot #337,624,70.38086966111044,8,Carthage,Synthetic Heart,Silver,Solar,No,Fish Tank,A008,A008
978,Unibot #978,625,70.36354413948672,8,Yucatan,Armor 02,Silver,Geothermal,No,Helmet,A002,A002
920,Unibot #920,626,70.36250943081993,8,Paris,Armor 02,Silver,Biodiesel,No,Bee,A007,A007
646,Unibot #646,627,70.34718469797654,8,New York City,Mustang Engine,Silver,Geothermal,No,Broken Screen,A010,A010
571,Unibot #571,628,70.3439600494431,8,Edo,Mustang Engine,Silver,Wind,No,Drone,A006,A006
39,Unibot #39,629,70.31902972556665,8,Granada,Armor 04,Silver,Wind,No,Bee,A002,A002
294,Unibot #294,630,70.3169674444969,8,Edo,Armor 04,Gold,Solar,No,Helmet,A002,A002
697,Unibot #697,631,70.28450739406905,8,Delphi,Satellite,Silver,Biodiesel,No,Queen Bee,A010,A010
857,Unibot #857,632,70.28347759830608,8,New Mexico,Satellite,Silver,Solar,No,Googles,A008,A008
894,Unibot #894,633,70.21874629547965,8,Miami,Satellite,Silver,Wind,No,Queen Bee,A005,A005
376,Unibot #376,634,70.21641138998888,8,Carthage,Drying machine,Silver,Solar,No,Googles,A007,A007
438,Unibot #438,635,70.20912637845183,8,Paris,Armor 04,Silver,Wind,No,Googles,A007,A007
11,Unibot #11,636,70.16751279428871,8,Florence,Armor 02,Silver,Geothermal,No,Fish Tank,A002,A002
216,Unibot #216,637,70.15546390750298,8,Delphi,Armor 02,Silver,Solar,No,Drone,A002,A002
593,Unibot #593,638,70.14114491562289,8,Hong Kong,Armor 02,Silver,Wind,No,Fancy Chappie,A004,A004
225,Unibot #225,639,70.10087357478648,8,Paris,Car Jack,Silver,Hydraulic,No,IG-11,A004,A004
447,Unibot #447,640,70.07957076112625,8,Carthage,Car Jack,Silver,Hydraulic,No,IG-11,A008,A008
760,Unibot #760,641,70.0770078988096,8,Paris,Mustang Engine,Silver,Hydraulic,No,Drone,A006,A006
117,Unibot #117,642,70.02843551862249,8,Paris,Armor 01,Silver,Hydraulic,No,Queen Bee,A004,A004
448,Unibot #448,643,70.02288087237756,8,Edo,Satellite,Silver,Geothermal,No,Electric Rocket,A008,A008
776,Unibot #776,644,70.00199511568916,8,Caracas,Armor 02,Silver,Geothermal,No,Lighbulb,A007,A007
240,Unibot #240,645,69.94301391062311,8,Carthage,Synthetic Heart,Silver,Solar,No,Queen Bee,A009,A009
817,Unibot #817,646,69.93686348148248,8,New Mexico,Armor 04,Silver,Geothermal,No,Brain Capsule,A009,A009
183,Unibot #183,647,69.92644475269422,8,Sahara,Armor 01,Silver,Hydraulic,No,Drone,A010,A010
9,Unibot #9,648,69.91190452197331,8,Babylon,Mustang Engine,Silver,Solar,No,Broken Screen,A005,A005
761,Unibot #761,649,69.88524358169815,8,Babylon,Armor 02,Silver,Wind,No,Helmet,A009,A009
932,Unibot #932,650,69.87941689261172,8,Caracas,Synthetic Heart,Silver,Wind,No,Rocket,A002,A002
665,Unibot #665,651,69.87235954718821,8,Athens,Suit,Silver,Geothermal,No,Brain Capsule,A004,A004
455,Unibot #455,652,69.86156530837496,8,Hong Kong,Mustang Engine,Silver,Biodiesel,No,Brain Capsule,A004,A004
968,Unibot #968,653,69.84927327148819,8,Hong Kong,Drying machine,Silver,Biodiesel,No,Googles,A004,A004
818,Unibot #818,654,69.82911070219475,8,New York City,Car Jack,Silver,Hydraulic,No,Jaw,A002,A002
457,Unibot #457,655,69.82802270727613,8,Sahara,Satellite,Silver,Biodiesel,No,Fancy Chappie,A005,A005
736,Unibot #736,656,69.79859224198849,8,Athens,Drying machine,Silver,Hydraulic,No,Broken Screen,A006,A006
5,Unibot #5,657,69.77964547628434,8,Caracas,Armor 01,Silver,Biodiesel,No,Fancy Chappie,A002,A002
312,Unibot #312,658,69.77811671744253,8,Delphi,Candy Machine,Silver,Biodiesel,No,Rocket,A006,A006
796,Unibot #796,659,69.77420461574974,8,Delphi,Suit,Silver,Solar,No,Googles,A008,A008
1018,Unibot #1018,660,69.77179165138111,8,Granada,Armor 02,Silver,Biodiesel,No,Broken Screen,A008,A008
946,Unibot #946,661,69.76923953684873,8,Florence,Synthetic Heart,Silver,Solar,No,Drone,A009,A009
904,Unibot #904,662,69.75395107443359,8,Delphi,Drying machine,Silver,Biodiesel,No,Jaw,A008,A008
178,Unibot #178,663,69.749313336846,8,Hong Kong,Armor 02,Gold,Hydraulic,No,Jaw,A006,A006
208,Unibot #208,664,69.73882188037737,8,Miami,Satellite,Silver,Hydraulic,No,Queen Bee,A006,A006
609,Unibot #609,665,69.7342672254107,8,Buenos Aires,Armor 04,Silver,Hydraulic,No,Googles,A010,A010
136,Unibot #136,666,69.6961082719236,8,Paris,Synthetic Heart,Silver,Hydraulic,No,Lighbulb,A008,A008
336,Unibot #336,666,69.6961082719236,8,Paris,Synthetic Heart,Silver,Hydraulic,No,Electric Rocket,A008,A008
281,Unibot #281,668,69.69382053763086,8,New York City,Armor 04,Gold,Hydraulic,No,Helmet,A005,A005
161,Unibot #161,669,69.67827227191368,8,Carthage,Armor 04,Silver,Hydraulic,No,Lighbulb,A007,A007
752,Unibot #752,670,69.67608738015748,8,Edo,Car Jack,Silver,Geothermal,No,Screen,A010,A010
756,Unibot #756,671,69.66772375040289,8,New Mexico,Armor 02,Gold,Solar,No,Helmet,A005,A005
333,Unibot #333,672,69.66373673012178,8,Delphi,Armor 01,Silver,Solar,No,Googles,A009,A009
825,Unibot #825,673,69.6072575918548,8,Yucatan,Armor 04,Silver,Solar,No,Jaw,A002,A002
659,Unibot #659,674,69.5883651054368,8,Paris,Candy Machine,Silver,Wind,No,Queen Bee,A010,A010
613,Unibot #613,675,69.58041101547981,8,Delphi,Mustang Engine,Silver,Solar,No,Rocket,A005,A005
106,Unibot #106,676,69.56240877858494,8,Carthage,Synthetic Heart,Silver,Biodiesel,No,Drone,A002,A002
16,Unibot #16,677,69.5578061413076,8,Athens,Armor 04,Gold,Solar,No,Helmet,A005,A005
710,Unibot #710,678,69.5519898393014,8,New York City,Candy Machine,Silver,Geothermal,No,Lighbulb,A010,A010
836,Unibot #836,679,69.54328415230779,8,New Mexico,Suit,Silver,Wind,No,Googles,A006,A006
953,Unibot #953,680,69.52648887894568,8,Caracas,Synthetic Heart,Silver,Hydraulic,No,Rocket,A009,A009
451,Unibot #451,681,69.5103810955422,8,New York City,Synthetic Heart,Silver,Geothermal,No,Broken Screen,A004,A004
935,Unibot #935,682,69.49739732695203,8,Delphi,Suit,Silver,Solar,No,Broken Screen,A004,A004
811,Unibot #811,683,69.45864123067733,8,Hong Kong,Satellite,Silver,Geothermal,No,Broken Screen,A004,A004
291,Unibot #291,684,69.45344623344121,8,Edo,Armor 04,Gold,Hydraulic,No,Googles,A006,A006
641,Unibot #641,685,69.44923459120504,8,Paris,Synthetic Heart,Gold,Hydraulic,No,Helmet,A010,A010
267,Unibot #267,686,69.44182086741498,8,Caracas,Car Jack,Silver,Geothermal,No,Fish Tank,A005,A005
379,Unibot #379,687,69.43725461136205,8,Edo,Synthetic Heart,Gold,Solar,No,Brain Capsule,A010,A010
815,Unibot #815,688,69.43521871763772,8,Carthage,Candy Machine,Silver,Solar,No,Drone,A008,A008
792,Unibot #792,689,69.42813478483725,8,Edo,Armor 04,Silver,Solar,No,Fish Tank,A002,A002
586,Unibot #586,690,69.40923777626399,8,Carthage,Armor 01,Silver,Solar,No,Fish Tank,A004,A004
295,Unibot #295,691,69.40734186636374,8,Caracas,Satellite,Silver,Wind,No,Rocket,A004,A004
631,Unibot #631,692,69.381563800644,8,Hong Kong,Synthetic Heart,Silver,Geothermal,No,Brain Capsule,A009,A009
573,Unibot #573,693,69.3112024019358,8,Delphi,Mustang Engine,Silver,Wind,No,Jaw,A004,A004
864,Unibot #864,694,69.29968660687261,8,Florence,Armor 01,Silver,Hydraulic,No,Rocket,A002,A002
540,Unibot #540,695,69.28546985731985,8,Miami,Suit,Silver,Wind,No,Broken Screen,A010,A010
27,Unibot #27,696,69.25051124507263,8,Miami,Satellite,Silver,Biodiesel,No,Lighbulb,A006,A006
324,Unibot #324,697,69.24959873877546,8,Paris,Armor 04,Gold,Hydraulic,No,Brain Capsule,A005,A005
369,Unibot #369,698,69.24413999275028,8,Hong Kong,Armor 01,Silver,Wind,No,Lighbulb,A010,A010
301,Unibot #301,699,69.22970599510313,8,Miami,Car Jack,Silver,Hydraulic,No,Electric Rocket,A005,A005
964,Unibot #964,700,69.17548477313159,8,Edo,Suit,Silver,Hydraulic,No,Fancy Chappie,A004,A004
424,Unibot #424,701,69.15095089500355,8,Caracas,Armor 01,Silver,Biodiesel,No,Electric Rocket,A002,A002
231,Unibot #231,702,69.14206599451674,8,Sahara,Candy Machine,Silver,Wind,No,Bee,A010,A010
493,Unibot #493,703,69.10432791541724,8,Hong Kong,Candy Machine,Silver,Geothermal,No,Bee,A004,A004
199,Unibot #199,704,69.10123770557192,8,Edo,Satellite,Gold,Solar,No,Jaw,A006,A006
368,Unibot #368,705,69.09596690249968,8,Sahara,Synthetic Heart,Silver,Biodiesel,No,Helmet,A009,A009
529,Unibot #529,706,69.08021224646241,8,Florence,Armor 02,Silver,Hydraulic,No,Brain Capsule,A001,A001
576,Unibot #576,707,69.07319194553111,8,Florence,Armor 04,Silver,Solar,No,Open Helmet,A004,A004
855,Unibot #855,708,69.07016461903768,8,Carthage,Mustang Engine,Silver,Hydraulic,No,Screen,A006,A006
850,Unibot #850,709,69.0694975786825,8,Paris,Synthetic Heart,Silver,Solar,No,Lighbulb,A002,A002
446,Unibot #446,710,69.035890757955,8,Florence,Armor 01,Silver,Solar,No,Jaw,A001,A001
513,Unibot #513,711,69.018510297917,8,New York City,Armor 02,Silver,Geothermal,No,Screen,A010,A010
833,Unibot #833,712,69.01324780300092,8,Florence,Candy Machine,Silver,Wind,No,Lighbulb,A004,A004
371,Unibot #371,713,69.00901298431677,8,Florence,Armor 04,Gold,Hydraulic,No,Googles,A010,A010
717,Unibot #717,714,68.99728703872343,8,Hong Kong,Satellite,Silver,Biodiesel,No,Electric Rocket,A006,A006
916,Unibot #916,715,68.9892776985345,8,Edo,Synthetic Heart,Silver,Geothermal,No,Googles,A007,A007
754,Unibot #754,716,68.98054826252371,8,Miami,Satellite,Silver,Biodiesel,No,Electric Rocket,A010,A010
886,Unibot #886,717,68.9796841381343,8,Delphi,Suit,Silver,Biodiesel,No,Jaw,A008,A008
706,Unibot #706,718,68.94567332469592,8,Hong Kong,Synthetic Heart,Silver,Biodiesel,No,Drone,A006,A006
696,Unibot #696,719,68.92865174724778,8,Carthage,Armor 04,Silver,Hydraulic,No,Drone,A009,A009
480,Unibot #480,720,68.92299389972725,8,Babylon,Satellite,Silver,Geothermal,No,Broken Screen,A005,A005
397,Unibot #397,721,68.9083879948428,8,Granada,Suit,Silver,Solar,No,Rocket,A005,A005
536,Unibot #536,722,68.88341775304553,8,Florence,Mustang Engine,Silver,Hydraulic,No,Queen Bee,A006,A006
485,Unibot #485,723,68.87317024341361,8,Florence,Armor 01,Silver,Hydraulic,No,Lighbulb,A008,A008
602,Unibot #602,724,68.85900551604736,8,Delphi,Mustang Engine,Silver,Hydraulic,No,Broken Screen,A010,A010
828,Unibot #828,725,68.84784397876743,8,Paris,Armor 01,Silver,Biodiesel,No,Queen Bee,A006,A006
969,Unibot #969,726,68.81434000857965,8,Delphi,Suit,Silver,Solar,No,Jaw,A009,A009
125,Unibot #125,727,68.81067242835506,8,New York City,Armor 02,Silver,Solar,No,Broken Screen,A008,A008
892,Unibot #892,728,68.79469833634607,8,Miami,Mustang Engine,Silver,Biodiesel,No,Broken Screen,A005,A005
984,Unibot #984,729,68.78817322202073,8,Sahara,Drying machine,Silver,Biodiesel,No,Brain Capsule,A006,A006
479,Unibot #479,730,68.7277455042154,8,Sahara,Armor 02,Silver,Biodiesel,No,Googles,A002,A002
272,Unibot #272,731,68.70317357341693,8,Carthage,Armor 01,Silver,Hydraulic,No,Electric Rocket,A008,A008
442,Unibot #442,732,68.70291894879131,8,Hong Kong,Armor 02,Silver,Hydraulic,No,Fish Tank,A006,A006
276,Unibot #276,733,68.69937410906132,8,Caracas,Candy Machine,Silver,Geothermal,No,Open Helmet,A005,A005
925,Unibot #925,734,68.68316962174701,8,Miami,Armor 01,Silver,Biodiesel,No,Lighbulb,A010,A010
1000,Unibot #1000,735,68.6775407944785,8,Paris,Suit,Silver,Wind,No,IG-11,A006,A006
1004,Unibot #1004,736,68.65476907419658,8,Sahara,Armor 01,Silver,Biodiesel,No,Broken Screen,A006,A006
610,Unibot #610,737,68.64867358349768,8,Athens,Drying machine,Silver,Hydraulic,No,Broken Screen,A005,A005
472,Unibot #472,738,68.64517322316573,8,Paris,Suit,Silver,Biodiesel,No,Jaw,A009,A009
204,Unibot #204,739,68.63365195324103,8,Athens,Car Jack,Silver,Hydraulic,No,Jaw,A004,A004
177,Unibot #177,740,68.6316208412702,8,Miami,Armor 01,Silver,Wind,No,IG-11,A010,A010
33,Unibot #33,741,68.61417981820242,8,Hong Kong,Synthetic Heart,Silver,Biodiesel,No,Rocket,A006,A006
862,Unibot #862,742,68.59785565623241,8,Edo,Armor 01,Silver,Solar,No,Screen,A004,A004
109,Unibot #109,743,68.59783439971318,8,Sahara,Candy Machine,Silver,Biodiesel,No,Bee,A006,A006
908,Unibot #908,744,68.58833834395415,8,Florence,Synthetic Heart,Silver,Hydraulic,No,Helmet,A001,A001
681,Unibot #681,745,68.55098981531133,8,Granada,Armor 04,Silver,Biodiesel,No,Googles,A008,A008
30,Unibot #30,746,68.51806308375767,8,Edo,Candy Machine,Silver,Hydraulic,No,Drone,A004,A004
127,Unibot #127,747,68.51017782723022,8,Hong Kong,Armor 01,Silver,Biodiesel,No,Drone,A005,A005
970,Unibot #970,748,68.49621570678721,8,Miami,Armor 01,Silver,Hydraulic,No,Rocket,A010,A010
846,Unibot #846,749,68.48203668122483,8,Carthage,Synthetic Heart,Silver,Biodiesel,No,Broken Screen,A009,A009
44,Unibot #44,750,68.47182706982464,8,Florence,Armor 01,Gold,Solar,No,Helmet,A006,A006
474,Unibot #474,751,68.46995806927958,8,Paris,Satellite,Silver,Biodiesel,No,Rocket,A006,A006
742,Unibot #742,752,68.46146160506677,8,Carthage,Armor 01,Silver,Biodiesel,No,Fancy Chappie,A004,A004
396,Unibot #396,753,68.46076904041657,8,Athens,Armor 04,Silver,Hydraulic,No,Queen Bee,A010,A010
784,Unibot #784,754,68.42697270107116,8,Athens,Armor 02,Silver,Geothermal,No,Screen,A005,A005
386,Unibot #386,755,68.40374730417818,8,Florence,Armor 02,Gold,Hydraulic,No,Brain Capsule,A010,A010
822,Unibot #822,756,68.38367962975474,8,Athens,Satellite,Silver,Hydraulic,No,Electric Rocket,A005,A005
645,Unibot #645,757,68.37158568932432,8,Edo,Car Jack,Silver,Wind,No,IG-11,A006,A006
521,Unibot #521,758,68.33827618688454,8,Hong Kong,Satellite,Silver,Geothermal,No,Rocket,A005,A005
988,Unibot #988,759,68.31329343765215,8,Miami,Candy Machine,Silver,Wind,No,Bee,A006,A006
471,Unibot #471,760,68.31289087625571,8,Paris,Candy Machine,Silver,Wind,No,Helmet,A009,A009
304,Unibot #304,761,68.29904416246092,8,Sahara,Suit,Silver,Geothermal,No,Bee,A005,A005
715,Unibot #715,762,68.29514901727477,8,Caracas,Candy Machine,Silver,Hydraulic,No,Brain Capsule,A007,A007
250,Unibot #250,763,68.2537575113667,8,Carthage,Satellite,Silver,Solar,No,Broken Screen,A009,A009
922,Unibot #922,764,68.23086201191222,8,Hong Kong,Armor 02,Silver,Geothermal,No,Fish Tank,A005,A005
352,Unibot #352,765,68.22493161379924,8,Hong Kong,Armor 02,Silver,Geothermal,No,Screen,A006,A006
363,Unibot #363,766,68.1930125182533,8,Carthage,Synthetic Heart,Silver,Solar,No,Fancy Chappie,A008,A008
533,Unibot #533,766,68.1930125182533,8,Carthage,Synthetic Heart,Silver,Solar,No,Rocket,A008,A008
879,Unibot #879,768,68.19008464253538,8,Athens,Candy Machine,Silver,Geothermal,No,Bee,A010,A010
981,Unibot #981,769,68.17682074415214,8,Granada,Armor 02,Silver,Biodiesel,No,Drone,A010,A010
262,Unibot #262,770,68.14404306920463,8,Delphi,Candy Machine,Silver,Hydraulic,No,Drone,A005,A005
196,Unibot #196,771,68.13158188529846,8,Sahara,Armor 01,Silver,Biodiesel,No,Bee,A010,A010
948,Unibot #948,772,68.1243510429993,8,Florence,Synthetic Heart,Silver,Geothermal,No,Open Helmet,A005,A005
841,Unibot #841,773,68.06951304859442,8,Paris,Satellite,Silver,Solar,No,Helmet,A007,A007
444,Unibot #444,774,68.03395874577923,8,Paris,Candy Machine,Silver,Solar,No,Brain Capsule,A009,A009
992,Unibot #992,775,68.0213544812955,8,Sahara,Armor 01,Silver,Wind,No,Jaw,A004,A004
911,Unibot #911,776,68.00326645021514,8,Edo,Mustang Engine,Silver,Solar,No,Googles,A002,A002
418,Unibot #418,777,67.987357360563,8,Florence,Mustang Engine,Silver,Geothermal,No,Lighbulb,A010,A010
712,Unibot #712,778,67.96298640498291,8,New York City,Synthetic Heart,Silver,Solar,No,Queen Bee,A005,A005
918,Unibot #918,779,67.95351167333523,8,Edo,Drying machine,Silver,Hydraulic,No,Fancy Chappie,A006,A006
545,Unibot #545,780,67.95026194122015,8,Delphi,Suit,Silver,Wind,No,Helmet,A004,A004
583,Unibot #583,781,67.94155108847902,8,Carthage,Armor 02,Silver,Solar,No,Screen,A008,A008
674,Unibot #674,782,67.92081115332869,8,Edo,Armor 01,Gold,Hydraulic,No,Helmet,A005,A005
435,Unibot #435,783,67.91033430016697,8,Delphi,Drying machine,Silver,Biodiesel,No,Helmet,A004,A004
753,Unibot #753,784,67.89984491268297,8,Delphi,Armor 04,Silver,Solar,No,Lighbulb,A004,A004
790,Unibot #790,785,67.8942541035109,8,Edo,Armor 04,Silver,Geothermal,No,Googles,A007,A007
949,Unibot #949,786,67.87445112876159,8,Edo,Satellite,Silver,Geothermal,No,Brain Capsule,A009,A009
518,Unibot #518,787,67.8701838506341,8,Caracas,Suit,Silver,Hydraulic,No,Bee,A002,A002
830,Unibot #830,788,67.85259180007121,8,Paris,Armor 04,Silver,Wind,No,Queen Bee,A006,A006
919,Unibot #919,789,67.84645578046016,8,New Mexico,Drying machine,Silver,Solar,No,Brain Capsule,A006,A006
702,Unibot #702,790,67.81640339798372,8,Caracas,Satellite,Silver,Wind,No,Queen Bee,A010,A010
967,Unibot #967,791,67.81384754870017,8,Edo,Armor 02,Silver,Wind,No,IG-11,A008,A008
794,Unibot #794,792,67.80060488874538,8,Paris,Mustang Engine,Silver,Hydraulic,No,Helmet,A008,A008
661,Unibot #661,793,67.79447941040108,8,Delphi,Armor 01,Silver,Biodiesel,No,Jaw,A008,A008
114,Unibot #114,794,67.75232306664888,8,Delphi,Candy Machine,Silver,Biodiesel,No,Broken Screen,A006,A006
361,Unibot #361,795,67.75166516532832,8,Granada,Armor 01,Silver,Wind,No,Broken Screen,A005,A005
81,Unibot #81,796,67.74444987124602,8,Carthage,Drying machine,Silver,Wind,No,IG-11,A006,A006
718,Unibot #718,797,67.74205146238468,8,Paris,Drying machine,Silver,Solar,No,Rocket,A005,A005
675,Unibot #675,798,67.73374550323612,8,Caracas,Synthetic Heart,Gold,Hydraulic,No,Jaw,A010,A010
592,Unibot #592,799,67.71972074152244,8,Miami,Mustang Engine,Silver,Hydraulic,No,Googles,A006,A006
779,Unibot #779,800,67.70537703157353,8,New York City,Armor 01,Silver,Geothermal,No,Bee,A010,A010
972,Unibot #972,801,67.69383750718457,8,Edo,Car Jack,Silver,Solar,No,Screen,A005,A005
996,Unibot #996,802,67.6802010632715,8,Granada,Car Jack,Silver,Solar,No,Googles,A006,A006
325,Unibot #325,803,67.66895853917372,8,Edo,Armor 01,Silver,Wind,No,Googles,A002,A002
924,Unibot #924,804,67.65782653313202,8,Carthage,Armor 04,Silver,Wind,No,IG-11,A008,A008
542,Unibot #542,805,67.60867848400868,8,Hong Kong,Armor 04,Silver,Hydraulic,No,Brain Capsule,A009,A009
1012,Unibot #1012,806,67.58545723105134,8,Caracas,Car Jack,Silver,Geothermal,No,Drone,A005,A005
658,Unibot #658,807,67.57773547974382,8,Hong Kong,Synthetic Heart,Silver,Geothermal,No,Lighbulb,A010,A010
332,Unibot #332,808,67.57710572420903,8,Florence,Candy Machine,Silver,Solar,No,IG-11,A002,A002
256,Unibot #256,809,67.5621427768622,8,New Mexico,Mustang Engine,Silver,Wind,No,Jaw,A005,A005
497,Unibot #497,810,67.5582455645417,8,Florence,Drying machine,Silver,Geothermal,No,Electric Rocket,A010,A010
633,Unibot #633,811,67.54388484722209,8,Paris,Armor 01,Silver,Biodiesel,No,Lighbulb,A006,A006
10,Unibot #10,812,67.53896555863511,8,Carthage,Synthetic Heart,Silver,Solar,No,Screen,A004,A004
378,Unibot #378,813,67.5377893565232,8,Paris,Drying machine,Silver,Hydraulic,No,Electric Rocket,A005,A005
303,Unibot #303,814,67.5292872923249,8,Caracas,Armor 01,Silver,Geothermal,No,Lighbulb,A004,A004
490,Unibot #490,815,67.51932331918889,8,Hong Kong,Drying machine,Silver,Geothermal,No,Helmet,A004,A004
797,Unibot #797,816,67.50241744697911,8,Miami,Armor 04,Silver,Biodiesel,No,Rocket,A010,A010
541,Unibot #541,817,67.49977602730627,8,Caracas,Armor 02,Silver,Hydraulic,No,Drone,A008,A008
574,Unibot #574,818,67.49947152204673,8,Miami,Armor 02,Silver,Wind,No,Electric Rocket,A010,A010
759,Unibot #759,819,67.4946291437087,8,Florence,Armor 01,Silver,Geothermal,No,Jaw,A007,A007
173,Unibot #173,820,67.48903506975724,8,Yucatan,Synthetic Heart,Silver,Hydraulic,No,Helmet,A006,A006
568,Unibot #568,821,67.48427157255767,8,New York City,Armor 04,Silver,Hydraulic,No,Bee,A004,A004
838,Unibot #838,822,67.45940234111148,8,Delphi,Suit,Silver,Wind,No,Brain Capsule,A010,A010
944,Unibot #944,823,67.44194159950612,8,Sahara,Mustang Engine,Silver,Biodiesel,No,Helmet,A006,A006
108,Unibot #108,824,67.42364866421731,8,New York City,Satellite,Silver,Solar,No,Broken Screen,A006,A006
507,Unibot #507,825,67.41220296482705,8,New Mexico,Armor 01,Silver,Geothermal,No,Bee,A005,A005
604,Unibot #604,826,67.40177427620654,8,Caracas,Armor 01,Silver,Hydraulic,No,Fish Tank,A010,A010
858,Unibot #858,827,67.39753218176541,8,Paris,Drying machine,Silver,Solar,No,IG-11,A006,A006
955,Unibot #955,828,67.39236744347062,8,Athens,Armor 02,Silver,Hydraulic,No,Queen Bee,A005,A005
467,Unibot #467,829,67.37667802983147,8,Sahara,Armor 04,Silver,Biodiesel,No,IG-11,A006,A006
95,Unibot #95,830,67.35521892815271,8,Caracas,Mustang Engine,Silver,Wind,No,Helmet,A002,A002
746,Unibot #746,831,67.35091821306823,8,Yucatan,Satellite,Silver,Hydraulic,No,Helmet,A005,A005
454,Unibot #454,832,67.34695992979893,8,Babylon,Armor 02,Silver,Hydraulic,No,Electric Rocket,A005,A005
893,Unibot #893,833,67.30280932843387,8,Delphi,Armor 01,Silver,Biodiesel,No,Bee,A006,A006
345,Unibot #345,834,67.29486993681817,8,Athens,Synthetic Heart,Silver,Hydraulic,No,Brain Capsule,A004,A004
316,Unibot #316,835,67.29462665363462,8,Paris,Satellite,Silver,Wind,No,Jaw,A002,A002
169,Unibot #169,836,67.26002120074557,8,Granada,Synthetic Heart,Silver,Solar,No,Electric Rocket,A010,A010
957,Unibot #957,837,67.23558197002679,8,Caracas,Satellite,Silver,Hydraulic,No,Broken Screen,A002,A002
561,Unibot #561,838,67.22913587775076,8,Delphi,Candy Machine,Silver,Biodiesel,No,Bee,A010,A010
357,Unibot #357,839,67.2223376274219,8,Edo,Candy Machine,Silver,Hydraulic,No,Screen,A006,A006
695,Unibot #695,840,67.21031917293307,8,Sahara,Suit,Silver,Wind,No,Jaw,A006,A006
723,Unibot #723,841,67.20655001620263,8,Caracas,Mustang Engine,Silver,Wind,No,Broken Screen,A010,A010
614,Unibot #614,842,67.20276862342892,8,Paris,Armor 04,Silver,Biodiesel,No,Helmet,A007,A007
691,Unibot #691,843,67.19552309319029,8,Florence,Candy Machine,Silver,Geothermal,No,IG-11,A004,A004
263,Unibot #263,844,67.18095457337965,8,Granada,Satellite,Silver,Solar,No,Jaw,A002,A002
617,Unibot #617,845,67.17618475134617,8,Miami,Armor 02,Silver,Geothermal,No,Fancy Chappie,A010,A010
367,Unibot #367,846,67.1669313691821,8,Babylon,Armor 04,Silver,Hydraulic,No,Helmet,A002,A002
124,Unibot #124,847,67.15993954667289,8,Miami,Armor 04,Silver,Geothermal,No,Queen Bee,A005,A005
787,Unibot #787,848,67.14368584824723,8,Delphi,Armor 04,Silver,Biodiesel,No,Electric Rocket,A006,A006
548,Unibot #548,849,67.13613509004429,8,New Mexico,Armor 01,Silver,Geothermal,No,Googles,A010,A010
241,Unibot #241,850,67.13508652133793,8,Edo,Drying machine,Silver,Hydraulic,No,Drone,A005,A005
428,Unibot #428,851,67.0976720669695,8,New York City,Synthetic Heart,Silver,Hydraulic,No,IG-11,A010,A010
812,Unibot #812,852,67.08940410736594,8,Carthage,Mustang Engine,Silver,Biodiesel,No,IG-11,A010,A010
730,Unibot #730,853,67.02685555966104,8,New York City,Car Jack,Silver,Geothermal,No,Jaw,A006,A006
724,Unibot #724,854,66.94810020581949,8,Carthage,Satellite,Silver,Wind,No,Lighbulb,A006,A006
664,Unibot #664,855,66.9399588045626,8,Granada,Armor 02,Silver,Wind,No,Jaw,A002,A002
671,Unibot #671,856,66.93025529389355,8,Carthage,Drying machine,Silver,Biodiesel,No,IG-11,A006,A006
877,Unibot #877,857,66.87372286569831,8,Delphi,Armor 04,Silver,Biodiesel,No,Lighbulb,A010,A010
393,Unibot #393,858,66.84946733528464,8,Granada,Candy Machine,Silver,Hydraulic,No,IG-11,A005,A005
764,Unibot #764,859,66.8176638224407,8,New York City,Armor 02,Silver,Geothermal,No,Googles,A004,A004
278,Unibot #278,860,66.81684980664635,8,Florence,Armor 04,Gold,Hydraulic,No,Helmet,A010,A010
910,Unibot #910,860,66.81684980664635,8,Florence,Armor 04,Gold,Hydraulic,No,Helmet,A010,A010
89,Unibot #89,862,66.77899641314711,8,Florence,Suit,Silver,Wind,No,Brain Capsule,A004,A004
653,Unibot #653,863,66.74704478435635,8,Florence,Candy Machine,Silver,Wind,No,Lighbulb,A010,A010
148,Unibot #148,864,66.73892720300022,8,Florence,Mustang Engine,Silver,Geothermal,No,Helmet,A002,A002
866,Unibot #866,865,66.7106540459186,8,Edo,Drying machine,Silver,Solar,No,Drone,A005,A005
350,Unibot #350,866,66.70671730763243,8,Carthage,Mustang Engine,Silver,Biodiesel,No,Helmet,A002,A002
729,Unibot #729,867,66.68527694469425,8,Delphi,Armor 02,Silver,Biodiesel,No,Electric Rocket,A010,A010
41,Unibot #41,868,66.67534704335755,8,Babylon,Armor 02,Silver,Solar,No,Broken Screen,A006,A006
768,Unibot #768,869,66.67094714268616,8,Granada,Armor 02,Silver,Hydraulic,No,Electric Rocket,A006,A006
808,Unibot #808,870,66.61078131070079,8,Miami,Armor 02,Silver,Wind,No,Jaw,A008,A008
202,Unibot #202,871,66.54995650451772,8,Granada,Car Jack,Silver,Wind,No,Jaw,A005,A005
656,Unibot #656,872,66.54749017006537,8,Miami,Armor 02,Silver,Geothermal,No,Electric Rocket,A010,A010
563,Unibot #563,873,66.53720304833146,8,Sahara,Synthetic Heart,Silver,Biodiesel,No,Bee,A005,A005
57,Unibot #57,874,66.50588629261964,8,Delphi,Synthetic Heart,Silver,Wind,No,Broken Screen,A005,A005
452,Unibot #452,875,66.48550819123615,8,Hong Kong,Armor 02,Silver,Hydraulic,No,Broken Screen,A004,A004
71,Unibot #71,876,66.47899668067818,8,Caracas,Satellite,Silver,Biodiesel,No,Screen,A005,A005
338,Unibot #338,877,66.46522156897112,8,Carthage,Armor 01,Silver,Biodiesel,No,Fancy Chappie,A006,A006
335,Unibot #335,878,66.46105897591167,8,Athens,Candy Machine,Silver,Solar,No,Broken Screen,A005,A005
140,Unibot #140,879,66.39654170942678,8,Delphi,Armor 02,Silver,Hydraulic,No,Brain Capsule,A002,A002
868,Unibot #868,880,66.38712012718833,8,Paris,Armor 04,Silver,Hydraulic,No,Helmet,A007,A007
68,Unibot #68,881,66.34307530957504,8,Delphi,Candy Machine,Silver,Biodiesel,No,Googles,A006,A006
860,Unibot #860,882,66.32015599688934,8,Florence,Satellite,Silver,Geothermal,No,Queen Bee,A005,A005
453,Unibot #453,883,66.31666196721098,8,New York City,Drying machine,Silver,Geothermal,No,Helmet,A010,A010
987,Unibot #987,884,66.29734054077495,8,Caracas,Suit,Silver,Hydraulic,No,Brain Capsule,A002,A002
942,Unibot #942,885,66.28456434179235,8,Carthage,Satellite,Silver,Solar,No,Screen,A010,A010
869,Unibot #869,886,66.27130744042098,8,Caracas,Mustang Engine,Silver,Geothermal,No,Bee,A006,A006
383,Unibot #383,887,66.26892612567504,8,Edo,Armor 04,Gold,Hydraulic,No,Jaw,A005,A005
302,Unibot #302,888,66.24824127691114,8,Delphi,Satellite,Silver,Biodiesel,No,Helmet,A004,A004
235,Unibot #235,889,66.22675937134066,8,Sahara,Armor 04,Silver,Biodiesel,No,IG-11,A005,A005
899,Unibot #899,890,66.20944843142405,8,Carthage,Mustang Engine,Silver,Biodiesel,No,IG-11,A005,A005
110,Unibot #110,891,66.20936378018939,8,Caracas,Synthetic Heart,Silver,Geothermal,No,Screen,A010,A010
107,Unibot #107,892,66.19737518643068,8,Hong Kong,Synthetic Heart,Silver,Geothermal,No,Bee,A006,A006
889,Unibot #889,893,66.18685699261067,8,Carthage,Candy Machine,Silver,Biodiesel,No,Queen Bee,A005,A005
311,Unibot #311,894,66.18305343550546,8,Paris,Armor 01,Silver,Biodiesel,No,Jaw,A002,A002
392,Unibot #392,895,66.18063641023096,8,Hong Kong,Synthetic Heart,Silver,Geothermal,No,Broken Screen,A010,A010
388,Unibot #388,896,66.16336846414892,8,Athens,Candy Machine,Silver,Solar,No,Jaw,A004,A004
502,Unibot #502,897,66.10262063003789,8,Sahara,Armor 02,Silver,Hydraulic,No,IG-11,A010,A010
223,Unibot #223,898,66.0973905722427,8,Edo,Candy Machine,Silver,Solar,No,Drone,A006,A006
75,Unibot #75,899,66.08806838682692,8,Caracas,Candy Machine,Silver,Geothermal,No,Fancy Chappie,A010,A010
399,Unibot #399,900,66.08512458171708,8,Babylon,Synthetic Heart,Silver,Geothermal,No,Brain Capsule,A005,A005
547,Unibot #547,901,66.05553016310506,8,Florence,Armor 04,Silver,Geothermal,No,Electric Rocket,A004,A004
182,Unibot #182,902,66.03703505693512,8,Carthage,Mustang Engine,Silver,Wind,No,Helmet,A004,A004
252,Unibot #252,903,65.9967283668893,8,Florence,Candy Machine,Silver,Solar,No,Queen Bee,A010,A010
35,Unibot #35,904,65.98613510937204,8,Florence,Mustang Engine,Silver,Wind,No,Brain Capsule,A006,A006
437,Unibot #437,905,65.96324364282886,8,Caracas,Drying machine,Silver,Biodiesel,No,Broken Screen,A010,A010
907,Unibot #907,906,65.9540219051245,8,Delphi,Suit,Silver,Wind,No,Helmet,A006,A006
310,Unibot #310,907,65.94657511679468,8,Miami,Car Jack,Silver,Geothermal,No,Jaw,A010,A010
727,Unibot #727,908,65.94440506944198,8,Caracas,Armor 04,Silver,Biodiesel,No,Broken Screen,A002,A002
69,Unibot #69,909,65.92342027585333,8,Florence,Drying machine,Silver,Hydraulic,No,Brain Capsule,A004,A004
360,Unibot #360,910,65.88337726114959,8,Caracas,Candy Machine,Silver,Geothermal,No,Queen Bee,A005,A005
315,Unibot #315,911,65.87826289110095,8,Carthage,Synthetic Heart,Silver,Solar,No,Electric Rocket,A004,A004
741,Unibot #741,912,65.84453882725839,8,Florence,Synthetic Heart,Silver,Geothermal,No,Drone,A010,A010
31,Unibot #31,913,65.82874476785067,8,Granada,Suit,Silver,Biodiesel,No,Jaw,A006,A006
898,Unibot #898,914,65.81968852479773,8,Delphi,Armor 04,Silver,Solar,No,Jaw,A009,A009
179,Unibot #179,915,65.79658673334832,8,Miami,Armor 02,Silver,Biodiesel,No,Jaw,A008,A008
720,Unibot #720,916,65.78033663540275,8,Carthage,Drying machine,Silver,Biodiesel,No,IG-11,A005,A005
82,Unibot #82,917,65.73308145354578,8,Florence,Candy Machine,Silver,Hydraulic,No,Bee,A004,A004
503,Unibot #503,918,65.71937517277519,8,New York City,Car Jack,Silver,Geothermal,No,Helmet,A005,A005
197,Unibot #197,919,65.7112621882555,8,Edo,Armor 01,Silver,Hydraulic,No,Bee,A004,A004
211,Unibot #211,920,65.61268155125701,8,Carthage,Satellite,Silver,Biodiesel,No,Rocket,A005,A005
849,Unibot #849,921,65.59053146930219,8,Delphi,Candy Machine,Silver,Wind,No,Brain Capsule,A005,A005
269,Unibot #269,922,65.59046638005167,8,Delphi,Armor 01,Silver,Hydraulic,No,Broken Screen,A005,A005
218,Unibot #218,923,65.56960753388339,8,Edo,Armor 01,Silver,Solar,No,Fancy Chappie,A006,A006
464,Unibot #464,924,65.55358906844742,8,Hong Kong,Armor 04,Silver,Hydraulic,No,Rocket,A005,A005
813,Unibot #813,925,65.5203500572575,8,Florence,Synthetic Heart,Silver,Solar,No,Helmet,A007,A007
831,Unibot #831,926,65.50829850862408,8,Sahara,Satellite,Silver,Biodiesel,No,Jaw,A006,A006
516,Unibot #516,927,65.46719487887638,8,Caracas,Synthetic Heart,Silver,Biodiesel,No,Screen,A005,A005
313,Unibot #313,928,65.4047095443566,8,Florence,Armor 02,Silver,Geothermal,No,Brain Capsule,A009,A009
478,Unibot #478,929,65.36508293834295,8,Florence,Drying machine,Silver,Solar,No,Jaw,A002,A002
688,Unibot #688,930,65.3201934214573,8,Carthage,Car Jack,Silver,Solar,No,Helmet,A002,A002
623,Unibot #623,931,65.31051311679107,8,Athens,Suit,Silver,Hydraulic,No,Jaw,A010,A010
43,Unibot #43,932,65.22652905654914,8,New York City,Candy Machine,Silver,Solar,No,Brain Capsule,A010,A010
101,Unibot #101,933,65.22339958983625,8,Hong Kong,Armor 04,Silver,Biodiesel,No,Broken Screen,A010,A010
487,Unibot #487,934,65.19315665108424,8,Paris,Candy Machine,Silver,Biodiesel,No,Broken Screen,A005,A005
809,Unibot #809,935,65.17811869351583,8,New Mexico,Armor 04,Silver,Hydraulic,No,Broken Screen,A005,A005
958,Unibot #958,936,65.16534640635476,8,Caracas,Armor 04,Silver,Biodiesel,No,Queen Bee,A006,A006
18,Unibot #18,937,65.14154062326924,8,Florence,Suit,Silver,Solar,No,Googles,A004,A004
777,Unibot #777,938,65.10299433791512,8,Delphi,Candy Machine,Silver,Solar,No,Googles,A006,A006
512,Unibot #512,939,65.10236464487038,8,Sahara,Armor 04,Silver,Geothermal,No,Helmet,A004,A004
282,Unibot #282,940,65.08328796688697,8,Caracas,Drying machine,Silver,Biodiesel,No,Broken Screen,A005,A005
748,Unibot #748,941,65.03827959447125,8,Florence,Suit,Silver,Geothermal,No,IG-11,A005,A005
514,Unibot #514,942,65.03431345089376,8,Caracas,Armor 04,Silver,Wind,No,Fancy Chappie,A010,A010
167,Unibot #167,943,65.00134088427173,8,Florence,Armor 02,Silver,Geothermal,No,IG-11,A004,A004
149,Unibot #149,944,64.99729582456223,8,Edo,Armor 02,Silver,Wind,No,Electric Rocket,A006,A006
255,Unibot #255,945,64.97499208165499,8,Edo,Armor 02,Silver,Solar,No,Bee,A008,A008
980,Unibot #980,946,64.97494586741497,8,Caracas,Car Jack,Silver,Geothermal,No,Bee,A005,A005
181,Unibot #181,947,64.96510670925709,8,Miami,Candy Machine,Silver,Wind,No,Helmet,A006,A006
732,Unibot #732,948,64.9386610414173,8,Edo,Mustang Engine,Silver,Geothermal,No,Brain Capsule,A010,A010
461,Unibot #461,949,64.89360823658578,8,Athens,Armor 02,Silver,Solar,No,Bee,A010,A010
844,Unibot #844,950,64.86359343026577,8,Caracas,Candy Machine,Silver,Geothermal,No,IG-11,A006,A006
22,Unibot #22,951,64.83080888093546,8,Sahara,Armor 02,Silver,Biodiesel,No,Brain Capsule,A006,A006
829,Unibot #829,952,64.80999698629867,8,Caracas,Candy Machine,Silver,Hydraulic,No,Helmet,A009,A009
679,Unibot #679,953,64.68769007907125,8,Carthage,Suit,Silver,Hydraulic,No,Helmet,A002,A002
585,Unibot #585,954,64.68617209367505,8,Caracas,Drying machine,Silver,Geothermal,No,Googles,A006,A006
12,Unibot #12,955,64.59363044771685,8,Caracas,Candy Machine,Silver,Geothermal,No,IG-11,A010,A010
873,Unibot #873,956,64.54888960918588,8,Caracas,Armor 02,Silver,Biodiesel,No,Googles,A008,A008
133,Unibot #133,957,64.54367889755993,8,Caracas,Synthetic Heart,Silver,Wind,No,Brain Capsule,A004,A004
517,Unibot #517,958,64.53025098927331,8,Caracas,Candy Machine,Silver,Hydraulic,No,Fancy Chappie,A005,A005
905,Unibot #905,959,64.5231495860697,8,Edo,Mustang Engine,Silver,Solar,No,Googles,A006,A006
353,Unibot #353,960,64.49949397232429,8,Caracas,Synthetic Heart,Silver,Hydraulic,No,Fancy Chappie,A010,A010
370,Unibot #370,961,64.49008185609021,8,Caracas,Armor 04,Silver,Biodiesel,No,Rocket,A006,A006
1020,Unibot #1020,962,64.47607174735222,8,Edo,Armor 02,Silver,Wind,No,Rocket,A005,A005
201,Unibot #201,963,64.46732889191836,8,Carthage,Armor 02,Silver,Biodiesel,No,Fancy Chappie,A006,A006
440,Unibot #440,964,64.43990048911081,8,Paris,Armor 02,Silver,Wind,No,Bee,A010,A010
682,Unibot #682,965,64.32682315373471,8,Hong Kong,Armor 01,Silver,Biodiesel,No,Brain Capsule,A005,A005
372,Unibot #372,966,64.26325760365192,8,Carthage,Suit,Silver,Solar,No,Helmet,A002,A002
854,Unibot #854,967,64.18884167502829,8,Edo,Armor 01,Silver,Wind,No,Googles,A006,A006
86,Unibot #86,968,64.1195039665935,8,Sahara,Candy Machine,Silver,Geothermal,No,Jaw,A005,A005
450,Unibot #450,969,64.10998805693464,8,New Mexico,Armor 02,Silver,Solar,No,Helmet,A004,A004
14,Unibot #14,970,64.10315200583442,8,Caracas,Mustang Engine,Silver,Biodiesel,No,Googles,A005,A005
520,Unibot #520,971,64.06893073977415,8,Florence,Armor 02,Silver,Hydraulic,No,Googles,A008,A008
709,Unibot #709,972,64.01885811403895,8,Caracas,Armor 02,Silver,Biodiesel,No,Bee,A004,A004
734,Unibot #734,973,63.92207667108938,8,Edo,Satellite,Silver,Solar,No,Helmet,A008,A008
842,Unibot #842,974,63.865475061670836,8,Caracas,Armor 04,Silver,Wind,No,Googles,A004,A004
767,Unibot #767,975,63.83734966092511,8,Carthage,Armor 04,Silver,Biodiesel,No,Drone,A005,A005
26,Unibot #26,976,63.8368947771782,8,Florence,Satellite,Silver,Solar,No,Brain Capsule,A004,A004
275,Unibot #275,977,63.75315187706137,8,Paris,Synthetic Heart,Silver,Biodiesel,No,Googles,A010,A010
560,Unibot #560,978,63.742285841939164,8,Paris,Armor 04,Silver,Wind,No,Googles,A006,A006
37,Unibot #37,979,63.69653234072267,8,Caracas,Armor 01,Silver,Hydraulic,No,Jaw,A008,A008
226,Unibot #226,980,63.65915389654343,8,Granada,Synthetic Heart,Silver,Biodiesel,No,Jaw,A010,A010
807,Unibot #807,981,63.495085398241244,8,Caracas,Suit,Silver,Geothermal,No,Brain Capsule,A006,A006
994,Unibot #994,982,63.4577926834875,8,Caracas,Synthetic Heart,Silver,Geothermal,No,Jaw,A002,A002
928,Unibot #928,983,63.227247920258435,8,Carthage,Armor 02,Silver,Solar,No,Rocket,A006,A006
1003,Unibot #1003,984,63.22676260474532,8,Carthage,Satellite,Silver,Solar,No,Broken Screen,A010,A010
100,Unibot #100,985,63.121540468148325,8,Edo,Candy Machine,Silver,Solar,No,IG-11,A005,A005
187,Unibot #187,986,62.91754547129502,8,Edo,Armor 04,Silver,Geothermal,No,Helmet,A008,A008
195,Unibot #195,987,62.82561279267401,8,Carthage,Armor 04,Silver,Wind,No,IG-11,A005,A005
827,Unibot #827,988,62.789322964719105,8,Florence,Drying machine,Silver,Wind,No,Jaw,A005,A005
408,Unibot #408,989,62.75302283184804,8,Carthage,Armor 02,Silver,Hydraulic,No,Lighbulb,A010,A010
793,Unibot #793,990,62.71692672012131,8,Edo,Candy Machine,Silver,Hydraulic,No,Jaw,A004,A004
733,Unibot #733,991,62.711468616318626,8,Caracas,Armor 04,Silver,Biodiesel,No,Lighbulb,A005,A005
587,Unibot #587,992,62.70154219536518,8,Edo,Armor 02,Silver,Solar,No,Helmet,A009,A009
463,Unibot #463,993,62.63716687166995,8,Carthage,Armor 02,Silver,Wind,No,IG-11,A005,A005
420,Unibot #420,994,62.50176173718695,8,Carthage,Armor 02,Silver,Hydraulic,No,Fancy Chappie,A005,A005
407,Unibot #407,995,62.468547363089215,8,Florence,Mustang Engine,Silver,Hydraulic,No,Jaw,A010,A010
747,Unibot #747,996,62.41194399308746,8,Florence,Satellite,Silver,Hydraulic,No,Googles,A010,A010
874,Unibot #874,997,62.376756955779555,8,Carthage,Armor 04,Silver,Biodiesel,No,Bee,A006,A006
611,Unibot #611,998,62.343397419420185,8,Carthage,Armor 01,Silver,Biodiesel,No,Brain Capsule,A010,A010
859,Unibot #859,999,62.341033505799885,8,Edo,Armor 04,Silver,Wind,No,Jaw,A004,A004
7,Unibot #7,1000,62.249817734105434,8,Carthage,Suit,Silver,Hydraulic,No,Googles,A005,A005
986,Unibot #986,1001,62.16249028354001,8,Florence,Candy Machine,Silver,Solar,No,Bee,A005,A005
286,Unibot #286,1002,62.00662133925252,8,Edo,Armor 02,Silver,Hydraulic,No,Jaw,A002,A002
77,Unibot #77,1003,61.80598799596588,8,Granada,Synthetic Heart,Silver,Hydraulic,No,Helmet,A005,A005
673,Unibot #673,1004,61.71655648927816,8,Carthage,Mustang Engine,Silver,Solar,No,Helmet,A010,A010
339,Unibot #339,1005,61.70960187989307,8,Edo,Suit,Silver,Hydraulic,No,Jaw,A006,A006
878,Unibot #878,1006,61.70350571663684,8,Hong Kong,Armor 02,Silver,Biodiesel,No,Helmet,A006,A006
580,Unibot #580,1007,61.6130730564422,8,Edo,Armor 04,Silver,Solar,No,Helmet,A002,A002
486,Unibot #486,1008,61.55622755650257,8,Hong Kong,Armor 04,Silver,Wind,No,Helmet,A005,A005
632,Unibot #632,1009,61.263969345436614,8,Caracas,Armor 02,Silver,Wind,No,Brain Capsule,A006,A006
222,Unibot #222,1010,61.15996201201722,8,Caracas,Armor 01,Silver,Geothermal,No,Brain Capsule,A005,A005
421,Unibot #421,1011,60.81265650135427,8,Edo,Armor 04,Silver,Wind,No,Brain Capsule,A005,A005
890,Unibot #890,1012,60.749018582453196,8,Carthage,Synthetic Heart,Silver,Biodiesel,No,Brain Capsule,A005,A005
543,Unibot #543,1013,60.65885626928408,8,Carthage,Synthetic Heart,Silver,Solar,No,Brain Capsule,A006,A006
630,Unibot #630,1014,60.3667234956346,8,Carthage,Armor 04,Silver,Hydraulic,No,Jaw,A004,A004
940,Unibot #940,1015,60.155803717775875,8,Florence,Synthetic Heart,Silver,Geothermal,No,Helmet,A006,A006
929,Unibot #929,1016,59.57888909409898,8,Caracas,Armor 02,Silver,Geothermal,No,Googles,A005,A005
884,Unibot #884,1017,59.16169724104135,8,Caracas,Satellite,Silver,Hydraulic,No,Jaw,A005,A005
483,Unibot #483,1018,59.131236892312344,8,Carthage,Synthetic Heart,Silver,Biodiesel,No,Jaw,A005,A005
881,Unibot #881,1019,58.69420630331442,8,Caracas,Armor 02,Silver,Geothermal,No,Jaw,A006,A006
895,Unibot #895,1020,58.34592845676554,8,Paris,Armor 04,Silver,Solar,No,Helmet,A005,A005
212,Unibot #212,1021,58.082071225982645,8,Florence,Armor 02,Silver,Hydraulic,No,Jaw,A010,A010
