ID,Name,Rank,Rarity_Score,Attributes,Background,Eyeballs,Familiar,Hair,Headdress,Hex,Makeup,Mouth,Necklace,Signature,Skintone,Top
259,Witch #259,1,582.8426809786436,10,Pentagram,Cataract,,Silver,,Raven Wings,XX,Ruby,Resurrected,Red,Brown,Lacy Scoop
479,Witch #479,2,520.2077206987022,10,The Void,Void,Giant Octopus,Long,Floral Crown,,TT,Ruby,,Red,Dead,Navy Tee
633,Witch #633,3,419.58340782511834,11,Haunted Forest,Bandadged,,Bob,Skull Mask,Unicorn,Black Tears,Monroe,Half Red Heart,Aqua,Flushed,Black Tee
369,Witch #369,4,386.7585293595972,10,Shadow - Amethyst,Rolled up,,Silver,,Unicorn,Blood Swipe,Sapphire,Crystal,Blue,Pale,Black Tank
466,Witch #466,5,380.8743844948772,11,Light - Pink,Human,,Nightshade,Glasses,Serpent Scales,Dark Shadows,Amethyst,Choker,Yellow,Flushed,Nude
371,Witch #371,6,378.91172091988665,11,The Void,Human,,Silver,Floral Crown,Bone Spurs,Purple Shadows,Monroe,Yellow Ribbon,Pink,Frost,Black Tank
361,Witch #361,7,366.48747228354677,10,Inferno,Void,,Long,Floral Crown,,Dark Shadows,Monroe,Crystal,Red,Flushed,Scarlet Witch
350,Witch #350,8,360.3445721583653,8,Dark Forest,Burning,,Jinxed,,,,Sewn,Black Heart,Pink,Pale,Black Tee
574,Witch #574,9,357.95813198727154,11,Blood Moon,Sockets,Giant Octopus,Long,Antlers,,XX,Pink,Crystal,Grey,Flushed,Black Dress
451,Witch #451,10,353.6098837350261,12,Shadow - Sepia,Rolled up,Spider,Bob,Glasses,Serpent Scales,Red Shadows,Amethyst,Black Heart,Red,Brown,Navy Tee
650,Witch #650,11,352.09775423808446,12,Shadow - Amethyst,Rolled up,Snake,Curls,Floral Crown,Bat Wings,Blue Shadows,Sapphire,Half Red Heart,Grey,Flushed,Black Tee
524,Witch #524,12,351.65022613858787,12,Shadow - Amethyst,Void,Snake,Long,Third Eye,Hive,Red Shadows,Ruby,Black Heart,Red,Brown,Black Tank
267,Witch #267,13,351.5358020050125,11,Light - Aqua,Bandadged,,Bob,Third Eye,Bat Wings,Green Shadows,Sapphire,Lace Choker,Red,Flushed,Navy Tee
487,Witch #487,14,336.99971093463995,11,The Void,Void,,Long,Goggles,Hive,Green Shadows,Sapphire,Half Red Heart,Grey,Succubus,Wednesday
380,Witch #380,15,336.8523820794201,10,Shadow - Forest,Human,,Jinxed,Third Eye,,Blood Swipe,Lip Ring,Half Red Heart,Yellow,Pale,Black Tee
423,Witch #423,16,328.33362426336106,11,Inferno,Void,Shadow Demon,Nightshade,Thorny Crown,,Cateye,Sapphire,666 Tattoo,Red,Brown,Black Tank
342,Witch #342,17,320.8306234702534,11,Light - Aqua,Cataract,,Curls,Floral Crown,Hunger,Purple Shadows,Monroe,Choker,Red,Brown,Black Tank
585,Witch #585,18,318.66623432298644,11,The Void,Burning,Giant Octopus,Silver,Glasses,,Dark Shadows,Lip Ring,Choker,Red,Pale,Scarlet Witch
625,Witch #625,19,313.69585849064265,10,Shadow - Sepia,Burning Sockets,,Diva,Raven Headdress,,Purple Shadows,Amethyst,Vampire Bite,Red,Flushed,Nude
332,Witch #332,20,309.00874369832627,11,Graveyard,Void,Raven,Jinxed,Burning Crown,,Cateye,Sapphire,Vampire Bite,Grey,Pale,Kusama
395,Witch #395,21,298.4877738222517,11,Shadow - Sepia,Burning Sockets,Snake,Silver,Witch Hat,,Tar Swipe,Blood Offering,Crystal,Grey,Brown,Wednesday
540,Witch #540,22,296.4787254597663,11,Shadow - Forest,Cataract,,Silver,Eye Crown,Hive,Red Shadows,Amethyst,Half Red Heart,Aqua,Succubus,Lacy Scoop
431,Witch #431,23,291.46198077322845,11,Shadow - Forest,Cataract,,Ablaze,Third Eye,Bone Spurs,Purple Shadows,Blood Offering,Choker,Red,Pale,Lacy Scoop
422,Witch #422,24,279.20510999601424,11,The Void,Human,Bat,Bob,Antlers,,Black Tears,Smudge,666 Tattoo,Red,Brown,Black Tee
593,Witch #593,25,275.6757512270225,10,Blood Moon,Human,,Jinxed,Witch Hat,,Green Shadows,Venom,Black Heart,Pink,Brown,Lacy Scoop
278,Witch #278,26,274.5297828609977,10,Shadow - Amethyst,Bandadged,Giant Octopus,Silver,Eye Crown,,,Smudge,666 Tattoo,Red,Pale,Red Punk Tee
623,Witch #623,27,273.816830023514,8,Shadow - Sepia,Void,,Nightshade,,,,Sewn,Choker,Blue,Flushed,Black Tank
541,Witch #541,28,273.0084619293529,11,Inferno,Void,Snake,Curls,Raven Headdress,,Purple Shadows,Amethyst,Black Heart,Red,Brown,Punk
469,Witch #469,29,271.652324325426,11,Walpurgis Nacht,Human,Raven,Nightshade,Glasses,,Green Shadows,Skeletal,Half Red Heart,Red,Pale,Striped Sweater
295,Witch #295,30,266.6425180991073,11,Shadow - Amethyst,Human,Bat,Long,Cat Ears,,Grease,Puppet,Black Heart,Rainbow,Brown,Black Tee
378,Witch #378,31,259.86426592040544,10,The Void,Human,Snake,Curls,Cat Ears,,,Venom,Choker,Blue,Flushed,Punk
293,Witch #293,32,258.83824593720124,9,Pentagram,Void,,Silver,,Hunger,,Amethyst,Black Heart,Grey,Pale,Navy Tee
615,Witch #615,33,253.6786641898513,10,Pentagram,Void,,Silver,Third Eye,Serpent Scales,,Emerald,Crystal,Red,Flushed,Red Punk Tee
365,Witch #365,34,253.13317812880828,10,Graveyard,Foresight,,Bob,Goggles,,Calavera,Sapphire,Crystal,Grey,Flushed,Navy Tee
402,Witch #402,35,252.33919539453962,11,Haunted Forest,Burning,Shadow Demon,Silver,Blood Sigil,,Cateye,Amethyst,Choker,Grey,Bronzed,Lacy Scoop
322,Witch #322,36,250.6946896378796,10,Light - Pink,Cataract,Ghost,Drowned,,,Grease,Sapphire,Vampire Bite,Red,Pale,Navy Tee
310,Witch #310,37,246.10153283183254,10,Pentagram,Human,,Bob,Cat Ears,,Green Shadows,Venom,666 Tattoo,Yellow,Bronzed,Black Tee
637,Witch #637,38,246.07665178975972,10,Shadow - Sepia,Burning Sockets,,Diva,Floral Crown,,Dark Shadows,Emerald,Resurrected,Red,Brown,Black Dress
547,Witch #547,39,245.48732722216695,11,Shadow - Sepia,Foresight,Giant Octopus,Cherry,Witch Hat,,Grease,Ruby,Lace Choker,Red,Pale,Navy Tee
427,Witch #427,40,243.58139435968798,11,Shadow - Forest,Burning,,Long,Floral Crown,Unicorn,Purple Shadows,Amethyst,Slit Throat,Red,Flushed,Black Tee
618,Witch #618,41,241.88464140828748,11,The Void,Void,Ghost,Nightshade,Witch Hat,,Dark Shadows,Sewn,Black Heart,Red,Pale,Navy Tee
490,Witch #490,42,241.78417025979286,10,Pentagram,Foresight,Ghost,Curls,Third Eye,,,Puppet,Black Heart,Red,Pale,Skull Coat
588,Witch #588,43,241.27466487354127,8,Shadow - Amethyst,Lizard,,Long,,,Tar Swipe,Amethyst,,Red,Wicked Witch,Lacy Scoop
579,Witch #579,44,237.21033893813495,10,The Void,Rolled up,Spider,Long,Third Eye,,,Puppet,Crystal,Grey,Frost,Black Dress
290,Witch #290,45,236.81990855838293,10,Pentagram,Magik,Shadow Demon,Diva,,,Dark Shadows,Emerald,Vampire Bite,Grey,Bronzed,Black Tee
382,Witch #382,46,229.24106773560575,11,Pentagram,Cataract,Shadow Demon,Diva,Glasses,,Black Tears,Sapphire,Half Red Heart,Red,Flushed,Black Tee
292,Witch #292,47,226.15950337864518,11,Shadow - Amethyst,Bandadged,Bat,Aquamarine,Third Eye,,Blue Shadows,Sapphire,Slit Throat,Red,Brown,Black Tee
344,Witch #344,48,225.88420205920207,11,The Void,Void,Black Cat,Drowned,Third Eye,,Green Shadows,Amethyst,Yellow Ribbon,Red,Devilish,Lacy Scoop
253,Witch #253,49,225.6469190956844,9,Light - Pink,Sockets,,Curls,Cat Ears,,,Sapphire,Crystal,Red,Flushed,Navy Tee
281,Witch #281,50,224.5644933822594,10,Light - Aqua,Lizard,,Ablaze,Glasses,,Blue Shadows,Sapphire,Lace Choker,Blue,Brown,Black Tee
429,Witch #429,51,223.2831861767994,9,Dark Forest,Rolled up,,Long,,,Cateye,Puppet,Choker,Red,Dead,Navy Tee
621,Witch #621,52,222.99046343788427,11,Shadow - Sepia,Cataract,Bat,Bob,Antlers,,Purple Shadows,Monroe,Resurrected,Grey,Pale,Red Punk Tee
351,Witch #351,53,221.34561989179232,11,Shadow - Amethyst,Rolled up,Shadow Demon,Silver,Cat Ears,,Red Shadows,Lip Ring,Black Heart,Red,Dead,Striped Sweater
450,Witch #450,54,220.5848364988583,11,Dark Forest,Void,Raven,Silver,Blood Sigil,,Purple Shadows,Ruby,Choker,Grey,Flushed,Nude
305,Witch #305,55,218.92745717843158,10,Shadow - Amethyst,Rolled up,Black Cat,Silver,Skull Mask,,,Venom,Choker,Grey,Frost,Black Tank
419,Witch #419,56,218.71013843688183,10,Shadow - Amethyst,Sockets,,Long,Burning Crown,,Dark Shadows,Sapphire,Crystal,Red,Devilish,Kusama
317,Witch #317,57,217.66253865276963,10,Ruined Church,Void,,Silver,Glasses,,Blue Shadows,Charcoal,Black Heart,Grey,Flushed,Lacy Scoop
549,Witch #549,58,217.16307247603643,11,Shadow - Sepia,Void,,Silver,Glasses,Bat Wings,Red Shadows,Emerald,Crystal,Yellow,Pale,Black Tee
240,Witch #240,59,215.52756363505702,10,Graveyard,Void,,Long,Glasses,,Green Shadows,Charcoal,Black Heart,Grey,Pale,Black Dress
354,Witch #354,60,215.33217562254262,10,Dark Forest,Magik,Bat,Bob,Burning Crown,,,Emerald,Crystal,Red,Dead,Navy Tee
302,Witch #302,61,214.24165278647666,10,Shadow - Forest,Void,,Drowned,Glasses,,XX,Emerald,Skull,Grey,Brown,Black Tee
611,Witch #611,62,213.87854322654601,10,Blood Moon,Void,Snake,Silver,Floral Crown,,,Charcoal,Crystal,Red,Flushed,Skull Coat
534,Witch #534,63,213.40789683313417,11,Shadow - Sepia,Foresight,Snake,Curls,Eye Crown,,Blue Shadows,Ruby,Crystal,Grey,Succubus,Striped Sweater
455,Witch #455,64,212.5555384178287,10,Blood Moon,Human,,Aquamarine,Third Eye,,Grease,Monroe,Half Red Heart,Red,Flushed,Skull Coat
324,Witch #324,65,212.37303328351504,10,Shadow - Forest,Magik,,Cherry,Glasses,,Green Shadows,Pink,Choker,Red,Flushed,Black Tank
617,Witch #617,66,212.33692821538213,10,The Void,Rolled up,,Long,Antlers,,Green Shadows,Amethyst,Pentagram,Red,Flushed,Camo Tank
355,Witch #355,67,211.44446168480204,10,Haunted Forest,Rolled up,,Cherry,Floral Crown,,Green Shadows,Skeletal,Crystal,Blue,Brown,Navy Tee
581,Witch #581,68,210.57864114409793,11,Dark Forest,Human,Giant Octopus,Bob,Blood Sigil,,Blue Shadows,Ruby,Resurrected,Red,Pale,Lacy Scoop
494,Witch #494,69,209.7082927132145,10,Shadow - Forest,Lizard,,Curls,Witch Hat,,Dark Shadows,Emerald,Tezos,Rainbow,Bronzed,Black Tank
607,Witch #607,70,205.14817445922637,10,Shadow - Amethyst,Rolled up,,Long,Raven Headdress,Unicorn,Grease,Amethyst,,Red,Brown,Navy Tee
445,Witch #445,71,205.03320001569406,11,Inferno,Burning,Snake,Long,Glasses,,Red Shadows,Sapphire,Choker,Grey,Pale,Lacy Scoop
503,Witch #503,72,202.76024066793659,11,Pentagram,Lizard,Giant Octopus,Drowned,Glasses,,Cateye,Emerald,Crystal,Red,Wicked Witch,Black Tee
426,Witch #426,73,202.34642851926105,10,Dark Forest,Void,,Silver,Witch Hat,,Red Shadows,Sapphire,Black Heart,Red,Pale,Polkadots
283,Witch #283,74,201.4675660888834,10,Blood Moon,Human,,Aquamarine,Glasses,,Blue Shadows,Blood Offering,666 Tattoo,Red,Brown,Black Tank
542,Witch #542,75,201.37378821560833,11,Shadow - Amethyst,Void,Snake,Long,Glasses,,Cateye,Lip Ring,Skull,Grey,Frost,Wednesday
470,Witch #470,76,201.26143603142413,11,Walpurgis Nacht,Human,Black Cat,Jinxed,Floral Crown,,Red Shadows,Sapphire,Black Heart,Grey,Pale,Lacy Scoop
420,Witch #420,77,200.63474825094045,10,Light - Aqua,Void,,Curls,Thorny Crown,,Purple Shadows,Amethyst,Black Heart,Yellow,Flushed,Lacy Scoop
319,Witch #319,78,198.48898102703993,10,Shadow - Sepia,Human,,Long,Floral Crown,,Red Shadows,Pink,Crystal,Grey,Brown,Polkadots
298,Witch #298,79,195.47618013999298,11,The Void,Cataract,Snake,Bob,Raven Headdress,,Blue Shadows,Sewn,Black Heart,Grey,Brown,Lacy Scoop
291,Witch #291,80,194.77966207117225,11,Shadow - Forest,Cataract,Shadow Demon,Aquamarine,Third Eye,,Blue Shadows,Amethyst,Yellow Ribbon,Red,Wicked Witch,Black Tank
386,Witch #386,81,193.19378131204073,11,The Void,Void,Spider,Diva,Third Eye,,Blue Shadows,Ruby,Pentagram,Red,Brown,Navy Tee
412,Witch #412,82,192.15747317707024,10,Pentagram,Bandadged,Shadow Demon,Silver,Floral Crown,,,Monroe,Black Heart,Aqua,Brown,Red Punk Tee
497,Witch #497,83,190.9120801738402,11,Shadow - Sepia,Foresight,Spider,Long,Goggles,,Dark Shadows,Amethyst,Half Red Heart,Grey,Flushed,Camo Tank
606,Witch #606,84,190.32567095599697,11,Shadow - Forest,Burning,Raven,Bob,Third Eye,,Blue Shadows,Sapphire,Pentagram,Yellow,Flushed,Lacy Scoop
586,Witch #586,85,190.3205749974871,9,Shadow - Sepia,Magik,,Curls,,,Cateye,Lip Ring,Skull,Pink,Wicked Witch,Navy Tee
285,Witch #285,86,190.06829595131046,11,Haunted Forest,Cataract,Raven,Silver,Goggles,,Red Shadows,Sapphire,Half Red Heart,Yellow,Brown,Navy Tee
506,Witch #506,87,189.45400003912283,10,Ruined Church,Rolled up,,Silver,Glasses,,Purple Shadows,Monroe,Crystal,Pink,Flushed,Navy Tee
318,Witch #318,88,189.3970104333868,8,Shadow - Forest,Rolled up,,Long,,,,Skeletal,Half Red Heart,Red,Bronzed,Lacy Scoop
475,Witch #475,89,186.60945248270755,10,Pentagram,Foresight,Giant Octopus,Long,Glasses,,,Smudge,Tezos,Grey,Wicked Witch,Black Tank
347,Witch #347,90,185.53185469192175,11,Shadow - Sepia,Bandadged,Snake,Curls,Thorny Crown,,Blue Shadows,Lip Ring,Black Heart,Red,Brown,Black Tee
587,Witch #587,91,185.17701308064682,8,Pentagram,Cataract,,Bob,,,,Monroe,Tezos,Rainbow,Flushed,Black Tank
544,Witch #544,92,184.34574136166242,11,Blood Moon,Cataract,Black Cat,Bob,Third Eye,,XX,Lip Ring,Black Heart,Grey,Brown,Black Tee
643,Witch #643,93,183.4412446133243,10,Walpurgis Nacht,Human,,Curls,Glasses,,Purple Shadows,Pink,Half Red Heart,Grey,Flushed,Navy Tee
330,Witch #330,94,183.3593258028221,10,Shadow - Amethyst,Human,,Curls,Raven Headdress,,Red Shadows,Blood Offering,Crystal,Grey,Dead,Kusama
548,Witch #548,95,183.08408218677658,11,Shadow - Forest,Void,Raven,Ablaze,Raven Headdress,,Blue Shadows,Charcoal,Crystal,Grey,Brown,Navy Tee
360,Witch #360,96,182.8931808570623,10,Haunted Forest,Cataract,Raven,Nightshade,Third Eye,,,Monroe,Half Red Heart,Blue,Pale,Navy Tee
391,Witch #391,97,181.5854630064711,10,Shadow - Amethyst,Rolled up,,Bob,Glasses,,Cateye,Lip Ring,666 Tattoo,Aqua,Brown,Polkadots
483,Witch #483,98,178.64851584389638,11,The Void,Sockets,Black Cat,Silver,Floral Crown,,Blue Shadows,Monroe,Tezos,Blue,Flushed,Black Tank
485,Witch #485,99,178.62488392634728,11,Walpurgis Nacht,Void,Spider,Ablaze,Third Eye,,Red Shadows,Smudge,Crystal,Grey,Pale,Lacy Scoop
249,Witch #249,100,174.98298020025362,10,Dark Forest,Void,,Silver,Glasses,,Cateye,Venom,Yellow Ribbon,Red,Flushed,Black Tee
335,Witch #335,101,174.42087213161102,11,Shadow - Sepia,Cataract,Bat,Ablaze,Glasses,,Black Tears,Emerald,Choker,Grey,Pale,Navy Tee
401,Witch #401,102,173.04785493144624,9,Graveyard,Rolled up,,Ablaze,,,Red Shadows,Lip Ring,Crystal,Yellow,Dead,Lacy Scoop
452,Witch #452,103,172.76330357814277,10,Light - Pink,Human,Snake,Silver,Skull Mask,,,Emerald,Crystal,Grey,Flushed,Black Tank
346,Witch #346,104,172.0901596180572,10,Shadow - Sepia,Human,,Bob,Glasses,,Grease,Emerald,Resurrected,Red,Pale,Polkadots
647,Witch #647,105,170.04064509262008,10,The Void,Blue Laser,,Ablaze,Floral Crown,,Blue Shadows,Monroe,Skull,Grey,Pale,Kusama
444,Witch #444,106,170.00046822699588,11,Ruined Church,Rolled up,Snake,Long,Glasses,,Purple Shadows,Ruby,Black Heart,Red,Pale,Black Tank
237,Witch #237,107,169.9005238930763,11,Shadow - Sepia,Blue Laser,Giant Octopus,Bob,Burning Crown,,Purple Shadows,Amethyst,Crystal,Grey,Pale,Lacy Scoop
312,Witch #312,108,169.56644249624867,9,Pentagram,Cataract,,Silver,,,Red Shadows,Lip Ring,Half Red Heart,Pink,Flushed,Polkadots
463,Witch #463,109,168.94452334741646,11,Shadow - Amethyst,Cataract,Snake,Cherry,Floral Crown,,Grease,Sapphire,Choker,Grey,Pale,Camo Tank
631,Witch #631,110,168.3567178709364,10,Shadow - Forest,Void,,Curls,Thorny Crown,,Purple Shadows,Emerald,Tezos,Red,Flushed,Lacy Scoop
242,Witch #242,111,168.28021632223752,10,Walpurgis Nacht,Void,,Ablaze,Third Eye,,Grease,Lip Ring,Crystal,Grey,Pale,Camo Tank
525,Witch #525,112,168.20747618545172,10,Shadow - Sepia,Human,,Nightshade,Floral Crown,,Red Shadows,Amethyst,Choker,Grey,Pale,Red Punk Tee
287,Witch #287,113,168.02718155142495,10,Shadow - Amethyst,Void,,Long,Burning Crown,,Dark Shadows,Emerald,Choker,Aqua,Brown,Skull Coat
537,Witch #537,114,167.94334243952954,10,Pentagram,Void,,Curls,Skull Mask,,Calavera,Monroe,Choker,Red,Flushed,Navy Tee
390,Witch #390,115,166.26971774971307,11,The Void,Human,Ghost,Bob,Floral Crown,,Red Shadows,Monroe,Choker,Red,Bronzed,Punk
583,Witch #583,116,166.14774148716083,10,The Void,Cataract,,Bob,Floral Crown,,Green Shadows,Charcoal,666 Tattoo,Blue,Flushed,Black Tee
329,Witch #329,117,165.7979271325967,9,Light - Aqua,Human,,Silver,,,Calavera,Lip Ring,Choker,Red,Flushed,Lacy Scoop
582,Witch #582,118,164.85627267071857,10,The Void,Cataract,Spider,Aquamarine,Third Eye,,,Skeletal,Black Heart,Red,Flushed,Black Tee
345,Witch #345,119,164.6913098069501,10,The Void,Cataract,,Silver,Glasses,,Red Shadows,Ruby,Yellow Ribbon,Aqua,Flushed,Punk
553,Witch #553,120,164.59924327960127,11,Shadow - Sepia,Rolled up,Snake,Ablaze,Eye Crown,,Blue Shadows,Venom,Crystal,Grey,Pale,Lacy Scoop
232,Witch #232,121,164.336235058004,9,Pentagram,Cataract,,Bob,,,Tar Swipe,Sapphire,Black Heart,Grey,Pale,Wednesday
531,Witch #531,122,163.7263986944014,10,Shadow - Sepia,Sockets,Black Cat,Long,,,Purple Shadows,Sapphire,Crystal,Grey,Devilish,Black Tank
573,Witch #573,123,163.25215479291197,11,Dark Forest,Human,Ghost,Cherry,Third Eye,,Green Shadows,Amethyst,Choker,Red,Brown,Lacy Scoop
527,Witch #527,124,163.12463532331435,11,Shadow - Amethyst,Void,Snake,Long,Burning Crown,,Tar Swipe,Emerald,Black Heart,Grey,Brown,Black Tank
439,Witch #439,125,163.0130200886325,11,The Void,Rolled up,Ghost,Ablaze,Third Eye,,Blue Shadows,Ruby,666 Tattoo,Pink,Bronzed,Lacy Scoop
648,Witch #648,126,161.54687220990138,10,Pentagram,Lizard,,Curls,Third Eye,,Green Shadows,Emerald,666 Tattoo,Grey,Devilish,Black Tank
234,Witch #234,127,161.51955151348338,11,Shadow - Sepia,Human,Spider,Curls,Third Eye,,Blue Shadows,Monroe,Pentagram,Rainbow,Flushed,Black Tank
568,Witch #568,128,161.3035992474567,10,The Void,Void,,Aquamarine,Glasses,,Purple Shadows,Lip Ring,Vampire Bite,Red,Brown,Black Tee
508,Witch #508,129,161.0774358461805,10,Shadow - Sepia,Magik,,Long,Blood Sigil,,Red Shadows,Amethyst,Crystal,Grey,Flushed,Black Tee
418,Witch #418,130,161.0677637002606,10,Shadow - Sepia,Cataract,,Silver,Third Eye,,Purple Shadows,Emerald,Resurrected,Aqua,Brown,Striped Sweater
465,Witch #465,131,160.83078584293492,11,The Void,Cataract,Black Cat,Long,Glasses,,Green Shadows,Sewn,Half Red Heart,Red,Brown,Black Tee
381,Witch #381,132,160.5644521154921,11,Shadow - Sepia,Sockets,Black Cat,Long,Glasses,,Purple Shadows,Smudge,Black Heart,Grey,Brown,Black Tee
308,Witch #308,133,160.502997146712,10,Pentagram,Rolled up,,Bob,Eye Crown,,Calavera,Sapphire,Crystal,Red,Pale,Navy Tee
338,Witch #338,134,160.42637987999814,9,Graveyard,Void,Ghost,Curls,,,,Lip Ring,Crystal,Rainbow,Flushed,Lacy Scoop
241,Witch #241,135,160.17137301856383,10,The Void,Rolled up,Snake,Curls,,,Grease,Amethyst,Slit Throat,Red,Flushed,Camo Tank
258,Witch #258,136,159.72349859375734,10,Shadow - Amethyst,Human,Raven,Cherry,,,Blue Shadows,Lip Ring,Black Heart,Grey,Pale,Nude
270,Witch #270,137,159.63421791901908,10,Shadow - Forest,Human,Shadow Demon,Nightshade,,,Cateye,Smudge,Crystal,Red,Pale,Black Tee
554,Witch #554,138,159.6072092254817,10,Shadow - Amethyst,Human,,Jinxed,Floral Crown,,Red Shadows,Sapphire,Half Red Heart,Grey,Flushed,Camo Tank
518,Witch #518,139,158.36803807278585,10,The Void,Void,,Ablaze,Witch Hat,,Green Shadows,Ruby,Half Red Heart,Grey,Flushed,Shirt and Tie
255,Witch #255,140,158.15024961372401,10,Shadow - Forest,Void,Spider,Silver,,,Tar Swipe,Emerald,Resurrected,Grey,Brown,Black Tee
414,Witch #414,141,156.72634258635486,11,Shadow - Sepia,Foresight,Raven,Ablaze,Glasses,,Blue Shadows,Amethyst,Pentagram,Grey,Pale,Lacy Scoop
374,Witch #374,142,155.836092388576,10,Shadow - Sepia,Void,Ghost,Long,,,XX,Emerald,Black Heart,Yellow,Pale,Lacy Scoop
377,Witch #377,143,154.82170498241896,10,Light - Aqua,Rolled up,Ghost,Long,,,Red Shadows,Monroe,Skull,Red,Brown,Navy Tee
498,Witch #498,144,154.79815133316654,11,Shadow - Forest,Rolled up,Bat,Long,Thorny Crown,,Purple Shadows,Emerald,Crystal,Grey,Brown,Navy Tee
435,Witch #435,145,154.43307894561548,10,Shadow - Forest,Human,,Curls,Goggles,,Green Shadows,Lip Ring,Choker,Red,Flushed,Skull Coat
275,Witch #275,146,153.7222463472997,10,The Void,Cataract,,Curls,Blood Sigil,,Green Shadows,Lip Ring,Crystal,Grey,Flushed,Black Dress
356,Witch #356,147,153.57111199056567,11,Shadow - Amethyst,Human,Bat,Long,Floral Crown,,Blue Shadows,Ruby,Yellow Ribbon,Red,Pale,Skull Coat
605,Witch #605,148,153.42110179856797,9,Ruined Church,Rolled up,,Ablaze,Floral Crown,,,Amethyst,Half Red Heart,Grey,Pale,Black Tee
239,Witch #239,149,153.19474947381306,10,The Void,Void,,Silver,Antlers,,Blue Shadows,Skeletal,Choker,Aqua,Brown,Black Tank
228,Witch #228,150,153.0426814855965,11,Pentagram,Cataract,Ghost,Bob,Burning Crown,,Purple Shadows,Amethyst,Skull,Grey,Brown,Black Tank
624,Witch #624,151,152.84009558487978,10,Light - Pink,Rolled up,,Ablaze,Floral Crown,,Purple Shadows,Emerald,Crystal,Pink,Flushed,Black Tee
602,Witch #602,152,152.22673673994797,10,The Void,Blue Laser,Raven,Silver,,,Cateye,Lip Ring,Half Red Heart,Grey,Wicked Witch,Black Tank
276,Witch #276,153,151.81654872531402,9,Pentagram,Void,,Diva,,,Green Shadows,Smudge,Crystal,Red,Flushed,Black Tee
558,Witch #558,154,151.29736414136997,10,Haunted Forest,Rolled up,,Bob,Third Eye,,Purple Shadows,Monroe,Black Heart,Grey,Brown,Nude
320,Witch #320,155,151.1381614123995,11,Shadow - Sepia,Magik,Spider,Ablaze,Third Eye,,Green Shadows,Ruby,Black Heart,Pink,Brown,Black Tank
511,Witch #511,156,150.76456881894748,10,The Void,Rolled up,Shadow Demon,Silver,Glasses,,,Emerald,Resurrected,Grey,Brown,Striped Sweater
387,Witch #387,157,150.58112565897503,11,Shadow - Amethyst,Rolled up,Spider,Jinxed,Third Eye,,Purple Shadows,Monroe,666 Tattoo,Grey,Flushed,Navy Tee
226,Witch #226,158,150.34675065416658,11,Shadow - Amethyst,Rolled up,Giant Octopus,Curls,Goggles,,Grease,Amethyst,Half Red Heart,Grey,Wicked Witch,Navy Tee
436,Witch #436,159,149.99937879052274,11,Pentagram,Rolled up,Shadow Demon,Long,Glasses,,Grease,Monroe,Yellow Ribbon,Red,Frost,Black Tank
413,Witch #413,160,149.3295159755561,10,Walpurgis Nacht,Void,,Long,Third Eye,,Purple Shadows,Emerald,Black Heart,Pink,Flushed,Black Tank
424,Witch #424,161,148.93588271366775,9,The Void,Human,,Cherry,Goggles,,,Ruby,Half Red Heart,Grey,Flushed,Black Tank
358,Witch #358,162,147.75703643127028,10,Pentagram,Void,,Ablaze,Third Eye,,Blue Shadows,Ruby,Resurrected,Grey,Brown,Punk
277,Witch #277,163,147.60853464408493,10,Shadow - Forest,Cataract,,Ablaze,Floral Crown,,Blue Shadows,Lip Ring,Black Heart,Grey,Bronzed,Shirt and Tie
454,Witch #454,164,146.89187717534557,11,Shadow - Forest,Magik,Giant Octopus,Silver,Floral Crown,,Dark Shadows,Emerald,Half Red Heart,Red,Pale,Kusama
262,Witch #262,165,145.5003015581821,11,Shadow - Forest,Burning Sockets,Ghost,Silver,Floral Crown,,Blue Shadows,Emerald,Crystal,Red,Flushed,Black Tank
264,Witch #264,166,145.36343252368314,10,Shadow - Forest,Cataract,,Long,Eye Crown,,Purple Shadows,Amethyst,Half Red Heart,Grey,Brown,Nude
561,Witch #561,167,143.6493597887083,9,Shadow - Amethyst,Human,Ghost,Ablaze,,,,Ruby,Half Red Heart,Yellow,Devilish,Navy Tee
288,Witch #288,168,142.8374537037824,10,Shadow - Sepia,Cataract,,Ablaze,Floral Crown,,Blue Shadows,Smudge,Half Red Heart,Red,Flushed,Skull Coat
269,Witch #269,169,142.8161042950918,11,Shadow - Forest,Lizard,Bat,Bob,Third Eye,,Blue Shadows,Skeletal,Black Heart,Grey,Pale,Black Tank
634,Witch #634,170,142.70003459720417,9,Pentagram,Human,,Drowned,,,Green Shadows,Lip Ring,Crystal,Aqua,Flushed,Lacy Scoop
229,Witch #229,171,141.601472723953,10,Shadow - Forest,Magik,,Curls,Glasses,,Grease,Sapphire,Vampire Bite,Grey,Pale,Black Tank
368,Witch #368,172,141.44804873845735,10,Haunted Forest,Burning,,Curls,Glasses,,Cateye,Monroe,Half Red Heart,Grey,Pale,Navy Tee
626,Witch #626,173,141.3983322530464,11,The Void,Cataract,Bat,Ablaze,Third Eye,,XX,Monroe,Half Red Heart,Grey,Pale,Lacy Scoop
526,Witch #526,174,141.27040942741374,10,Pentagram,Lizard,,Bob,Third Eye,,Cateye,Blood Offering,Crystal,Grey,Pale,Black Dress
509,Witch #509,175,140.88117969352467,10,Shadow - Amethyst,Sockets,,Long,Eye Crown,,Grease,Emerald,Half Red Heart,Red,Pale,Black Tee
366,Witch #366,176,140.5429426607058,11,Shadow - Amethyst,Rolled up,Shadow Demon,Ablaze,Cat Ears,,Dark Shadows,Amethyst,Black Heart,Grey,Flushed,Black Tank
610,Witch #610,177,140.18371668001996,10,Shadow - Amethyst,Void,,Long,Third Eye,,Purple Shadows,Monroe,Lace Choker,Yellow,Brown,Navy Tee
334,Witch #334,178,139.89386802030145,10,Pentagram,Rolled up,Giant Octopus,Curls,Glasses,,,Amethyst,Choker,Grey,Wicked Witch,Skull Coat
260,Witch #260,179,139.4512319606822,11,Pentagram,Human,Spider,Long,Glasses,,Green Shadows,Sapphire,Lace Choker,Red,Flushed,Black Tank
339,Witch #339,180,139.18635376960373,11,Shadow - Amethyst,Rolled up,Shadow Demon,Bob,Glasses,,Dark Shadows,Pink,Black Heart,Grey,Pale,Black Tank
266,Witch #266,181,138.73543576746118,11,Shadow - Amethyst,Rolled up,Bat,Bob,Floral Crown,,Blue Shadows,Amethyst,Black Heart,Grey,Flushed,Shirt and Tie
594,Witch #594,182,138.47784909705874,11,Shadow - Sepia,Human,Raven,Long,Witch Hat,,Grease,Monroe,Black Heart,Red,Dead,Lacy Scoop
523,Witch #523,183,138.47739454118178,11,Shadow - Amethyst,Human,Bat,Silver,Third Eye,,Red Shadows,Sapphire,Vampire Bite,Aqua,Flushed,Navy Tee
303,Witch #303,184,138.14863179049365,10,Dark Forest,Cataract,,Curls,Skull Mask,,Grease,Emerald,Choker,Grey,Flushed,Black Tank
314,Witch #314,185,137.27488205864736,9,Dark Forest,Void,,Silver,,,Green Shadows,Emerald,Slit Throat,Red,Flushed,Black Tee
555,Witch #555,186,137.2050055141486,10,Shadow - Sepia,Cataract,,Curls,Glasses,,Dark Shadows,Ruby,Crystal,Rainbow,Flushed,Wednesday
370,Witch #370,187,137.18922379853814,10,The Void,Void,Bat,Bob,,,Cateye,Lip Ring,Lace Choker,Red,Flushed,Black Tee
563,Witch #563,188,137.10163470848548,10,Shadow - Sepia,Human,,Curls,Glasses,,Dark Shadows,Emerald,Tezos,Red,Brown,Striped Sweater
437,Witch #437,189,137.00264628506423,11,Shadow - Sepia,Cataract,Shadow Demon,Long,Third Eye,,Green Shadows,Sapphire,Yellow Ribbon,Grey,Succubus,Navy Tee
385,Witch #385,190,136.45612040990764,11,Pentagram,Foresight,Shadow Demon,Bob,Glasses,,Red Shadows,Smudge,Choker,Red,Flushed,Lacy Scoop
562,Witch #562,191,134.94103473507482,10,The Void,Void,,Bob,Floral Crown,,Dark Shadows,Sapphire,Slit Throat,Grey,Brown,Black Dress
367,Witch #367,192,133.74621673976623,10,Shadow - Sepia,Cataract,,Silver,Skull Mask,,Purple Shadows,Amethyst,Black Heart,Grey,Dead,Black Tee
459,Witch #459,193,133.71687459151494,10,Light - Aqua,Cataract,,Ablaze,Third Eye,,Blue Shadows,Amethyst,Tezos,Grey,Flushed,Black Tee
551,Witch #551,194,133.27817629273108,9,Haunted Forest,Rolled up,,Silver,,,Green Shadows,Sapphire,Choker,Red,Bronzed,Lacy Scoop
235,Witch #235,195,132.52774520401059,11,Shadow - Forest,Void,Bat,Ablaze,Glasses,,Grease,Sapphire,Crystal,Grey,Brown,Punk
636,Witch #636,196,131.82771084529915,10,Shadow - Sepia,Rolled up,,Curls,Glasses,,Blue Shadows,Skeletal,Black Heart,Red,Frost,Navy Tee
473,Witch #473,197,131.11218566631797,10,The Void,Void,Raven,Curls,,,Dark Shadows,Amethyst,Pentagram,Red,Flushed,Black Tank
421,Witch #421,198,130.9840579827807,10,The Void,Void,,Bob,Floral Crown,,Red Shadows,Ruby,Choker,Red,Frost,Black Dress
248,Witch #248,199,130.88246727841593,11,Shadow - Forest,Rolled up,Bat,Bob,Floral Crown,,Tar Swipe,Ruby,Choker,Red,Flushed,Navy Tee
514,Witch #514,200,130.72358933854903,10,Pentagram,Cataract,Bat,Long,,,Calavera,Amethyst,Crystal,Red,Pale,Navy Tee
296,Witch #296,201,130.55604403185967,11,Pentagram,Void,Black Cat,Long,Third Eye,,Red Shadows,Monroe,Skull,Yellow,Pale,Lacy Scoop
564,Witch #564,202,128.64701009083083,10,The Void,Human,Black Cat,Long,Floral Crown,,,Lip Ring,Black Heart,Grey,Dead,Kusama
552,Witch #552,203,128.64333185404817,11,Shadow - Amethyst,Cataract,Black Cat,Silver,Third Eye,,Dark Shadows,Amethyst,Black Heart,Red,Pale,Nude
468,Witch #468,204,128.6394660260975,11,Pentagram,Rolled up,Spider,Silver,Glasses,,Red Shadows,Lip Ring,Skull,Rainbow,Brown,Black Tee
603,Witch #603,205,128.2976986922651,10,The Void,Cataract,,Bob,Floral Crown,,Tar Swipe,Emerald,Black Heart,Aqua,Flushed,Black Tank
640,Witch #640,206,127.90485453766652,9,Shadow - Forest,Human,,Curls,,,Dark Shadows,Lip Ring,Slit Throat,Blue,Brown,Black Tee
447,Witch #447,207,127.18283196696561,11,The Void,Blue Laser,Snake,Bob,Floral Crown,,Green Shadows,Sapphire,Black Heart,Grey,Flushed,Lacy Scoop
294,Witch #294,208,126.99827157206467,9,Shadow - Forest,Void,Raven,Drowned,,,,Amethyst,Crystal,Red,Pale,Lacy Scoop
271,Witch #271,209,126.62359221154539,10,Shadow - Forest,Foresight,,Bob,Skull Mask,,Purple Shadows,Monroe,Black Heart,Red,Brown,Lacy Scoop
279,Witch #279,210,126.31410649018035,10,Shadow - Amethyst,Void,Snake,Bob,Glasses,,,Sapphire,Half Red Heart,Grey,Brown,Shirt and Tie
641,Witch #641,211,125.95976470931203,11,Shadow - Sepia,Rolled up,Raven,Bob,Glasses,,Blue Shadows,Ruby,Black Heart,Grey,Flushed,Punk
448,Witch #448,212,124.87286936098256,9,Shadow - Sepia,Human,,Diva,Glasses,,,Lip Ring,Crystal,Yellow,Flushed,Lacy Scoop
323,Witch #323,213,124.62503836650174,9,Shadow - Amethyst,Burning Sockets,,Bob,,,Dark Shadows,Ruby,Choker,Grey,Pale,Black Tank
510,Witch #510,214,123.89649377141552,10,Pentagram,Foresight,,Ablaze,Eye Crown,,Cateye,Monroe,Black Heart,Grey,Flushed,Black Tee
652,Witch #652,215,123.50126748738444,10,Shadow - Forest,Lizard,,Bob,Glasses,,Dark Shadows,Lip Ring,Tezos,Grey,Pale,Navy Tee
501,Witch #501,216,123.12167763829314,10,Pentagram,Void,,Bob,Glasses,,Cateye,Sapphire,Tezos,Grey,Succubus,Lacy Scoop
598,Witch #598,217,122.62919448555192,10,The Void,Human,,Cherry,Third Eye,,Purple Shadows,Emerald,Half Red Heart,Aqua,Brown,Black Tee
340,Witch #340,218,122.62432528272953,11,Light - Aqua,Human,Giant Octopus,Ablaze,Third Eye,,Green Shadows,Amethyst,Half Red Heart,Red,Brown,Lacy Scoop
383,Witch #383,219,121.89042795884232,9,Shadow - Amethyst,Magik,,Ablaze,,,Purple Shadows,Ruby,Crystal,Rainbow,Flushed,Navy Tee
415,Witch #415,220,121.83422824302134,9,Blood Moon,Foresight,,Ablaze,,,Dark Shadows,Monroe,Half Red Heart,Red,Pale,Navy Tee
263,Witch #263,221,121.66651882459264,9,Pentagram,Rolled up,,Ablaze,,,Grease,Amethyst,Half Red Heart,Red,Flushed,Shirt and Tie
392,Witch #392,222,121.40131725457522,10,The Void,Human,,Curls,Blood Sigil,,Purple Shadows,Monroe,Black Heart,Grey,Pale,Black Tank
546,Witch #546,223,121.2729807870953,10,Shadow - Sepia,Cataract,,Silver,Third Eye,,Purple Shadows,Ruby,Crystal,Red,Brown,Shirt and Tie
300,Witch #300,224,121.09207216040836,11,Shadow - Amethyst,Void,Spider,Bob,Glasses,,Purple Shadows,Monroe,Black Heart,Grey,Pale,Camo Tank
299,Witch #299,225,120.93970033625807,11,The Void,Human,Giant Octopus,Silver,Glasses,,Blue Shadows,Sapphire,Black Heart,Grey,Devilish,Black Tank
404,Witch #404,226,120.67374699690048,11,The Void,Human,Giant Octopus,Silver,Raven Headdress,,Blue Shadows,Emerald,Choker,Grey,Brown,Black Tank
280,Witch #280,227,120.64964491425002,10,Shadow - Amethyst,Burning Sockets,,Bob,Floral Crown,,Red Shadows,Amethyst,Black Heart,Red,Brown,Black Tee
325,Witch #325,228,120.11925005307431,10,Shadow - Sepia,Cataract,,Curls,Floral Crown,,Calavera,Monroe,Crystal,Red,Pale,Lacy Scoop
247,Witch #247,229,119.98330528606749,11,Pentagram,Foresight,Bat,Long,Floral Crown,,Green Shadows,Lip Ring,Half Red Heart,Aqua,Flushed,Black Tee
492,Witch #492,230,119.89531035826353,10,Shadow - Amethyst,Rolled up,Giant Octopus,Ablaze,,,Purple Shadows,Monroe,Choker,Red,Devilish,Navy Tee
499,Witch #499,231,119.7626731940029,10,Light - Pink,Human,,Ablaze,Glasses,,Grease,Amethyst,Black Heart,Grey,Pale,Lacy Scoop
570,Witch #570,232,119.65844805043267,10,Graveyard,Void,,Bob,Third Eye,,Red Shadows,Lip Ring,Half Red Heart,Red,Brown,Lacy Scoop
363,Witch #363,233,119.18872648038794,11,The Void,Human,Spider,Long,Skull Mask,,Red Shadows,Emerald,Crystal,Grey,Flushed,Black Tank
575,Witch #575,234,118.92885937833437,10,Shadow - Sepia,Rolled up,,Ablaze,Third Eye,,Blue Shadows,Emerald,Half Red Heart,Grey,Pale,Red Punk Tee
441,Witch #441,235,118.86710670023682,10,Shadow - Amethyst,Blue Laser,Spider,Bob,Third Eye,,,Lip Ring,Half Red Heart,Grey,Flushed,Navy Tee
519,Witch #519,236,118.39422232262656,11,The Void,Rolled up,Giant Octopus,Ablaze,Glasses,,Cateye,Amethyst,Vampire Bite,Grey,Flushed,Lacy Scoop
236,Witch #236,237,118.0366482973653,10,Shadow - Sepia,Cataract,,Ablaze,Witch Hat,,Grease,Sapphire,Half Red Heart,Grey,Wicked Witch,Black Tee
550,Witch #550,238,117.30694672583273,10,Shadow - Amethyst,Burning,,Ablaze,Third Eye,,Grease,Lip Ring,Half Red Heart,Red,Flushed,Kusama
476,Witch #476,239,117.22648906024838,10,Shadow - Sepia,Human,,Bob,Glasses,,Red Shadows,Pink,Crystal,Grey,Pale,Navy Tee
333,Witch #333,240,116.24543338961173,10,Shadow - Forest,Human,,Curls,Third Eye,,Blue Shadows,Charcoal,Crystal,Red,Flushed,Navy Tee
597,Witch #597,241,115.73935472912206,10,Pentagram,Blue Laser,,Silver,Floral Crown,,Green Shadows,Ruby,Choker,Grey,Brown,Navy Tee
272,Witch #272,242,114.80368755117723,11,Pentagram,Void,Shadow Demon,Ablaze,Eye Crown,,Blue Shadows,Lip Ring,Half Red Heart,Red,Pale,Lacy Scoop
398,Witch #398,243,114.04185431053546,11,Shadow - Sepia,Sockets,Spider,Silver,Glasses,,Grease,Amethyst,Crystal,Red,Pale,Navy Tee
353,Witch #353,244,114.02978103573196,10,Shadow - Forest,Cataract,,Silver,Glasses,,Purple Shadows,Ruby,Skull,Grey,Bronzed,Navy Tee
488,Witch #488,245,113.64219410214503,11,Blood Moon,Human,Shadow Demon,Long,Third Eye,,Red Shadows,Emerald,Crystal,Grey,Brown,Lacy Scoop
407,Witch #407,246,113.58125016203078,9,Pentagram,Human,,Silver,Antlers,,,Emerald,Black Heart,Yellow,Pale,Black Tee
535,Witch #535,247,113.51681527628018,11,Pentagram,Human,Raven,Bob,Glasses,,Grease,Emerald,Vampire Bite,Red,Pale,Navy Tee
268,Witch #268,248,112.72510567148207,9,Shadow - Amethyst,Void,Black Cat,Long,,,,Sapphire,Crystal,Red,Frost,Black Tank
225,Witch #225,249,111.66703918138415,10,Pentagram,Cataract,,Curls,Third Eye,,Dark Shadows,Lip Ring,Choker,Red,Bronzed,Kusama
609,Witch #609,250,111.26528277170434,10,The Void,Blue Laser,,Curls,Floral Crown,,Purple Shadows,Sapphire,Choker,Red,Pale,Navy Tee
440,Witch #440,251,110.98350210726743,9,Shadow - Amethyst,Burning,,Curls,,,Dark Shadows,Amethyst,666 Tattoo,Red,Flushed,Lacy Scoop
482,Witch #482,252,110.92995204946361,10,The Void,Void,,Silver,Third Eye,,Cateye,Emerald,Black Heart,Blue,Dead,Black Tee
315,Witch #315,253,110.51028707657429,11,Pentagram,Burning,Shadow Demon,Bob,Glasses,,Dark Shadows,Ruby,Choker,Red,Flushed,Lacy Scoop
282,Witch #282,254,109.95323269787579,10,Pentagram,Human,,Silver,Floral Crown,,Blue Shadows,Lip Ring,Half Red Heart,Rainbow,Succubus,Lacy Scoop
430,Witch #430,255,109.9386740110371,10,Shadow - Sepia,Cataract,Snake,Long,,,Red Shadows,Amethyst,Slit Throat,Grey,Flushed,Lacy Scoop
513,Witch #513,256,109.71461212377274,10,Pentagram,Cataract,,Long,Glasses,,Cateye,Monroe,Choker,Blue,Wicked Witch,Black Tee
373,Witch #373,257,109.49125069540493,11,Shadow - Amethyst,Rolled up,Raven,Bob,Third Eye,,Grease,Skeletal,Choker,Grey,Pale,Lacy Scoop
254,Witch #254,258,109.02557003398996,10,Shadow - Sepia,Human,,Curls,Floral Crown,,Dark Shadows,Lip Ring,Yellow Ribbon,Blue,Brown,Black Tee
250,Witch #250,259,108.79321686199457,10,Pentagram,Cataract,,Ablaze,Third Eye,,Blue Shadows,Venom,Choker,Grey,Pale,Lacy Scoop
343,Witch #343,260,108.41448100865937,10,Shadow - Forest,Human,,Silver,Third Eye,,Blue Shadows,Sapphire,Black Heart,Red,Flushed,Wednesday
571,Witch #571,261,108.34501483977503,11,The Void,Cataract,Black Cat,Bob,Glasses,,Blue Shadows,Emerald,Yellow Ribbon,Grey,Pale,Black Tee
622,Witch #622,262,108.20926066584374,9,Shadow - Sepia,Rolled up,,Long,,,Purple Shadows,Emerald,Crystal,Rainbow,Succubus,Black Tank
474,Witch #474,263,107.99994044918938,11,Shadow - Sepia,Cataract,Raven,Long,Floral Crown,,Dark Shadows,Skeletal,Crystal,Grey,Flushed,Lacy Scoop
576,Witch #576,264,107.56360264349809,11,Shadow - Amethyst,Lizard,Spider,Long,Third Eye,,Grease,Sapphire,Choker,Red,Flushed,Lacy Scoop
649,Witch #649,265,107.17469072877029,9,Pentagram,Foresight,,Silver,,,Blue Shadows,Ruby,Half Red Heart,Red,Flushed,Black Dress
557,Witch #557,266,106.69567620371268,10,Shadow - Amethyst,Rolled up,,Long,Third Eye,,Green Shadows,Monroe,Half Red Heart,Red,Pale,Striped Sweater
375,Witch #375,267,106.28796998049172,10,Shadow - Sepia,Cataract,Black Cat,Long,Third Eye,,Cateye,Sapphire,,Grey,Brown,Black Dress
595,Witch #595,268,106.11842531681614,11,Pentagram,Bandadged,Snake,Curls,Floral Crown,,Red Shadows,Amethyst,Crystal,Red,Pale,Navy Tee
572,Witch #572,269,106.06988902049645,11,The Void,Rolled up,Shadow Demon,Silver,Third Eye,,Dark Shadows,Emerald,Crystal,Grey,Succubus,Black Tank
639,Witch #639,270,105.92991004819876,10,Shadow - Forest,Human,,Long,Glasses,,Cateye,Emerald,Choker,Red,Brown,Camo Tank
512,Witch #512,271,105.72629592119112,10,The Void,Void,,Curls,Floral Crown,,Green Shadows,Lip Ring,Crystal,Blue,Wicked Witch,Black Tee
496,Witch #496,272,105.64892729982044,9,Shadow - Sepia,Cataract,,Bob,Glasses,,,Amethyst,Black Heart,Red,Brown,Wednesday
592,Witch #592,273,104.64738877708675,10,Shadow - Sepia,Rolled up,Black Cat,Ablaze,Witch Hat,,,Lip Ring,Choker,Red,Flushed,Black Tee
449,Witch #449,274,104.51453888552936,10,The Void,Void,,Ablaze,Glasses,,Grease,Ruby,Black Heart,Red,Pale,Nude
516,Witch #516,275,104.42546552616626,11,Shadow - Sepia,Rolled up,Spider,Long,Third Eye,,Purple Shadows,Ruby,Choker,Red,Dead,Navy Tee
238,Witch #238,276,104.23814894410202,9,Pentagram,Human,,Long,,,Red Shadows,Lip Ring,Choker,Red,Devilish,Black Tee
612,Witch #612,277,104.10851023786256,11,The Void,Human,Raven,Long,Witch Hat,,Grease,Lip Ring,Black Heart,Grey,Flushed,Black Tank
458,Witch #458,278,103.77928127184559,10,The Void,Human,,Ablaze,Third Eye,,Dark Shadows,Emerald,Crystal,Aqua,Pale,Kusama
261,Witch #261,279,103.36599664539719,10,Pentagram,Human,,Ablaze,Glasses,,Red Shadows,Sapphire,Slit Throat,Grey,Brown,Black Tank
559,Witch #559,280,103.14158309072768,11,Shadow - Forest,Void,Ghost,Silver,Third Eye,,Cateye,Blood Offering,Black Heart,Red,Brown,Navy Tee
532,Witch #532,281,102.76487662186123,10,Shadow - Amethyst,Void,,Ablaze,Goggles,,Red Shadows,Lip Ring,Crystal,Red,Brown,Navy Tee
252,Witch #252,282,101.97677659138012,11,Shadow - Sepia,Human,Ghost,Curls,Glasses,,Dark Shadows,Lip Ring,Choker,Yellow,Pale,Black Tee
432,Witch #432,283,101.26084961647213,10,Pentagram,Rolled up,,Long,Floral Crown,,Purple Shadows,Ruby,666 Tattoo,Rainbow,Brown,Navy Tee
486,Witch #486,284,101.10818807047886,11,Shadow - Forest,Void,Giant Octopus,Long,Third Eye,,Purple Shadows,Ruby,Choker,Red,Flushed,Kusama
246,Witch #246,285,100.91755271274639,10,Shadow - Forest,Human,,Long,Glasses,,Blue Shadows,Lip Ring,Half Red Heart,Red,Brown,Striped Sweater
362,Witch #362,286,100.83286600221903,10,Shadow - Amethyst,Cataract,Black Cat,Ablaze,,,Red Shadows,Amethyst,Black Heart,Red,Bronzed,Black Tee
442,Witch #442,287,100.54119944479433,10,Shadow - Sepia,Bandadged,Giant Octopus,Silver,Third Eye,,,Emerald,Crystal,Grey,Brown,Black Tank
491,Witch #491,288,100.46914658049411,11,Shadow - Sepia,Human,Ghost,Ablaze,Floral Crown,,Purple Shadows,Lip Ring,666 Tattoo,Grey,Flushed,Navy Tee
408,Witch #408,289,100.33342426338838,10,Shadow - Amethyst,Cataract,,Long,Raven Headdress,,Blue Shadows,Lip Ring,Crystal,Red,Flushed,Navy Tee
396,Witch #396,290,100.1297780946478,11,The Void,Void,Raven,Curls,Floral Crown,,Blue Shadows,Amethyst,Choker,Grey,Brown,Black Dress
245,Witch #245,291,99.68892142815888,10,Shadow - Sepia,Lizard,Snake,Ablaze,,,Cateye,Lip Ring,Choker,Grey,Flushed,Navy Tee
446,Witch #446,292,98.87980583889197,10,Shadow - Sepia,Human,,Bob,Third Eye,,Blue Shadows,Blood Offering,Choker,Grey,Bronzed,Lacy Scoop
608,Witch #608,293,98.31583287041839,11,Pentagram,Foresight,Bat,Silver,Glasses,,Grease,Lip Ring,Choker,Grey,Flushed,Lacy Scoop
577,Witch #577,294,98.17820551487718,10,Shadow - Sepia,Rolled up,,Bob,Third Eye,,Dark Shadows,Monroe,666 Tattoo,Yellow,Flushed,Black Tee
601,Witch #601,295,98.06428575787483,10,Shadow - Sepia,Rolled up,,Ablaze,Burning Crown,,Grease,Lip Ring,Crystal,Red,Pale,Lacy Scoop
397,Witch #397,296,98.04125538805862,10,Shadow - Sepia,Cataract,,Bob,Burning Crown,,Cateye,Amethyst,Black Heart,Red,Flushed,Navy Tee
327,Witch #327,297,97.91344793851226,10,Shadow - Amethyst,Human,,Ablaze,Third Eye,,Green Shadows,Blood Offering,Half Red Heart,Aqua,Pale,Black Tank
230,Witch #230,298,97.73601397595765,10,The Void,Human,,Silver,Antlers,,Red Shadows,Sapphire,Crystal,Red,Brown,Lacy Scoop
416,Witch #416,299,97.32539525903618,10,Shadow - Sepia,Human,Shadow Demon,Curls,,,Blue Shadows,Monroe,Skull,Grey,Brown,Navy Tee
456,Witch #456,300,97.20853455314784,9,Blood Moon,Human,,Curls,,,Grease,Amethyst,Choker,Grey,Pale,Lacy Scoop
328,Witch #328,301,95.91463366333814,11,The Void,Rolled up,Bat,Curls,Third Eye,,Purple Shadows,Amethyst,Half Red Heart,Blue,Flushed,Black Tank
619,Witch #619,302,95.87330208265658,10,Shadow - Forest,Rolled up,,Ablaze,Antlers,,Blue Shadows,Amethyst,Crystal,Grey,Pale,Black Tee
630,Witch #630,303,95.43471707813943,10,Shadow - Sepia,Rolled up,,Bob,Antlers,,Blue Shadows,Emerald,Half Red Heart,Red,Pale,Black Tee
632,Witch #632,304,94.94749625824036,9,Pentagram,Rolled up,,Bob,,,Grease,Ruby,Resurrected,Grey,Flushed,Lacy Scoop
273,Witch #273,305,94.81168952654323,10,Shadow - Amethyst,Sockets,,Curls,Third Eye,,Purple Shadows,Amethyst,Crystal,Grey,Pale,Navy Tee
457,Witch #457,306,94.7767934312435,10,Shadow - Sepia,Void,,Long,Third Eye,,Purple Shadows,Sapphire,Black Heart,Red,Frost,Black Tank
500,Witch #500,307,93.55680506026174,11,Shadow - Sepia,Foresight,Giant Octopus,Ablaze,Glasses,,Purple Shadows,Emerald,Crystal,Grey,Pale,Black Tee
646,Witch #646,308,92.39558372472327,9,Shadow - Amethyst,Bandadged,,Long,,,Dark Shadows,Amethyst,Choker,Grey,Flushed,Black Tank
309,Witch #309,309,91.70653188546798,10,Shadow - Sepia,Bandadged,,Bob,Floral Crown,,Red Shadows,Emerald,Choker,Red,Flushed,Navy Tee
520,Witch #520,310,91.52988356433076,10,Shadow - Sepia,Void,Shadow Demon,Curls,,,Blue Shadows,Emerald,Crystal,Grey,Flushed,Kusama
642,Witch #642,311,91.15525123926466,11,Shadow - Sepia,Void,Snake,Long,Floral Crown,,Green Shadows,Emerald,Crystal,Blue,Pale,Black Tank
584,Witch #584,312,90.54636344042915,11,Pentagram,Human,Snake,Silver,Third Eye,,Red Shadows,Monroe,Choker,Yellow,Flushed,Black Tank
464,Witch #464,313,90.10163496012034,10,Dark Forest,Cataract,,Bob,Glasses,,Dark Shadows,Sapphire,Choker,Grey,Pale,Black Tank
336,Witch #336,314,90.01237582276443,10,Shadow - Sepia,Human,Shadow Demon,Long,Floral Crown,,,Emerald,Half Red Heart,Red,Wicked Witch,Black Tee
521,Witch #521,315,89.57377670966686,10,Pentagram,Void,,Curls,Floral Crown,,Green Shadows,Amethyst,Half Red Heart,Pink,Pale,Lacy Scoop
613,Witch #613,316,89.31843509398104,10,Shadow - Sepia,Rolled up,,Ablaze,Glasses,,Grease,Lip Ring,Tezos,Grey,Pale,Lacy Scoop
433,Witch #433,317,89.03316771027002,11,The Void,Rolled up,Snake,Bob,Third Eye,,Blue Shadows,Amethyst,Black Heart,Rainbow,Flushed,Black Tank
462,Witch #462,318,88.59381470265005,10,Shadow - Forest,Rolled up,Spider,Silver,Floral Crown,,,Monroe,Half Red Heart,Aqua,Pale,Black Tank
522,Witch #522,319,88.52499776869803,10,Shadow - Amethyst,Human,Raven,Long,Third Eye,,,Sapphire,Choker,Grey,Wicked Witch,Navy Tee
359,Witch #359,320,88.4267712506139,10,The Void,Rolled up,,Long,Floral Crown,,Grease,Ruby,Crystal,Grey,Succubus,Black Tank
567,Witch #567,321,88.0984664439436,10,Shadow - Forest,Lizard,,Curls,Floral Crown,,Blue Shadows,Lip Ring,Half Red Heart,Red,Pale,Black Tank
274,Witch #274,322,88.02763604147866,9,Shadow - Sepia,Burning,,Long,,,Green Shadows,Amethyst,Black Heart,Grey,Pale,Black Tee
533,Witch #533,323,87.96755636431641,9,Shadow - Forest,Rolled up,,Long,Floral Crown,,,Skeletal,Choker,Grey,Flushed,Black Tank
399,Witch #399,324,87.7968589226527,11,Shadow - Sepia,Void,Snake,Bob,Glasses,,Grease,Blood Offering,Half Red Heart,Red,Flushed,Navy Tee
644,Witch #644,325,87.46592647215658,10,Pentagram,Rolled up,Spider,Long,,,Purple Shadows,Emerald,666 Tattoo,Grey,Pale,Lacy Scoop
590,Witch #590,326,87.43731036756684,9,Shadow - Forest,Rolled up,,Ablaze,,,Purple Shadows,Ruby,Yellow Ribbon,Grey,Brown,Black Tank
341,Witch #341,327,87.18702066999577,10,Pentagram,Cataract,,Long,Third Eye,,Grease,Lip Ring,Choker,Red,Succubus,Black Tank
502,Witch #502,328,85.9791954962722,9,Pentagram,Human,,Bob,Third Eye,,,Ruby,Tezos,Red,Brown,Lacy Scoop
578,Witch #578,329,85.55113134468323,10,Shadow - Amethyst,Void,,Long,Third Eye,,Grease,Sapphire,Crystal,Red,Succubus,Black Tank
591,Witch #591,330,85.12009935591348,9,Shadow - Sepia,Void,,Curls,,,Purple Shadows,Monroe,Skull,Grey,Brown,Black Tank
265,Witch #265,331,84.63182222798375,9,Shadow - Forest,Cataract,,Bob,Third Eye,,,Emerald,Crystal,Pink,Pale,Lacy Scoop
481,Witch #481,332,84.43817826362606,10,Shadow - Sepia,Human,,Curls,Floral Crown,,Red Shadows,Emerald,Yellow Ribbon,Grey,Flushed,Black Tee
528,Witch #528,333,84.37280698223367,10,Shadow - Amethyst,Cataract,,Long,Floral Crown,,Blue Shadows,Emerald,Crystal,Grey,Succubus,Navy Tee
504,Witch #504,334,84.12506660698027,10,The Void,Rolled up,,Long,Third Eye,,Dark Shadows,Ruby,Half Red Heart,Grey,Wicked Witch,Black Tee
489,Witch #489,335,84.01497295713713,9,Shadow - Sepia,Cataract,,Silver,Floral Crown,,,Monroe,Black Heart,Red,Brown,Black Dress
560,Witch #560,336,83.88396147949497,10,The Void,Human,,Bob,Floral Crown,,Blue Shadows,Emerald,Black Heart,Red,Dead,Black Tee
289,Witch #289,337,83.57733649222453,9,Shadow - Amethyst,Human,,Curls,Floral Crown,,Grease,Lip Ring,,Red,Brown,Kusama
321,Witch #321,338,83.43962077841387,9,Shadow - Amethyst,Rolled up,,Ablaze,,,Dark Shadows,Amethyst,Black Heart,Red,Pale,Kusama
556,Witch #556,339,82.7100105330292,11,Shadow - Sepia,Rolled up,Ghost,Silver,Glasses,,Purple Shadows,Monroe,Choker,Red,Brown,Lacy Scoop
256,Witch #256,340,82.53464177685593,9,Shadow - Forest,Cataract,,Ablaze,Third Eye,,,Emerald,Skull,Grey,Pale,Black Tank
364,Witch #364,341,81.6122107571267,11,Pentagram,Human,Black Cat,Ablaze,Glasses,,Green Shadows,Lip Ring,Choker,Grey,Brown,Navy Tee
393,Witch #393,342,81.56835364057352,10,Shadow - Sepia,Rolled up,,Ablaze,Glasses,,Dark Shadows,Ruby,Choker,Rainbow,Flushed,Navy Tee
599,Witch #599,343,81.44134315428661,11,The Void,Cataract,Ghost,Ablaze,Floral Crown,,Grease,Amethyst,Black Heart,Red,Pale,Black Tank
331,Witch #331,344,80.8122574623218,10,Shadow - Forest,Human,,Ablaze,Third Eye,,Dark Shadows,Sapphire,Half Red Heart,Rainbow,Pale,Navy Tee
403,Witch #403,345,79.97573795641983,10,The Void,Rolled up,,Ablaze,Floral Crown,,Blue Shadows,Amethyst,Half Red Heart,Grey,Bronzed,Black Tank
443,Witch #443,346,79.02893776995681,9,Shadow - Amethyst,Void,,Ablaze,,,Grease,Lip Ring,Black Heart,Rainbow,Flushed,Lacy Scoop
596,Witch #596,347,78.31336523132998,11,Shadow - Forest,Void,Spider,Curls,Floral Crown,,Cateye,Monroe,Black Heart,Grey,Brown,Black Tee
409,Witch #409,348,78.238467592485,10,Shadow - Amethyst,Rolled up,,Bob,Floral Crown,,Cateye,Blood Offering,Crystal,Red,Pale,Black Tee
231,Witch #231,349,78.02632620169318,10,Shadow - Forest,Foresight,,Bob,Third Eye,,Green Shadows,Emerald,Black Heart,Red,Brown,Lacy Scoop
389,Witch #389,350,77.78872441987046,9,Shadow - Amethyst,Void,,Ablaze,,,Dark Shadows,Amethyst,Half Red Heart,Blue,Pale,Navy Tee
428,Witch #428,351,77.7390118482867,10,Shadow - Forest,Void,,Bob,Glasses,,Cateye,Sapphire,Half Red Heart,Yellow,Pale,Navy Tee
243,Witch #243,352,77.35402718816898,9,Shadow - Amethyst,Rolled up,,Bob,,,Blue Shadows,Lip Ring,Crystal,Rainbow,Brown,Black Tee
517,Witch #517,353,77.33345921607238,10,Pentagram,Void,,Long,Glasses,,Dark Shadows,Ruby,Half Red Heart,Aqua,Pale,Navy Tee
505,Witch #505,354,76.84538511578998,11,Shadow - Forest,Human,Bat,Silver,Third Eye,,Red Shadows,Ruby,Choker,Red,Flushed,Navy Tee
311,Witch #311,355,76.74410361880605,10,Pentagram,Human,,Long,Third Eye,,Green Shadows,Lip Ring,666 Tattoo,Red,Brown,Black Tee
507,Witch #507,356,76.59213074057155,10,Shadow - Forest,Human,,Silver,Glasses,,Cateye,Amethyst,Crystal,Yellow,Brown,Black Tank
410,Witch #410,357,76.46369673531792,10,The Void,Cataract,,Curls,Floral Crown,,Dark Shadows,Blood Offering,Black Heart,Red,Flushed,Lacy Scoop
326,Witch #326,358,76.46008249171477,10,The Void,Rolled up,Black Cat,Curls,,,Green Shadows,Sapphire,Choker,Red,Flushed,Black Tank
629,Witch #629,359,76.39479358987472,10,Shadow - Forest,Cataract,,Ablaze,Third Eye,,Dark Shadows,Blood Offering,Crystal,Grey,Pale,Navy Tee
480,Witch #480,360,76.08351659313199,11,Shadow - Forest,Cataract,Spider,Silver,Glasses,,Red Shadows,Ruby,Black Heart,Grey,Brown,Lacy Scoop
316,Witch #316,361,76.02529524044644,11,Shadow - Sepia,Rolled up,Shadow Demon,Silver,Glasses,,Grease,Monroe,Choker,Grey,Flushed,Black Tank
614,Witch #614,362,75.9688485621233,11,Pentagram,Cataract,Bat,Silver,Third Eye,,Purple Shadows,Monroe,Crystal,Red,Flushed,Lacy Scoop
543,Witch #543,363,75.54939295202963,11,The Void,Rolled up,Shadow Demon,Ablaze,Third Eye,,Grease,Ruby,Black Heart,Red,Flushed,Lacy Scoop
301,Witch #301,364,75.29976589441497,11,Shadow - Forest,Cataract,Giant Octopus,Long,Glasses,,Cateye,Amethyst,Black Heart,Grey,Flushed,Black Tee
434,Witch #434,365,74.88147526164842,10,Pentagram,Cataract,,Silver,Third Eye,,Red Shadows,Blood Offering,Half Red Heart,Red,Flushed,Navy Tee
493,Witch #493,366,74.8746771297976,11,Shadow - Amethyst,Rolled up,Raven,Ablaze,Floral Crown,,Dark Shadows,Lip Ring,Half Red Heart,Red,Brown,Black Tee
604,Witch #604,367,74.77992968420442,11,Shadow - Sepia,Void,Spider,Ablaze,Third Eye,,Grease,Monroe,Half Red Heart,Grey,Pale,Lacy Scoop
376,Witch #376,368,74.36137116965182,10,The Void,Cataract,,Silver,Glasses,,Purple Shadows,Blood Offering,Black Heart,Red,Brown,Lacy Scoop
394,Witch #394,369,73.48060190543805,9,Shadow - Amethyst,Cataract,,Bob,Glasses,,,Emerald,Black Heart,Blue,Flushed,Black Tee
460,Witch #460,370,73.42458831874255,11,The Void,Void,Giant Octopus,Bob,Third Eye,,Grease,Sapphire,Half Red Heart,Grey,Pale,Navy Tee
467,Witch #467,371,72.91250495890745,9,Shadow - Sepia,Cataract,,Bob,Floral Crown,,,Sapphire,Crystal,Aqua,Pale,Lacy Scoop
515,Witch #515,372,72.63005544673949,10,Shadow - Sepia,Rolled up,,Curls,Third Eye,,Blue Shadows,Blood Offering,Half Red Heart,Red,Brown,Black Tank
417,Witch #417,373,72.13862511574786,11,Shadow - Forest,Human,Raven,Curls,Glasses,,Blue Shadows,Ruby,Choker,Red,Brown,Navy Tee
495,Witch #495,374,71.36187485774103,11,Pentagram,Rolled up,Shadow Demon,Silver,Glasses,,Blue Shadows,Lip Ring,Black Heart,Red,Flushed,Lacy Scoop
589,Witch #589,375,71.18048331489096,11,Shadow - Amethyst,Void,Raven,Long,Floral Crown,,Red Shadows,Lip Ring,Choker,Red,Pale,Black Tank
472,Witch #472,376,70.96882587088065,9,The Void,Void,,Curls,Third Eye,,,Blood Offering,Half Red Heart,Red,Brown,Black Tee
616,Witch #616,377,70.87538901208033,11,The Void,Void,Giant Octopus,Long,Floral Crown,,Blue Shadows,Sapphire,Crystal,Grey,Brown,Black Tee
251,Witch #251,378,70.60019470830794,11,Shadow - Forest,Rolled up,Snake,Long,Glasses,,Cateye,Amethyst,Black Heart,Grey,Pale,Black Tank
284,Witch #284,379,70.17609596817267,11,Shadow - Forest,Human,Raven,Curls,Third Eye,,Red Shadows,Amethyst,Black Heart,Red,Brown,Navy Tee
651,Witch #651,380,69.53940791243551,11,Pentagram,Void,Raven,Bob,Floral Crown,,Blue Shadows,Sapphire,Choker,Red,Flushed,Black Tank
297,Witch #297,381,69.4538290228634,10,Shadow - Amethyst,Human,Bat,Ablaze,,,Green Shadows,Amethyst,Black Heart,Grey,Flushed,Black Tank
286,Witch #286,382,69.29068951689838,11,The Void,Cataract,Snake,Bob,Floral Crown,,Blue Shadows,Ruby,Half Red Heart,Red,Flushed,Black Tank
307,Witch #307,383,68.9700607186929,11,Pentagram,Void,Spider,Long,Glasses,,Purple Shadows,Amethyst,Half Red Heart,Red,Flushed,Navy Tee
411,Witch #411,384,68.30921467710424,11,Shadow - Amethyst,Void,Snake,Long,Third Eye,,Green Shadows,Amethyst,Choker,Grey,Flushed,Navy Tee
349,Witch #349,385,67.94041668088134,11,Shadow - Amethyst,Cataract,Snake,Long,Floral Crown,,Purple Shadows,Emerald,Black Heart,Grey,Flushed,Lacy Scoop
453,Witch #453,386,65.34992857375674,10,Pentagram,Rolled up,Snake,Curls,,,Grease,Sapphire,Half Red Heart,Red,Pale,Black Tank
357,Witch #357,387,63.47539912122636,10,Shadow - Sepia,Void,Spider,Long,Third Eye,,,Ruby,Choker,Grey,Pale,Lacy Scoop
638,Witch #638,388,63.39887889970492,10,Pentagram,Void,Giant Octopus,Bob,Glasses,,,Sapphire,Crystal,Red,Brown,Black Tee
425,Witch #425,389,61.170415166938454,10,Shadow - Sepia,Cataract,Raven,Ablaze,Glasses,,,Amethyst,Half Red Heart,Grey,Flushed,Black Tank
438,Witch #438,390,60.11461530693326,9,Shadow - Amethyst,Void,Raven,Silver,,,,Amethyst,Crystal,Grey,Flushed,Black Tank
477,Witch #477,391,59.83660790656757,10,Pentagram,Human,Snake,Ablaze,Floral Crown,,,Sapphire,Crystal,Grey,Flushed,Black Tee
471,Witch #471,392,58.935224215048066,10,Shadow - Forest,Rolled up,,Bob,Glasses,,Green Shadows,Monroe,Black Heart,Grey,Brown,Black Tee
545,Witch #545,393,58.905905008931164,10,Shadow - Amethyst,Cataract,,Ablaze,Floral Crown,,Red Shadows,Monroe,Choker,Grey,Brown,Black Tank
384,Witch #384,394,57.71930162200323,10,Shadow - Forest,Cataract,,Ablaze,Floral Crown,,Dark Shadows,Sapphire,Crystal,Grey,Pale,Black Tank
565,Witch #565,395,57.68217206496208,10,Shadow - Forest,Void,,Long,Floral Crown,,Grease,Ruby,Choker,Red,Brown,Black Tee
304,Witch #304,396,57.58312746690439,10,Shadow - Forest,Void,,Bob,Floral Crown,,Cateye,Sapphire,Black Heart,Grey,Brown,Navy Tee
538,Witch #538,397,57.54037235438975,10,Shadow - Sepia,Rolled up,,Ablaze,Third Eye,,Cateye,Emerald,Half Red Heart,Red,Pale,Black Tee
635,Witch #635,398,57.21568158255425,10,The Void,Human,,Curls,Floral Crown,,Grease,Ruby,Black Heart,Red,Brown,Lacy Scoop
529,Witch #529,399,57.1327937672162,9,The Void,Human,,Curls,,,Dark Shadows,Ruby,Black Heart,Grey,Pale,Black Tee
628,Witch #628,400,56.92405212443864,10,Pentagram,Void,,Silver,Floral Crown,,Cateye,Lip Ring,Black Heart,Grey,Brown,Navy Tee
484,Witch #484,401,56.8860222037465,10,The Void,Void,,Ablaze,Floral Crown,,Cateye,Lip Ring,Crystal,Red,Brown,Black Tank
406,Witch #406,402,56.63481473955158,9,Shadow - Forest,Void,,Bob,,,Cateye,Lip Ring,Black Heart,Red,Brown,Navy Tee
620,Witch #620,403,56.59319581188798,9,Pentagram,Void,,Curls,,,Cateye,Amethyst,Half Red Heart,Grey,Pale,Black Tank
536,Witch #536,404,56.54730703027178,9,Shadow - Sepia,Void,,Silver,,,Cateye,Sapphire,Crystal,Grey,Brown,Black Tank
580,Witch #580,405,55.860168824059905,9,Shadow - Forest,Human,,Bob,Glasses,,Cateye,Amethyst,,Grey,Pale,Navy Tee
233,Witch #233,406,55.8198768211026,10,Pentagram,Cataract,,Silver,Third Eye,,Red Shadows,Sapphire,Half Red Heart,Grey,Flushed,Black Tee
653,Witch #653,407,55.5359534892619,9,Shadow - Amethyst,Human,,Curls,,,Purple Shadows,Monroe,Half Red Heart,Grey,Flushed,Black Tank
645,Witch #645,408,55.33378626360421,9,Pentagram,Void,,Bob,,,Green Shadows,Lip Ring,Half Red Heart,Grey,Flushed,Black Tank
530,Witch #530,409,55.274625349946945,10,The Void,Cataract,,Bob,Third Eye,,Purple Shadows,Monroe,Black Heart,Red,Brown,Black Tee
539,Witch #539,410,54.734506078634624,10,Pentagram,Cataract,,Curls,Glasses,,Purple Shadows,Lip Ring,Choker,Red,Pale,Black Tank
372,Witch #372,411,54.73151848781083,9,Pentagram,Rolled up,,Long,,,Grease,Amethyst,Choker,Grey,Brown,Navy Tee
348,Witch #348,412,54.36995767649709,10,Shadow - Forest,Void,,Curls,Third Eye,,Red Shadows,Amethyst,Half Red Heart,Red,Brown,Lacy Scoop
244,Witch #244,413,54.34219339295638,10,Pentagram,Cataract,,Ablaze,Floral Crown,,Blue Shadows,Emerald,Choker,Red,Flushed,Lacy Scoop
405,Witch #405,414,54.298683832300796,10,Shadow - Forest,Void,,Ablaze,Glasses,,Dark Shadows,Amethyst,Crystal,Grey,Pale,Navy Tee
313,Witch #313,415,54.29772860532065,10,The Void,Void,,Curls,Third Eye,,Red Shadows,Emerald,Half Red Heart,Grey,Brown,Black Tee
337,Witch #337,416,54.2483050205249,10,Shadow - Forest,Human,,Bob,Floral Crown,,Red Shadows,Lip Ring,Crystal,Red,Flushed,Black Tee
257,Witch #257,417,54.220121372264465,10,Pentagram,Human,,Curls,Floral Crown,,Blue Shadows,Monroe,Black Heart,Red,Brown,Navy Tee
627,Witch #627,418,53.516537620254624,10,Pentagram,Human,,Curls,Glasses,,Purple Shadows,Emerald,Choker,Grey,Pale,Navy Tee
569,Witch #569,419,53.32455513614431,9,The Void,Human,,Long,,,Grease,Emerald,Black Heart,Red,Brown,Navy Tee
400,Witch #400,420,52.919314737925816,10,The Void,Human,,Silver,Glasses,,Red Shadows,Lip Ring,Crystal,Grey,Flushed,Navy Tee
352,Witch #352,421,52.75102023302009,10,The Void,Void,,Long,Third Eye,,Purple Shadows,Ruby,Crystal,Grey,Brown,Navy Tee
388,Witch #388,422,52.64298576672696,10,Shadow - Forest,Human,,Bob,Third Eye,,Blue Shadows,Ruby,Crystal,Red,Flushed,Navy Tee
379,Witch #379,423,52.49352744283197,10,Shadow - Sepia,Rolled up,,Silver,Floral Crown,,Blue Shadows,Amethyst,Half Red Heart,Red,Brown,Black Tank
461,Witch #461,424,52.12116543951334,9,Shadow - Amethyst,Void,,Curls,Third Eye,,,Monroe,Black Heart,Red,Pale,Black Tee
566,Witch #566,425,52.081561207848424,9,Shadow - Amethyst,Void,,Curls,Glasses,,,Ruby,Half Red Heart,Red,Flushed,Navy Tee
478,Witch #478,426,51.37052201593503,10,Shadow - Forest,Human,,Bob,Third Eye,,Blue Shadows,Emerald,Black Heart,Red,Brown,Navy Tee
600,Witch #600,427,50.82389943170422,9,Shadow - Forest,Void,,Curls,Glasses,,,Emerald,Crystal,Grey,Pale,Lacy Scoop
227,Witch #227,428,50.76898316126881,10,Shadow - Sepia,Human,,Curls,Glasses,,Blue Shadows,Emerald,Black Heart,Red,Pale,Black Tank
306,Witch #306,429,48.61196587755281,9,Shadow - Amethyst,Void,,Long,Third Eye,,,Lip Ring,Crystal,Red,Flushed,Black Tee
