ID,Name,Rank,Rarity_Score,Attributes,Base Blocks,Height,Palette,Shadow,Sky,Sun,Window,IPFS_URI,Artifact_URI,Display_URI,Thumbnail URI
1168263,BRUTALIST MOVEMENT #233,1,120.70852381456666,7,3,Medium,Tosh Two,Black,Deep Pink,White,Cerulean,Qmc13GRhGGkDzgLfn14RDJD2G6eB5kJQiBWGRFXvXav37H,ipfs://QmcjxmS5zZEtTzkAn3VT9NoVJ2PXKbBPi5GgxisfyiWevj?fxhash=oopiSt6JXANfsJJfz1T1pfzP51r938gBLF6fv7VBxEuzk9SzwVK,ipfs://QmcWhNR7WWNKH7Uptc8DzTHyKcdXCz3QMgEtEnddT5Q5pr,ipfs://QmaNiSvpg4UZxLod15pJkxg5nJyNL6wf5K1J6TbDkpqBwG
1168095,BRUTALIST MOVEMENT #92,2,119.18984653326785,7,6,Tall,Tosh Two,Black,Deep Pink,White,Cerulean,QmbNH75Xxt5mVAaEujtbY3Cn9VH61QfmHxWku6wXmJvTvZ,ipfs://QmcjxmS5zZEtTzkAn3VT9NoVJ2PXKbBPi5GgxisfyiWevj?fxhash=opSS91V3qVZKLVNY7vbVEDHDsarLGsLrUXzhVMUVrv7ejtoc6xf,ipfs://QmZRbfpBdGTFYs4huXqV5cEHLScZ2rBrWZ5sdX4znVR18F,ipfs://QmSUWY1G1nPkWBpDB6F5dVF4YBLKi7JRqk6qE16CFbhDft
1168093,BRUTALIST MOVEMENT #90,3,118.83918818260949,7,8,Tall,Tosh Two,Black,Deep Pink,White,Cerulean,QmdK6brnzbAynMfD9JwKgfAQUyindCVn5Z3PzAxMVMv9AT,ipfs://QmcjxmS5zZEtTzkAn3VT9NoVJ2PXKbBPi5GgxisfyiWevj?fxhash=ooS1VoHKkvT6oS2MQhGBy9WqTiPzSciQDnHJ7FadJ7rowU7mjF3,ipfs://QmQC5LrTDL74TM4FWgPqdScSWwgcaMX3Cay6ziw11u3uti,ipfs://QmXoc26rAbS7Zy9zUGwxksQaccvCLnkYz34UfnAdEZWUM8
1168415,BRUTALIST MOVEMENT #248,4,108.39759138448794,7,6,Short,Tosh Two,Indigo,White,Cerulean,Blaze Orange,QmXx1WzKNi432qbHjT7bL3J7bfkd5rPB5SdhWsbxYUr7vm,ipfs://QmcjxmS5zZEtTzkAn3VT9NoVJ2PXKbBPi5GgxisfyiWevj?fxhash=ooHEBaSaH6iWHnMjLGfY3xbFL7ruDGbCkFFngQzQz2vYsiSTWm1,ipfs://QmNsqmhBvS446euUDxYssH9ebhyELt25XYXsvxFSXy3swY,ipfs://QmUx1AtrpSmad9X77cDTnN4CE4wPmqifE2KTkfLM7UjGpd
1168032,BRUTALIST MOVEMENT #29,5,108.27299252434787,7,3,Short,Comodo,Black,Blueberry,Moody Blue,White,QmaT3cWJgv1RqyR8Y3ed2Tuz691kFApbMhd7smYGZPVsVb,ipfs://QmcjxmS5zZEtTzkAn3VT9NoVJ2PXKbBPi5GgxisfyiWevj?fxhash=onzwjvVGGEjNZNWVdxYhzx8tVR9jxH2pg7DJoF9KEVW2nMb71Pi,ipfs://QmNe4Bgfxmkxe4NZRdpvQna4NyCrf7ubPydizcaPomazds,ipfs://QmaCqJHzE9KgqxgheeSFbN1z8RdAzQkCW5MWLuEg1fvotH
1168253,BRUTALIST MOVEMENT #231,6,101.39762348190489,7,5,Medium,Tosh Two,Indigo,Cerulean,White,Deep Pink,QmYmR3vYCCPjNQysgUsnMdGp92YdSDwB2Gno1genEuBDpj,ipfs://QmcjxmS5zZEtTzkAn3VT9NoVJ2PXKbBPi5GgxisfyiWevj?fxhash=ooknrAbygLywTE6hpGVmMswVY9F9Pz3dohzdKxwC2pZNucyoTGd,ipfs://QmZLFGoebGGAgSqU81p3YWyAvzaTf8oZxNDZconAit3LiY,ipfs://QmNw4nrfw3ptj8aUUznAau6JQNAqLvJShyKF9xhqvojHHU
1168156,BRUTALIST MOVEMENT #151,7,98.20437366889068,7,5,Tall,Tosh Two,Indigo,Cerulean,White,Deep Pink,QmS5Wx7a23T4kUFGuN7kwxrrcees9ZYUd7n9sQRFcusoRP,ipfs://QmcjxmS5zZEtTzkAn3VT9NoVJ2PXKbBPi5GgxisfyiWevj?fxhash=oo8AQEVfTmrLfDEFVy3bb15PWpj28WqdJHVC5adgkNvhUabMb4r,ipfs://QmRaqbMmUa3Zw7dBEzRhPfdYfnXsFVDUgx8wWQGLBPpf2T,ipfs://QmPAP241TmGmA3N49nfwV9DVN3TVPHAeKEvfRST6567HG2
1168044,BRUTALIST MOVEMENT #41,8,97.29647893204857,7,4,Tall,Tosh Two,Indigo,Cerulean,White,Deep Pink,QmYWcPdY1UdvJLrUKXoumrForRAQvpVNFtwLFbmpFWu6fN,ipfs://QmcjxmS5zZEtTzkAn3VT9NoVJ2PXKbBPi5GgxisfyiWevj?fxhash=ooCyEoXhjfB9B7n2Ya82Qj8saHyW6pu91N2nVKLqUbVCCAkBwN5,ipfs://QmTEMKJjsoAgz5MSF34vh7nrRYvn1yuZcEibBLKiEiaWYG,ipfs://QmRVtSHbhSe2iSiCMFJEjYsyB6WRbsn25vzU7HcERhtJ5J
1168139,BRUTALIST MOVEMENT #135,8,97.29647893204857,7,4,Tall,Tosh Two,Indigo,Cerulean,White,Deep Pink,QmapRTRaeREq7udeZJ9UunKawLXSfUywNchfRhNR8b2feX,ipfs://QmcjxmS5zZEtTzkAn3VT9NoVJ2PXKbBPi5GgxisfyiWevj?fxhash=onhpUs1ytSDKgvgmM2YdFh7eaxUp1gHiSeraEsft3KyLCtFTdRJ,ipfs://QmZYYeXegqNPJz6m26tpFsmNGcQp5YRGDpjSAQ5L9h7VWT,ipfs://QmSVkSMqun3BRNfvWEZ1Lt8ow6XsYjAiuSPByuT5duga1E
1168213,BRUTALIST MOVEMENT #208,10,97.04647893204857,7,7,Tall,Tosh Two,Indigo,Cerulean,White,Deep Pink,QmYZLNUkMr9do1d9x1o2AHkxoU4pChEfhLwfVbD9LRxvFu,ipfs://QmcjxmS5zZEtTzkAn3VT9NoVJ2PXKbBPi5GgxisfyiWevj?fxhash=oo4oe9Hjg2kdRCDcaaBVMUCNsMZjKDKM6KfLdk2kxmKJWMiRY3Y,ipfs://QmZ3aVXRo2ZV5xrpBX4WgyaTsAZVNna5w8p5GJBMdaCuzn,ipfs://QmRbznUSHLK4rmVK411vQypNgVBqXUKoPPfLAmYo4iQasF
1168058,BRUTALIST MOVEMENT #55,11,95.98751786070906,7,3,Medium,Tosh Two,Indigo,Blaze Orange,White,Cerulean,QmYbQ1hCBNbjzPT5Lfr5Se3vBzRUhw9RgA6Rkb9bZvLG3w,ipfs://QmcjxmS5zZEtTzkAn3VT9NoVJ2PXKbBPi5GgxisfyiWevj?fxhash=oonNBGJVMBYhYKGN8hcRjoYeDrYuHa3fUZD9ra5ykmmCfXiwuAt,ipfs://QmWzcVopAdN3Heo2BXK4ZFtDQEbawQkFJGXBnhhB7m3Wi5,ipfs://QmaZtdjPPWpud651eq5JdbawRG3yV92bT17hofpeNhnCFb
1168089,BRUTALIST MOVEMENT #86,12,95.40709355707737,7,6,Tall,Tosh Two,Black,Deep Pink,Cerulean,White,QmQtTtM8eoxvKXph3cJNxAhNhBtRcd4KA3G95Pvb2Wd7Nc,ipfs://QmcjxmS5zZEtTzkAn3VT9NoVJ2PXKbBPi5GgxisfyiWevj?fxhash=opUYhxBCktMJmiG7zwGnFxkkt65ynXQJTfLU2jQ7yrNCx9S7ySZ,ipfs://QmdetQDYttvxMb7RYSy4buR1QEYSFTphkL2862LSSiv4K7,ipfs://QmTKjeaucqNXCwrPzic69bBjemZrgFWmqK1o5qakbCCdF8
1168152,BRUTALIST MOVEMENT #147,13,94.46884057941024,7,6,Tall,Tosh Two,Indigo,Blaze Orange,White,Cerulean,QmTBTponPSMMqMYzj8YnzdBrB1k28TM1fv2WXjnU9SBGZ7,ipfs://QmcjxmS5zZEtTzkAn3VT9NoVJ2PXKbBPi5GgxisfyiWevj?fxhash=onmkP8orXy1k3233wtxLuhsmLrPMfFEb97JH81rhs9aiyPYh7YJ,ipfs://QmcJNqn2nNHBQg9xxVWnFf4c49NvQGu8YWc2Gupg6Zwdqj,ipfs://QmeZsHCazfx4dV7rgWbNcoKuqbK3zUVGVwGEM1HJGACojR
1168088,BRUTALIST MOVEMENT #85,14,94.11818222875189,7,8,Tall,Tosh Two,Indigo,Blaze Orange,White,Cerulean,QmQS1YvjjBQwM6mogo2N6WjTME1v4XiMv7htzd6DBdXcLL,ipfs://QmcjxmS5zZEtTzkAn3VT9NoVJ2PXKbBPi5GgxisfyiWevj?fxhash=opZh9ApsBJMCNC9QfdTfunZVLzhM5jueJ8cuGKmiumjMZQk2kAe,ipfs://QmcVVyiW5LufcAKnfm5sZK3aktnD8BUKxf3mjpXrf9Btum,ipfs://QmXafwP7DDvh83XS9ytbr9aX69dBeHi8VdncSFvARh95kJ
1168096,BRUTALIST MOVEMENT #93,15,93.1310027415724,7,7,Tall,Tosh Two,Indigo,Blaze Orange,White,Cerulean,Qmbn8qSkcxEXQSe3y2aHTcaemfmnrGeCqG5hUZQWeu6DLp,ipfs://QmcjxmS5zZEtTzkAn3VT9NoVJ2PXKbBPi5GgxisfyiWevj?fxhash=opPhM3H1ZFnL7BHgn8rUoWcRp7BpfGwiHhSZXxDLuuJA5hgZCyF,ipfs://QmbrXFCM9uPQvaJqT8Jkg8RXaqm8yRR17nssZR7k54B842,ipfs://QmcndF5WkKf4tP2Z6CeMUDynfo32uaFegNf3VViJ6jCRRB
1168009,BRUTALIST MOVEMENT #6,16,88.62881148986511,7,3,Short,Signature,Black,White,Red,Blue,QmZ5jDYB4ZN2KSyCB56RqtxJeKK8kXHBXwEMuZxMhMQmtC,ipfs://QmcjxmS5zZEtTzkAn3VT9NoVJ2PXKbBPi5GgxisfyiWevj?fxhash=ooMEorxkpHzcAzFkXyb8Ty3kgwGERD8GLCPTajd29LwgFh8mEiL,ipfs://QmWcoWXcmfSiSomtzR7EzjRtauzAqQAz2zYEUEiCevXSJB,ipfs://QmYeyACKe7hLZywYt3ZYx4gNokgDW9x2GPFaYwFaTGPfw9
1168056,BRUTALIST MOVEMENT #53,17,84.06040865384615,7,4,Short,Cloud Noir,Vampire Grey,Black,White,Gunsmoke,QmfBqBGdnW4LxUaNfT9tS9SSG8yovtFNsabwswB8gmbP7S,ipfs://QmcjxmS5zZEtTzkAn3VT9NoVJ2PXKbBPi5GgxisfyiWevj?fxhash=onsP9fSyfUJ2XEgJDYPfNdP8kzUyXEQA7kq3ykV3agU6tRjP6Pw,ipfs://QmUkJrKUxKkd5hC91DiqaQTWfra9rsjn7YsgsSYP9tCdyA,ipfs://QmW25uAJXvWoehq7UJB2DJ1n5Q6Mei4MKhRXEMfNhXwL3B
1168342,BRUTALIST MOVEMENT #242,18,83.26214482319844,7,3,Short,Signature,Black,Blue,Red,White,QmbGS1sjuW6n5RFXPQP3pazJd7jFZdJ7oova1ztErreMFs,ipfs://QmcjxmS5zZEtTzkAn3VT9NoVJ2PXKbBPi5GgxisfyiWevj?fxhash=opAWJu27zv4LmuZ8oqbbsf3zbPQeYvNz3xZv45ad7pBg6ruxURi,ipfs://Qmb4qeq3LqwcjTerRxgoq8Jty7aqVgmK6M94a2AqeZwAnd,ipfs://Qmea9SdPBhPPGhcgDkLdWqNcVXF73jqSVtdCLjBkcpJ7JC
1168048,BRUTALIST MOVEMENT #45,19,74.7782206632653,7,3,Medium,Comodo,Blueberry,Moody Blue,White,Neptune,QmX7wuDzFqeLdBkgXfusRs56wD8o92QLBUmyCnT78SS7Nh,ipfs://QmcjxmS5zZEtTzkAn3VT9NoVJ2PXKbBPi5GgxisfyiWevj?fxhash=op6Ab7t5kLApyFP8sWgvd18MEJHzchzERMmoGCYM8dgWm7dotxc,ipfs://QmUGtdYQGNXGyVR97eNDuXTsiTz8WNRiNFv1srByHf7eH5,ipfs://QmTSEEprRyvYPUT6gVe4ExjLSZg2qKQFxgBZCic9i1u799
1168085,BRUTALIST MOVEMENT #82,20,73.07960028097075,7,5,Tall,Comodo,Blueberry,Moody Blue,White,Neptune,QmRrhuGeFWBJHJBQvffgrtbLZft9PZFRg4wpJvtsV3nwbF,ipfs://QmcjxmS5zZEtTzkAn3VT9NoVJ2PXKbBPi5GgxisfyiWevj?fxhash=op2ivWoDxVQMmAeP4uP8QaoXUsz1WD4FNb4FjEcpTPqHgbtLSi4,ipfs://QmSUhvU4etfxcQ9DFim3zoukDDw22PjmKQ3NUvvVAt7rhK,ipfs://QmXN7YJsX7qdNPMShzHjGFAFsy6xGaQxccPWG3i7g7V3hR
1168203,BRUTALIST MOVEMENT #198,20,73.07960028097075,7,5,Tall,Comodo,Blueberry,Moody Blue,White,Neptune,QmWgYYzjqXn5DM3s4hsnryQVhUe1FHv7bEF2NFEZqfPw1N,ipfs://QmcjxmS5zZEtTzkAn3VT9NoVJ2PXKbBPi5GgxisfyiWevj?fxhash=onxDxDyFMqNt7gLq7XUPQ6NB2xdMJSRb5Q9xWuqQ2xeNFdk7Ymv,ipfs://QmQ1XATvcwcCQi8fJaMVHTnHB3DWXBLWr24mcXARHvotMw,ipfs://QmU1ywvbTMKArzw5b7e8DEQop7uG7XgzZPw15wk5fko792
1168237,BRUTALIST MOVEMENT #227,20,73.07960028097075,7,5,Tall,Comodo,Blueberry,Moody Blue,White,Neptune,QmcaFQ3RAWtXwKdBSaTzAEay9LetzkjwgeFrZKHP48hX6g,ipfs://QmcjxmS5zZEtTzkAn3VT9NoVJ2PXKbBPi5GgxisfyiWevj?fxhash=op6q62DcMDxEv2tS7Q9WmLxHoyEh311DhfEWzhYsEkwCnTNceRB,ipfs://Qmd4d9Vrx28W5TBYuXJPpkGmhV14hXtrgoPnSicJ8ZvYKp,ipfs://QmWF6a3Wur48k2EUzEAMVFyLCvKU2Za3bDAo1GtB4tGPsJ
1168029,BRUTALIST MOVEMENT #26,23,73.02782714781094,7,6,Tall,Signature Plus,Black,Red,Deep Lemon,Blue,QmQWM5p1DbL2sJCQiqcJ4WJwYxrT4tvLvXnXcqhHkQdXDE,ipfs://QmcjxmS5zZEtTzkAn3VT9NoVJ2PXKbBPi5GgxisfyiWevj?fxhash=opGTQtQoFK6SMEZUmrEJuJBJs5kZijFicsLDXc8tk5EhkfTbxBE,ipfs://QmPoC7W3GxPNTH1QppHewyH4wKQooRMwmp4yTNELF645om,ipfs://QmQvob1x22zdoexFYPPXXXDm6VBX9w3ynb3yMZtEu7Xeen
1168117,BRUTALIST MOVEMENT #113,24,72.90888503130813,7,8,Tall,Comodo,Blueberry,Moody Blue,White,Neptune,QmPGh7Hs6znkmP9wv4DpSAa24hbXAZRCEmEyiHTiRCBjBm,ipfs://QmcjxmS5zZEtTzkAn3VT9NoVJ2PXKbBPi5GgxisfyiWevj?fxhash=onoa7vjESCCR9Y8e9rRAg6t3Fmp5ZLgvzCe7KK7uJf8KueG5HHn,ipfs://QmfEXx77oxFqsYCDFaFk64dVYdCeqewhD2KFJsC4PV3Xpk,ipfs://QmY1sS5MFjebyejkDPw4LEarGzVm9BYWG5LaJWHQp3FrTV
1168177,BRUTALIST MOVEMENT #172,24,72.90888503130813,7,8,Tall,Comodo,Blueberry,Moody Blue,White,Neptune,QmZLHs4GGECzojRHPxm48BEuKvcHRVGNKq4szZUxPc5Kng,ipfs://QmcjxmS5zZEtTzkAn3VT9NoVJ2PXKbBPi5GgxisfyiWevj?fxhash=ooMDn5KSkhMFc8oEiVr5HpMtGJ1R26AeohvLk6PgREt2vjp4b2k,ipfs://QmdkKFg5TW56uMG6pipdnZLHL6YYz1G15EAfJpFMEyR1Eq,ipfs://QmTvkWbnHFn5xDfwDi1CtmnNkaGJmy8TbNo6mx4RKxzy8W
1168226,BRUTALIST MOVEMENT #220,26,72.67716879715259,7,8,Tall,Signature Plus,Black,Red,Deep Lemon,Blue,Qmc4uaBz4p9r8nEy4mCKA5iqqe2mW2jkANCN3S1KLhBafi,ipfs://QmcjxmS5zZEtTzkAn3VT9NoVJ2PXKbBPi5GgxisfyiWevj?fxhash=oomZUMuSWNsxQRbtXCATht5VYo5JNoMEHzR4SSQvRJvta3axAPN,ipfs://QmQC8v16FRzQy8Vu6xbhPKDKtN52fMiVvCtrzQEyxZFyg1,ipfs://QmbmbBtz837miMfunjar71rDmB68mLddb6mMPh1y67K4TM
1168217,BRUTALIST MOVEMENT #212,27,71.9399893099731,7,4,Tall,Signature Plus,Black,Red,Deep Lemon,Blue,QmdyB1Vd9LwZQrrG6NXvvaVVBEbdkGekKcdjQwTgqZtL5W,ipfs://QmcjxmS5zZEtTzkAn3VT9NoVJ2PXKbBPi5GgxisfyiWevj?fxhash=opJgBnwEdSjwbso4in366ciyZEoUrMBmR4jK6S6xcwcBKaUjp56,ipfs://Qma7ck8JNgrLdDxvG54qE3fH1ruVCBYuKEpaJZbFgdpvMB,ipfs://QmNS94XtaJieTjWWK1xgYbCHqTJTPS7N7WTSE9ssZYjhYT
1168181,BRUTALIST MOVEMENT #176,28,71.92170554412864,7,7,Tall,Comodo,Blueberry,Moody Blue,White,Neptune,QmRHGopouMquUAfFWEhYpZNuZVyFqXTfi9CXxDxeL2MVBB,ipfs://QmcjxmS5zZEtTzkAn3VT9NoVJ2PXKbBPi5GgxisfyiWevj?fxhash=op1aU9jH6gBffoFUtFExci7ukVLgnPgfFNv5tSrQZxnHSe29rN1,ipfs://QmQevu1UqD2upSZtf2CqBD5hbRq3t4kr3L59Q2FAyVyJNn,ipfs://QmbBHqmzdg6PnNn6GNDqAX58LKuDTMDVv7e1YUyDBtF24N
1168192,BRUTALIST MOVEMENT #187,28,71.92170554412864,7,7,Tall,Comodo,Blueberry,Moody Blue,White,Neptune,QmXNmsKmth4m6xAyMJw1PdTtzWjFiHdaJKtxTarSwe4fR9,ipfs://QmcjxmS5zZEtTzkAn3VT9NoVJ2PXKbBPi5GgxisfyiWevj?fxhash=opVGCGXBa5RjCCppv3AXH1KJQTmPgLgtbXaygg5H22htYrce4pQ,ipfs://QmcVhJSiGjNK44p9v8z9JNmDAi6caazJVRaJXDuBL2XGfJ,ipfs://QmWhCYTTX97gxbh7QJkDZDhLW6KsXS9vw7X293zgqBgd7Q
1168055,BRUTALIST MOVEMENT #52,30,71.5849708502511,7,3,Tall,Comodo,Blueberry,Moody Blue,White,Neptune,QmUmyWTGXyf8CRKj6vTv3JArHbiZXLjEQJvq1CmdZ1QpEL,ipfs://QmcjxmS5zZEtTzkAn3VT9NoVJ2PXKbBPi5GgxisfyiWevj?fxhash=oomhb5L2fQ5jrNPnBdeMZ3B9e6ny4ANpZmUTRgsiDaGhUqejxGf,ipfs://QmeTprtozy3Jm4kLNYHLt4if8fXN4RRE8Ld7J2VW99x26s,ipfs://QmZ5bQAJnSx1pFp1URpDN79VXpuvkWb9PePFXJTrTZLZ3v
1168059,BRUTALIST MOVEMENT #56,30,71.5849708502511,7,3,Tall,Comodo,Blueberry,Moody Blue,White,Neptune,QmUbXhpDoxBGG9PEMKuH33v5XDG69kzzwHHEwRNzkagNFF,ipfs://QmcjxmS5zZEtTzkAn3VT9NoVJ2PXKbBPi5GgxisfyiWevj?fxhash=opER7t7E7zDgLDrFzzMywYMDZgGiXhFv9AK9hKeVcxDqoyi9kXa,ipfs://QmeqzAstYQDk37TBDQL7tEKMp6TS3sgSxzTYwqBPef8tM2,ipfs://QmXF3EiF4uHT7eTPTz2d2zBmo9rFCw29qG86wivKxdvKdS
1168100,BRUTALIST MOVEMENT #97,30,71.5849708502511,7,3,Tall,Comodo,Blueberry,Moody Blue,White,Neptune,QmNwn8ShVxF161e9YsQ23fSLSnuTzJwM2i1aABEkzAjsbu,ipfs://QmcjxmS5zZEtTzkAn3VT9NoVJ2PXKbBPi5GgxisfyiWevj?fxhash=ongRtaitqdRPZmZ89URXrobv7XeXQovMjcNomERR2MK84x4EUcb,ipfs://Qmde9Jt7trFvRkH5rf6ugiwxU9DjswSWzHD42mAfR1wtu7,ipfs://QmdVtwKvsESCGpHu9Jbkykfy6szH2XDxomUW8WfEbnrhCn
1168248,BRUTALIST MOVEMENT #230,30,71.5849708502511,7,3,Tall,Comodo,Blueberry,Moody Blue,White,Neptune,QmPuzNg4eKZKv6BTLGRkC3peQh4NKCMkqa8CZHFwEkpXu9,ipfs://QmcjxmS5zZEtTzkAn3VT9NoVJ2PXKbBPi5GgxisfyiWevj?fxhash=opMt6KqzNEWqCZ3q2qJ6oWBmfXREYmZ47xQCXnabP3ZEtX8FxCA,ipfs://QmXzXzv5KycSoq4RF7pFtrV7RDwp8VgTqY6A7EJ6zVByVc,ipfs://QmY6KmKUHXotUdqJpyFGwJEp7UfNesZTD9Z1XafFYfzQNV
1168162,BRUTALIST MOVEMENT #157,34,71.2109176944159,7,4,Medium,Comodo,Black,Blueberry,Moody Blue,White,QmNksxepJ7uEX5XeNszZqmaXyE8nVWjJLoKNvxY4yR58yt,ipfs://QmcjxmS5zZEtTzkAn3VT9NoVJ2PXKbBPi5GgxisfyiWevj?fxhash=opBr34t9uZjdS1ACifAF6ZNfYXkNJGHCdEVNt8cBiP9652TtDFW,ipfs://QmbB5CSXrjcrJdGkdjEWekjdyxorrRG3YrfwyUxnJKKxsA,ipfs://Qme3pzgkjb2kzKDvzhp7VZeBPH9hAPhKggdD7yPtAsrrte
1168070,BRUTALIST MOVEMENT #67,35,70.7487818606784,7,6,Medium,Tosh Two,Indigo,White,Cerulean,Blaze Orange,QmeBq2hutab7hmekU5EnChFqMxHUg4Jnpc8Ax18hxAQGaH,ipfs://QmcjxmS5zZEtTzkAn3VT9NoVJ2PXKbBPi5GgxisfyiWevj?fxhash=oooxZHeZWMLMdjcGAw2mxYz3ksUB8XQiyAUKiHCEbnDeNRDDLhR,ipfs://QmTvaW7zFeK6TDZ57pXCmfbDvsMBGSKCxLdszH13CkmQ7Z,ipfs://QmcSMAbDriaqLwJMqdMbJY3vhbpAMm6CLiRvNq2WtwnUJR
1168087,BRUTALIST MOVEMENT #84,36,70.62418300053835,7,3,Medium,Comodo,Black,Blueberry,Moody Blue,White,QmVaHEVDynAqy8xwcbnRQSkj7CHhEYwecNbcV5f5Zy1qBv,ipfs://QmcjxmS5zZEtTzkAn3VT9NoVJ2PXKbBPi5GgxisfyiWevj?fxhash=oni9KwyLRtwHA9CW6npri3qBDF8ouZK3mRvRX7mU2SktZ6Zk9qe,ipfs://QmXsN7rHHPWMn77waRUxRfEBwciAAkD2TdctSspUpP1rCx,ipfs://QmPYWQdG6izyPQf1TTwCZcFEHrczozD66BpgX7QmhnjDeX
1168102,BRUTALIST MOVEMENT #99,37,69.66094402284057,7,4,Medium,Tosh Two,Indigo,White,Cerulean,Blaze Orange,QmTuTav5XvoUewSnGTYsxyPLx9QvnNrBECKMsVTWw9vPSQ,ipfs://QmcjxmS5zZEtTzkAn3VT9NoVJ2PXKbBPi5GgxisfyiWevj?fxhash=ooqvZcMnZuGD3aYAUuq4GSCBWxsFXkpW6veo8XsepjadcRRSxJL,ipfs://QmZAcw87x2sARfhJE91vqmU14HEtNbs5cF5RNQS5GU7323,ipfs://QmS7BVwAbkQSd7WWSZhz4XVepZcxn6LMMy4LNVWT3h8CYU
1168114,BRUTALIST MOVEMENT #110,38,69.6553739898651,7,3,Short,Signature,Black,Blue,White,Red,QmZGpcsPt7r4P5igM4WUeXJhtG4cvYQEXueCDJWMHzk6fC,ipfs://QmcjxmS5zZEtTzkAn3VT9NoVJ2PXKbBPi5GgxisfyiWevj?fxhash=onh6Y5Crem4DvxQdsD9a573mrsFLm13R5wMJEv5zi9RdXkBLuAQ,ipfs://QmRtHMUFxVMmDUtWZMbKREHZHptZwHdeW5ystNGwupyjaT,ipfs://QmR3AKoSy4raUKsczVG19QsbychGAitwY9efjKBQ7pB2xL
1168062,BRUTALIST MOVEMENT #59,39,69.10550571923952,7,6,Tall,Comodo,Black,Blueberry,Moody Blue,White,QmWzFhtvHqXkq6PUi8jb5SifkrntyQnziUqJ7KGQBqocVj,ipfs://QmcjxmS5zZEtTzkAn3VT9NoVJ2PXKbBPi5GgxisfyiWevj?fxhash=ooJAFR94n2du5XHeyfLgYSSzGTVEuQEDbt7Z8zaRAWhp5JV48mY,ipfs://QmeyCHv8KLUY6BGtDEDrkXTwFaj4oAjrooizm813digy9V,ipfs://QmQbBxHvWpxUV85JiaReP9ENoJWrpQHjo671E4opr6bVRb
1168122,BRUTALIST MOVEMENT #118,39,69.10550571923952,7,6,Tall,Comodo,Black,Blueberry,Moody Blue,White,QmRqdgtFUQTV3gZaYaSzdbrXKSHxy592LxLW4RyNu43Wd2,ipfs://QmcjxmS5zZEtTzkAn3VT9NoVJ2PXKbBPi5GgxisfyiWevj?fxhash=onfYmmGnUyqHmSf42F7AhDCxamGAH3ypwLvKpUEVcP182YMbJhK,ipfs://QmW62URrk9febrw7jxMrurQW922Xr3NqNzgumGDjpkcZjX,ipfs://QmQh3DMnTCeATTvsAA8ivraDpr2Vnx5Sp21BsyptwJ83d2
1168033,BRUTALIST MOVEMENT #30,41,69.07420932896302,7,3,Medium,Tosh Two,Indigo,White,Cerulean,Blaze Orange,Qmb3sabPyHupcChkskNH8gSiWQBY8PWEuddmAmppWoPQyt,ipfs://QmcjxmS5zZEtTzkAn3VT9NoVJ2PXKbBPi5GgxisfyiWevj?fxhash=oo9eAmifUG8Xdan3D9WN2QUNwCHLCbMrGrf2oj4uQ9VYnBYJvz8,ipfs://QmS5HLh8zoweMktu2xBvTEiiw56YzhaZrs8XNCZ4fvLsCo,ipfs://Qma1mqY191Y28dWgpWAAaCKyxxjef6h5egNzC6ZTbf5CRi
1168207,BRUTALIST MOVEMENT #202,41,69.07420932896302,7,3,Medium,Tosh Two,Indigo,White,Cerulean,Blaze Orange,QmW5uwrL6pXAq6Zj9XdFthcdCHbRhesZ6rzKUMnXZ3znEg,ipfs://QmcjxmS5zZEtTzkAn3VT9NoVJ2PXKbBPi5GgxisfyiWevj?fxhash=ooRy4XmoxPAR7Z4tVEE3DZGhxFhdzF6Hh8DnGrydCgG83wY6vMW,ipfs://Qme5cjbqrEY831uvbWJ6tAg7o5KNfECsMSdEGZrMvudvxG,ipfs://QmZUv5uG9HvfV7iyeqpZMSgDkrgZyaJZUvAq2F9zoiseaX
1168216,BRUTALIST MOVEMENT #211,43,68.92556261824379,7,5,Tall,Comodo,Black,Blueberry,Moody Blue,White,QmZQV4LmoiGhdNgnstHSPszR8WZpv79qDqZzUnEsFx2VqB,ipfs://QmcjxmS5zZEtTzkAn3VT9NoVJ2PXKbBPi5GgxisfyiWevj?fxhash=oniGHWycLwSURBJFsAJjo7wJZXhhcvSR3FXS33PXK5KdV16TusY,ipfs://Qmbq1CQR6CTXaXogWE6LkpJSJRSaHNvE276wp6gGexEGMQ,ipfs://Qmef1n7hfsY3i5B2MgFE41MJz1ZcmhN7qGatxYN7Wy84uf
1168007,BRUTALIST MOVEMENT #4,44,68.75484736858117,7,8,Tall,Comodo,Black,Blueberry,Moody Blue,White,QmfM6r7jnQUARLATHQorH3cHRwV2MUnFovGXyJTkCfbUTZ,ipfs://QmcjxmS5zZEtTzkAn3VT9NoVJ2PXKbBPi5GgxisfyiWevj?fxhash=ooD3kTc6rzYAZ3d7vxfudUdDykpbGgUj6QojDzvSM3zSd2mNd36,ipfs://QmSY385ceMupinDdEDZPMMpGke6dwQNgZUsLxDqiD41tuX,ipfs://QmRc8fXqz4zCSTWg2YTb5CwDbGLkjWuyYEXNXTpUtxqnuw
1168382,BRUTALIST MOVEMENT #246,44,68.75484736858117,7,8,Tall,Comodo,Black,Blueberry,Moody Blue,White,QmZe6uNGn3rfhPaW54GK9ZhYmw2E5XxJhS2t23cd48QERf,ipfs://QmcjxmS5zZEtTzkAn3VT9NoVJ2PXKbBPi5GgxisfyiWevj?fxhash=ooWiCYUGX7Vs34i3mxPfpfDgVP8KtY9WZ1nrVsH3SuqVyFfdUKm,ipfs://QmZNxEg49voNXpRiGMVqDZDk2qWwXgYpkYMfLjG39RtNnJ,ipfs://QmUgK1UMLycPGhjpo8WVrn17Ser9aKVpHF4Cj1ffpppALu
1168107,BRUTALIST MOVEMENT #104,46,67.94048918801205,7,6,Medium,Station,Steel Blue,Thunder,White,Flame Pea,QmTDNy9rRepFpDm51PYTyQBTgJMeh6GZmK31pwZGvPSoEa,ipfs://QmcjxmS5zZEtTzkAn3VT9NoVJ2PXKbBPi5GgxisfyiWevj?fxhash=opZTGjHLtQNtxPceZAM6GJqHUsr6GFYUR461hUT9Phb8cphureZ,ipfs://QmcHJP75UzYzGPvSjiP3fzJPLQcwfTbsjzBxkPpHtFPp5h,ipfs://QmQtxzdsdJZnLdsZqG7TN4YesJoAQ2kM2MMqiKMMVcU3rm
1168011,BRUTALIST MOVEMENT #8,47,67.76766788140168,7,7,Tall,Comodo,Black,Blueberry,Moody Blue,White,QmRd8Z7tTmU9WWjF7SWyDDuVr4UTShQjTiK3jv1tTATbUq,ipfs://QmcjxmS5zZEtTzkAn3VT9NoVJ2PXKbBPi5GgxisfyiWevj?fxhash=opKJBKEH8pBJT1DXHwpi7Wbh36UvkScKoejE5BUT2kUGYZtv9Nd,ipfs://QmaLGqqUSs1CnGgGy7rT8DcwzYHwJ6Jch936g5xvjpjTU8,ipfs://QmSiQbPswrqyRo9SBCFqmAR8nv2YgfAT8pmMhEJGQ7LPqw
1168094,BRUTALIST MOVEMENT #91,48,67.76054608701632,7,5,Medium,Station,Steel Blue,Thunder,White,Flame Pea,QmXEidycoDhf59kiNek9XAbmCvwj5ijb9jKKhWN6kMLef5,ipfs://QmcjxmS5zZEtTzkAn3VT9NoVJ2PXKbBPi5GgxisfyiWevj?fxhash=ooxsSyz528mwnWWzBYPbCLwodFhriaHgiTNiPtSjtMs5ah9YEBK,ipfs://QmQmyJVCWtzXeVNhMBfnsYTbGLn6bkAA3SZa4VBtAZb5ei,ipfs://QmdACA9JXMjg3Jnu34zJAgvqYh9fEqxe1Uvq5z6RqUXHZC
1168019,BRUTALIST MOVEMENT #16,49,67.5555320476642,7,6,Tall,Tosh Two,Indigo,White,Cerulean,Blaze Orange,QmcFLoyYFW2ANcLs2tZEXz87LDrewzvenCEqrgZ3c1C6UP,ipfs://QmcjxmS5zZEtTzkAn3VT9NoVJ2PXKbBPi5GgxisfyiWevj?fxhash=onvgujBv1NAxg9EdszBrb2EFpc3BAE5YdvkTmUe8X4fpoNddiaH,ipfs://Qma8R5xgp3iRAwVXoyoFAv2DKegaSioPBzmagz1J8cwSNs,ipfs://QmVpoiwqL6SMhva31m8doJd85wMLNje88oJ5swJfaeVABi
1168155,BRUTALIST MOVEMENT #150,50,67.43093318752413,7,3,Tall,Comodo,Black,Blueberry,Moody Blue,White,QmWgVaJksKT9XxsBkUcJ5PR9zWWGy4xeapBy6aN6av87FY,ipfs://QmcjxmS5zZEtTzkAn3VT9NoVJ2PXKbBPi5GgxisfyiWevj?fxhash=ooZcokPx7PuoYnVXV7et3qUXr7hGdWNyFaSeBWeP9DRKuCZDCKd,ipfs://QmW9ka4AFm2odD8miUDssr5CS3unwx7d9pnsehtsT4debR,ipfs://Qmandh6EYaLqktGBW4zCjrmaeKoqzaL78pJ7WR3zqXMM1e
1168209,BRUTALIST MOVEMENT #204,50,67.43093318752413,7,3,Tall,Comodo,Black,Blueberry,Moody Blue,White,QmUfKno6dyGstq1ACu46KCsUVycgqyfHW9dzSzEBmmUA27,ipfs://QmcjxmS5zZEtTzkAn3VT9NoVJ2PXKbBPi5GgxisfyiWevj?fxhash=onkbLCNx85cMwAhVP2xyENhmsBm1LCjNvus4vqqpzzVPcgaYWCY,ipfs://QmRHjejQ2owtLnM478MyLARYHLsN8A5CW88h5Be6xrRwAP,ipfs://QmRqU4zesSzPbqKLavcco59kiBXZ1xczpA7C1HB7NyC5vf
1168118,BRUTALIST MOVEMENT #114,52,67.37558894666847,7,5,Tall,Tosh Two,Indigo,White,Cerulean,Blaze Orange,Qmaw6jYgob18CRaGNMPfgcxsxfCpiLy7A8emKoo4GA2qHR,ipfs://QmcjxmS5zZEtTzkAn3VT9NoVJ2PXKbBPi5GgxisfyiWevj?fxhash=ooqUQe3s53ZUxD3soRNJR5VjZR3DghCbvEfNGvCXn9RJF7HJSi4,ipfs://QmaYnZCeTvzkvmJ7tgT92ZLefEZFdYGDRXHXYAqu5TY6mW,ipfs://QmTz4TWB4B4X96HJVmWbjZHcRe2erap3jJBtUpGqjE8WyD
1168166,BRUTALIST MOVEMENT #161,53,66.85265135017421,7,4,Medium,Station,Steel Blue,Thunder,White,Flame Pea,QmaDbAG6GLkRCiDD7CKkvYWPagHpPtZGU5r1y3iiZWZnbV,ipfs://QmcjxmS5zZEtTzkAn3VT9NoVJ2PXKbBPi5GgxisfyiWevj?fxhash=oopBENTMEy8XRhxV9ZKFpXrYqwBUUK2RFbP7Lh2hxHu3KqhXNBF,ipfs://QmfRuGyV7jifPuag2SFSM4PzzgJkCuPxe8H2SFAnQc1QLZ,ipfs://QmcMQhBbW1hDU62e6Zk7X8SdNYGbtXQ7iGFePWyxyEJUoy
1168210,BRUTALIST MOVEMENT #205,53,66.85265135017421,7,4,Medium,Station,Steel Blue,Thunder,White,Flame Pea,QmPRV1k5oPRo5n3JRrGY7jYFkpijTedyzfTxFaFotn5XLu,ipfs://QmcjxmS5zZEtTzkAn3VT9NoVJ2PXKbBPi5GgxisfyiWevj?fxhash=ooyb8LaAosQvEqSCLtC3a6jie9aAjrrBqY9p5xJ38cPcW2TyQNZ,ipfs://QmdWRGHwrR9Z7Nm4b682cKHonZQLrabFFxX7C3FywdAgcq,ipfs://QmXR8LHGPnaDUZj1EsTMsvQN5ERt6Avwkau3eDaHWGT3yA
1168049,BRUTALIST MOVEMENT #46,55,66.83323912298732,7,7,Medium,Signature Plus,Black,White,Red,Deep Lemon,QmUUXK9qScnRHAq3wkZuhscxESgNh8pNDCikv8H6XsTK1q,ipfs://QmcjxmS5zZEtTzkAn3VT9NoVJ2PXKbBPi5GgxisfyiWevj?fxhash=op32zgmUcPyytfHDUQ7xek5idUTTisJgLoEr1Zu5kDecUip9FS9,ipfs://QmRBdoPhSwYHRZTxsEgpamLaQS5zM4owmudprSspLFCLz5,ipfs://Qmekr5ipv3Hz63LjS8xSWHXCzivWkaVvdL1pNJE4jV1eFg
1168196,BRUTALIST MOVEMENT #191,56,66.21769420982636,7,7,Tall,Tosh Two,Indigo,White,Cerulean,Blaze Orange,QmUxphK7DE2QMAh1eKb1bwMQzK8YiCN2AVne2uQcDYVPad,ipfs://QmcjxmS5zZEtTzkAn3VT9NoVJ2PXKbBPi5GgxisfyiWevj?fxhash=ooeyx78GHNb6qzxpSKM2ZuRj4R7qfEh9yEwvFYGMmiWcRr7R5EX,ipfs://Qmb8pM3LcjA95CtKfw49B9yghEmDRbFaNTSXrSNUwXwoYG,ipfs://QmXqeGfbdB8mjNC4nv8HcR87qgBsgr7UrpXqJWMATpm9jR
1168188,BRUTALIST MOVEMENT #183,57,65.88095951594882,7,3,Tall,Tosh Two,Indigo,White,Cerulean,Blaze Orange,QmeCRNnKBbwdsURWRZX7roDzKWrNXTvwbtg87qvjeNkTec,ipfs://QmcjxmS5zZEtTzkAn3VT9NoVJ2PXKbBPi5GgxisfyiWevj?fxhash=op2hnQp3djewAAT3uK4chwKYnaXtj2dM5fYXCGAFVF2SuZj5Txu,ipfs://QmPF8zraiS2CeXqtCukuvk8hgPq5HW5TWuFFcWgmtzNFhq,ipfs://QmQzEY5qh2oWeNn7ecdp2ESdvsgnBTCcSFwZNjzNaQLr95
1168081,BRUTALIST MOVEMENT #78,58,65.73652523841102,7,4,Medium,Signature,Blue,Black,White,Red,QmVXQSRA78eQv2DcpvuuKaDphiGB4Z7QvLbgeLn3y3ikFP,ipfs://QmcjxmS5zZEtTzkAn3VT9NoVJ2PXKbBPi5GgxisfyiWevj?fxhash=onfR2fW7aja7oFnaoa7B1edNhtQQzkuy9hS4WUBWNQZ19LyNuvf,ipfs://QmRFdF96it3njtA857yA3uqcVCd9TTzUbKD4Vqi3p3RX75,ipfs://QmdTTWqm56T7GYxoHozksyrP7XKa2bNMuDpQtr1vtFFJRR
1168176,BRUTALIST MOVEMENT #171,58,65.73652523841102,7,4,Medium,Signature,Blue,Black,White,Red,QmauAakiwukxgNkkFobSpJcjnRx5ZhG6CnSbsyvRmNdVzR,ipfs://QmcjxmS5zZEtTzkAn3VT9NoVJ2PXKbBPi5GgxisfyiWevj?fxhash=opQPQti2EoMRMYk1edzkaG2RRfKenf6yxFkbEFk6xbwVxhPPFei,ipfs://QmW5m27fFiZmLr9JyskzkEoJ7hUJTs9faiHub2mUFQ9rqa,ipfs://QmWLms3Uzc8YFFxuvDk3M1xosZcDsvfEFHHvP5sfz1uN9G
1168231,BRUTALIST MOVEMENT #222,60,65.63243500402037,7,8,Medium,Station,Thunder,Steel Blue,Flame Pea,White,QmcvyVhhWdAAUyBNQ3qyZVxeiVhykhC684hQojnRARD7rB,ipfs://QmcjxmS5zZEtTzkAn3VT9NoVJ2PXKbBPi5GgxisfyiWevj?fxhash=ooZY4vqiotBkWhLcHPig4RPfwGwK5GnmFLGzwxUtSZUg4HG99rD,ipfs://QmaomE3PygoV52EBq1eeCbrg5xumrJR45Qi8kN9AZCRxWj,ipfs://QmVyr3dDX8bkWWRLK3hKHZyAxvNWQE8trfbmNhLmzZLc2G
1168343,BRUTALIST MOVEMENT #243,61,65.48652523841102,7,7,Medium,Signature,Blue,Black,White,Red,QmYBYNLweswRr5pGDZj5EmeV5i75fWzbsZke5S2a6WfdL5,ipfs://QmcjxmS5zZEtTzkAn3VT9NoVJ2PXKbBPi5GgxisfyiWevj?fxhash=opFAr9wPsnxnCudzg3oCfoaRFFizd33vW7qoxUpG6HAMYGFVtji,ipfs://QmWKa2nTjwid21zEVF7oxcNiRHmoNQEzudyeb49RTzJB4M,ipfs://QmXj3gHA72fGD3izfzVjzmBTSLHp3JfvJx5HE1SxB67cwV
1168111,BRUTALIST MOVEMENT #108,62,65.42824046908439,7,5,Medium,Tosh Two,Indigo,Black,Cerulean,Deep Pink,Qmd6D4JnNE5P2ddVSUBuUf4csZmbnVaTvQgRYbbYQQAiJ3,ipfs://QmcjxmS5zZEtTzkAn3VT9NoVJ2PXKbBPi5GgxisfyiWevj?fxhash=op6KA2sMzjZipMWn8hrECBx3VXYiFLK5izg557uRRqk5wuS3ath,ipfs://QmdZJ3WJMzSnKjKNys3m4kqpeUu3KqwCVLHEM5tH9H7fnu,ipfs://QmaP4VqzduvuL5muzXSfAJu1uX8uiCeYtqAyDrY53F2QMC
1168073,BRUTALIST MOVEMENT #70,63,64.97782714781094,7,6,Tall,Signature Plus,Black,White,Red,Deep Lemon,QmX32mqi6YnDWrwkkNDFpa97hv5aq67jDzcZmtLeYs8Reg,ipfs://QmcjxmS5zZEtTzkAn3VT9NoVJ2PXKbBPi5GgxisfyiWevj?fxhash=op2RCtxVx73KWsMexaoszM9vyAP99fDZipv5onXfjkLBFKvnUH4,ipfs://QmVVULUjcHo8P2CcXNHVUdG61PbSgoB4PvFDgV4M8BEe72,ipfs://QmWPU1e14DVWy4ta2XdrK4zykWyXgZcgAC3P4pB6fvVy7X
1168179,BRUTALIST MOVEMENT #174,64,64.89525551684088,7,4,Medium,Station,Thunder,Steel Blue,Flame Pea,White,QmSvVYf3V5NM89axA7Q2QX9bZtr2LdWc7WJiSLTtspjyRg,ipfs://QmcjxmS5zZEtTzkAn3VT9NoVJ2PXKbBPi5GgxisfyiWevj?fxhash=oodeF6NUAN7nSCpVeiofwwzVj5xQ9fz9p9SDrXgZpmB3WKTipqj,ipfs://QmSckcwxrkWgGRQhCYVZY4KCVhk8kPvLrbxPK1AEEw35qA,ipfs://QmeLowFRGWJWbibGfkZxDQcHmQwcJdJatgcVsGePdjpMU8
1168244,BRUTALIST MOVEMENT #229,65,64.79788404681521,7,5,Tall,Signature Plus,Black,White,Red,Deep Lemon,QmboC97kKprrqx9CsdoTzUDSVXZPgU9igFLzPWJfxw5na9,ipfs://QmcjxmS5zZEtTzkAn3VT9NoVJ2PXKbBPi5GgxisfyiWevj?fxhash=opTGJiAGWu5LDN9bsshTjyJgLpTWvoBjx6YpcDAZYadfpiJNomB,ipfs://QmUwaYGnQBSNae1RUXTyoRgWzcQH86do5WYdiUgkHkVupe,ipfs://QmNf5A9EybnMbLgdiEHjkHMp6R8s5KWsFKWWQXcDBzw4TP
1168205,BRUTALIST MOVEMENT #200,66,64.74723937499785,7,6,Tall,Station,Steel Blue,Thunder,White,Flame Pea,QmeZLjb6iG3WcjocrarnhCozkKP5hUcTRVdk3QJSF3CZxa,ipfs://QmcjxmS5zZEtTzkAn3VT9NoVJ2PXKbBPi5GgxisfyiWevj?fxhash=ooKvFRgDzFcQHKRcmyXNxk5fzUVPiBbu3bXJvgDvUVdL7DLts1o,ipfs://QmUofsi9k3MmkLjZcDYezdYm8V9FJHqNA3fvWCwBkBzC33,ipfs://QmadP1BnZYJgw3hs3m7Tefg3QEx4kB1vHqTVmZj7hfuCu3
1168218,BRUTALIST MOVEMENT #213,67,64.64525551684088,7,7,Medium,Station,Thunder,Steel Blue,Flame Pea,White,QmQw7tzD1nrZkjnzySZVKqLiZuAhXQ5JkjqKanA6tUg3XH,ipfs://QmcjxmS5zZEtTzkAn3VT9NoVJ2PXKbBPi5GgxisfyiWevj?fxhash=ooFnASu5kC6gGR8X1fPZG3HvJt4Ujghaie2fyZ7wRekWkGEwDrV,ipfs://QmUPeC4KM5DmDSwEiWwmxUPWEXS9fs9HfFDdQ8oEfd2vnD,ipfs://QmXnMBvrWUKyKuGXgw9FW2i7Ce2KGn75TStaU9QEr9GMwi
1168171,BRUTALIST MOVEMENT #166,68,64.5672962740021,7,5,Tall,Station,Steel Blue,Thunder,White,Flame Pea,QmRQnccxXakMfSTPhZ5ZnP8tM7rvGqVtqhzxC9Tkjee5LZ,ipfs://QmcjxmS5zZEtTzkAn3VT9NoVJ2PXKbBPi5GgxisfyiWevj?fxhash=ooxS11AT1usUHaSU6x1Mct97aQPDEcvfXxo59eXS2PXHiNAKyTq,ipfs://QmXeXorN72K4j9VEKDKnAvgmCowkcY9c6fW2jfKFwx9cMd,ipfs://QmfM63LQfmV4ydRXfqbmRWtaw4qvf7NJQVLcEG2jnSTZoK
1168186,BRUTALIST MOVEMENT #181,69,64.52034573224228,7,4,Medium,Tosh Two,Indigo,Black,Cerulean,Deep Pink,Qmc6dwnvjFFREjfDQ26xyQVaifwcL3segcDbsQvCj5QGyC,ipfs://QmcjxmS5zZEtTzkAn3VT9NoVJ2PXKbBPi5GgxisfyiWevj?fxhash=oorq1BsLj4DtqNhVAvWyPGtyoFUtgQoeRd1yn6PfRnWNwoRwoC8,ipfs://QmSJ6UGEqqnGN3qMtW4ijnowJzfGdpqyYGbikP1soovg6p,ipfs://QmQhc8PPKbAdJdikkrFgsasbJbfoF3ceYb2xLGxYyJgX1K
1168260,BRUTALIST MOVEMENT #232,69,64.52034573224228,7,4,Medium,Tosh Two,Indigo,Black,Cerulean,Deep Pink,QmXKDgSyuN5vVyBaLMj8gtJK6TzNNdFTc1tJRhrL3TKxL1,ipfs://QmcjxmS5zZEtTzkAn3VT9NoVJ2PXKbBPi5GgxisfyiWevj?fxhash=opJzCNumxTsihjoFSLhejtjUtvhi3vsrwcbia4GzTxFUGYm4Z4J,ipfs://QmTmb1BasYeeSy7kYtBQoueuwmdKF2rtZy2mmbCyoLm5hL,ipfs://QmR3cr8Jz54YjFW5swn5ojLjmXj6CLT4XHEMetWwutQwGc
1168167,BRUTALIST MOVEMENT #162,71,64.3965810243395,7,8,Tall,Station,Steel Blue,Thunder,White,Flame Pea,QmVyFubw4ngdruBDs5GbRVTVt2FcbEkrrj62rvwXpCbdpz,ipfs://QmcjxmS5zZEtTzkAn3VT9NoVJ2PXKbBPi5GgxisfyiWevj?fxhash=opRVJ5AsLKyqTSgxpJF4A2M83vQ1fGsDwv3SjXACubUAnWu3XH8,ipfs://QmV3mMrnHX4sHGJgHMzvrqyh94Zqfnv6eRsSsSNquPwNuR,ipfs://Qmf7LRY74q7Ugy7fT57Vd3DC8G5EncJZ5YsL6D8hBJDKHf
1168185,BRUTALIST MOVEMENT #180,71,64.3965810243395,7,8,Tall,Station,Steel Blue,Thunder,White,Flame Pea,QmT5ZrPAszYY1w5FAkMCnakcCRMiqhTcmvdDRRDACPmsfK,ipfs://QmcjxmS5zZEtTzkAn3VT9NoVJ2PXKbBPi5GgxisfyiWevj?fxhash=ooqTqM1o8wnszXo6L5FqEmbU94hwmCrTqGZF4NAe3eJVWJqRek7,ipfs://QmPHTQMzJDVPj2Kfebdg6nsfmpQRKHji8Yrt3eiukZ52RE,ipfs://QmTzGdG6r5q9U2crsfPB2wW6wNKEHKmanBaJQDDXL3SURk
1168200,BRUTALIST MOVEMENT #195,71,64.3965810243395,7,8,Tall,Station,Steel Blue,Thunder,White,Flame Pea,QmaShSfbVCxA1s9kAsCSVbg2AeMtAUjnd33mbPUyuuwUS9,ipfs://QmcjxmS5zZEtTzkAn3VT9NoVJ2PXKbBPi5GgxisfyiWevj?fxhash=oniDfzfSb5Sm76nwPjPCdo37ohfjLwimELsuq1vr8Dx92Jy2fDF,ipfs://QmdGn9vUCW986o6T9NDuRg4uGAxyGLvoXf3Snhofih52o6,ipfs://QmarpD2JxKNN7wE29Nc32oK32pMRAgLGDBZPhmzhMcxpTc
1168134,BRUTALIST MOVEMENT #130,74,63.65940153716001,7,4,Tall,Station,Steel Blue,Thunder,White,Flame Pea,QmSJyonXiUPAwRnB7goHSuj2zApXxubiirhVWSrfhxZFGH,ipfs://QmcjxmS5zZEtTzkAn3VT9NoVJ2PXKbBPi5GgxisfyiWevj?fxhash=ooGU4THkfjuxgpdnMHrG9uhC8RwSvdaUatQMhXp7bs6yhABWXn3,ipfs://QmNputYRXt4bXHerZu5akApzwvT4P3WsBSuVFNKyJn1wPe,ipfs://Qma9TBiLdktHG5YWyGPmeke1iTaBAtkECaQGtvQCMnrbNK
1168168,BRUTALIST MOVEMENT #163,74,63.65940153716001,7,4,Tall,Station,Steel Blue,Thunder,White,Flame Pea,QmZX5pSb771zSGF6gi91gtbtqrqYuRPZZzNYonq694htCB,ipfs://QmcjxmS5zZEtTzkAn3VT9NoVJ2PXKbBPi5GgxisfyiWevj?fxhash=oouzzgzTTKHLDSNRBWAYMCsErQzn7GjChVshbjgUuhRH4AzNfn1,ipfs://QmZw9qr7SR7TXg44DUN2ZCh84mxgCCzLLahSasssDVKHaf,ipfs://QmPLoP4SjU9srD3iiPhD6xDPyL3RKoMrqq1CvMbPwXkVBp
1168178,BRUTALIST MOVEMENT #173,76,63.631113263234646,7,6,Tall,Signature,Blue,Black,White,Red,QmXHbjgNt8N7AvD9AaDRb3d8DaEbPGWARjFNuLEDEsd5GJ,ipfs://QmcjxmS5zZEtTzkAn3VT9NoVJ2PXKbBPi5GgxisfyiWevj?fxhash=oocizxZJ6vurQBfvQjBzwWgnc7oeMdM6PtMRarNST78wRFGx4DU,ipfs://Qmd84PZk9MfBZQ6Hu5d6F5kZ4RznA7FVcB43thbbKdWxMC,ipfs://QmYuJGeF4k6sQP87KwXxzzmEs8ZKsnDhCcQQ1psu6v3jGK
1168099,BRUTALIST MOVEMENT #96,77,63.602150456081624,7,5,Tall,Tosh Two,Black,Blaze Orange,Cerulean,White,QmS6aPDbr7KsSqNACk2NNmHzEofYc3WcfkohR4QT9PAEJy,ipfs://QmcjxmS5zZEtTzkAn3VT9NoVJ2PXKbBPi5GgxisfyiWevj?fxhash=oomnAWXgio6KeCcUVtmrg8pdaNdQUX2ftSYmGvu4cHfoCQ8Y6dE,ipfs://QmeMKsfcgfi3T1ETczQC4AYbjknSSCsURxWfAnaAYhoV41,ipfs://Qmdbn8MHve4CnLXdGq6qNmDtkGuxXYvaCKa7xpKRWeQgo1
1169023,BRUTALIST MOVEMENT #249,78,63.43143520641901,7,8,Tall,Tosh Two,Black,Blaze Orange,Cerulean,White,QmXLrQ1qvPYF6tr1DL3u637SwPWZb5ig5u2isrtqBUqpuq,ipfs://QmcjxmS5zZEtTzkAn3VT9NoVJ2PXKbBPi5GgxisfyiWevj?fxhash=ooPdeUvM7xePhJFaAttQvFGQtvWUsemKT5ZzE59F3GCQbXUMHpA,ipfs://QmRgqFuyhpvCBzJomCbYQvS63QiZGViRe1y7cKmqgakN55,ipfs://QmPeofAePoDxrHt6pQYPtdm3icxnJDiUKRZb9iGn5Nmtg6
1168113,BRUTALIST MOVEMENT #109,79,63.40940153716001,7,7,Tall,Station,Steel Blue,Thunder,White,Flame Pea,QmULPsPCit9utGU9NXrqaYYAjqxm4kgmqGjLd6XLVzhAGA,ipfs://QmcjxmS5zZEtTzkAn3VT9NoVJ2PXKbBPi5GgxisfyiWevj?fxhash=opLrJsRhaGi83YgFnvWYUQDxqrWdgkm5TN3C9kCgedXkhJUsWmi,ipfs://QmQjXpCzQzQ3hUfe5zvj6BrvEC6ViPyMg4sp5JCGoHypRT,ipfs://QmbAaGXPvJD19ccdEG6xwqfRF87U9jpFrSvA4CHFoNYp2v
1168198,BRUTALIST MOVEMENT #193,79,63.40940153716001,7,7,Tall,Station,Steel Blue,Thunder,White,Flame Pea,QmX8bnfbBQG7H9XokLXC4wvjQGh217kqWzapzDJMrehf4Z,ipfs://QmcjxmS5zZEtTzkAn3VT9NoVJ2PXKbBPi5GgxisfyiWevj?fxhash=opQaj5YDcQL4fCcQN2tNvp4e1qyuGkyLcqiS5oV8z67KhXA4N4R,ipfs://QmPtKwqSDjr5CHFSPB8aausgDEDf5q1RXPDLGTsEd2ShiB,ipfs://QmaXv1teHnZ5DdJy2og18MTQk4C7V3VCyeQChy7DBtp3jj
1168035,BRUTALIST MOVEMENT #32,81,63.280454912576296,7,8,Tall,Signature,Blue,Black,White,Red,QmfGH1ns1zug84YufwKWgaWg4bQzvaqwcLkk9tkdFNg1V6,ipfs://QmcjxmS5zZEtTzkAn3VT9NoVJ2PXKbBPi5GgxisfyiWevj?fxhash=ooHJMhVAVHxyVCta8LpQ4oXBkjR4FySMSUiEB22q8JMCSpxEJzh,ipfs://QmVzBYn4MipXVmX7MprZCkmDonYPWVtkaSNwqx98KdLGvo,ipfs://QmZL7JgZr1r2WwJZ1qhfZ2XDV6wj4wAmNegWMqwC64xTc9
1168050,BRUTALIST MOVEMENT #47,81,63.280454912576296,7,8,Tall,Signature,Blue,Black,White,Red,QmTGY5vyHDkGi3r3RuTXUBeWeLRDk22W7E4Kjeo6oQu3T1,ipfs://QmcjxmS5zZEtTzkAn3VT9NoVJ2PXKbBPi5GgxisfyiWevj?fxhash=oo93iE81s2B9MyZsaKFfho72ZGAKaTPm9NVcRzxfxjmxzt2Laxi,ipfs://QmZhAeVgcAuBCYBE6oNPyuiamcFE6uaLtqFZCjK3qchf3p,ipfs://QmRkDoyxWUzo1p1f2kbAUW6XrxavNPzRioVGCG2EuJtMke
1168091,BRUTALIST MOVEMENT #88,83,63.12954368647938,7,4,Medium,Comodo,Black,Moody Blue,White,Blueberry,QmTh5Asczj9cEVDiKTHNHkJZEPFwys1eM6hQmx7reyyySj,ipfs://QmcjxmS5zZEtTzkAn3VT9NoVJ2PXKbBPi5GgxisfyiWevj?fxhash=ooD69ogXdcJ5VtuNepAWTC2dR9L75pLKEMsGpC8jYeBNdnEhDiF,ipfs://QmXbRvMBexF3rdeZ9E25x5XMFo8hN2jcxkF3wV6hC9ZGZC,ipfs://QmTxip1tWhZFCvTAFC5LBNaTFRjqcmz6CJepkGGkhg9jnn
1168065,BRUTALIST MOVEMENT #62,84,63.072666843282455,7,3,Tall,Station,Steel Blue,Thunder,White,Flame Pea,QmfW4NHuW1k4rUG66fcbDuL6c66We67fK5i89LhJxPcHmj,ipfs://QmcjxmS5zZEtTzkAn3VT9NoVJ2PXKbBPi5GgxisfyiWevj?fxhash=ooZHD6NhoAZpQQnvc15mbzi9ZAH5axiFyfTTvb3g5LxZhjck4MC,ipfs://QmYMsvgy7NhMg8jko8EHu8A5aUp3YgYfFh1Sr1uYoHEhpc,ipfs://QmW4rCXj2BtCVqfvMefYf5qb7kXKK8XAMTtSjMLDYGvJ5M
1168067,BRUTALIST MOVEMENT #64,84,63.072666843282455,7,3,Tall,Station,Steel Blue,Thunder,White,Flame Pea,QmVMiYAN94yoKg3fCjA5mWHp28gjCwKRsn7nA2j7Hj4X3Y,ipfs://QmcjxmS5zZEtTzkAn3VT9NoVJ2PXKbBPi5GgxisfyiWevj?fxhash=ooCAaDYbr9SefeNJA4CF3r4v9SLsGkBkpGoTG5QrqTDxkFV87xg,ipfs://QmTk5fUg2c6siKrAM9sGy6JY5KgqXxykvKF4JM1Ugn6Vjn,ipfs://QmSNoLaL8KFniR4TYy8J1w46ZyU1QCxqRAgZDcssAEN1B3
1168224,BRUTALIST MOVEMENT #218,84,63.072666843282455,7,3,Tall,Station,Steel Blue,Thunder,White,Flame Pea,QmeyVX4p6w5253py3A26mdJ9TfQfQvqFNQucawdw7QXkk5,ipfs://QmcjxmS5zZEtTzkAn3VT9NoVJ2PXKbBPi5GgxisfyiWevj?fxhash=ood2zpeXFfF7wARvhttwgSv9Z9xzAtYKzk6DPNnf2S83PuHWzs4,ipfs://QmfJh2n616TjAVzf7yZagM2meiBHrzhKEi1ez89jaQ9fTq,ipfs://QmU4D5RzTvyrPjkpAUtZwgFPX8wHhqNLfuzisWYKg59p8P
1168151,BRUTALIST MOVEMENT #146,87,62.98701239890895,7,8,Medium,Tosh Two,Indigo,Red,Cerulean,White,Qme4JzgKyyScotShg6sx2jyhDW6r2f9VZxdPWNqMdSTHXB,ipfs://QmcjxmS5zZEtTzkAn3VT9NoVJ2PXKbBPi5GgxisfyiWevj?fxhash=onfCt3mFSsZweau5ETZNmqH3Poy1iPkLvXDcsAa21DYSf7xZJ9c,ipfs://QmToFiYGvMH334hRV9rUhSpUrxB1QSgMv7PrTViiziyiC3,ipfs://QmR4Ju9twFistmniXrfDcYgXjKfKFyq5G5X2cwdC2E6HL5
1168063,BRUTALIST MOVEMENT #60,88,62.69425571923952,7,4,Tall,Tosh Two,Black,Blaze Orange,Cerulean,White,QmavJtJChJZqHHmsokbyrvivwP1krGq4AYV6anaWXTuvX8,ipfs://QmcjxmS5zZEtTzkAn3VT9NoVJ2PXKbBPi5GgxisfyiWevj?fxhash=oniEDX1nCWidf6usNeCrQupYDNqRPGzyqJhn3ZV7ycYKMNcu2nu,ipfs://QmS3SSfEerTFWDPdZBd39VJ6PBYUaJ2NnDre6xZ8JajMyM,ipfs://QmS8tWbYrq7R37V6cqDjfZhYofu9vU3KAuZDdjGMyF2kas
1168119,BRUTALIST MOVEMENT #115,89,62.609900440668774,7,5,Tall,Station,Thunder,Steel Blue,Flame Pea,White,QmdTEEFtSXi2AVrt5wTF2wZRZkoZCx73ATBQq9gkm3hfGs,ipfs://QmcjxmS5zZEtTzkAn3VT9NoVJ2PXKbBPi5GgxisfyiWevj?fxhash=onwBmpT86KTpH6v6ydTAWngaAd5wBCGLUC5Fen2myELnz8BMj1a,ipfs://QmcAJKcPqXKAhciUPnwvy4yftX14DF2zwhao92DDe4ATar,ipfs://QmVubctRvu6CkQDKAM8ZoZngUtsseGqKPo1g9fx6435Syb
1168014,BRUTALIST MOVEMENT #11,90,62.54327542539681,7,4,Tall,Signature,Blue,Black,White,Red,Qmc9ArDn1tMnMXH19yDH24eh7VYCHoMwJAWk98fUsvA6tJ,ipfs://QmcjxmS5zZEtTzkAn3VT9NoVJ2PXKbBPi5GgxisfyiWevj?fxhash=ooeZomDGVftwP5fvSvvtc1yPhv1oRpkzm2LRFPXdUEn792kSoWu,ipfs://QmZCwzCqo2gRhuVxeRATdWanuNyF5vTBKpjGU59NR3ugZT,ipfs://QmUavqtmfAe59MKCdsYtM481Wi2Kpe9QnRR9xEcFMMaXrY
1168012,BRUTALIST MOVEMENT #9,91,62.44425571923952,7,7,Tall,Tosh Two,Black,Blaze Orange,Cerulean,White,QmS3gdA2YGDdpWW2nQvnagM4S4RSZzfWgthjvsFAwsg4UV,ipfs://QmcjxmS5zZEtTzkAn3VT9NoVJ2PXKbBPi5GgxisfyiWevj?fxhash=ooYC6iTPp8kiyQ4fR71GhFdFwdQa9wPr5uXtQ9jbuyuP93rGqyT,ipfs://QmRdU6LSLgypPrNDFJ2f2KAwHxgDA8Zq7jBTsMGz8ierGL,ipfs://Qmc2WQvMvHpNt16vosCrKZL3BJ6MaTuavokzF9W67prXde
1168170,BRUTALIST MOVEMENT #165,92,62.23499065607018,7,5,Tall,Tosh Two,Indigo,Black,Cerulean,Deep Pink,QmbL92HBDfjCxkTPeug5kSemMgbQK9qghtb9pPuoaX45tb,ipfs://QmcjxmS5zZEtTzkAn3VT9NoVJ2PXKbBPi5GgxisfyiWevj?fxhash=oobbm8zxN6xKm4MEsTDxppnaZAjU8qUnWA2Z19h2sWRGQJuBfZ7,ipfs://QmT7cBxyuh3Tj29wBPqg475UUk95JCoUvdT5eML8UF9cAv,ipfs://QmcHkGSfzVcRKSrfRndqxV3FvM5qkXdaxWwemvBBfKmr7P
1168075,BRUTALIST MOVEMENT #72,93,61.70200570382667,7,4,Tall,Station,Thunder,Steel Blue,Flame Pea,White,QmcHo1MeBjC12bvDa2UceyEEy7rQ9ueoAhJKaw4rq9ARRz,ipfs://QmcjxmS5zZEtTzkAn3VT9NoVJ2PXKbBPi5GgxisfyiWevj?fxhash=ooTRqTaQA4uTMRptGcEfjG3921sDLyM1QdGWB5d4KwVMJUEYFzG,ipfs://QmVUH4xwCqnSoGu1Ce6wSg9MgKaDEVAjqztqA5s5PUQ7a8,ipfs://QmNtkbMU5jXfVuCXjUGcTULWWJ17wuE7pUh9BKr5shgcH7
1168204,BRUTALIST MOVEMENT #199,93,61.70200570382667,7,4,Tall,Station,Thunder,Steel Blue,Flame Pea,White,QmWzr3s2ucoBoHSUCHRYh2AbcjTKd1vvx4mcS5oCkbmyUs,ipfs://QmcjxmS5zZEtTzkAn3VT9NoVJ2PXKbBPi5GgxisfyiWevj?fxhash=onhKpNehQBNj1YMcSn5Zezxqf4z3p7Yr9bFtjHf1W1sNVazca5n,ipfs://QmdhXuXiZLwxK5nVA4AmiErZtVKFAJnRs7veDvudFhdhWn,ipfs://QmbTMR35vx1bWEbtyWznVrQX2XafGuh5pEkWofLsSArxf9
1168241,BRUTALIST MOVEMENT #228,93,61.70200570382667,7,4,Tall,Station,Thunder,Steel Blue,Flame Pea,White,QmQVJuDr4HBodT74PyZMnyoCjjfqRE5KhcBkPJqXcifKVd,ipfs://QmcjxmS5zZEtTzkAn3VT9NoVJ2PXKbBPi5GgxisfyiWevj?fxhash=opaWgE7AHDxsttyFc7qtyiu848aNGT6aUmG19jMwYZZP4PYETGt,ipfs://QmXEf6R87FG1TD2YXXTPVUG7CRnEyK5Pj1vFV1qisfRpRH,ipfs://QmaASMjXhYDxt6HdCae3hHDkwKs3iNdoSWY9Vrcig18pDx
1168109,BRUTALIST MOVEMENT #106,96,61.45200570382667,7,7,Tall,Station,Thunder,Steel Blue,Flame Pea,White,QmVmXnjxGzQNvVbdfqs5WH41Uxqp8JJ88LZy2pb6mQoPyH,ipfs://QmcjxmS5zZEtTzkAn3VT9NoVJ2PXKbBPi5GgxisfyiWevj?fxhash=ooq6ZyrxUzFd9Zf7RWB1A2k8DsV6msTMr3mw5T8zAw8YyenGh9L,ipfs://QmUsLzYhu8QCoinEiySCRp4yNZyMnP2twZCuj63j5bZGro,ipfs://QmZJ8Kd74ofpYZkQeVWurrKC1Y3U3WvocGv6KqaouWbQHo
1168132,BRUTALIST MOVEMENT #128,96,61.45200570382667,7,7,Tall,Station,Thunder,Steel Blue,Flame Pea,White,QmU9MgyFKMrPP9uG33N1UBEszcYHgaEUFzZsiyeTRpwZsg,ipfs://QmcjxmS5zZEtTzkAn3VT9NoVJ2PXKbBPi5GgxisfyiWevj?fxhash=ooUu8wgXFXHv1yZ9uDEURfnkbD2zSQ1ZDAYJ7LYRqbZ89nRcUUL,ipfs://QmaSVFH4rDqqtJ865rEUWUu7Z3ahBb7tHaxXFA6Z8sZsM9,ipfs://Qmd9RC5ik9wpp5pJgnGM1ex9pFAZ4aqwQhRaxfi1GJUxm5
1168215,BRUTALIST MOVEMENT #210,96,61.45200570382667,7,7,Tall,Station,Thunder,Steel Blue,Flame Pea,White,QmSvPHVREjWSbA3Ldz5jzeMyg3cxfbSE1zWFzTjNRZS9hX,ipfs://QmcjxmS5zZEtTzkAn3VT9NoVJ2PXKbBPi5GgxisfyiWevj?fxhash=opM44nN3Zvfy15e5XAHeiTF4rMmULW2fafVTD5ktijMyVZjBPbq,ipfs://QmZbJCZj2bpnuUZ9yQEzkqB5iHoZM3y3Vby3Cp4mUJWWLz,ipfs://QmdKCrsHBx5mTcXfrWfp8GJsTJgwfgRSPJnGqHYz51Nx69
1168199,BRUTALIST MOVEMENT #194,99,61.32709591922807,7,4,Tall,Tosh Two,Indigo,Black,Cerulean,Deep Pink,QmaVa3N2G141VB11b8NpxMUErX1ECxTkLAvwyVMCpjqtV6,ipfs://QmcjxmS5zZEtTzkAn3VT9NoVJ2PXKbBPi5GgxisfyiWevj?fxhash=onf9RwP7fPoF3ScbEPbEpbXAiXBikyC3aacUPZYvrjyDun5a9gT,ipfs://QmUotpiS47nPUz3DQWmMqcNdWg4V7NVGHA5fBFCuoys4Vc,ipfs://QmS5rmHVL5ryvzHBHKoGCyTNLXcjAwYYZpmdFykStHjPjb
1168141,BRUTALIST MOVEMENT #137,100,61.11527100994912,7,3,Tall,Station,Thunder,Steel Blue,Flame Pea,White,QmU9afQZqvoazagDjtvyqSFCgp5F5vSKG5GPm1YZCYZMAn,ipfs://QmcjxmS5zZEtTzkAn3VT9NoVJ2PXKbBPi5GgxisfyiWevj?fxhash=oosvqFTzgTGy2q1rbkGTqAH1onaeTjXCfXzsQ6FG3pmpVDPKAvd,ipfs://QmNoWxN5cSejPhyKXT86D5YGHxuutxKwAJuuvcV9fADefi,ipfs://QmVkBAGeTV9SgtU1yXjy39SsTv22mCmJ8M3tcJ32Q5pAfd
1168052,BRUTALIST MOVEMENT #49,101,61.07709591922807,7,7,Tall,Tosh Two,Indigo,Black,Cerulean,Deep Pink,Qmcyf6t2XomDYEqpPhEYzfq1b6hpt2VybBJRdidyTkgyeb,ipfs://QmcjxmS5zZEtTzkAn3VT9NoVJ2PXKbBPi5GgxisfyiWevj?fxhash=onumcmxz8TyaiawZbooECXRZzwuUtdwz9iZkKhr5BLY7jNQgNzs,ipfs://Qmad2TM5uATTP69BzgiNYenbR8aLwiRxHtTnftdW8A3Grt,ipfs://QmPfTXdur1fvaKexfMBkEqD7MyfJTiUbwYJDuRHbZ9jVoh
1168149,BRUTALIST MOVEMENT #144,101,61.07709591922807,7,7,Tall,Tosh Two,Indigo,Black,Cerulean,Deep Pink,QmbvAQ7BJj3kT8m9uPMgh5PBCw2HfAeuLg3b1qsZYKzGVx,ipfs://QmcjxmS5zZEtTzkAn3VT9NoVJ2PXKbBPi5GgxisfyiWevj?fxhash=oo6Q2hqcViYi81SohzosxK2iT4EMuNuJKSfTRXdniGJ4HD2zDXT,ipfs://QmYh2qR8FVM2icVuQgF7FKqjXNy2ttrxX6o9SC1jz37M4s,ipfs://QmexrstxnE86ttBKFtW7gy2njQJy2Xq5azEUJaDcBmMQCK
1168169,BRUTALIST MOVEMENT #164,103,61.07375194350014,7,8,Medium,Signature Plus,Black,White,Blue,Deep Lemon,QmSHbAC7YaQkdvTxkUsLMfawonQh8eKFFBWKRLBiM2WYf8,ipfs://QmcjxmS5zZEtTzkAn3VT9NoVJ2PXKbBPi5GgxisfyiWevj?fxhash=ooXLkZN5rHHp6UMGe9UPsXMfppEgWFFTuyzwpTSPZyNpRppvwp3,ipfs://QmT5nEM4t8WGtjX4a1XNXz6uwUcxxfUcceTTuuQbrt74zk,ipfs://QmNwC8w5GZKjK8sGYWYoMp2Mv2KkbRouzt48veo8m5zZLN
1168357,BRUTALIST MOVEMENT #244,104,61.02413171130301,7,6,Tall,Comodo,Black,Moody Blue,White,Blueberry,QmZqm4gmb83QCYjBg2RgvKzSi3nrzvtjyDCwPPZK2v82My,ipfs://QmcjxmS5zZEtTzkAn3VT9NoVJ2PXKbBPi5GgxisfyiWevj?fxhash=oon4BPL8dyPiQ6agJrWVJx9ZDmYzAukA6cPUNgK83kfmZiKjU5j,ipfs://QmWS1FkVAyatMp325i2u6bSUL7UDRMxuAierc1aVEozZJE,ipfs://QmW6kSq1CPnxRnbFnXRonUwxC7hHTCBdTPtzdYfvz4ZD6z
1168182,BRUTALIST MOVEMENT #177,105,60.844188610307285,7,5,Tall,Comodo,Black,Moody Blue,White,Blueberry,Qmaf5za3cYc6AaCL2wihUwYX3J69RrbbjYbuU4ubkG6J9V,ipfs://QmcjxmS5zZEtTzkAn3VT9NoVJ2PXKbBPi5GgxisfyiWevj?fxhash=op64fXd7ESxg8arSNB7tHc7tZxx775RRLzAhhDGmJ6v6X1tS8JQ,ipfs://Qman8p2mPsAGC9BnGQfhM49w5zMU3w5oueXSkMr5ajC8HC,ipfs://QmaJ4tUn3hzZUF5XJhbis4GKeUWXz468WRxY1PSKJnXs1d
1168053,BRUTALIST MOVEMENT #50,106,60.673473360644664,7,8,Tall,Comodo,Black,Moody Blue,White,Blueberry,QmeFfEfp4b4RF575HmeaENG8hFNcMBwWEdQUpfW8gqu4nS,ipfs://QmcjxmS5zZEtTzkAn3VT9NoVJ2PXKbBPi5GgxisfyiWevj?fxhash=opNbv9YU44fqRKfW87CScKoHxeuJT74GNM9Q8pgqzTnJnJhkmPc,ipfs://QmPJsd6SApPTnqHqpgwEK3e8y7krc4baSf5ju491YKCN77,ipfs://QmQmk9CdLeF9ZQ1KSgDqRhguy7DR8qeLFkbRFfcbrz3uw3
1168183,BRUTALIST MOVEMENT #178,106,60.673473360644664,7,8,Tall,Comodo,Black,Moody Blue,White,Blueberry,Qma7T5dQUjwkiR3DQkPXoVjtUgxLr9tNMjdc3qwStJvwEc,ipfs://QmcjxmS5zZEtTzkAn3VT9NoVJ2PXKbBPi5GgxisfyiWevj?fxhash=ooMUPmtWxra8XSi2BCh3D55CCuQ3HWgHfwKkQyunF1fGaEeJ3mY,ipfs://QmbzW1p1B3ouDafMTLXpSZGX4yHEx5DkETMfUAXAJW8T1C,ipfs://QmTzZRhmsQRBr6CjVqcZ9hhvwgBTByCZ7JDTDEWVaqb7XJ
1168310,BRUTALIST MOVEMENT #237,106,60.673473360644664,7,8,Tall,Comodo,Black,Moody Blue,White,Blueberry,QmTJsqXykGPkcPq7JxipNUaS2YYg4opKgzK3xLfCVLoBTU,ipfs://QmcjxmS5zZEtTzkAn3VT9NoVJ2PXKbBPi5GgxisfyiWevj?fxhash=ooKXCWzjMzDcTfHceSFgsQGhbucRokA89caGZdaDPGxgBwE2aGM,ipfs://QmZcqFWr9dGa6UqZhJkQ4g2LHpMBkvhiuzmk41iWqwPxC6,ipfs://QmUKvW2WJRMGY93NnZEC3E2ZACmNAoWLkUZa2Ab5tA5JKm
1168189,BRUTALIST MOVEMENT #184,109,60.350017421602786,7,4,Medium,Station,Thunder,White,Flame Pea,Steel Blue,QmejZijogEd3LtzW6Q7AZ9aYsrmBqH7i7w7NySPR3rafT1,ipfs://QmcjxmS5zZEtTzkAn3VT9NoVJ2PXKbBPi5GgxisfyiWevj?fxhash=ootJsy2RAqz6Daik7emBoDbzPGKawmQvKUTzomRFYeCCCjKi5Z1,ipfs://QmWaseRntUxpY9Jq77Vz2yRK8arjo6nzL6CZ8qWSNSM1bB,ipfs://QmUDwoHK6sLdu26d2L9AvJK9EWwKkkJ42WWWNu7XFET7gM
1168267,BRUTALIST MOVEMENT #234,109,60.350017421602786,7,4,Medium,Station,Thunder,White,Flame Pea,Steel Blue,QmQsnENtTyPAMWrBbMQL176vdw7YafE9wiSfLcGQAkMbWc,ipfs://QmcjxmS5zZEtTzkAn3VT9NoVJ2PXKbBPi5GgxisfyiWevj?fxhash=opAULuvz9uwBkNBct9MABidkMGtj2DKDQF1ErHJKdnLHE6XT1Tu,ipfs://QmQCbJ488bQDbMYUBrU2c4c9VmPAgg98aUqPQLkNtVaigy,ipfs://QmbUAb2QPz9ZukxSAY2mofzwthqgF8Rb6FkF2374rhM1qj
1168015,BRUTALIST MOVEMENT #12,111,59.74983776244311,7,3,Medium,Signature Plus,Black,White,Blue,Deep Lemon,QmbWdR9ajoWbJnbfVAhb8uRNbofc64cXqHWXyYHug5h3Ez,ipfs://QmcjxmS5zZEtTzkAn3VT9NoVJ2PXKbBPi5GgxisfyiWevj?fxhash=ooDRbZueProxWLBw1iUJm3wu7aZEFgKTmg9mtqnp82x1yNjChP7,ipfs://QmS3Upbr1o3dfaDMAb1zHVe2p8r6Vmp2DLhZ1LnXF7WJZS,ipfs://QmY8VDfEYUhRX83ZikkoPr27C7hdwJkQPDkXxMuAht36QR
1168208,BRUTALIST MOVEMENT #203,112,59.686293873465175,7,7,Tall,Comodo,Black,Moody Blue,White,Blueberry,Qmb9z95nkoiY4dBWe88oiG4VKBHPxSpASfTTPrzfMBtGFd,ipfs://QmcjxmS5zZEtTzkAn3VT9NoVJ2PXKbBPi5GgxisfyiWevj?fxhash=opLgYy9URsvUS6qC5iqFsDRYG9LBDrVf4mxD1WTAQinKQJxwBuh,ipfs://QmXx44hSd1M4sZzSzUWaycHKfbpqQNue4eRwthwrGXppRN,ipfs://QmRazCjrr7Y9PkyTbVQfSSEY9BKsxmw4TPhYh9Zx3maMCD
1168027,BRUTALIST MOVEMENT #24,113,59.387085276833474,7,8,Medium,Signature Plus,Black,White,Deep Lemon,Blue,Qme3zUDqr9sntSbnMT3dD2mjyq2UidZZjaJd1xESivgBMX,ipfs://QmcjxmS5zZEtTzkAn3VT9NoVJ2PXKbBPi5GgxisfyiWevj?fxhash=ooYYnA7WS2yJXzY1X4eKzxr1hPdS2XbpgQZZZreojN577BVkhZv,ipfs://QmWqY9CHF22ySqXv3CNCh63eAdfV1VsTDStzbzpNWEBrx2,ipfs://QmUJFh4QyMPdcNJh6LY66VFS62cPvr7z1bVEzS4v8tFbji
1168054,BRUTALIST MOVEMENT #51,114,59.34955917958763,7,3,Tall,Comodo,Black,Moody Blue,White,Blueberry,QmaBegsUAZv6r5Y21BvsmAPwp8ABJieMUKLkhwGM3cov3f,ipfs://QmcjxmS5zZEtTzkAn3VT9NoVJ2PXKbBPi5GgxisfyiWevj?fxhash=op4aAf91oJhcJjfsyEyqU2DH342DADbQAj4h83saTAzML5DhvDp,ipfs://QmT5AscvUK6VWPHbfzVkRXjRGTCj2RuU4xnUuM8VE4Wib7,ipfs://QmfATKPofvV8Ls8Cbvt57C7rX85472dBXgYaN41nwab8Jo
1168084,BRUTALIST MOVEMENT #81,114,59.34955917958763,7,3,Tall,Comodo,Black,Moody Blue,White,Blueberry,QmaFeeL43NSFwme7jQmX3mLwLdZCtaDC7Z4tCwzHY5ewBZ,ipfs://QmcjxmS5zZEtTzkAn3VT9NoVJ2PXKbBPi5GgxisfyiWevj?fxhash=ooKMtpAQQwkvaaaRhQB765jCQhSCnzj64ji8d8Mv5cgHVZisibu,ipfs://QmPfS9VhBbrGnqJecc5KG7onDoMQuwamRVET7yqRgLfzBv,ipfs://QmTGJpQpm4p46c7sttjV2S2kGNVqaFqvJfpcZZ2gwm679N
1168194,BRUTALIST MOVEMENT #189,116,59.32287446787446,7,6,Medium,Cloud Noir,Vampire Grey,Black,Gunsmoke,White,QmP7W5FhJyZissEwnD8WkvTp4KtyRhxH45qKpCj8s4fG73,ipfs://QmcjxmS5zZEtTzkAn3VT9NoVJ2PXKbBPi5GgxisfyiWevj?fxhash=opV6JqYcTWJNCTSRbDPyy2dD1U6rZ2m6hLwQqWL47ht1F4zK6dR,ipfs://QmZ5VpmoEJvCvcNbPRodaGPwCJLDpmmxdzuxa5LhDgBg82,ipfs://QmcvQPMSjJfYUNyG4suJXjxSMoxb45Xcj3okF7H4musfdB
1168128,BRUTALIST MOVEMENT #124,117,59.148939944982786,7,3,Medium,Cloud Noir,Black,Vampire Grey,White,Gunsmoke,QmZSMZJcR1sWVyUw6JEwEGNzx3fJtawoXqoT9prtiZV7VX,ipfs://QmcjxmS5zZEtTzkAn3VT9NoVJ2PXKbBPi5GgxisfyiWevj?fxhash=ooJiRRGe5iW83wyytdBHUhtrRpGHpVeLuETrupxDGJUUYniC4hE,ipfs://QmY2YrDamAokKnWahhDjd5KV1EmwuQgLdoJdsgQBsHCVwi,ipfs://QmZV5oKz5bDqBBPkZ2R7woAzcEXwoFcYQXKi5LbWqXMzfb
1168108,BRUTALIST MOVEMENT #105,118,59.05658309871525,7,4,Tall,Tosh Two,Indigo,Red,Cerulean,White,QmaviU8UbpkidQeL9pQvD52as6KuifkKUKRT1x6hAMcAii,ipfs://QmcjxmS5zZEtTzkAn3VT9NoVJ2PXKbBPi5GgxisfyiWevj?fxhash=oo2R1zefrJK9V2USscuDagdUK3evQVTNRVSQACcVj36Bf99j5Je,ipfs://QmPuyL84XSxvw64AdgeK2M4ch2KaSf462wbbWi1GWmxZ5p,ipfs://QmdyAJH4NT76v7KiJSduhvR8EFMUzK7EQPHPXYfbr9kKFv
1168153,BRUTALIST MOVEMENT #148,119,58.80658309871525,7,7,Tall,Tosh Two,Indigo,Red,Cerulean,White,QmUEVTcGkARPZcu19UrCH4fBaoPYgLATah4m3f5uL1pDQm,ipfs://QmcjxmS5zZEtTzkAn3VT9NoVJ2PXKbBPi5GgxisfyiWevj?fxhash=opKy3yDZyU9GGKncjjygP7XhWhoMEeA36b1VNZLU8mZH5gNuytz,ipfs://QmXwdrQegXQSDrNC2s8j6wbWXaHTb7AM4F3KJ9szdgEkpD,ipfs://QmfEr91yG26fwi1nd48rSgJimenj5Qn47kwtx6kqFEz57e
1168116,BRUTALIST MOVEMENT #112,120,58.469848404837705,7,3,Tall,Tosh Two,Indigo,Red,Cerulean,White,QmPbMmDWKMtQEeozxeTsmiPmHmaZ4nqjJrzTcvdyaqMgxf,ipfs://QmcjxmS5zZEtTzkAn3VT9NoVJ2PXKbBPi5GgxisfyiWevj?fxhash=opRr3Nyoi5fqoj3Xp4SdP5YJYYjnGbGX9Tib1i2wBfk7n9YJwA2,ipfs://QmbH51Nwbiw6eJDTG9BVSUpJvKMMKzGsy8oDhUcJuKnBRK,ipfs://QmRL6gCbZ9Q5ojzFDz1NJGvuQ3dxcP11wmQKPXU18geMrF
1168041,BRUTALIST MOVEMENT #38,121,58.244605446426405,7,6,Tall,Station,Thunder,White,Flame Pea,Steel Blue,QmQkVir3SjCNq6JL9L3AUofxr5NffJidwwF2pcpxukyazd,ipfs://QmcjxmS5zZEtTzkAn3VT9NoVJ2PXKbBPi5GgxisfyiWevj?fxhash=oogpr75VytX8cZnPmLKx9DSmtrUhSTnTQFQPzRxYQfa3ViKpe4f,ipfs://QmNTUVjAe6EjTZZPwbRjDVNz2h4y26xnFT9L6BR66NNCWd,ipfs://QmZw3PnDyv9U83FLuqPTsjX8Ro8Q4MY5Adn4sGpn7gRApJ
1168229,BRUTALIST MOVEMENT #221,121,58.244605446426405,7,6,Tall,Station,Thunder,White,Flame Pea,Steel Blue,QmTLacE42qXNXbh2n8vB14sFVHpzANumHexcKz1D7L8FEm,ipfs://QmcjxmS5zZEtTzkAn3VT9NoVJ2PXKbBPi5GgxisfyiWevj?fxhash=ooeWDLvPwCkZaadxnVqtRXBXJbCsWsJC8eMZLchTArEAmE2RyWq,ipfs://QmbTcVRwfoE4jkKiSzzb6z8gzB1jjwPH91hLKrtPtjMRb6,ipfs://QmZE4K3s5BjvGN1GZH9NhTpdyjHrxM26LwBobUPUx5Uce2
1168133,BRUTALIST MOVEMENT #129,123,58.235036630036625,7,4,Medium,Cloud Noir,Vampire Grey,Black,Gunsmoke,White,QmTwzjPEqGfvF3qn82vPE6iq2NPzzPin64P8faaVF8T6x9,ipfs://QmcjxmS5zZEtTzkAn3VT9NoVJ2PXKbBPi5GgxisfyiWevj?fxhash=ooCVe9WC3Z5HmUxshX3ENB6NArME8PCUcF8mbAfgCyaKST4bPfx,ipfs://QmbUtiVg9wzu5F6hZmcSG2cjKNDagRXH6Lr2JNZemDjxkm,ipfs://QmURBJ8SuhoqKBsf7LuefD5Qvz7NFK7CvYesniG3sw7qS4
1168078,BRUTALIST MOVEMENT #75,124,58.064662345430676,7,5,Tall,Station,Thunder,White,Flame Pea,Steel Blue,QmQja2atB9vwd6oytUwbyAqiQS7Ga2wHo6HVKS8v1f5Q7C,ipfs://QmcjxmS5zZEtTzkAn3VT9NoVJ2PXKbBPi5GgxisfyiWevj?fxhash=oorqR7HY6u7ks43qpuaKPZphEJ39t8Mz63v6dE82jRKFXWR7Y7C,ipfs://QmV2Lb3Gwyk9mHeaHxbVGGbseKmfFMBs6agCZcAB6M1KYi,ipfs://QmX71LHozqwkNSrwzrqKrhgWaten5fEUyvCERpijoy8Ccc
1168083,BRUTALIST MOVEMENT #80,125,57.893947095768056,7,8,Tall,Station,Thunder,White,Flame Pea,Steel Blue,QmfSecM1zz7krZHnpWz1hrH2GsHxko5ZhKhjpg8cG5Rqk5,ipfs://QmcjxmS5zZEtTzkAn3VT9NoVJ2PXKbBPi5GgxisfyiWevj?fxhash=opRAWrViv4t9GNragjrEdZVpgkgSQcNrJGeBLc2og3pYEsYX8Cn,ipfs://QmdP8xwpiJx6fgUkdG4AYrQPLsB63kya2n3aRkcMGyp7gi,ipfs://Qma8USca8qGxuU2m3zZSacZRov8KkiXaufTvyWCZ9acfQ1
1168326,BRUTALIST MOVEMENT #239,125,57.893947095768056,7,8,Tall,Station,Thunder,White,Flame Pea,Steel Blue,QmNra9hwRQcbzTaqErDtKZyhzzStwvGEMR5sh8qEaynxgD,ipfs://QmcjxmS5zZEtTzkAn3VT9NoVJ2PXKbBPi5GgxisfyiWevj?fxhash=oobupK9SBfStoacRPqZXjxNwxVCb1pBGWLJXTekA8WKbZ8NTH4K,ipfs://QmWKC8UJt7ogXhc8LKf4mBt5DtVQRpJcmiMH4hKowmegAD,ipfs://QmReqtLLS2JuN5AdymSXZPZioTBFEmUCwCFmN86YDb8NaW
1168145,BRUTALIST MOVEMENT #140,127,57.64830193615908,7,3,Medium,Cloud Noir,Vampire Grey,Black,Gunsmoke,White,Qma7Aw2fQA4SkQ45CAa3z5QPHtVPLhwtjtxRKBFA82PUq3,ipfs://QmcjxmS5zZEtTzkAn3VT9NoVJ2PXKbBPi5GgxisfyiWevj?fxhash=onojcz9vXsJSge4aEEFXHu5GbBpwKqu2wa61eSCs3mDPLP89Mne,ipfs://QmQGiYWT7XNzdBan52dLV3J3ECZv3t3xSgbg56jiwCHDyq,ipfs://QmUFF5sW74roEsG43ybAuXbqTk1ePqfxBn9hNWHG2nfeRu
1168147,BRUTALIST MOVEMENT #142,128,57.63026266368396,7,6,Tall,Cloud Noir,Black,Vampire Grey,White,Gunsmoke,QmVDLPGBKc6UnxxixnmVup36cBKKXwYUGmx1CwKnmbYypy,ipfs://QmcjxmS5zZEtTzkAn3VT9NoVJ2PXKbBPi5GgxisfyiWevj?fxhash=onjuH8RMhCEs62ZBaHUMURzmn5tRUZSj9cAC4ccfyT2BYqoPF1z,ipfs://QmPZd7tDnhoV1L2n9m9ReggZDgJjcj7vzYUaoQNsog5mPq,ipfs://QmW7Cs7eT7AhxhgpKE9AZe56FkARTu1JkaZpShRSLZv3DF
1168195,BRUTALIST MOVEMENT #190,128,57.63026266368396,7,6,Tall,Cloud Noir,Black,Vampire Grey,White,Gunsmoke,QmVNHHK145Gcf7UjfhTTTL9h2SDBtcDjpxDkR5AEc8y1te,ipfs://QmcjxmS5zZEtTzkAn3VT9NoVJ2PXKbBPi5GgxisfyiWevj?fxhash=op8dYrfYtDPH9wU6eFd4WfkXRUHQTQEgYF6f4R2CzTmhVut2NfK,ipfs://QmSXnR9VmzK9ZD81dNzmDtnMN9PumeaUYS55QCBsxskgKY,ipfs://QmPWSM8CLRd5E7ggP5Gk2CBqHKAtSfcJHhAgFMVnt3kFn3
1168068,BRUTALIST MOVEMENT #65,130,57.27960431302561,7,8,Tall,Cloud Noir,Black,Vampire Grey,White,Gunsmoke,QmdH2kcZNrbQgaecgXcS2EFdghsskmSi6AaQwdY9MbxbyD,ipfs://QmcjxmS5zZEtTzkAn3VT9NoVJ2PXKbBPi5GgxisfyiWevj?fxhash=op3crbUoSeESQB1GZf3bkpUbph3xJAwiDjp1xTzRcx7zreUVafC,ipfs://QmSCnGpMY1oUsADFxVhJ3RKvMzXaZBzhp7y2KnLQUFjbGs,ipfs://QmWjPJVyKWUyT4cKtaU5KRVQMQM2KNVDZRJm7ybEmqZnMP
1168124,BRUTALIST MOVEMENT #120,130,57.27960431302561,7,8,Tall,Cloud Noir,Black,Vampire Grey,White,Gunsmoke,QmS5dg9ZumS9BodQ5tSFHNNavPbczzF1LJirKVWRK9ayS4,ipfs://QmcjxmS5zZEtTzkAn3VT9NoVJ2PXKbBPi5GgxisfyiWevj?fxhash=ooHrnFf2oWaExEvAQHwGPEdA6ZBvHy3own8pAk1EDsQueNiVgr6,ipfs://QmXPq3Vmq1pjthV1qgYCAFrcY5APobXA8jnwJJzfVg2uWY,ipfs://QmdigdiHzRrxASoiEpC8k2zrgUng7ujdgCNhqeoDJr6S3o
1168121,BRUTALIST MOVEMENT #117,132,57.15676760858857,7,4,Tall,Station,Thunder,White,Flame Pea,Steel Blue,QmbYnpwrLgJfmVPerAhdcULZa7YVFxNNhvp41oBNFKo83A,ipfs://QmcjxmS5zZEtTzkAn3VT9NoVJ2PXKbBPi5GgxisfyiWevj?fxhash=op6hUWVxJ8XbLY8aMBy7KLnNjFXMj4o5NcnKk62pKFAzQyjLfTH,ipfs://QmdKHHVbBafo84cLH7YknaZDYVQot9vNVtfopJTmhspPDC,ipfs://QmRrR5qYeBkN5TppwbDsbUwrSji6MbHtKwomR2h6fXVTMu
1168005,BRUTALIST MOVEMENT #2,133,57.08145974430069,7,3,Tall,Signature Plus,Black,Deep Lemon,Red,White,QmYQ8qGm8RARbWnkpzVYBrjmhsWArhPzU5TPmopsY9mYjU,ipfs://QmcjxmS5zZEtTzkAn3VT9NoVJ2PXKbBPi5GgxisfyiWevj?fxhash=ooJRCcx4UtCpnpgvuNF39iMN18GiuqWHGKJv9ib2N2yeA1NXVDd,ipfs://QmScUo9JdBE3ksiVaSj9PGycaxq8eAnxyzEBAAaC3Jpe5D,ipfs://QmQXs86ZoCF8RMYEKCBDgPBXBs7LgLorLFGKoErdyhQvVE
1168008,BRUTALIST MOVEMENT #5,134,56.90676760858857,7,7,Tall,Station,Thunder,White,Flame Pea,Steel Blue,QmYJcbWCjiBdJgUfWdmZnJuzarVJyraC525zPQEcZg482s,ipfs://QmcjxmS5zZEtTzkAn3VT9NoVJ2PXKbBPi5GgxisfyiWevj?fxhash=oopWVSj4KEuuJytGRmDAWNWL3jqB5jJZL5g165wxb8U8gvpc83g,ipfs://QmPzK7hxxXiqxt9n93nFTPKN4MRXcD4yGLa8pak76D84sp,ipfs://QmXmQ79xirX57yag3trdTQfThRehUh6BkWNbDVKXh2sRf7
1168092,BRUTALIST MOVEMENT #89,134,56.90676760858857,7,7,Tall,Station,Thunder,White,Flame Pea,Steel Blue,QmaoctBp2YGE9bD2TFpebeziMFTELnqNsec3hcQ4vUeQJa,ipfs://QmcjxmS5zZEtTzkAn3VT9NoVJ2PXKbBPi5GgxisfyiWevj?fxhash=oo9wcN1kjkaarpiAAvSQhdpbfARWo9gmfgqBnygCp513SoNc7pu,ipfs://QmVb9btrpzVk14HNgDuwjm8qD81eJksk8nZayGnj1ykzQ9,ipfs://QmVBRxUL6xuvJrUKx98DXWqMAaKq2d11dyTMcMa2BzMvNt
1168105,BRUTALIST MOVEMENT #102,134,56.90676760858857,7,7,Tall,Station,Thunder,White,Flame Pea,Steel Blue,QmTvNoqeRK5bCK6C2cWLsCVq56hHwp6WRgT84SxpVwXUCU,ipfs://QmcjxmS5zZEtTzkAn3VT9NoVJ2PXKbBPi5GgxisfyiWevj?fxhash=oo5tYQVkCe4fXdgJi2GCzfeymcT5xya7UchHQec1xUo6GzsKf4p,ipfs://QmQihMGMiPG3Vhp5MKVTzR9QaVeFYxpvstaqokkkYC3C5W,ipfs://QmX7H2fmkEboB1MY94TiYaD1MeYXvy8b25VKfxnkemc9A8
1168086,BRUTALIST MOVEMENT #83,137,56.89332264330645,7,7,Tall,Signature Plus,Black,White,Blue,Deep Lemon,QmWSemyTemEjf3wHZthgTRsaquCs5GB6oRzA795Sja1dwQ,ipfs://QmcjxmS5zZEtTzkAn3VT9NoVJ2PXKbBPi5GgxisfyiWevj?fxhash=onmwgBgieeJe3kmXAfbD8AxtF1FHa5QKBkxKm3oseBHT5uxsHbh,ipfs://QmSAe7EL9kdJvq9nPnUM8s8QuRYS1mQSsGxCrJfBV2S2QF,ipfs://QmWG8YLjamQyiyKCvMoobQzM4EF5CGCAx6LezaMQDffwcq
1168037,BRUTALIST MOVEMENT #34,138,56.57003291471102,7,3,Tall,Station,Thunder,White,Flame Pea,Steel Blue,QmP3j2DtDjnc6hhH2zcKpWkrrsQJxzTrpNNge5e3ZpPEip,ipfs://QmcjxmS5zZEtTzkAn3VT9NoVJ2PXKbBPi5GgxisfyiWevj?fxhash=ony9cMa9aDkEDBQ3im7aPzoD91u5a7tBUmD3pP18UBC7G8YDoi5,ipfs://QmYDxSDUHPpmrj4VTgXBNUxShR6FcNpVRkULpXLTmKv98n,ipfs://QmWiFWYxZcSzUDjQwQh1SN6tj9iAod6AkKriiL7YnFaL2N
1168197,BRUTALIST MOVEMENT #192,138,56.57003291471102,7,3,Tall,Station,Thunder,White,Flame Pea,Steel Blue,QmXrDq2UPBkFC61MpJHo9o9jizym7NbqDWVcLr1qkYPw5z,ipfs://QmcjxmS5zZEtTzkAn3VT9NoVJ2PXKbBPi5GgxisfyiWevj?fxhash=oobJy3UL9kAMyPTasBuyUKUfNjbtwwraP3LQc6czTTxcANFbNeJ,ipfs://QmQkpvC8eQNRyvnkfSaYk5zYKs88hheJaRpRZ3VnogRt4E,ipfs://QmW6bZgnzcf1nWtddDWd2Xgn36VfdMicJfty9C294DuwWw
1168319,BRUTALIST MOVEMENT #238,138,56.57003291471102,7,3,Tall,Station,Thunder,White,Flame Pea,Steel Blue,QmXJCxfXyVSzjv2EzCCXpHWKhHhxQ7mubdptKg42ttfeJx,ipfs://QmcjxmS5zZEtTzkAn3VT9NoVJ2PXKbBPi5GgxisfyiWevj?fxhash=op7VceucbXGnJPVSLiE8fPZYVVahwrajihvQBGSs1hMLtYKRPJH,ipfs://QmTMRZfuyqs7mtB34caEVr63bBtMGxT6vRLpyo6PLR5QuN,ipfs://QmSX5CHXt67vB8BVQeYxwe3bY1EBJL2fkU5U1Je5F3NLEN
1169783,BRUTALIST MOVEMENT #252,141,56.556587949428895,7,3,Tall,Signature Plus,Black,White,Blue,Deep Lemon,QmRNtakQiTNeyCD9Qu9K4qyTVMREpk8b7ouqKAGLtcMwnq,ipfs://QmcjxmS5zZEtTzkAn3VT9NoVJ2PXKbBPi5GgxisfyiWevj?fxhash=onuCg29ym3cEGfhSKSLH8u64YJxNyuuzGXZuAPWQRASVpicwvu3,ipfs://Qmdb1mC9ATbKWH1vBXp1TKrUvpUHR199eDF1g6rhjLkph8,ipfs://Qmc6Brb5R3dPZtGENHEcsKHmDsDjdSkRGeTFKpz5QUgCP4
1168013,BRUTALIST MOVEMENT #10,142,56.544493814477605,7,6,Tall,Signature Plus,Black,White,Deep Lemon,Blue,QmRwVJR6dwhXTRGiA6eHCqE9ncWztu7u86ZVHep9y14Wgf,ipfs://QmcjxmS5zZEtTzkAn3VT9NoVJ2PXKbBPi5GgxisfyiWevj?fxhash=ongGNJ29d1Dkb6W91hD96yVcy1NYEnDQ3fwy7TsFpQgGjbybXAu,ipfs://QmcDu4T2JJboPZWudeoEzczHDbcDSmL3bWxDwtQXPdrSpy,ipfs://QmThQUcG2zxaLsxm5y8rdYbN3Vsx8ri3kL6uDiaz4WJfDg
1168110,BRUTALIST MOVEMENT #107,142,56.544493814477605,7,6,Tall,Signature Plus,Black,White,Deep Lemon,Blue,QmWitRgwFS98qaJ9gJhDpaLDQ2YHmESF2uPpqQsTBtLnTk,ipfs://QmcjxmS5zZEtTzkAn3VT9NoVJ2PXKbBPi5GgxisfyiWevj?fxhash=opAAzUVNtsLEQ5GRBmnFHeetPmHyiWwRtXzP5d8goVne4ydXQgT,ipfs://QmNoPkUADPqGe2esTSU9aqFMi6SVcB3dxn6rp7YcHVfMCc,ipfs://QmaUh3RXEyc1bjUe6fGgcuPU8VYB6bbwqW4VWdGx9ZtyM5
1168174,BRUTALIST MOVEMENT #169,142,56.544493814477605,7,6,Tall,Signature Plus,Black,White,Deep Lemon,Blue,QmXv6bsAdh3u6tTkW9MuhjnNuoC9jMKBpBgzrDW86WQ2j6,ipfs://QmcjxmS5zZEtTzkAn3VT9NoVJ2PXKbBPi5GgxisfyiWevj?fxhash=onsh1Xqotvd8mVPxdKhgFhsBBeKAGEy21xoSfS2XMgmHT4ATkhb,ipfs://QmUfgcz4DNvo5xZqUgFHvYbtqMcEyJfNxqw8hLhYXWTUoe,ipfs://QmYctuzQSKx2JCqKh8HnZ8pQoj6cM1c6od1kY6Vdo4V5Jr
1168150,BRUTALIST MOVEMENT #145,145,56.542424825846126,7,4,Tall,Cloud Noir,Black,Vampire Grey,White,Gunsmoke,QmSbw2Q7ELfn13ji9SAX1FzckxwMyGeqp436GPvK5G2mmZ,ipfs://QmcjxmS5zZEtTzkAn3VT9NoVJ2PXKbBPi5GgxisfyiWevj?fxhash=ooWca2qPjGATnFn2RSkLVxJou4EB2WxmjMuePnaUSBp1UdYKVcY,ipfs://QmVZtEr7QxViBDyrE9aKHUTU5ZidiLY4cH7tp2MYC424D4,ipfs://QmSgXJpLqELYdk4X9xahKhvYkA2XQqK4kCnxd6podmkga6
1168160,BRUTALIST MOVEMENT #155,145,56.542424825846126,7,4,Tall,Cloud Noir,Black,Vampire Grey,White,Gunsmoke,QmPSQ44kHhP9FUSHUCW2uG4hC6GMoa6Kz9GHHFbUb3sSQX,ipfs://QmcjxmS5zZEtTzkAn3VT9NoVJ2PXKbBPi5GgxisfyiWevj?fxhash=opHknSKASzExpS6CbyWHRXDA5tk8tpPFE8m8spR9UEHBZ8Q7nyV,ipfs://QmWMAoKs3eFP6ozJWyP95rnLatLJEKuUEPJgcKd2Mvxwjf,ipfs://QmSkBkQZtbRn9D6PzBhVyMH6S86VfwuoYs7AhrS5jciVSt
1168157,BRUTALIST MOVEMENT #152,147,56.364550713481876,7,5,Tall,Signature Plus,Black,White,Deep Lemon,Blue,QmSMwAjKXA4icVtUy2F82T6XgHXUQ44sUhKw31KhTS4byT,ipfs://QmcjxmS5zZEtTzkAn3VT9NoVJ2PXKbBPi5GgxisfyiWevj?fxhash=oo5ncf2X74AT3MKNmWEWJ4UJCrrtuNPR5bPPKwc8XtKWxenLyTj,ipfs://QmPDS9Q2Ho4uiAAju9X9Uhc6a4a5W5JSYGqkGyLwdc47cH,ipfs://QmQpky5LUUh2URkUCreqZTE4KLF4go6cmJjfKiXxVzqy9A
1168137,BRUTALIST MOVEMENT #133,148,56.347639460825164,7,6,Medium,Signature Plus,Black,Blue,White,Deep Lemon,QmVB4HWtp2jrQMjJWyiJZePsXnrjM1hLVhrUjXSb4LtwfA,ipfs://QmcjxmS5zZEtTzkAn3VT9NoVJ2PXKbBPi5GgxisfyiWevj?fxhash=ooaScghFehEXExtEB6wmaWrFzxqGx5AuMfRquJeYDzoh1wLFEZ3,ipfs://QmP2XBauTvfM8X9jWYRCQj3AHND4vdA1tP2nNzFkRcHBJA,ipfs://QmV2voG7xMa1wajv31D5sMdmXVDLzeGuUihQ7EEKiLV8Vb
1168004,BRUTALIST MOVEMENT #1,149,56.292424825846126,7,7,Tall,Cloud Noir,Black,Vampire Grey,White,Gunsmoke,QmRavUiHANBQoDGBsPtCTRZFfzCKVV1sGk2vww5mqnLis9,ipfs://QmcjxmS5zZEtTzkAn3VT9NoVJ2PXKbBPi5GgxisfyiWevj?fxhash=oo6BKuWqDAbVL7QhmbCSwmtxJyBDHxjUprsWapA6xUAJTW9MVkY,ipfs://QmYZfT8RGARNUNpMsQ7pyHSAbz7zMpY8UNbN3FUTNYhwEe,ipfs://QmP5nSNJVnsKZqZ1RjegQAxB2kTrsTtBPu8cfJZezyiPqj
1168020,BRUTALIST MOVEMENT #17,150,56.193835463819255,7,8,Tall,Signature Plus,Black,White,Deep Lemon,Blue,QmX9PDUgA7bK2GbrE3sXRkV7n5NxhyGUiRmkteFfp3Eqoy,ipfs://QmcjxmS5zZEtTzkAn3VT9NoVJ2PXKbBPi5GgxisfyiWevj?fxhash=opPH8frkmbCa7W9VMaTdcrjFnich27FvCp6rGdboRe7jx8rmsDp,ipfs://QmNvtevS1PADnNLd1DtGMu1LHweCxF68iMaxR2SEVgNPgA,ipfs://QmfDLbJZcKCQomFwQu7QWpqroh91bYM5t72tHKMqoY1C1s
1168165,BRUTALIST MOVEMENT #160,151,56.12962465486026,7,6,Tall,Cloud Noir,Vampire Grey,Black,Gunsmoke,White,QmcazkFffpZWKA1mkypyGz6BxUcCV72kGmNT2puxyJnHR7,ipfs://QmcjxmS5zZEtTzkAn3VT9NoVJ2PXKbBPi5GgxisfyiWevj?fxhash=opWvQWTMBNBsTVTaQiba8JJEAVw2RL1sUkAHxfH3PDUVT21uXB3,ipfs://QmWxArkVSpgHf9WreCyamaMeB2NsdnF7kYBHXx4abbfWB9,ipfs://QmS64kN7XJsziF5auU3Mv3VNe5sdH4G19Q51NCNqpS8H4x
1168206,BRUTALIST MOVEMENT #201,152,55.955690131968574,7,3,Tall,Cloud Noir,Black,Vampire Grey,White,Gunsmoke,QmSrsWSB5B3dH5Cxcqd6dHNd8kXtFEUFioGzfNuHqYMfx3,ipfs://QmcjxmS5zZEtTzkAn3VT9NoVJ2PXKbBPi5GgxisfyiWevj?fxhash=ooP9eHzDyWfZAMeeqqYz4LCHkxNwHVR44BfHhpXHM9VxZTwYewQ,ipfs://QmeHiaGXe52rg53k5HEu1vssBXeqBhZfBL3pMfN99PFePc,ipfs://Qmdu24QdKefcLNFpGXaeyRap2kAJcySWsaoLye6R8Re2ps
1168146,BRUTALIST MOVEMENT #141,153,55.94968155386452,7,5,Tall,Cloud Noir,Vampire Grey,Black,Gunsmoke,White,QmNt1cpudJGVVNJnxLzZh1cLCzouhUMvq7Gg24PGppQqeJ,ipfs://QmcjxmS5zZEtTzkAn3VT9NoVJ2PXKbBPi5GgxisfyiWevj?fxhash=ooyQjZJrT7LiUmDGgD6UfYvf5cZqDfrX25vqWbhsjkoxA2dPvTX,ipfs://QmU8rhNabRaqFa1LWJo5JgNQawMsgnVZLHRcpig9TtSszW,ipfs://QmXZ5vmE5MosZY9D4rZ5kQpzWUqW5FYHWgrzZbjCH1ApYx
1168127,BRUTALIST MOVEMENT #123,154,55.77896630420191,7,8,Tall,Cloud Noir,Vampire Grey,Black,Gunsmoke,White,QmaGHUpZMDAuVzCKEtncQnKyW5YfApR2rxK4h9fuyJPLVG,ipfs://QmcjxmS5zZEtTzkAn3VT9NoVJ2PXKbBPi5GgxisfyiWevj?fxhash=oopDzcwsCeipZkxYhyUpZ248yA5AQLVS7xWPswYhP19tVMztwdu,ipfs://QmbhzLUxn7dmcQijMV8WSwewy4bgPjLuDVHDB4tyJ6YAKU,ipfs://QmNVcdePeDuaRiQsT3t5Ec5uGqtSiCb32bvbGEqUq6Va9t
1168010,BRUTALIST MOVEMENT #7,155,55.45665597663978,7,4,Tall,Signature Plus,Black,White,Deep Lemon,Blue,QmUwXurLvUZdY53xiWVAALcgwwARZM7XEcD9twsgFMoPKx,ipfs://QmcjxmS5zZEtTzkAn3VT9NoVJ2PXKbBPi5GgxisfyiWevj?fxhash=ooGMsbQrQdeZzFRQ7KTVQxoe3cYhFstnb1GXksQuEqf5mLAisYJ,ipfs://Qmca9bN661utucdpx4g6WrM7Sfd18FtecDDyb1ojptHBka,ipfs://QmQgNVDS84q7ZYRov3m5YMqxFXrKiSHPZSwgN2K9L7Jvbt
1168173,BRUTALIST MOVEMENT #168,156,55.20665597663978,7,7,Tall,Signature Plus,Black,White,Deep Lemon,Blue,QmYrHfYwZGVDqdZjCTvHJPhYVbrqRxD3iu3vNTXomLcFRX,ipfs://QmcjxmS5zZEtTzkAn3VT9NoVJ2PXKbBPi5GgxisfyiWevj?fxhash=ooEdCvXionfqcoPxfWUqLpecxCzpzgf4AY7wj2HyiCy48g8AxQD,ipfs://QmcL44Ze6xd7tSKUKj7EJPaCeSzeM6Le9bNPrfXHoaCJF4,ipfs://QmTVxKsh5NPyaiWSZEc82Yvb38dtSbNr92GuSqQSf5swSo
1168335,BRUTALIST MOVEMENT #240,157,55.04178681702242,7,4,Tall,Cloud Noir,Vampire Grey,Black,Gunsmoke,White,QmXDEgbySBHx9P5nuchitgUg13cqPp8Yg5WBR2JJnR4b55,ipfs://QmcjxmS5zZEtTzkAn3VT9NoVJ2PXKbBPi5GgxisfyiWevj?fxhash=ooSfbrwXiiTkvGkSXYqTKCjb2PuYro1HEGRWh4CE5iKru2gMzbL,ipfs://QmTjJXrfvkgwQewjwgXPkpNdw4dmkrTMfAMnUAZhSMPXv3,ipfs://QmQHBYgZgEA41q1jctongTsNphBRT41e3CKXoiv9zsmM2k
1168028,BRUTALIST MOVEMENT #25,158,55.022672321367885,7,5,Medium,Signature Plus,Black,Deep Lemon,Blue,White,QmXPDVLbJddKd3JwKE9aa7pFktANhexBtFtoxeZJsRnDtd,ipfs://QmcjxmS5zZEtTzkAn3VT9NoVJ2PXKbBPi5GgxisfyiWevj?fxhash=op1vCdan4wcSa7nKdehfhWD4aqHjNM12LuJewCQkivy13p4nc3M,ipfs://QmawnN9cDdprwN8inmiVp5djreJcpcxW4hYPf3y5CiLhoa,ipfs://QmdEckR8hzGaZnAJqAsMmi5dc1UhsRP3fyPs4KdEpdNEkD
1168159,BRUTALIST MOVEMENT #154,159,54.86992128276222,7,3,Tall,Signature Plus,Black,White,Deep Lemon,Blue,QmdZFyqK1RWC6PJM9o2LwCy8ywwr1S76YS4bCq9z8nRSMY,ipfs://QmcjxmS5zZEtTzkAn3VT9NoVJ2PXKbBPi5GgxisfyiWevj?fxhash=onmvPquUzgvXWzeYeAKKdLk5B5VuTUK5naGet3PkK592WW7tgBF,ipfs://QmbBTjo1avEQ9uhqBfpczx1z43Kto3PKKwKfb2YfMiDNpM,ipfs://QmUXRA97uBbU2b3TJmUSq7JgdM1uPNzUvmyFF8R9jSsDbv
1168104,BRUTALIST MOVEMENT #101,160,54.79178681702242,7,7,Tall,Cloud Noir,Vampire Grey,Black,Gunsmoke,White,QmakR6SUjPJCpCLs7M5iLLZbctK2qd1wm8NCVSfJWVtAK2,ipfs://QmcjxmS5zZEtTzkAn3VT9NoVJ2PXKbBPi5GgxisfyiWevj?fxhash=ookuyfyVkR6Z825Ghp2QVqEkqBwE9oQkvqAhsM366JDtBvXDGA1,ipfs://QmU6ZwATRqTjn5JjxiUPQLdaTS5Mxczh6UH43T1fdscXoN,ipfs://QmRcyp2CEFJJorHXfpKKKh51ZrfFxbYua4345XFpKbxLrP
1168142,BRUTALIST MOVEMENT #138,160,54.79178681702242,7,7,Tall,Cloud Noir,Vampire Grey,Black,Gunsmoke,White,QmWVcEGS3r616CLhE4nvZ5TzQoptGPV4EnHXNNnHb7T5BJ,ipfs://QmcjxmS5zZEtTzkAn3VT9NoVJ2PXKbBPi5GgxisfyiWevj?fxhash=ooV5J5p1oLPVPymoi2SAMzZ7S5akNaYZa9hskPQPHe9RqriydM6,ipfs://QmdxPYBVV3WqdtHX6WjB1KbrKUeX9zqKU3ooz858PMN9TT,ipfs://Qmad9ukGf5U8DejmUnDaLE2GWfdjNX3YpxEWZrEZK1hAxb
1168211,BRUTALIST MOVEMENT #206,160,54.79178681702242,7,7,Tall,Cloud Noir,Vampire Grey,Black,Gunsmoke,White,QmTNAiKCHmEquZve2f2cVFF4KNrLjcgxyRYVUCEKArpHj4,ipfs://QmcjxmS5zZEtTzkAn3VT9NoVJ2PXKbBPi5GgxisfyiWevj?fxhash=ooYMt95NfR6y4C5LQoGsryJdF7SYqbtcmnQjwGQFqG2HuLdE3fP,ipfs://QmadQHyeyyt38aaDn5Qqrotnra2yvWw9kGD3jK1SQcTuwS,ipfs://QmUbsP7E4er8h7vYTFb4QxDALk7ARXeu8p45i8hQYPQJvz
1168184,BRUTALIST MOVEMENT #179,163,54.67306692910978,7,3,Medium,Signature Plus,Black,Blue,White,Deep Lemon,Qma1BLMCi8b9hoKTgJSohWo42seBaC6pKeVNVjdMRYwz3g,ipfs://QmcjxmS5zZEtTzkAn3VT9NoVJ2PXKbBPi5GgxisfyiWevj?fxhash=opQ4sdYmW8MQ37RmxeYPWQoJz7YB9d8zh7oyLrduM2CrotYHmbh,ipfs://QmabABYPV33qhvHuNbhVZMsNbMRJQxqPKWrv4gnZctj6G6,ipfs://QmWHkc4EQCx1S9swivLZDGfPtvwK9vSxWT8YTEiGbRwnks
1168082,BRUTALIST MOVEMENT #79,164,54.45505212314486,7,3,Tall,Cloud Noir,Vampire Grey,Black,Gunsmoke,White,QmfRjnnfcMfWJWZLtkukYPp8BJKFvVVABFSoqz7d8gJv6R,ipfs://QmcjxmS5zZEtTzkAn3VT9NoVJ2PXKbBPi5GgxisfyiWevj?fxhash=onjYbL1DGqrfYGSC1Nf2dXt2zmCBFkfwdcUesGvYnzY7gkqXc2p,ipfs://QmSH8MhX5iBx88GbZL7j43XzeBwYQ4cyYYWiTtKQkN4ju3,ipfs://QmTU3Kokx9YJudmvQvkkeGKqpbiyGtbKbMRPQtNnhVVe5c
1169392,BRUTALIST MOVEMENT #251,164,54.45505212314486,7,3,Tall,Cloud Noir,Vampire Grey,Black,Gunsmoke,White,QmbxeF68QSUGFGdu3hiAWPZttBcDqKzroQfjEQgvDuqjnS,ipfs://QmcjxmS5zZEtTzkAn3VT9NoVJ2PXKbBPi5GgxisfyiWevj?fxhash=opBLf1dcrV6yepwhSsDSJpJockbfWgwesGmxaFRSbncDkw96JXj,ipfs://QmZxcpcAzoPd6MhK6bAryTWxyd1ah4WTk7MVK5TrYhyxV9,ipfs://Qmc68MxGm3iA6LDPKxrT42PWr7nWhag8ZbNHQpsXevpUZs
1168066,BRUTALIST MOVEMENT #63,166,54.24780366443764,7,6,Medium,Signature,Black,Red,White,Blue,QmTW44uBg14rdkvVpbjiFZh8GYxuqnXQF1hEYGUikspTAQ,ipfs://QmcjxmS5zZEtTzkAn3VT9NoVJ2PXKbBPi5GgxisfyiWevj?fxhash=onnzNmYkjeyrXGAqqMm3Wyd7Uuadv4yTqtj2u8g38CW7evjT5Cc,ipfs://QmQNjA2JvbKKF9V5e1EV6WM2xMMBQNLzgRtkU5dbiSRC12,ipfs://QmPAhkwCVfsDwoKyNsheMAm6QNuyh9K2ApgPVAD6aXEbgD
1168235,BRUTALIST MOVEMENT #225,167,54.067860563441904,7,5,Medium,Signature,Black,Red,White,Blue,QmXoUkYBcanaxZWWRqM76Zzr17sZuEjKE9gDQxJ7Ld9PkH,ipfs://QmcjxmS5zZEtTzkAn3VT9NoVJ2PXKbBPi5GgxisfyiWevj?fxhash=ooz91aC2dc953hS3uJKTMsSNWdVSEjMd4ibFi8yyQMV8ftbXzV7,ipfs://QmSoSxB8b9wLqN9ADP1hosggqPnUtyQLEmgKJgxmpYih84,ipfs://QmdbaxRRZPHGqJdsNx1Z5DLzAqNBY3hagyjFZLV9Cw1z2m
1168164,BRUTALIST MOVEMENT #159,168,53.89714531377929,7,8,Medium,Signature,Black,Red,White,Blue,Qmc2HCKgQM1jaHiEVBXPVspyZDJWUQwYAjw6r3ZuSPe9TB,ipfs://QmcjxmS5zZEtTzkAn3VT9NoVJ2PXKbBPi5GgxisfyiWevj?fxhash=opH81Cp8JPEbCrvSAnDbTCMauxFgBxMoyuJgEF8DipbKi4WyCH7,ipfs://Qme2yaiEgf2wzmJmzRpxaH49b8YjiK47kTE72wWn6EWY5e,ipfs://QmdfDmEt4Bvw6R9vm1anSnYt6qC2TfLbPRmtHFG8HvhU7x
1168225,BRUTALIST MOVEMENT #219,169,52.974446546815216,7,5,Tall,Signature Plus,Black,Blue,White,Deep Lemon,QmXj937FdG4FSfbqWSeuzRLpmFhwdCzAtGcv3YMJMt4fLN,ipfs://QmcjxmS5zZEtTzkAn3VT9NoVJ2PXKbBPi5GgxisfyiWevj?fxhash=opW7LvQgfmEMrZduwnECn9ZwkKwkQZUZ2r3XEWuqVNu6xZngpEY,ipfs://QmQKYdEtknmo1PTvnkn7ocKmeKvWLeHHgjbed64KCqeCDe,ipfs://QmRppS1g5KGcWyA58wSBvZzHxfQ2RUkviTvnvvXgJHPjZV
1168143,BRUTALIST MOVEMENT #139,170,52.657458264591334,7,5,Medium,Cloud Noir,Black,Gunsmoke,White,Vampire Grey,QmNVK27v2AxVPRLtb2qhxJ6tcjpiNXp2Aphv5GwFmxMuma,ipfs://QmcjxmS5zZEtTzkAn3VT9NoVJ2PXKbBPi5GgxisfyiWevj?fxhash=ootiz7FH7hcCV6DFKqvC7dD7cSfxRApTuc62qFvXiU9F6wFA13N,ipfs://QmWNPeN3V8ycjvRARQ3p8jgRHdg1sLQb531Z1uXwfA9kLn,ipfs://QmSHSAiWxeooeUZKVVgvw8oUCDvSnfGCmJtC6YqoHdV3UB
1168306,BRUTALIST MOVEMENT #236,170,52.657458264591334,7,5,Medium,Cloud Noir,Black,Gunsmoke,White,Vampire Grey,QmVnSva8JiBehYmLfXuHTK2UqiemDFkQXJJTat47WCtQJR,ipfs://QmcjxmS5zZEtTzkAn3VT9NoVJ2PXKbBPi5GgxisfyiWevj?fxhash=opE9eBsicBT5eywSmxbgAkGSvS9MBga587iDpHjf1AM7ykWwHig,ipfs://QmUBiXG9RCLv1YZ3g6WvtpjnMCT2GtXAxXXUtWMtMdF8Lb,ipfs://QmUiidefnkcnWvQtebzkoAEXSEvBDyhFK4h48WQkoSmvRj
1168148,BRUTALIST MOVEMENT #143,172,52.0093656093494,7,6,Tall,Signature Plus,Black,Deep Lemon,Blue,White,QmfAyR59vFpnPw1vFLRdSJvtsX5MLthT7NyChRwh1VcDA1,ipfs://QmcjxmS5zZEtTzkAn3VT9NoVJ2PXKbBPi5GgxisfyiWevj?fxhash=ooZQGTRXEDZ7X2hyesMxodwMaeak2vQWKbzpHQepc5KoEr3aRic,ipfs://QmUzzTtADsiDZVfGrvDVtRdHtaNHFDZkGqmD2znMN4o5Km,ipfs://QmZuUGuRyhTMbHn866vw2c5gYd9z4HJh3RfsMyZCmfQmBG
1168163,BRUTALIST MOVEMENT #158,173,51.749563527749224,7,4,Medium,Cloud Noir,Black,Gunsmoke,White,Vampire Grey,QmX2BL7uRwNcXyguu5iQntjibxFuV4Crd1MYiqbMQ9durE,ipfs://QmcjxmS5zZEtTzkAn3VT9NoVJ2PXKbBPi5GgxisfyiWevj?fxhash=ooAm5YHQZGHWpB42WRJZ2AMUmY6yhXwe5RBLuF7GSn38pWsUpng,ipfs://QmNSRmeXAxxUD45Dp64ZUqpQUDhF2Mf5hYMh6YQDNryv16,ipfs://QmTxcLzz5ZpA16aLooMv33jmKKvF9CB6jzgKy5riPsuQ5Q
1168080,BRUTALIST MOVEMENT #77,174,51.65870725869105,7,8,Tall,Signature Plus,Black,Deep Lemon,Blue,White,Qme8v5ymXq3QR3tD7F69jmMD5aCpk2B9MFdc3gDUNMV5kc,ipfs://QmcjxmS5zZEtTzkAn3VT9NoVJ2PXKbBPi5GgxisfyiWevj?fxhash=oodtFHaGhiHjscKbW4da8Va8S8yYdbopWBmFr4Jigj5HBnrVBJM,ipfs://QmPMXyAKtgxZxWJ5z3zvPJN8nyEhK9FnwDTwXpFV86oWo4,ipfs://QmYiSuKgnYewuLdnUsSJJ6yWJMgzr8T6Py55HL1RG81MZZ
1168140,BRUTALIST MOVEMENT #136,174,51.65870725869105,7,8,Tall,Signature Plus,Black,Deep Lemon,Blue,White,QmV3spgspM9Gvj15Y1ZHNv7E96Y8pFHphG2dpH5nArS9Ps,ipfs://QmcjxmS5zZEtTzkAn3VT9NoVJ2PXKbBPi5GgxisfyiWevj?fxhash=onqXgwSZw6hHVNtdtoPpVcsZ7xF7rBCyDQhwY1RuNFcgvU58Gzo,ipfs://QmUXkwZdKjXZHr42ysVNkFZRxMkFnfLE6SDyztg7cVWQbN,ipfs://QmRCDqDRveRFAi4bP3yGTa3nxWHKLpt33mk6XWE86UQNi8
1168158,BRUTALIST MOVEMENT #153,174,51.65870725869105,7,8,Tall,Signature Plus,Black,Deep Lemon,Blue,White,QmR4QcTa1H3oSTooNHWXRAhaQDLXg4ygiqJdgA9gK1eSMu,ipfs://QmcjxmS5zZEtTzkAn3VT9NoVJ2PXKbBPi5GgxisfyiWevj?fxhash=ooGk5K6KLxjhjU5r2h6bPnQbBNDTrgBXS3F3SndqTKfUrzrFqoF,ipfs://QmVzTbZU9347ACPPGMLLRnHfGjZHj18BZMAbQ9gP7x2bNv,ipfs://QmU6xEH5KrS3VbFHFVg2GxmZzUW8i1FFBptNvoAGFszj5M
1168191,BRUTALIST MOVEMENT #186,174,51.65870725869105,7,8,Tall,Signature Plus,Black,Deep Lemon,Blue,White,QmcxYDzFPKpeERjDXWEzkRsQZLc8yWxYwJupmf1HsEKLho,ipfs://QmcjxmS5zZEtTzkAn3VT9NoVJ2PXKbBPi5GgxisfyiWevj?fxhash=opQNM9pxoD7cLKNhEQpYmhs5eo8WsGLsgWMyx8kQbFKUQpU92wB,ipfs://QmUTg2kojAY8tEbDnhABFgb8baMM8XbdnLzSght5MDUVvZ,ipfs://QmWnjmQwNm92D2QY8QFgCugkrrkhiemz1HLD3NvHVvFApD
1168120,BRUTALIST MOVEMENT #116,178,50.92152777151157,7,4,Tall,Signature Plus,Black,Deep Lemon,Blue,White,QmZiazkx71bwmj2eWh5zsX5d3tMBXM7YkgqCRBfqmiL11x,ipfs://QmcjxmS5zZEtTzkAn3VT9NoVJ2PXKbBPi5GgxisfyiWevj?fxhash=oonowJHKGxpCKpTNZaPrub83ifYZzhx8tHx5feiH2ZBr5fnpfT9,ipfs://QmW2K5x3L3Tvnm9emf7xioPmuHmwm2fw3tUXpMoTvFHEAp,ipfs://QmYWtvaCicFUWDHXBnSTHX23KCXEyfp9MqVNXsbrQFLb6i
1168129,BRUTALIST MOVEMENT #125,179,50.70389550076507,7,8,Tall,Signature,Black,Red,White,Blue,QmZyPzT44QS1apcxtUQVakDQcztZS8c8Wco2nqAHSFruMA,ipfs://QmcjxmS5zZEtTzkAn3VT9NoVJ2PXKbBPi5GgxisfyiWevj?fxhash=oo4RRY4vpm1qt1qroidf4T9Yvnq56Nmh2YeQZ1oUPmJjyyRLQ88,ipfs://QmSGscRKXeXc2BRRmZ2XWsCh88UMm4SmDp6JfyYwkPLj2e,ipfs://Qmb9hPwHDMzvVxfXsqm6YaPZ5vTj2chEdcW1EbyxHfUmpH
1168022,BRUTALIST MOVEMENT #19,180,50.33479307763402,7,3,Tall,Signature Plus,Black,Deep Lemon,Blue,White,QmS3qrjhsK4mMWpLBCLeFWfnbDT3777L1kYDJbhTi9B6sV,ipfs://QmcjxmS5zZEtTzkAn3VT9NoVJ2PXKbBPi5GgxisfyiWevj?fxhash=opGULoabSj1qQvNyftbKxnTicDJ5VafxmWmXxDJ3xTUHkMHJdgB,ipfs://QmediYb8CFePks1fbf2uyszVpicL3haPjoGfUkdj5oixu2,ipfs://QmNgyeMBQUR3VFCRN3KErtDstaLhccCDynWS1cgSLU2vvx
1168026,BRUTALIST MOVEMENT #23,181,49.71671601358558,7,7,Tall,Signature,Black,Red,White,Blue,QmWKHhfLdYoBuBZuXuMGan5jEdwNsAakNLonMhM9MUqB3o,ipfs://QmcjxmS5zZEtTzkAn3VT9NoVJ2PXKbBPi5GgxisfyiWevj?fxhash=ooTyPEAxaWcKLQPb1fizZMSekEDkLsSpmmcxoxYWuyePhQuGkJn,ipfs://Qmb82SBvy2kAC9c4HFu9aoAvJdEwyAq7XdReRhxyMo3i8w,ipfs://Qmf2rE4ggdhQecCtF55iNiBc9hsYDjW9r5RwXh8G1MmggL
1168017,BRUTALIST MOVEMENT #14,182,49.64415155257285,7,6,Tall,Cloud Noir,Black,Gunsmoke,White,Vampire Grey,QmVhRS2r3xgAeDzMFrn3FGPabdVcDw2NyvYMcTcLEnJAJb,ipfs://QmcjxmS5zZEtTzkAn3VT9NoVJ2PXKbBPi5GgxisfyiWevj?fxhash=oogTruM99DWJpykGxbimJuDutPuT4PLeePJfd3sQdu3XVvWJ2uU,ipfs://QmYwKzdh6wsNhehcvukbAM5HxT3hgQW3mJVCZxnNU4bHuC,ipfs://QmbpnKFvyAkEPAqK1zfMAeqGqqaJUQwyhwFgphbsJE4ohB
1168030,BRUTALIST MOVEMENT #27,182,49.64415155257285,7,6,Tall,Cloud Noir,Black,Gunsmoke,White,Vampire Grey,QmZcdYjcoaoQ4toJNaXAhdPHL6S91J724nx3YXWKecXPoS,ipfs://QmcjxmS5zZEtTzkAn3VT9NoVJ2PXKbBPi5GgxisfyiWevj?fxhash=onx1PVHDBSAZh7Y3C6HJy3E9UCTWoPYPyNviBFUkKHMzBFNshpe,ipfs://QmUNEEux1doARskzHor9zcE58rNP8i2zCxtmSSa8uekSAC,ipfs://QmRjEPyjs2eUsRcfYjzfWdEtjeKaJBnVbfSKHUfSz4UUQR
1168187,BRUTALIST MOVEMENT #182,182,49.64415155257285,7,6,Tall,Cloud Noir,Black,Gunsmoke,White,Vampire Grey,Qmd9f2v2sMEiQLZCLHfnRdWukphQcL6zjXk89QbGjFud2J,ipfs://QmcjxmS5zZEtTzkAn3VT9NoVJ2PXKbBPi5GgxisfyiWevj?fxhash=op5YZcjzYtkvVUJt2JLpG3Zd2tcuUiHqLmyFR9tYgAnrTx2PE57,ipfs://QmRJHS9DP7tV5GH6vt1hon6gA8ZWRTzGYWDqw7n7E7cmBJ,ipfs://QmRwTNriyxq2Xa5vRdYv4iFH2n6LQRap5g4GVA9dxnuMh4
1168172,BRUTALIST MOVEMENT #167,185,49.46420845157712,7,5,Tall,Cloud Noir,Black,Gunsmoke,White,Vampire Grey,QmPkkHp6NKEigLj3N6K2rfFNXg9yjirkinDUFKvGnqQ7zT,ipfs://QmcjxmS5zZEtTzkAn3VT9NoVJ2PXKbBPi5GgxisfyiWevj?fxhash=oovfk6bPtTvJWugg2vz9MubaU7boXc9M1VBE58k35QPk3weFymF,ipfs://QmYdJMmn6VuvoVLcPuEoDGF9J8kmWtzv1XvxqtoXa8ZWRV,ipfs://QmQfAU9GqzJUvVNtgY3kMGBbXUyNamEZRC3x1hukpYRL1G
1168236,BRUTALIST MOVEMENT #226,186,49.46132468475676,7,6,Tall,Signature,Black,White,Red,Blue,QmYBojVbtyQ8UeZ33U5K1TDzdgG2qQRLY8im1dxAi9w5Ce,ipfs://QmcjxmS5zZEtTzkAn3VT9NoVJ2PXKbBPi5GgxisfyiWevj?fxhash=onvbK757GkJpjTz5A5VhS7FTmnbancQmHwmkdxLDayBiU6Ha5M3,ipfs://QmahQEdUEdZJFTqnSne5KgUrR2fnb5weCfWWGKk9exKUJu,ipfs://QmbzmmZScC9CJwvw4dY4vn71rDtuou23EXoMv6GPJXDb1r
1168036,BRUTALIST MOVEMENT #33,187,49.2934932019145,7,8,Tall,Cloud Noir,Black,Gunsmoke,White,Vampire Grey,QmPtwErMVWzX5vZXngw54cxn8UKHAMxruuSphjc2WtSbzj,ipfs://QmcjxmS5zZEtTzkAn3VT9NoVJ2PXKbBPi5GgxisfyiWevj?fxhash=onwZpotxgtAuBRYq1sG81MhQ7wYrn8KLKH7LGza7rRaAN8CDzsw,ipfs://QmVwMgGMVKirHu4z1q7W1Fet77KA86poemVUNL84kmRg6h,ipfs://QmQt1kgKpG6e9wL5kzddKc3b7bCuBbEsqfYM4CjC8zsu5z
1168202,BRUTALIST MOVEMENT #197,187,49.2934932019145,7,8,Tall,Cloud Noir,Black,Gunsmoke,White,Vampire Grey,QmQeCXDasGLLiAED387SGER8NVXRgCZ7XfsU1pERSL7nRM,ipfs://QmcjxmS5zZEtTzkAn3VT9NoVJ2PXKbBPi5GgxisfyiWevj?fxhash=ontkB41nUkyUBG8JzmA9PPdKD4NNf1sqPmCosSJ8XMZtt9zhNsJ,ipfs://QmNpST6h3xStzdrYmE4zdpjcy7TaJMGMUFQiPzTJTk3hA8,ipfs://QmSFEnssy51LzsoAFNt2j5RvLnHMN3FdzM95EjYFY9FUqL
1168220,BRUTALIST MOVEMENT #215,187,49.2934932019145,7,8,Tall,Cloud Noir,Black,Gunsmoke,White,Vampire Grey,Qmbo7JQoeJx3d3QcGvXEGpCmNh7PUgD11JrQXHHzgGs7PW,ipfs://QmcjxmS5zZEtTzkAn3VT9NoVJ2PXKbBPi5GgxisfyiWevj?fxhash=ooq9vEG2mZmtt3Z3iKFa7o5eDMrdoX5sqRHUZRY8aYzC294ozWM,ipfs://QmPijKocQF7etFYfTpZawU6sabn93idVfBtcaWU4RBFydB,ipfs://QmVtoiMWkZFd37gNcjEpCRR3W8La7rjTiif7ni7xXVK4UB
1168103,BRUTALIST MOVEMENT #100,190,49.11066633409841,7,8,Tall,Signature,Black,White,Red,Blue,QmZqu6gmBJU5BvKvQgJqHp5MNoHyPXBU4i2LR7uJfisUHc,ipfs://QmcjxmS5zZEtTzkAn3VT9NoVJ2PXKbBPi5GgxisfyiWevj?fxhash=opSiMU7Wji8MWAzuEX2BBH88WvMuRSzpX4kz6xr1PoZN74cBvF8,ipfs://QmWd37UbWA7k1KvST3LoYosmxLnRHyftnV4DxA9DKq4GDU,ipfs://QmfLAyYgAUrirp8bUF9pwCpSJ1wNSqiuKM4DJZwrpRYw7m
1168039,BRUTALIST MOVEMENT #36,191,48.55631371473502,7,4,Tall,Cloud Noir,Black,Gunsmoke,White,Vampire Grey,QmawwNWEhKgvzbMZNZYwZu5jBHBXGRzx59mGedsao73hp7,ipfs://QmcjxmS5zZEtTzkAn3VT9NoVJ2PXKbBPi5GgxisfyiWevj?fxhash=opSfNEAd2v1nVyBq8gDGqNcEwFf8abdjqZzL495fiAdqHc4yYAJ,ipfs://QmSoAGaNSMVHCH1FQRjMcXvVhMBLGWAogA3TYsvMNq4LZS,ipfs://QmV364BVEX1mawNvy8zzLoCc8Pn3YZhBAHtU9mPTgsUjFF
1168076,BRUTALIST MOVEMENT #73,191,48.55631371473502,7,4,Tall,Cloud Noir,Black,Gunsmoke,White,Vampire Grey,QmNVPYb29L73esWZ6RRfGbZXtULi4bA2ApnpATDmEeTSkg,ipfs://QmcjxmS5zZEtTzkAn3VT9NoVJ2PXKbBPi5GgxisfyiWevj?fxhash=opHwv5BQnkotLEiEmFnnu2i239ut9GZvGCrgZrHDjUyhzYF5day,ipfs://QmZgZCJpdNTStUPd1ZuuRf24FTFLJ2VrejAVQ4EFqNB6dR,ipfs://QmUZqy52ayUtyr5meiq9KVYACqSJf1HRwXuUC89EGX9E1d
1168051,BRUTALIST MOVEMENT #48,193,48.30631371473502,7,7,Tall,Cloud Noir,Black,Gunsmoke,White,Vampire Grey,QmNpzEYdHFtULdTAmBywQrVbYGfQoCkuPbQw5DXm3H3Dj2,ipfs://QmcjxmS5zZEtTzkAn3VT9NoVJ2PXKbBPi5GgxisfyiWevj?fxhash=ooie7tfoBwViG2uJw1CBG7UgSNGgD64Cm3DkrH4i8DKhGV1TtQs,ipfs://QmQUXgFQY42PYbYKUR9VaYL9U21PiTGqtPG8SjDRrpo4ze,ipfs://QmYZ2qDc9XvzmWemy2VxrPTMyHkCtcoWEyzjoDxjEiRH6t
1168201,BRUTALIST MOVEMENT #196,193,48.30631371473502,7,7,Tall,Cloud Noir,Black,Gunsmoke,White,Vampire Grey,QmbBfZGXY76optTEoHV68iiBPb7XJGckbRgfVqfoZeHKto,ipfs://QmcjxmS5zZEtTzkAn3VT9NoVJ2PXKbBPi5GgxisfyiWevj?fxhash=opKSQnYqbva8qj5PfxXT7r4gJzafdux5Ja33DmX1wJg1C9FUXom,ipfs://QmXy6hRvFRzMiXvUPKZXrDhTdfnbM21GRAdbAcQ8wgvKnh,ipfs://QmdrTAwGdDybJZvzpYxjCobPHryaH9NtGKKyUsHCzz9B5G
1168214,BRUTALIST MOVEMENT #209,193,48.30631371473502,7,7,Tall,Cloud Noir,Black,Gunsmoke,White,Vampire Grey,QmVHsLy1hqv9Z8zYFSveQXGrodwJ5LEhEA66nXG4d2Nsr3,ipfs://QmcjxmS5zZEtTzkAn3VT9NoVJ2PXKbBPi5GgxisfyiWevj?fxhash=oorULwvV1M3CBgK18wHmdVFG6BxKyxULnkJBBDXA3QxHDjJT4PY,ipfs://QmW9fcLSesMagH2nj8MQZMWxHnsZe7BMqs72tRMhk7YFs8,ipfs://QmbN6PkQChtB639H78QoJkZafsF8EeCLhZ52KUvDumLMnB
1168018,BRUTALIST MOVEMENT #15,196,47.969579020857466,7,3,Tall,Cloud Noir,Black,Gunsmoke,White,Vampire Grey,QmdbNjzCVSS7JQXErNiuSymotbqTU5UoQQusxAsEqiHAV7,ipfs://QmcjxmS5zZEtTzkAn3VT9NoVJ2PXKbBPi5GgxisfyiWevj?fxhash=ongXKvpAJ1kkqRDNm4yRHueZvUpbigMMMFV94UrTtkNXEM2KACY,ipfs://QmQfqBDEuXsWZAXqec5KNMEyDmHjtuNz633FxaLiMvDpLy,ipfs://QmbjPCC5Juhg76YfuEzA2qogEv3jNWavCFFB2n7RhNMoLR
1168385,BRUTALIST MOVEMENT #247,197,47.499436967874466,7,6,Medium,Cloud Noir,Vampire Grey,Black,White,Gunsmoke,QmWc2ue6ivCiWHx7Dc6rWQzaxo2xahbptS6ku6zs1wmL2a,ipfs://QmcjxmS5zZEtTzkAn3VT9NoVJ2PXKbBPi5GgxisfyiWevj?fxhash=oo5w9QB4Lp6ZeDbHEucQfGNiEU8WxQQbDeKirHp1eSqTvRzQaLE,ipfs://QmW4Ery8d37yJdNTgEQ4XzuFfp8bReXYGzCgP3zS2hHavB,ipfs://QmcX5jyRxVxGj7o4oNbPedB4Ba1Vs6wzxY38Y4NfkyX8Rd
1168161,BRUTALIST MOVEMENT #156,198,46.667938723981564,7,3,Medium,Signature Plus,Black,Deep Lemon,White,Red,QmaVmJpBZh2G6EqBM8finMrRrg2NKtBxKqt23HCGYaRmaB,ipfs://QmcjxmS5zZEtTzkAn3VT9NoVJ2PXKbBPi5GgxisfyiWevj?fxhash=oo4YpYdkHkDhLisS1ecaQR349te665evKD9rji5uKbPgtF7dZBw,ipfs://QmSPnrhHCyVbDEi3vUzvkQvm11fMmZmMwCitnpSR4mWtVt,ipfs://QmPzXsht9BeujxBbexgWpsCs3x9sWeCcW2D1CjU6UMhQ3q
1168106,BRUTALIST MOVEMENT #103,199,46.41159913003663,7,4,Medium,Cloud Noir,Vampire Grey,Black,White,Gunsmoke,QmVBWHjnySkcYyT6o9x8x45PC1KftQRcyJTZHgRa5Lm82V,ipfs://QmcjxmS5zZEtTzkAn3VT9NoVJ2PXKbBPi5GgxisfyiWevj?fxhash=ooBdbtE5H3mWBwLd6ykbavK4bAL9qAZ4SjWmrvGpfGie2USvq8q,ipfs://QmVZojU74MYK1h7iFKhNpNpGTtWdXDhcza569spfJ2tqPx,ipfs://QmZdS4FAVym7DsBE8AoRMPx2thMBnL1U2gaPuhuiAmX5qt
1168212,BRUTALIST MOVEMENT #207,199,46.41159913003663,7,4,Medium,Cloud Noir,Vampire Grey,Black,White,Gunsmoke,QmNwFmFATqwBWADyjwVjwGueP5qXaiNtGqTFiZJwA9ngeQ,ipfs://QmcjxmS5zZEtTzkAn3VT9NoVJ2PXKbBPi5GgxisfyiWevj?fxhash=ooTJbd25oAL64c5ebscNo3DDVmnnDrDf4ndUmS1vYo8D9aWYULm,ipfs://QmeGddg7jiX4PFfG8gL9GoUXgvakhsA2YYq4vVBJCyrWTq,ipfs://QmSKhR7koZtk3rEzjzGa9TojCezS436jNGeXnuTq1SXG8k
1168047,BRUTALIST MOVEMENT #44,201,46.200069993266474,7,4,Medium,Signature,Black,Blue,Red,White,Qmc7tkF8jx4HRdS6VWbzdvteS9uQtqf9LXBjBf5hZvV5Ph,ipfs://QmcjxmS5zZEtTzkAn3VT9NoVJ2PXKbBPi5GgxisfyiWevj?fxhash=oofzcwa8EM6m8aCjbsAHABkW9NKRuP8bFcPpCiQtjJG4xBrwHaL,ipfs://QmW229sRbfDDJb8ZAsyFHkBtRnqbXa2Zj7ivAd5EFZwqaN,ipfs://QmZfdnDcGb8osd6uaHBGobqBW93vym8GBivBxEo4vD6vyD
1168072,BRUTALIST MOVEMENT #69,201,46.200069993266474,7,4,Medium,Signature,Black,Blue,Red,White,QmRCFh4dpNa4xF4g7A1k1NdDSEuLFsQPLNySnp6XzD15uw,ipfs://QmcjxmS5zZEtTzkAn3VT9NoVJ2PXKbBPi5GgxisfyiWevj?fxhash=oo1vVsvZMFJWYPax6xyKutEJ5shsfM5HvXxMSMjEGMK72QUCvey,ipfs://QmYNeXegq167jf6uM5SQgKz6av7dTngQ2yGg1vjSeFHX7P,ipfs://QmShcKU5DzMDAFEQ6TqRoNzWexnY6tKusm5oDWCfjkK8Mx
1168045,BRUTALIST MOVEMENT #42,203,45.61333529938892,7,3,Medium,Signature,Black,Blue,Red,White,QmTjQCvoeqJeoebBqJLmdiB573v1RRFDJYprGQUXmQsRnZ,ipfs://QmcjxmS5zZEtTzkAn3VT9NoVJ2PXKbBPi5GgxisfyiWevj?fxhash=opKpfeQqr9UysFgu5bLxDN2SXR1J1ndtLFwoqMSU5nja4444GLi,ipfs://QmTc4dpqp8FYms9xVS5erArbAJMXGYMKG5QjCwLCPYucBF,ipfs://Qmb8ZJCJTHvnX1SstbC4TSFCgXoGVjnQnBqtvF71vUwcQN
1168079,BRUTALIST MOVEMENT #76,204,44.96931834168701,7,5,Tall,Signature Plus,Black,Deep Lemon,White,Red,QmPz8f8ZNPG8xxLouicC7EJbVnfdkn1GduettiGBfDfHQD,ipfs://QmcjxmS5zZEtTzkAn3VT9NoVJ2PXKbBPi5GgxisfyiWevj?fxhash=oozqoJXsvqZRsyPijeEokQg6aN5W7sP1aMHbS4yoq1wrxYR8HYF,ipfs://Qme6CCASLxJogmD6X4rqAS8ovXSRrDF5fbPxbdXAdv9FXk,ipfs://QmdQowfkNvoTxU3x4Fhcrba8miHqmGCsbe7L5919bM4NwP
1168175,BRUTALIST MOVEMENT #170,205,44.798603092024386,7,8,Tall,Signature Plus,Black,Deep Lemon,White,Red,QmYw9pt6mhRJ3UkowBgHcjGsnJAcZ49H4UkCa8oK5s3KKk,ipfs://QmcjxmS5zZEtTzkAn3VT9NoVJ2PXKbBPi5GgxisfyiWevj?fxhash=ooXP2eYTcbuYLXzwJhE26RfT4yQzLr6ca99ZVCFw96dCrTpKbye,ipfs://QmV3XB5Pa9CrWrRS5pYKLHZH2MKffktoU4XtgDCvAaNEtQ,ipfs://QmQM1iPkYwHGoT9jP5QeW3pv9QqgskHLkaqtVrhcbTcNJQ
1168046,BRUTALIST MOVEMENT #43,206,44.126244053864525,7,5,Tall,Cloud Noir,Vampire Grey,Black,White,Gunsmoke,QmVxxwkx2HYW2fXeJDzDU6ZH8ybmSJrqSnvEnNji3ZuEtq,ipfs://QmcjxmS5zZEtTzkAn3VT9NoVJ2PXKbBPi5GgxisfyiWevj?fxhash=ooWTk2X9HENawkmEinFyZ5ZzvUB9NFdNtyqfvFduHgWbgBJBkVq,ipfs://QmTeazuE64QKQAjRe78m84rF7TctQnoXskGYbEUCa9x395,ipfs://QmSEiKabTNKgh1Y4RgJJoy5G1bcZuyqFKq4ZH9rCm4H6qx
1168090,BRUTALIST MOVEMENT #87,207,44.094658018090094,7,6,Tall,Signature,Black,Blue,Red,White,QmRAw1J3Bv7WNJkXZoQBeSsf1ibNpiFdQjbz8n5q1UG95B,ipfs://QmcjxmS5zZEtTzkAn3VT9NoVJ2PXKbBPi5GgxisfyiWevj?fxhash=ongJRxZhfWBupLHZrL6CSHf32yeb8kej8texEup5upSY9cof1c3,ipfs://QmVsoaBQGc7kcLNx1yDWhnxWCFyrXqqaqvhGeLpYz5SZ7d,ipfs://QmXNEag8yzCLfN5xFDKan6vqfZfK52u6MoBcAgw2MznefB
1168268,BRUTALIST MOVEMENT #235,208,43.955528804201904,7,8,Tall,Cloud Noir,Vampire Grey,Black,White,Gunsmoke,Qma65mozTr5uNWrWmQLaGMRDTNKdsJYRfKZnsn2zrTEMib,ipfs://QmcjxmS5zZEtTzkAn3VT9NoVJ2PXKbBPi5GgxisfyiWevj?fxhash=ooHyihbdiHgPTZN17esS4uPJq7LjS6jqgVKdpvEsgPYpU7RYeyp,ipfs://QmPddyHbkUwTDKbfj169iMABfZDuChQZ2pYGTq1GBayQU1,ipfs://QmSiwSCuuj4HPTZPkR7tCaBscpnb7D6WtWWASUdK3Yu9QP
1168138,BRUTALIST MOVEMENT #134,209,43.914714917094365,7,5,Tall,Signature,Black,Blue,Red,White,QmVpESSo1jKi3coVbfBvzvwLf6iBP1xiSdFd7iya9XZbJE,ipfs://QmcjxmS5zZEtTzkAn3VT9NoVJ2PXKbBPi5GgxisfyiWevj?fxhash=ooiCNpfV7pvpbxT5zFAWW7nzBbcC345KatxvfG2omv92sqcr2Dj,ipfs://QmSbZMkGLx5v3j4eupYFNbbuN57oNPp8dQ897W84T9PLBe,ipfs://QmS4xE68sMKXYgm94y3E5HifMwucCQPZhFgo3WzMiTRHiV
1168042,BRUTALIST MOVEMENT #39,210,43.811423604844904,7,7,Tall,Signature Plus,Black,Deep Lemon,White,Red,QmNZKaFvL1McQrA9mVMkm57jHxKdkbdTMWucUTruqsoAJP,ipfs://QmcjxmS5zZEtTzkAn3VT9NoVJ2PXKbBPi5GgxisfyiWevj?fxhash=ooVQwPsyexppfxdRR3nqVzLHNDzyV9LDdHBMZPEUB2riskJMies,ipfs://QmY7U7bUTwHeB42wjZBBat5QTvxf6HsxxyuyETykyuM8eN,ipfs://QmZHxGSAsR5ftv4iZm1A2EGAoZL6agk4byDXSLPsBrhD9U
1168023,BRUTALIST MOVEMENT #20,211,42.968349317022415,7,7,Tall,Cloud Noir,Vampire Grey,Black,White,Gunsmoke,QmcwhwtLp4NZffeXQ4jJCQwNnmW7gBGC7fqm5j7nPtCh1t,ipfs://QmcjxmS5zZEtTzkAn3VT9NoVJ2PXKbBPi5GgxisfyiWevj?fxhash=ooQhUuQYAaX2d3r9ss2GRnbjdVHrkv984FftMmcnudWibVZWgUK,ipfs://QmU4YrapcurP7ovDPtWUZd5TR84SxspGMDEXPTfbAFYYhS,ipfs://QmYo3AXmY99E4QrffUe59BrZPQyoaHR1VDnaxXuJpMtLRd
1168031,BRUTALIST MOVEMENT #28,211,42.968349317022415,7,7,Tall,Cloud Noir,Vampire Grey,Black,White,Gunsmoke,QmWCJhtfWoThdniPKHYZwwYqZzGCKngr3E5vEWtEVciyQU,ipfs://QmcjxmS5zZEtTzkAn3VT9NoVJ2PXKbBPi5GgxisfyiWevj?fxhash=opWA93gEnox21d8v7wzCgcn5sdDG1rzNFastrAYDYM9qkkPwrpQ,ipfs://QmQC9PJu9hZAZDLGoWBG7ZiBNkAKbC9zT13yna57ey2QAF,ipfs://QmQefA8pod7diP1akzK2twf4iZWQtZYWwBFjyfJcVHM9gL
1168101,BRUTALIST MOVEMENT #98,211,42.968349317022415,7,7,Tall,Cloud Noir,Vampire Grey,Black,White,Gunsmoke,QmaJ8hMTKdStjVnijYpLUBFRKdYY2j8Zw9V8NKj9CVirXV,ipfs://QmcjxmS5zZEtTzkAn3VT9NoVJ2PXKbBPi5GgxisfyiWevj?fxhash=op2PRnPVJD4zcJv2RPDA4Uu5brS7LJSHQcc4CM5oUSnQFtQH4GD,ipfs://QmW3KeoUNCxbCqogpWg1je4rmxiTVm2TpuczzAmonUQ58j,ipfs://QmQwb4jytPZfnsgwWFSAurtziJFTBioTt7sdFTRAoJLCfq
1168135,BRUTALIST MOVEMENT #131,211,42.968349317022415,7,7,Tall,Cloud Noir,Vampire Grey,Black,White,Gunsmoke,QmNtranPVyDv9Y7w12g2Z91o1Gbovu4v9uvsoafRW7V2Wx,ipfs://QmcjxmS5zZEtTzkAn3VT9NoVJ2PXKbBPi5GgxisfyiWevj?fxhash=oon1sRe6TBUsy6PQX57DrSvojaC8HtKmLSWdxPg553M1x4vc9bp,ipfs://QmSbh4NUiyrmsVdbZNF98tu6RVkAngLWZjAuPVgonV9UK1,ipfs://QmcSi4GTtnVTrs4vCTY2jiNk5EsZi24JuGeCuWbSVUhnag
1168136,BRUTALIST MOVEMENT #132,211,42.968349317022415,7,7,Tall,Cloud Noir,Vampire Grey,Black,White,Gunsmoke,QmSBPiKyFGenNVDz7UYoWpY6ZzujcVTQyoawctav3qhzc4,ipfs://QmcjxmS5zZEtTzkAn3VT9NoVJ2PXKbBPi5GgxisfyiWevj?fxhash=opWqzzbDVPzipHZSGzE91aNEUPGikwL2jrBivRDDWpNwzjWPBV3,ipfs://Qmcpg1ca1muWVXbjNNwYLEcCCVXdaYSrpBUYZ5cvxBAzKE,ipfs://QmPCjZQGYs4hMm1r1e66igEnNukBfjD6hMGaw9LrEvHYG7
1169097,BRUTALIST MOVEMENT #250,211,42.968349317022415,7,7,Tall,Cloud Noir,Vampire Grey,Black,White,Gunsmoke,QmbchY1CyRD5YU9ykihRGtV4HjWs9tKHkFqAJDF75y2XjM,ipfs://QmcjxmS5zZEtTzkAn3VT9NoVJ2PXKbBPi5GgxisfyiWevj?fxhash=opYmyTqoTWjnKpKFY4NkFMUrg9iMtM6C7SFrftd1N9NXiZvzAW3,ipfs://QmSToHHmZcgFXHkrDJb7eM71E6dxmADnC87aRx8hcAXXMx,ipfs://QmPP7DbFhfhSfFVzWG8971jyAzawRbPMWS6pmHvwnxCEYL
1168154,BRUTALIST MOVEMENT #149,217,42.63161462314486,7,3,Tall,Cloud Noir,Vampire Grey,Black,White,Gunsmoke,QmU3mxRnxr4VTkh1hiGZdsjgs1GZ1ycxkBEnPconbZMuCJ,ipfs://QmcjxmS5zZEtTzkAn3VT9NoVJ2PXKbBPi5GgxisfyiWevj?fxhash=opXrqWFZNWhediTpE7Q747Qkvm9bXYDTLVN42ygRpbad6ybEena,ipfs://QmeHjYS5Tr8yeDsoDaudeirR4QgzFM8okD7MrUbfdeERH3,ipfs://QmYcPyEEwUkLWimhQiPNQjk3G3wGheSndfiYLy7CY3bGG3
1168057,BRUTALIST MOVEMENT #54,218,42.42008548637471,7,3,Tall,Signature,Black,Blue,Red,White,QmXZwoJvLUpQGDVUuYUEuRErh9hQLY9FA2Rgs5Y3pFgkM3,ipfs://QmcjxmS5zZEtTzkAn3VT9NoVJ2PXKbBPi5GgxisfyiWevj?fxhash=op8LAU9rVcd9RzYEZRuVdUX7tVjbywYvJedHVzABmuW45owFbhy,ipfs://QmaJd337JbMzA4cKaqQaCywkKsB5QhdSEstetXx6riXwMD,ipfs://QmfJbmuJFEMyjfBh2pg15TDjAcPfVkGQytNVC9orLbEnVr
1168074,BRUTALIST MOVEMENT #71,218,42.42008548637471,7,3,Tall,Signature,Black,Blue,Red,White,QmdAX3a7yTjMjVVee7s3FwPNFVwiPk5Zsb1YJ6xDXRG3hZ,ipfs://QmcjxmS5zZEtTzkAn3VT9NoVJ2PXKbBPi5GgxisfyiWevj?fxhash=oogCJemt3jhNuurv9Yw3ZbPu4CJbK7fuJ6YzS4abzr7Smh1CFEm,ipfs://QmdxFXatM8RHWm7dCyn2NjyA7juBaShFqyUnNNg28rEXQC,ipfs://QmZ7FBfD6DKULAkNnVdEoVb5SZMq1jbWhEmuM3m6RDesBj
1168064,BRUTALIST MOVEMENT #61,220,38.57796473010857,7,5,Medium,Signature,Black,White,Blue,Red,QmZK7HdfakMWFwNEE2NfANTs1BhLo4kzrPwxfLqkmEvuve,ipfs://QmcjxmS5zZEtTzkAn3VT9NoVJ2PXKbBPi5GgxisfyiWevj?fxhash=ooqaVFTZxtuajkEmD7pr7412yMSq9j6xZKj4pT8KcoXnTuSYJFY,ipfs://QmQqbUYszvSnizPjBgszev5U3GYEMpSfdWG3BxueQcMsZ3,ipfs://QmUu4CewvVBn7xczZQzc95uAWJujf2s7t9LAs6Sb2jBv4M
1168233,BRUTALIST MOVEMENT #224,221,37.670069993266466,7,4,Medium,Signature,Black,White,Blue,Red,QmW39yHp9MmEqYKUinH4MqvSetYEU42jLequZyA2bGbprk,ipfs://QmcjxmS5zZEtTzkAn3VT9NoVJ2PXKbBPi5GgxisfyiWevj?fxhash=opHwZ4XZYsHAajiQwqBHbB1wWkN8ueAJESC8jaeDZ7HtS11GXZD,ipfs://QmQmxBVz9w3j5JM7vsrktmHo71Ttd9q1B7BHvqH8anP4nL,ipfs://QmaL6fdrCkS1aMNUE8XWtLyMcbtuMruH9dbBz78v8dAwAQ
1168125,BRUTALIST MOVEMENT #121,222,37.08333529938892,7,3,Medium,Signature,Black,White,Blue,Red,QmNwSwEASMt2514YKhUS8vcn5e9mrRVuyAhFmry1WFEjQv,ipfs://QmcjxmS5zZEtTzkAn3VT9NoVJ2PXKbBPi5GgxisfyiWevj?fxhash=onz7uGJwWNYxTQJX81FwtqkArdvYYJbF4XegiUygTQw59eFDuAm,ipfs://QmbwDQFa78pueLHv9CKmYJ25DreXBqcTAud4h8TKL3uBJh,ipfs://QmcbW6JTM56HfT4uz6o3TNkgeqCUwW7qX9HvP3MZw78Gf1
1168071,BRUTALIST MOVEMENT #68,223,35.5646580180901,7,6,Tall,Signature,Black,White,Blue,Red,QmQU8cQiWMZTKdMDHZ7g9FyNYLgZW9AdaagkYexTKzncfP,ipfs://QmcjxmS5zZEtTzkAn3VT9NoVJ2PXKbBPi5GgxisfyiWevj?fxhash=opBxiudLnra87rP3fhgYBGBPu7RXwDo5NCvfzc9u6nxLSnhEKZU,ipfs://QmeJGZHWrzAgpPPGWCaWwCMpeU8n6Wscn8RTP3wicdnsy1,ipfs://QmWdNe9FyFyBSLAkijSHH8H7LMQmJ94SZ9tXowPyNupazf
1168098,BRUTALIST MOVEMENT #95,223,35.5646580180901,7,6,Tall,Signature,Black,White,Blue,Red,QmTmKW1afUMJogPTRpzp8ikedNWYyGNoZmJcL9Pmhx4WzK,ipfs://QmcjxmS5zZEtTzkAn3VT9NoVJ2PXKbBPi5GgxisfyiWevj?fxhash=ooTuyvohd4tqxjNsW8PczFUS2nuFn6xgPw18j1AJWVYperQty5g,ipfs://QmemJjpiuHGKPdXGVF5oJxFzRDymAo8XeWNALWMQB3ry7x,ipfs://QmRY3k1YumyAcg59oapLCjpN86j7m1hXhSV6mTkigUodFp
1168115,BRUTALIST MOVEMENT #111,223,35.5646580180901,7,6,Tall,Signature,Black,White,Blue,Red,QmeczRZPLhTcxJ7DB7KWTBQugU2M7UoTqpxHmpz1Sgchwx,ipfs://QmcjxmS5zZEtTzkAn3VT9NoVJ2PXKbBPi5GgxisfyiWevj?fxhash=ooYvBzrZUKpxumxfBaUAyUzxZvRnf5tYg9oo4adQ3auLBpQhNGN,ipfs://QmZNVyk2nvASZBzCEbfFo7J2e14Fd3dFfBRJ74JNQYoA54,ipfs://QmSaT1HQ5oECttuus7GEr2BKeymP7KLdxpvvVroQFb3sFf
1168034,BRUTALIST MOVEMENT #31,226,35.38471491709436,7,5,Tall,Signature,Black,White,Blue,Red,QmeyZm8HckoiKj2pcJFxYdyUS1YbCMUSFMiXkiqwrsmEoC,ipfs://QmcjxmS5zZEtTzkAn3VT9NoVJ2PXKbBPi5GgxisfyiWevj?fxhash=ooTxMX3BriGKWr1iNheuLb1rR7cGBPZijpKXXRYzMPbGp4EYPSe,ipfs://QmeKFEdow26Li5boKXb9RxKydvYNAvkTSdMaDh5DrPn2Nf,ipfs://QmdK3F3ZHRPKt3X1oYeA9Wom1necBvt3WbwGjvvfUHhU1C
1168131,BRUTALIST MOVEMENT #127,226,35.38471491709436,7,5,Tall,Signature,Black,White,Blue,Red,QmRAT2mAhqW9MD974AhVrMMbXfgcByMT7gUSvYv7DiGhox,ipfs://QmcjxmS5zZEtTzkAn3VT9NoVJ2PXKbBPi5GgxisfyiWevj?fxhash=ooyiwqLF1ibK9cqSM34t7uzDqoGXwnZr6Mms1AtFWyUWNpUQwfa,ipfs://QmQDQJmgYoVA2di47q3Qs4TJjysVaFrSCaEAJZuEqN5dBy,ipfs://QmaikRuyYxVuUuR9pr1KiCq1CchjyvGbHb4MsYWePFZw8r
1168190,BRUTALIST MOVEMENT #185,226,35.38471491709436,7,5,Tall,Signature,Black,White,Blue,Red,QmSY9Fb5KPzZecq5GjFSxsSYK8ccRjdErRgrKLE8sCpMZJ,ipfs://QmcjxmS5zZEtTzkAn3VT9NoVJ2PXKbBPi5GgxisfyiWevj?fxhash=opDNdMrHmPWF2QFQNzMRN236KqJxzkfBsTgurxSSs2y3uv6uupM,ipfs://QmZfE7v6FQY6mZK8knz4K8dg2jgBjhqn5axa8zkJA7wzXM,ipfs://Qmcw9zxVPqbjZGvbss9CdoK4Z3VoXXC3o2kontjQveMfAu
1168006,BRUTALIST MOVEMENT #3,229,34.22682018025226,7,7,Tall,Signature,Black,White,Blue,Red,QmRgXQM6dXThFytLvuGxJdKxx8qvtYXFfuS4NpNFgA9npE,ipfs://QmcjxmS5zZEtTzkAn3VT9NoVJ2PXKbBPi5GgxisfyiWevj?fxhash=op8bqEgEcUMyc1oHtQuKWJeiaEfXv8cSqhHUwJMNqNPJwbhMjd3,ipfs://QmS6YUc8iKDyCV6XaDp6vaBBD2Bp96TUJbeAA1612uhGmi,ipfs://QmZs72dHzy6ud1bRv42cZarFD6wecwcPeJctLBc2hWtwSK
1168097,BRUTALIST MOVEMENT #94,229,34.22682018025226,7,7,Tall,Signature,Black,White,Blue,Red,Qma3c5YTRfEYtxXFRkuchQRXvjBpWC46PvfvBGokMAVnM2,ipfs://QmcjxmS5zZEtTzkAn3VT9NoVJ2PXKbBPi5GgxisfyiWevj?fxhash=op1xTrj94Vc9iZp6ic9Tp2sDr6aV7ts1e3br2stvLRfW386ChoS,ipfs://Qmedg5Bns3KXZMXTyHG6toMLVNTuSsaKqaz13JDgxyBu1b,ipfs://QmUk9AGr4UESgGawSm3FVXjDqmFT39Giez8oPEgpgLt5kc
1168123,BRUTALIST MOVEMENT #119,229,34.22682018025226,7,7,Tall,Signature,Black,White,Blue,Red,Qmev7FKp2FL8T58xbn8o7dqdmJ755SzzirC9GGJJ9XhNBb,ipfs://QmcjxmS5zZEtTzkAn3VT9NoVJ2PXKbBPi5GgxisfyiWevj?fxhash=opWsmuMRggacEg66KQcuYffvuz8Fk6jRG8NXp6ftawK7dH6vCKe,ipfs://QmTLDLEZPMrYsEajazc9tDpp5HupDh4M84pHCnLch8yc3k,ipfs://QmTvWS9gEadvshCXvZi85JVHRNpfLsCjVgr3yxYx9cEfWg
1168180,BRUTALIST MOVEMENT #175,229,34.22682018025226,7,7,Tall,Signature,Black,White,Blue,Red,QmfYFfUCwe1VPxPygpDTqPGE9By1pbqc85vLmJGyPB7kg6,ipfs://QmcjxmS5zZEtTzkAn3VT9NoVJ2PXKbBPi5GgxisfyiWevj?fxhash=onij16t91FmyF1K54Tqg1d33PbKjrjvQtjqbksM62jDxL1pPm5X,ipfs://QmSCEsm3TdjgRXXZn8K22uRUQ2avuywPrNrA6mJehviLXn,ipfs://QmegmGYJnjSXxsFw9nXV9opdY4wkcKfcumk7o2yRE96RFy
1168060,BRUTALIST MOVEMENT #57,233,33.50119389677525,7,5,Medium,Signature,Black,Blue,White,Red,QmTtdK7bq7V82AB7eKRmyV692bF8wx2dpaQZvXVzDebFWN,ipfs://QmcjxmS5zZEtTzkAn3VT9NoVJ2PXKbBPi5GgxisfyiWevj?fxhash=onfkp3LuPxRgweW8jicV4ty2mwufpNAZuFnCsP8v3zCZ87fqqw2,ipfs://QmVbXqWhc25g7sDFX7pM3mNsZq3zW3D8pMUGapvS5Z4cXA,ipfs://QmWdUt6q1fPukqjmNU23XeP2mQK25qjLu2rR6QHQsfKb9d
1168221,BRUTALIST MOVEMENT #216,234,32.00656446605559,7,3,Medium,Signature,Black,Blue,White,Red,QmbewWRrHhidDjhm1MASv7LKPKCQ9bEVAu1bC69vLFu96B,ipfs://QmcjxmS5zZEtTzkAn3VT9NoVJ2PXKbBPi5GgxisfyiWevj?fxhash=opCsHUtGBHDiwtrjGyC4tPrSJnuTQuGg8c2AcZNgykwpx4yMRA1,ipfs://Qme74W2WZTnjyshoDWrXpGchX3koN7phTpNE1jkSkiZupM,ipfs://QmSKnfDXSaHg516pfz1AAjSJv4vyQdmvyjB98n2K2jc2Vm
1168043,BRUTALIST MOVEMENT #40,235,30.487887184756765,7,6,Tall,Signature,Black,Blue,White,Red,QmPtnnxtSUHt3WXS6sQJpXGTc2gDHKrA5vAR4ruxA8o9aS,ipfs://QmcjxmS5zZEtTzkAn3VT9NoVJ2PXKbBPi5GgxisfyiWevj?fxhash=ookG1yhafkddV5Xzf7yokj8vpnRZtGnUG6xgM7uKnBzKKesGG8V,ipfs://QmRvkqHiqNkyqKcr2s1n4ugoB1m3wxpLpyeaLJFTw6cEe1,ipfs://QmQoANhCQ1Mpo989gPnK2VkMfQMy7HegocH3AsnHT7JwVw
1168223,BRUTALIST MOVEMENT #217,235,30.487887184756765,7,6,Tall,Signature,Black,Blue,White,Red,QmQZVir7YoLafkEzWc3EYRbZo529KCndPrA8HjziA2DNhy,ipfs://QmcjxmS5zZEtTzkAn3VT9NoVJ2PXKbBPi5GgxisfyiWevj?fxhash=opFxgqqYghUx9iLXFb949KhiMYL6udFRabPqXh8v4QzAbWGf7CE,ipfs://QmQdVfhbWd3ZBRyMid6Bgm8hXZP31VnukYZc5bWBKUGcva,ipfs://QmahU3firSJk64MG6y6Gb26FBNkhVwfkx6GLCXoBjbsV5J
1168024,BRUTALIST MOVEMENT #21,237,30.307944083761033,7,5,Tall,Signature,Black,Blue,White,Red,QmPeRXZrGfqn7CCU9GjtWmad3L3b7MfUtVVx2jbtqWtAvm,ipfs://QmcjxmS5zZEtTzkAn3VT9NoVJ2PXKbBPi5GgxisfyiWevj?fxhash=ooWz9Q8pdg8ynCUZjAmZBQyjKnkhKo53tGKxivYrCfREfW9jZmh,ipfs://QmeL7C7QLpLmgtHW6kziifKp14hA2k4zELyxk81ECJUu7e,ipfs://QmRbaXGoT6PUdZtzWaUzZ8nbUdewBqG8z1tx6udTRB2j4g
1168025,BRUTALIST MOVEMENT #22,237,30.307944083761033,7,5,Tall,Signature,Black,Blue,White,Red,QmPdiYGGneKjkWGo6EKwCAKfUGByvAc2XRtj828xinoAai,ipfs://QmcjxmS5zZEtTzkAn3VT9NoVJ2PXKbBPi5GgxisfyiWevj?fxhash=opVdGko9Li52DjHVV5D7iyxw1ng7mRVTT1yrxBC3pLJUhz19HHY,ipfs://QmZcxhYJgHJvkpGUmUtaM2njo7GVqt56KBqkXuzpCykBEk,ipfs://QmcR9Masbccdax5ouZt9uuUKXTLrb7NwRMYQzqHeZDQJfC
1168061,BRUTALIST MOVEMENT #58,237,30.307944083761033,7,5,Tall,Signature,Black,Blue,White,Red,QmNp4v1zsq2Kw1UuPZ5wx3eD6ZR5XXJmQRcXUN3utSR6Jp,ipfs://QmcjxmS5zZEtTzkAn3VT9NoVJ2PXKbBPi5GgxisfyiWevj?fxhash=opFpheCPJ4gBeXPPKYENCUGLxbT25F9wz7MUMuZX7iLU7deYvwo,ipfs://QmeWC4oXmtyqXNU9fHPWpFfW4XK9L3rCdCaRuVjwX6zLvD,ipfs://QmYFbmpfGmBNqTrmkxAgFmRu4QgJnXkwp472EdnyYont8h
1168193,BRUTALIST MOVEMENT #188,237,30.307944083761033,7,5,Tall,Signature,Black,Blue,White,Red,QmT9fxRmr2bM2RWYMRQix7x4tGUR8XBf4ieDrjZ3SB6a1H,ipfs://QmcjxmS5zZEtTzkAn3VT9NoVJ2PXKbBPi5GgxisfyiWevj?fxhash=onoKS1NmqtzAQQQrqbZxG8GGLB6Aqd2XJMixrrY9yTaBa4B1E5D,ipfs://QmPdVFp3iqnkT27PLqWHUWVsrS68c1BY54d7wMBNhCPr4Z,ipfs://QmdnTownxWwAvCD6MXKaHRBhjMVdrkUZiRwT9Vk4s7yCbC
1168379,BRUTALIST MOVEMENT #245,237,30.307944083761033,7,5,Tall,Signature,Black,Blue,White,Red,QmRqWP2J71THv3d92p3HrPQcDJ8x4ubUCRk3J8Lwbh76pQ,ipfs://QmcjxmS5zZEtTzkAn3VT9NoVJ2PXKbBPi5GgxisfyiWevj?fxhash=onkjFZ2pNjX1VK6txhp1DcFfkUpii8QgcTjE4JVjVmCpiepKfBK,ipfs://QmdxYNjLvAN5SXwsbBpPfpUNwaUVF1iFiZbma2ensiRnfZ,ipfs://QmS3mhh1wXZdfcEhuLNkPrJi886dn3LfDWy6LstNG4yknY
1169873,BRUTALIST MOVEMENT #253,237,30.307944083761033,7,5,Tall,Signature,Black,Blue,White,Red,QmP2sQhbAsH2m5ngep4XvzgvuGVe1nu8fQFJZXVimDyc8L,ipfs://QmcjxmS5zZEtTzkAn3VT9NoVJ2PXKbBPi5GgxisfyiWevj?fxhash=opDSdAZXZAQTyhi8Lg8AwVHBx5hNKMBEWwy7yQ6RjMQgS1hH7Tj,ipfs://QmeCNvX2rsyp4sjsDaANU69nhcDYQTLDFy984K6BfxNzZ7,ipfs://QmagujGzZHEc3UD1WnKYuMfXhxmWCpPQ3sq8E1T9oSgUjR
1168232,BRUTALIST MOVEMENT #223,243,30.137228834098416,7,8,Tall,Signature,Black,Blue,White,Red,QmcfAqcX5J3cPAUkPLxqQLTwZM7DCpcqFp9KzVx5Xu8dSd,ipfs://QmcjxmS5zZEtTzkAn3VT9NoVJ2PXKbBPi5GgxisfyiWevj?fxhash=ooxH7r4AkJnBbx7ZFN55r44N283xz7cQ8QAwr4Vy2yT9WPrwSde,ipfs://QmcNy65UaQw8YAWFZJhJppCxGMwSugUNxWU4gqXwmgQXPK,ipfs://QmWAqb1Sj5k7vYuBjCVaywKeoDJzpRvB8TGMxtgNTnauTz
1168038,BRUTALIST MOVEMENT #35,244,29.400049346918927,7,4,Tall,Signature,Black,Blue,White,Red,QmPGCTE7BSjFbQwphhDo2cUEAjAB6Pgsi2jWDmLztcKPtF,ipfs://QmcjxmS5zZEtTzkAn3VT9NoVJ2PXKbBPi5GgxisfyiWevj?fxhash=onsYCzR7j6o13w2JmfdKjigkvihsLufRBLD99xTmPoi33WR73Ue,ipfs://QmaFUyUN4VxqQy35VCHJRCTGqCFA2EeqGxPCcb4te1McT4,ipfs://QmdCra7W5FNrRdcKZbPejiHEapGY5QbD9WNgeqdydBk3xq
1168040,BRUTALIST MOVEMENT #37,244,29.400049346918927,7,4,Tall,Signature,Black,Blue,White,Red,QmYqvaRe2mfjWP7vFUUE1agqPXtuNfLvuneqE4D9PFdCVG,ipfs://QmcjxmS5zZEtTzkAn3VT9NoVJ2PXKbBPi5GgxisfyiWevj?fxhash=oovcSqNL1uYet5topt363B49HLatUy6f1zREj1pWjaR6ek8FuPq,ipfs://QmbLmscLRd52av2WyCzPMtKPoPTh8RdBqbhjqajGCdDRXG,ipfs://QmcgqGYmPxDUnQA6GoN4Tv54jBMDok1Fq5jPwcvLUCdmJN
1168069,BRUTALIST MOVEMENT #66,244,29.400049346918927,7,4,Tall,Signature,Black,Blue,White,Red,QmUT2K5iZGarF1K5cagwJWA1kbDNAKitC3EzQMYVV5wtK3,ipfs://QmcjxmS5zZEtTzkAn3VT9NoVJ2PXKbBPi5GgxisfyiWevj?fxhash=oovFuonomD9S5aWGGCAVAFU28kTo9oTb5B5H3FsUxJV91FB8wts,ipfs://QmWwJ638JcbB3Zbk1abmvx9ADfnueLfM2QtouESDsZMfxU,ipfs://QmYpaQ4t9Xm479YAumLw8KSousiVASN4FNvyGyYPLFawhZ
1168219,BRUTALIST MOVEMENT #214,244,29.400049346918927,7,4,Tall,Signature,Black,Blue,White,Red,QmRKNQ6QScsA4kyttGvrayxVzhsBs2VNfx8UZopb2BJSWY,ipfs://QmcjxmS5zZEtTzkAn3VT9NoVJ2PXKbBPi5GgxisfyiWevj?fxhash=opFiYVEL8SLrZ7fqm8AvNJxFhrtN4CSxFT1no5qFMnLJU91fiqA,ipfs://QmW1peN47sSEY1RQ9wFXdPmS8GvYYoHgjvnPt4kJmPy7XT,ipfs://QmZu13Xmzvh8ZqhFNL6s3Ny8ZCZtQiYGWpoXRYvsZhtpex
1168126,BRUTALIST MOVEMENT #122,248,29.150049346918927,7,7,Tall,Signature,Black,Blue,White,Red,QmVWC4cyh7i4XGJToCEG9ygBcTsUyouDJZkUWSvPErdHbL,ipfs://QmcjxmS5zZEtTzkAn3VT9NoVJ2PXKbBPi5GgxisfyiWevj?fxhash=ongXiikedWcDv8Ai88XgQkhpvHucLW33ZmwAPEpvKM7ETCEVcRV,ipfs://QmaKFpi6HqhkGKWQbv9Nz8dv6YmZEQigMFCJCMUyH7dgtC,ipfs://QmaPztKdKnx7irU5hGuTtUMtGgR8zH9QmgMUALxiG8ngyb
1168130,BRUTALIST MOVEMENT #126,248,29.150049346918927,7,7,Tall,Signature,Black,Blue,White,Red,QmSxv8Ngu3fLsLtPyi6SvTBdrAxrFJuL7vg7WRmjq27xuo,ipfs://QmcjxmS5zZEtTzkAn3VT9NoVJ2PXKbBPi5GgxisfyiWevj?fxhash=oo8mEkcGSkv5fAWSeagykn1sXinKSKBYUrPvybpYDLDXmYpDThH,ipfs://Qmcqi6U4MU9KuPu8jY1FmHars1syoj68dKVyyLz7N23vQr,ipfs://QmTqdXswEqfG9dWg5nKp2H5uEb8ywu3egMWzynbDtUuNwW
1168337,BRUTALIST MOVEMENT #241,248,29.150049346918927,7,7,Tall,Signature,Black,Blue,White,Red,QmcA3fkmGrzmZLeDVXfzQmgdNtJRySftVM9KUCawQhTzpN,ipfs://QmcjxmS5zZEtTzkAn3VT9NoVJ2PXKbBPi5GgxisfyiWevj?fxhash=oot1nD6mLutkWQdJ1rcYBt186PiSYFPqtLVH4YzUjXvLSxTTfX4,ipfs://QmUWvSzqXPyx55PVTcD15odrBx8Km2kdwKvwvZhhpArF7f,ipfs://QmNdGLMnfuqaWFwc8MJWeF5ZjqkU6JK9KyLs8ii3nnvAqi
1168016,BRUTALIST MOVEMENT #13,251,28.813314653041378,7,3,Tall,Signature,Black,Blue,White,Red,QmNZVFqHcms6BAgM4jQJ1KWS1KEPqWLsBoCWD117tBf7dh,ipfs://QmcjxmS5zZEtTzkAn3VT9NoVJ2PXKbBPi5GgxisfyiWevj?fxhash=onmJZE9FSDLtHM5YMtVxSUytoqMxpL8TvLsmzRHmdahTirQGrDB,ipfs://QmTa6uXAvyJZAaZQAxsF2V935nNK5sDsaQMLsGQA2q6Uw6,ipfs://QmUo9R4q6m3E2NcHx9SNH5Ro7T7R9oELLHxkq8jtYZYbWc
1168021,BRUTALIST MOVEMENT #18,251,28.813314653041378,7,3,Tall,Signature,Black,Blue,White,Red,QmTXQPrLrju48ntL4C5cNZWF5ev3u7LKRoCFyAVE9x5aFU,ipfs://QmcjxmS5zZEtTzkAn3VT9NoVJ2PXKbBPi5GgxisfyiWevj?fxhash=onjVaMporxSgYybGDEswgW3UUgaupvUyQbPMMHNXrUPSsVvhZ5L,ipfs://QmU1omm5838uEKFtc8Qz2ZkgRap1YhYPXFEF6YFWVP8o4z,ipfs://QmfALDt1Sg9u5gSupbM9bM54tZebMzypH8NbaX7mMWzin3
1168077,BRUTALIST MOVEMENT #74,251,28.813314653041378,7,3,Tall,Signature,Black,Blue,White,Red,QmdT9TXJCSyejc7XLmfVTKG8D2jUAoj568Gg1cNoMaffkJ,ipfs://QmcjxmS5zZEtTzkAn3VT9NoVJ2PXKbBPi5GgxisfyiWevj?fxhash=onnejsyy94duxC3ZQLFW5okJwJKX7Waodv8TwGC8trAjax4j9YN,ipfs://QmNqQo5xmhgkkwHkBcWXa1LxdrEqUkkjKeZGuLZzpU9wd3,ipfs://QmWULcXhJnmFcipAc654qYpbUhkXJW3KgnjYtsBYErqVFv
