ID,Name,Rank,Rarity_Score,Attributes,black & white,board material,feeling,free will,mode,number of layers,rendering,round pads drilling,shape,side,IPFS_URI,Artifact_URI,Display_URI,Thumbnail URI
1046705,Bright Circuits #19,1,261.22603829851886,10,no,75k pink,bloody angry,artistic rebellion,text,2,isometric 3D,never,freedom,bright,Qmf4YYio8eXBQtUKokSrJtGoReFGXkCUDSvrnmwxAbBC8o,ipfs://QmaV8txrVjdHzqehsAeypa4QPPssrgTdaNNmQNWewk42b1?fxhash=ooxrPC1puQoHGed9MwJK4kYC8oDxRmJSsyhuZAErmuGwPFSf3f5,ipfs://QmQ4EDd7FT1f4j9NdwKgHnfVM3PRBW2K9MB9Eq5cxcfP1y,ipfs://QmSopDy1ULr8vbi7mS8ZHBuVUdQqkDawyNPYDW9JmjTNHu
1046723,Bright Circuits #29,2,239.42543101106946,10,no,75k pink,blissfully doubtful,obedient,text,2,isometric 3D,never,boxed,bright,QmTie8PCMqEjjNzXMhuHMaZGeWHqmTsfxu9gfpMbZg4f3y,ipfs://QmaV8txrVjdHzqehsAeypa4QPPssrgTdaNNmQNWewk42b1?fxhash=oo5nLQJkDZNaK2DG1ms6vnFvvAjvp8ST4uTsed6dAYQUpuaPXKV,ipfs://QmfEUuav22DNmS9Ek9o4EW8AZC2hrJYM8Mu2xsy6sxpjdF,ipfs://QmZX8so3Da52KvTV38emRBCLdobtAXvWdmfBzdZnCvcFgv
1048100,Bright Circuits #114,3,234.2293485675727,10,no,paper,randomly sad,cartesian rebellion,text,1,flat 2D,never,boxed,dark,QmabmG1PHf63KPx6a8ZryjRD1rak84MnNjysQKnBe8BgB4,ipfs://QmaV8txrVjdHzqehsAeypa4QPPssrgTdaNNmQNWewk42b1?fxhash=opMXPiJFGzuwmhVuwQfMfQww81E6AuAJoHoiEjZyKUXetUmsJTR,ipfs://QmQAedU7fxzLYQkAb7JjZ4BsHfyHhR5Gg5xTer8cnFwsgx,ipfs://QmQ22MT6Wn4PPnvdfe9x5yFeTftEBdzvg9cpzRwkZfR38M
1046487,Bright Circuits #2,4,226.50291776287827,10,yes,paper,approximately lustful,obedient,random points,1,flat 2D,never,heart,dark,QmQB6bjPACZNxuaTmqBixVk68bNLScN4eW1N44gTE3wRNm,ipfs://QmaV8txrVjdHzqehsAeypa4QPPssrgTdaNNmQNWewk42b1?fxhash=oo1iwTjRJsEBrCVvpmM9mK2PogGMcjZyc7ZRtYKPtWiYfrsFNbj,ipfs://QmcHBzscDF7yLcwLhpYPACeH8afaBqvKhurTmuMovWZBKJ,ipfs://QmcaQc9BNQFey4jkXxZUksLBZAsbUradksRktKWxu47ECY
1047156,Bright Circuits #64,5,222.78918208393517,10,no,sandpaper,chiefly clueless,cartesian rebellion,text,2,isometric 3D,never,heart,dark,QmX5eZkq7RSzzDgVfZ3FxqMqwnPhEL8V7MuZmP6V5rPaAS,ipfs://QmaV8txrVjdHzqehsAeypa4QPPssrgTdaNNmQNWewk42b1?fxhash=onr6HuV7RkzKjUj5rsMVNVqPyFcE6c4iKQ49wHgkyVhhphw8XLa,ipfs://QmY3AVCSMncFCnrFpb3Nv54S3F8Qrd286zygDQsgSMzGQQ,ipfs://QmTpBxCTfaVwSZ95wmG7wP5k7tSGMjbk57RNjiSADBFqee
1047661,Bright Circuits #105,6,222.5967292537465,10,no,paper,vaguely bewitched,cartesian rebellion,text,2,isometric 3D,never,heart,dark,QmRHZ6bKWd5HmojsuGkLw8csbPPhrgF62c9N915GsZqq7d,ipfs://QmaV8txrVjdHzqehsAeypa4QPPssrgTdaNNmQNWewk42b1?fxhash=opHfPniozmWX5VbJKtAaPVAW8eUM6DN989KDmA3Y24UpmUNFaGj,ipfs://QmVV9SMEsRX5FZ9iCLt3TUbUd1zo3rdXhKwSButshmdakg,ipfs://QmSBQwidJbwdBeZBYQiJGNpEQxHTSQXDnzA7aSGMYwXf8a
1047359,Bright Circuits #74,7,220.56166756952317,10,no,glass,slightly sad,artistic rebellion,text,3,isometric 3D,never,heart,bright,QmRLrud3TVNWuSzHXgYZGgcigsLTn8TM3hAS6m3tY93hCA,ipfs://QmaV8txrVjdHzqehsAeypa4QPPssrgTdaNNmQNWewk42b1?fxhash=opaNe8SkMhRPkJeXgyHoSS8WhVndeduyESpZ2nf5gpwrXaFMsdH,ipfs://QmZZpHTTtWTwhLNHEmh199rycewebBp4FfajFsVHM5V32h,ipfs://Qmf8TqVX2NZs5QxaEPtYUkgNP8jct1xvHcjyj3pdqoD55f
1063564,Bright Circuits #140,8,215.7370801309395,10,no,paper,half bewitched,cartesian rebellion,text,2,isometric 3D,never,freedom,dark,QmQmKkKWY48CRyMLfwA1sRsfqTfJkCnA2pSAj3pTqFt2Xd,ipfs://QmaV8txrVjdHzqehsAeypa4QPPssrgTdaNNmQNWewk42b1?fxhash=oo1BC1Fib67LDTJ7fwyNLUv76wW166jc8nv2Py25ietyzPnijed,ipfs://QmdfZm3RDpoYEyrDZgv6mott82axNCdJH3mR2UF2rVPtSS,ipfs://Qma9j4bxCxeUZMN5hHZb1vWonNv4HoLBhzg4bBcwo7UzEe
1046993,Bright Circuits #57,9,214.98872586772077,10,no,paper,vaguely relieved,artistic rebellion,random points,3,isometric 3D,never,circle,dark,QmZxLJgSnYwX8BLo7Qnhx7k4paLpkfp99GmNveUFGyy6P9,ipfs://QmaV8txrVjdHzqehsAeypa4QPPssrgTdaNNmQNWewk42b1?fxhash=oni37PiSeLrt6nrupGiVyQsHaAYrhc9wGi8TLr7r9rpCfseLsG7,ipfs://QmUWEwjSJhmeBWnL5Hms13URYq3VBDtJd6m1vEzbNmtU6f,ipfs://QmS2EdTpcxXY3UV2X1LNNdgDp9SXM5ZSQjSHSskUabgsG2
1047435,Bright Circuits #81,10,213.9182345911372,10,no,paper,almost melancholic,cartesian rebellion,text,2,isometric 3D,never,circle,bright,QmT2DgfjBbin6MxJ6yPYdZXs9xuazoveCzuhcdnLqyoPoF,ipfs://QmaV8txrVjdHzqehsAeypa4QPPssrgTdaNNmQNWewk42b1?fxhash=opXXbpzeYEHree2FsyuGNpR5UTHC1wN4A2afLHWcGnibh1oKRQS,ipfs://QmcWsZQPvmp1NEzt688RJmgKwhrnS6gcrYkdFTMs1sqRTJ,ipfs://QmeVdE9r2PVzgKYpFjv1XiiV1AtQW48yE2fFbNmccBvNLn
1087563,Bright Circuits #154,11,211.9159959127985,10,yes,paper,vaguely enthusiastic,obedient,random points,3,flat 2D,never,freedom,dark,QmeDKMRh3VpxTYEezWtGtNRifQRXqwSc3vFHrzxWwRKF3e,ipfs://QmaV8txrVjdHzqehsAeypa4QPPssrgTdaNNmQNWewk42b1?fxhash=oo3obPHZLWnXKzZNaWVtnK8NWajxEpVKWAUWv2JmFhrW54MJJz8,ipfs://QmSBw1dTJHNycKEueaJVy7HWmXanLcDr29Z3iYoJqdLoC4,ipfs://QmT6rmFWWrTHk6jhMGWmGFVPqc5GbQZG3nxWdD4u7s95h2
1046483,Bright Circuits #1,12,208.8437947107649,10,no,glass,perhaps sad,obedient,text,3,isometric 3D,never,skull,dark,QmdQ162hwhhSgusBaeUHFUkbPsYrdKZK2iTcziRCkdTbuY,ipfs://QmaV8txrVjdHzqehsAeypa4QPPssrgTdaNNmQNWewk42b1?fxhash=ooe2fXWaBTkgjTTufKaKSZdYikiYstiHPJsuGWdSUtPX6Bbuwkc,ipfs://QmPAayeLG9ky55yHH4ptQpfsrXaHPdjbJSK8yvoiKRE5iF,ipfs://QmVtgyNB25drwBMvT71YXGQ2g99siUrUW6D9eB5yEzuiJe
1047475,Bright Circuits #86,13,208.7007167148223,10,no,sandpaper,almost happy,obedient,text,3,isometric 3D,never,skull,bright,QmZCqXUtaLL5HoRA2LZtaZATrMrSPreFfm3SLfsJ8R7Qk5,ipfs://QmaV8txrVjdHzqehsAeypa4QPPssrgTdaNNmQNWewk42b1?fxhash=onwtbUqj9gHQBtMQoCwK8GstYTTeznye8G99iQExmKPLfetSUkG,ipfs://QmY9StA3PKmgn88QEatFEV8mKksDGRiidXQDk3N6zA5wdP,ipfs://QmQmYhvKkyUHhNiS2jMEFRbytCso25nkGPKxaG5zGrpp1g
1048099,Bright Circuits #113,14,208.50232905285682,10,no,paper,partly happy,artistic rebellion,random points,2,isometric 3D,never,circle,dark,QmSRc3bEn2mNseXVTdG9512MrFxQMaZ9GELwfkjvbiAsiQ,ipfs://QmaV8txrVjdHzqehsAeypa4QPPssrgTdaNNmQNWewk42b1?fxhash=oo9qYMAz2s7BMW5nPFf4cqEfaQUkmU3XudffC4djtTXN6k1mv9y,ipfs://QmdWNEGAnmKDUFQAncvbgaB8ZC3eayufRLc9wvA6qdRHqx,ipfs://Qma2Yw8EoyiEUMhitddfwG1kwoX9NGrqLz6qxZmBFAJTwG
1047908,Bright Circuits #109,15,208.13326967164787,10,no,sandpaper,almost joyful,obedient,text,2,flat 2D,never,skull,bright,QmRyGnbrs9HTmvBHGBYytedzsHMjkue5eGVfaMt4hwgLBi,ipfs://QmaV8txrVjdHzqehsAeypa4QPPssrgTdaNNmQNWewk42b1?fxhash=ookUsugzv7biBZNDWZVcE4LioPWuHPG1mNempt69fELfGQXgQ7t,ipfs://Qma6M3ngVgFdgywegDXxr6koQGsS6FkhDR7dMcqMXF72gY,ipfs://Qmeag1mr7b4zbZqS5ev5bhCz4y9J7aMay7udLozUDWKDcb
1046743,Bright Circuits #39,16,207.99622143096255,10,no,glass,clearly tormented,artistic rebellion,random points,2,isometric 3D,never,freedom,bright,QmeE9PRR2wPj81GVY2ZTLYfF9jfnAJqjx4SnJq93TMjqnx,ipfs://QmaV8txrVjdHzqehsAeypa4QPPssrgTdaNNmQNWewk42b1?fxhash=opEzTFbWHgNt4Q8Hcpi8APC6dY4cbu1pcmV8nYHwXMuq6ndyBB7,ipfs://QmZGJehSjMnkdW4u92xmktyVuo9ct6MZiRyNuPqJjVFv4E,ipfs://QmW3H7W2VpvTUNwZMv7AWvhUFdeWqJ8HnbCWvnMHEx9LCW
1053991,Bright Circuits #127,17,207.96858433453235,10,no,glass,chiefly joyful,obedient,random points,1,flat 2D,never,freedom,bright,QmW443iavDf7MKH25fTvMzQCYytZZFhoHtcZ6ZhgwTxmGM,ipfs://QmaV8txrVjdHzqehsAeypa4QPPssrgTdaNNmQNWewk42b1?fxhash=ooRThq7FoR5PkBhxNZdoiixU4Q3swrBpzSHv1SmtuHmeXT6D4zE,ipfs://QmQzRSM3GLNj1EnYocuMfCEAHhdgTKVGshd5oXrybqoEch,ipfs://QmZ59PQCLH7Hkykxd1aVoFYpYkAWaC2aZLzPvmS4TVHMA4
1055504,Bright Circuits #132,17,207.96858433453235,10,no,glass,eventually shameless,obedient,random points,1,flat 2D,never,freedom,bright,QmQ6fh3bBDfzWBxatKrbXqcMJ2R1WnprMaMg6orZWeef55,ipfs://QmaV8txrVjdHzqehsAeypa4QPPssrgTdaNNmQNWewk42b1?fxhash=ooatimjw6s6DQtvGyEC8MMwW3VpAojCsmKB2q4CxAE1M9ddtTXk,ipfs://QmVmp99C8onNr8R8MkkdDJyPsM9T7xpj1Mwr7JWfbHDHjM,ipfs://Qmbmar153kKMJhXcn12JtTPTbAFDEo5mSTKYzH56RD18gH
1069633,Bright Circuits #153,19,207.76691880166354,10,no,paper,half melancholic,artistic rebellion,text,2,isometric 3D,never,freedom,bright,QmVayjabEabdocmW2P5pTNA1oLEiS696GJW29CFLiFjBfu,ipfs://QmaV8txrVjdHzqehsAeypa4QPPssrgTdaNNmQNWewk42b1?fxhash=onpwbasUiHi22wA6anRz5mhP5MCDx2ULyYEhxK87a2AXYY7C2RD,ipfs://QmYaUDW2zivHGeS19iu5v4Yp1FJnuXQ5Wnuja1B1Pcu1fc,ipfs://QmTvvRwTnT1185PiQW77bhggMjHHSntWWo77oNujQnKivr
1046724,Bright Circuits #30,20,207.21506145328198,10,no,glass,sadly thrilled,obedient,random points,1,flat 2D,never,boxed,dark,QmX9wKzrRukT6XXNwvufM4HnZkxVnpbhrSHmXV3juT4MeC,ipfs://QmaV8txrVjdHzqehsAeypa4QPPssrgTdaNNmQNWewk42b1?fxhash=op2Qeke12XoqHZZ3K77WWdXzNJ7UxfzCUYePQYCcEpVwBwQDB4U,ipfs://QmPEVSH8iGqZDdQxbVb326Fyda11cUALG5N1qMrx82AQLg,ipfs://QmcWZMCCVy1G8cPBGX93KnRoETPS5SkPWkyCZNvnAh4Tpp
1047658,Bright Circuits #104,21,207.17821165417163,10,no,sandpaper,particularly restless,obedient,text,1,flat 2D,never,boxed,dark,QmPsiyWpANxrBehJMVnGPPnTwtCKFCGKpxMCYjvkexYj2A,ipfs://QmaV8txrVjdHzqehsAeypa4QPPssrgTdaNNmQNWewk42b1?fxhash=oo3WQ93jJUjHESsGBMhSKPARuNEW1uYRPuWEwbknXtvRLqZFL7T,ipfs://QmdFJ2f97roUbz793ZouQoi1W4BjYgNdpziWdARfzZkBdz,ipfs://QmRAkzKEGK7QYjVADFYj4yZCzKf9ZYUvc4HdRfrNT9x6RE
1046704,Bright Circuits #18,22,206.80726416137367,10,no,paper,approximately adventurous,obedient,text,1,flat 2D,never,circle,bright,QmWijKSb5zPsFGRptBjM13faMGntCxQ7LbQiS8eC4YRwvm,ipfs://QmaV8txrVjdHzqehsAeypa4QPPssrgTdaNNmQNWewk42b1?fxhash=ooQiDvuSA4hbjHSpMAsh4V9kBWcoUGk1FaiFr3eBNkiNZNg5AJw,ipfs://QmRgD2bK2affCyXGFvzNTZWj72Hye8gajcm8mHEbBPme62,ipfs://QmYjQuM6v2tzgfrmxU9E58ewEy1xiruXD8H3wJqACPGRmB
1055835,Bright Circuits #134,22,206.80726416137367,10,no,paper,slightly puzzled,obedient,text,1,flat 2D,never,circle,bright,QmXYEWQvpY98GuBGXrSGDFPVSsDmfnPVAG19Z8xjpZrmoG,ipfs://QmaV8txrVjdHzqehsAeypa4QPPssrgTdaNNmQNWewk42b1?fxhash=ooDGqKNpm7YZJa74p4xZokbbpTrPhyiC6iBTmwFKxQhwtAfWRdu,ipfs://QmZSa3q7Sg43tBLKVc7RsgrdHz1biFu5JWBFLYvJenv4kz,ipfs://QmRXBhpJfdxYe3s2ThiK2U4q5aD9m9W9C1V3hKbN5J8ghe
1047527,Bright Circuits #93,24,206.29138365822902,10,no,sandpaper,randomly envious,obedient,text,1,flat 2D,never,boxed,bright,Qmew9gmVxzs2hj7AXkgyeWr5FmQR2DbxFsCCbCB5yUCG9A,ipfs://QmaV8txrVjdHzqehsAeypa4QPPssrgTdaNNmQNWewk42b1?fxhash=ooXYWT78qNujHgRUCscb2egUL5WRyG9Lr8qze3tsPdwoMqNMgh7,ipfs://QmdGUDoik3QGpeTrLiLMqoC43PHLeifdPoPg5ZFj9Sedvd,ipfs://QmTe6TLfUoUWh3nh7K4J1frq61FX38jQRgmRwoDFrxFykH
1047194,Bright Circuits #66,25,206.28360408799253,10,no,glass,randomly restless,artistic rebellion,text,2,isometric 3D,never,circle,bright,QmasvcTPmUfiw374gSXQ8LVZRQEhWhZBrCSQjxoACHpsXJ,ipfs://QmaV8txrVjdHzqehsAeypa4QPPssrgTdaNNmQNWewk42b1?fxhash=onhxcr6qQR3P5SaCFzH4nPE3gqsCqJKeXzuDjHBR7t2H9dw2qNq,ipfs://QmeSC7mwLC9JJAvb1JZWUW8cYL4iCs3km8aoMFu5P8Frbn,ipfs://QmeaMeJowJ3oyVRQCDZ9JHq8YUgCoGKmrnpC8Wfpobvwd1
1047930,Bright Circuits #110,25,206.28360408799253,10,no,glass,oddly shameless,artistic rebellion,text,2,isometric 3D,never,circle,bright,QmSbDq2D53KJXuHSENXaZmi78bbhZgBcwhZUAWeDHJne5p,ipfs://QmaV8txrVjdHzqehsAeypa4QPPssrgTdaNNmQNWewk42b1?fxhash=ooqXRjboknS7xvq5jNULbVRKTw8wt8vecYFVVMXukpygDA3vgpp,ipfs://QmQYMiw7oqQc2VtQ8MfU7JngBGjSUvfUiqc3bNk7i7gY8h,ipfs://QmXZhR3JGBZRJyRGZRwhiFtGUnbqq96UtfH4xihaCmTG5i
1048128,Bright Circuits #116,27,206.25596699156233,10,no,glass,approximately nostalgic,obedient,text,1,flat 2D,never,circle,bright,QmfP6ggFL79fPmGE4xx2FfdiVoBcpXSo95QHCeW3jApHwJ,ipfs://QmaV8txrVjdHzqehsAeypa4QPPssrgTdaNNmQNWewk42b1?fxhash=onrToDt5eH6MM2zMi2DXyhgmVprTy7YxBJeHgexFYRpZToFkcbp,ipfs://QmTXE5GAsrvcLrHjvjdn7XVruoRRKPoeqNfPTbpnUxnegG,ipfs://QmPwDAtrCNjpxEcs71nZUsh6JNXEd5soo5KeoswEfqFiYx
1046715,Bright Circuits #25,28,205.81900127924072,10,yes,glass,definitely confused,obedient,random points,2,isometric 3D,never,heart,dark,QmVpXPAWrVtXwvXmqTvUUYs3vzTiXN5rU2x7a7NjfAjCDL,ipfs://QmaV8txrVjdHzqehsAeypa4QPPssrgTdaNNmQNWewk42b1?fxhash=opA6JHhfe2vonL7sdAFJDYSajtgvGprimodVhpydFYQ9wSHVAGL,ipfs://QmYDAhs6b9qaeGHoASoFAF3GMquzsNpAAcQGp3ZxN1ch5S,ipfs://QmYYBJmQPCQgYrLQX3x2gH5oW6qn9F7nFf9TBtqo7PP7Ji
1048394,Bright Circuits #117,29,204.9321732832981,10,yes,glass,substancially deterministic,obedient,random points,2,isometric 3D,never,heart,bright,QmexNeHPPSMbRpV6F4Jj5q5Uq4GkuaUX4biDSNEaqLALV9,ipfs://QmaV8txrVjdHzqehsAeypa4QPPssrgTdaNNmQNWewk42b1?fxhash=opJo6vVcuzkoykSeXCmndBcXTZ7fo4Fs2je42KEabb74dDxQQ5y,ipfs://QmUMSks9VpnmggCYgH5fjuhb54ghe1Dzm8ymxRtMHhLXFc,ipfs://QmUdpnkTUuKyd4yGZ5xF38BXFLCfDuBKVXGhgJVX13UXUE
1056158,Bright Circuits #139,30,204.89532348418777,10,yes,sandpaper,plain sensitive,obedient,text,2,isometric 3D,never,heart,bright,QmUEgpUSVsCoKtmryYVxFLwV3MdzmunqqcqTgaEycQTeWm,ipfs://QmaV8txrVjdHzqehsAeypa4QPPssrgTdaNNmQNWewk42b1?fxhash=opWDFA5FTN9nqFVZncL1XGeoWDNLNFP2X9Hbj6fefgEyUq14knS,ipfs://QmaDuVhNuAFXpgWqNRG5SuUj3ZpptbGKHXsonkrTSuJnL1,ipfs://QmeSHh4b5CQ9JvWLMb6GoiVFfpvPbjaLvMp3gSCEQewaia
1046693,Bright Circuits #8,31,203.1379976950113,10,no,glass,weirdly irritated,obedient,random points,2,isometric 3D,never,skull,dark,QmdeMUy5W8NTYujKBxUDcVpJFhm5yyzYdSaxbX6HZAPu4w,ipfs://QmaV8txrVjdHzqehsAeypa4QPPssrgTdaNNmQNWewk42b1?fxhash=ooUzKekhjxtWj2nyTHtLe8jdsECE8VrHdm2ev4Rd9ZKuaLVuKcJ,ipfs://QmZZoo6yGSYrSjcynq7ErKMP8aRhgAYowHSVbw7cttq3xK,ipfs://QmaXZYSKMJDWBnjN1zjHZpAUb8U28Kf1xVsHmSVzEZrq5n
1063569,Bright Circuits #142,32,202.68926746886305,10,yes,paper,eventually jealous,obedient,text,3,isometric 3D,never,boxed,bright,Qmccuu5vB61snkGUCuxh5BYZzjFJRnrR1PqaJ29j2KD1jG,ipfs://QmaV8txrVjdHzqehsAeypa4QPPssrgTdaNNmQNWewk42b1?fxhash=opMTztTYShm8Jxe4bsNRtZuEYWS2ihrvc5xHQASBGgUkSo9UxU5,ipfs://QmaowswQ5VkUF3gAfXsW8Fa7kF1XnHQemxX2tmsDZW6mXw,ipfs://QmZmAg4g8A6a5wLYADn5jPkdg4Hy3tSZYtD8NsDrk9mAM6
1134486,Bright Circuits #158,33,202.2511696990687,10,no,glass,clearly pessimistic,obedient,random points,2,isometric 3D,never,skull,bright,QmW3xKr4Qe4z3miEWM9tCv3DTmKJNmMFTfLcX3m1DfgKLv,ipfs://QmaV8txrVjdHzqehsAeypa4QPPssrgTdaNNmQNWewk42b1?fxhash=ooQW1rqHGKES33TUanMhXfuZGwT61tuB8a99PddyMrgJacaBUSY,ipfs://QmYhYDycfLywXTRR58dyhAwFEM7ZggsCPab9jCioh3MbNd,ipfs://QmP2ynL4AfDg69sgcccx1ZEpDaEybhsdadeKfDjkE7uPgZ
1051958,Bright Circuits #122,34,202.21431989995835,10,no,sandpaper,particularly worried,obedient,text,2,isometric 3D,never,skull,bright,QmVdgfBFYjY6okvRk1QKfeoBJJvLgYqEG5G6BRDXvtYtQD,ipfs://QmaV8txrVjdHzqehsAeypa4QPPssrgTdaNNmQNWewk42b1?fxhash=onx3yPtaSxpe3GnLU33Jk82rMDtzFUzrfbba1VANvLPzgkotVu4,ipfs://Qmb7aY7xSjwdc6feH7VkszHJwRaebVT73waisPsqqvsoVb,ipfs://QmdGjnwAjDW9fuGnWdMgoM2KtCvGes76Kdb9gbkhPGjyaM
1047526,Bright Circuits #92,35,202.02186706976968,10,no,paper,oddly adorable,obedient,text,2,isometric 3D,never,skull,bright,QmRAEtLrQxoa379UbvqKiadGZSwG8SMD3V8cau3vgmtdan,ipfs://QmaV8txrVjdHzqehsAeypa4QPPssrgTdaNNmQNWewk42b1?fxhash=opFXdVMvCEHJtV4VDzZ4sVUpkSPmatsADFo8QBEttZigwQUM811,ipfs://QmcPKzvsEk1AZB6u56RWe5rnHjhkRAYMpB3Qtwd5VqXymJ,ipfs://Qmd2QobzMrJy2mLFXgnfhqgnspeiukVHA4HtQmno3yYRwC
1054028,Bright Circuits #129,36,201.47056989995835,10,no,glass,half proud,obedient,text,2,isometric 3D,never,skull,bright,QmXbxNYkt5L6FbMGbBtX1vXaG2TDi8sjYm72np6Em688gM,ipfs://QmaV8txrVjdHzqehsAeypa4QPPssrgTdaNNmQNWewk42b1?fxhash=oo173M9ifHezke8QLQxt5mngHhuSXQhQARH9RXWyByjVcyMyZXy,ipfs://QmQPB2gDkjbvMyLuCTQHbwQjWj6G1k7DYqPPbyLuPkaA6L,ipfs://QmRqgWshzUveUndcPxYFEPNrzZnAdzBfhPdGtSpQgcwbWF
1145389,Bright Circuits #166,37,201.28823915520937,10,no,glass,shamelessly anxious,obedient,text,3,isometric 3D,never,heart,dark,QmbiCbxHGNfxXfZESnnt9YBPNwowSGWtNdxZhaQhjouKLm,ipfs://QmaV8txrVjdHzqehsAeypa4QPPssrgTdaNNmQNWewk42b1?fxhash=opBWaUXRkTSnDqWuKavj4qsr1TNu8LRVLNFX8d3nh5r6PGZzwmp,ipfs://QmaZHhjtTjYia2aqb1CrhLxJfQRp8LG5SDkEK1PX7ExStQ,ipfs://QmYHTb5sLSY6cknwu3c3mAfsFwjdWLoWj87bA6z9Xm8fVm
1047558,Bright Circuits #97,38,201.12813960320221,10,no,glass,half doubtful,obedient,random points,3,flat 2D,never,freedom,dark,QmeXKH3ChhmEShkpUHrahLywfX3eESKUpxY88i6s5pSmPZ,ipfs://QmaV8txrVjdHzqehsAeypa4QPPssrgTdaNNmQNWewk42b1?fxhash=ooUyaebwDcf3RUuE6pzRji6Y9WdbpmfBvN37vuN5oHmDBPwBTNs,ipfs://QmfNH7CfZGkeqmHsoiE6d1zBnA1hkBx9JZa7tpzgzjhJNt,ipfs://QmVwNEWkdxDKhTXRtP5JyLC7yrU3E4KnfNEMuLULxwDxh4
1046702,Bright Circuits #16,39,199.30929406339993,10,no,glass,sadly relieved,obedient,random points,3,flat 2D,never,circle,bright,QmeWkYMBsc8MMPyEMoSrUJeC214bWCrCpztsWCwhNKf4m5,ipfs://QmaV8txrVjdHzqehsAeypa4QPPssrgTdaNNmQNWewk42b1?fxhash=oo5iVjGN4bA7GXPULmHvZceADekvQLZw84JbyySJUcHFwrZ1EaD,ipfs://QmZacQvKMgCndJEbUUcH58sWieEyZ2AJjmLzEPkiLfrTtT,ipfs://Qmdnfx1fehFEKcBx8F76C68zaw9ZnYyzeku7UBNNPvkpoD
1046493,Bright Circuits #3,40,198.9593521564337,10,yes,glass,clearly in love,obedient,random points,2,isometric 3D,never,freedom,dark,Qmb5qTYS1ootACkaYAAc9i97dBMxS3eAgKXXCzCCWkoe6h,ipfs://QmaV8txrVjdHzqehsAeypa4QPPssrgTdaNNmQNWewk42b1?fxhash=ong9J1eVpnMLanso89HTdyghkzQ3VoYfbha74wN8Rr9eC7sqbFq,ipfs://QmYzBNCDu11jwPGn9dcbpAS5ZdZdsGm61cZrhCVRcdNdg1,ipfs://QmUAzdX7zUMkUMFzhcsbNqXZog7d1fFG2CK7fFw9bhNbKV
1046756,Bright Circuits #43,40,198.9593521564337,10,yes,glass,mostly bewitched,obedient,random points,2,isometric 3D,never,freedom,dark,QmZdJkD2KyjcckrNiwNccWFxf1Q5FQVr73w8TL4udWuvKj,ipfs://QmaV8txrVjdHzqehsAeypa4QPPssrgTdaNNmQNWewk42b1?fxhash=opPVpKAUtPCGbLLrgzRfESXAoRpzWL9LMiBdwm2JYy5cxKUyYUa,ipfs://QmeaoVL15VYbpKsddt4KkCR8usJBWqxRoRv9YbFTUNrsfi,ipfs://QmeceS38nhgvohppv5oF4FJ8ThKxrqN5KDCJHh34AkPjVW
1063617,Bright Circuits #146,42,198.17875235732336,10,yes,glass,joyfully sceptic,obedient,text,2,isometric 3D,never,freedom,dark,QmcX9JUzhKUu2GZhWRUSXCYARDPBAfQURk1Vm6FCNCRdKL,ipfs://QmaV8txrVjdHzqehsAeypa4QPPssrgTdaNNmQNWewk42b1?fxhash=ooBPd5Ndn4vVgjZtXtBbMd1SDvt4kKgzE6hzkWEGVdz7ebcBfGP,ipfs://QmdxQZ7uCC7xK6Pm4qjsxd9vPSgi3injMHTvbyubj72cC8,ipfs://QmZyXzSGSmshdFx1EigiW8SfNTD5ozMyU1ajbkxwnSNW4x
1063610,Bright Circuits #143,43,197.88425661663143,10,yes,sandpaper,randomly excited,obedient,random points,2,isometric 3D,never,circle,bright,QmcZxW4aVUPqZcw4Sgu4dCwGbiDyAzn7ZULd17yMt94kQp,ipfs://QmaV8txrVjdHzqehsAeypa4QPPssrgTdaNNmQNWewk42b1?fxhash=op5XphyzEmPZ98qY5iX3UhfwBWL7Kq65icisMEdsGbNuRXP97ct,ipfs://QmduDQ9ywtqnRrVDWYbuvWLmV2YszLZj9f4E8ezwnedzGn,ipfs://QmPoxvqtHhoNUXphVxXCJQkBAryX3KE9shzTay4EW1AxSN
1063566,Bright Circuits #141,44,197.29192436138075,10,yes,glass,sadly jealous,obedient,text,2,isometric 3D,never,freedom,bright,QmPgjeGfvB75sLfcv8Wf1yHX4YXA2rWJgMJg6MGbHPY5LE,ipfs://QmaV8txrVjdHzqehsAeypa4QPPssrgTdaNNmQNWewk42b1?fxhash=opWtTnnFLJKdVfeJEm1b93FSmgGipq5ZxWM3LkRCCtbBQHceA7m,ipfs://QmPtdahq9EpXP1ComcmqhDpwx6mAsCimih96MN5GAw2pUH,ipfs://QmYVs9NbL4c9EQtR3Pf7yUUiU3UzqsRiRRU3kmojGzGZtx
1047047,Bright Circuits #59,45,197.17592328329812,10,yes,sandpaper,plain angry,obedient,random points,2,isometric 3D,never,boxed,bright,QmcoMTc7HbjXw6ZxE8JWWaoomLSP752RzBBdvS5WpWxfjn,ipfs://QmaV8txrVjdHzqehsAeypa4QPPssrgTdaNNmQNWewk42b1?fxhash=onia9nrhJGwKGxbXDCWVNfnVRCe7Tw337DUbzdnX6vo7SrVEp4t,ipfs://QmPpEfrQbsk9NAswCsZFnVWfmwHNeq1AmrUphJEqQzTgLb,ipfs://QmQpN23rgWiF3BgehkLDdM38jyoecwuE1YWM19p9R1FTVg
1047478,Bright Circuits #88,45,197.17592328329812,10,yes,sandpaper,maybe nostalgic,obedient,random points,2,isometric 3D,never,boxed,bright,Qmb5KcanY4soFRHadM65QaCYBiQnn59MgvyH94Bk5P6TqD,ipfs://QmaV8txrVjdHzqehsAeypa4QPPssrgTdaNNmQNWewk42b1?fxhash=ooAr9gA4KD5MpnQt588r9krgA28tkk3VR6CRCfQ4dhxrFvcJNhB,ipfs://QmXXv2XJW95jdBmjdWrBm6B6kby7KjH3Ph8ZEGEKdNaZnR,ipfs://QmbHTshqLdrW3UatG4UYwD1QuevMw8si32Em97JymXTaVQ
1050323,Bright Circuits #119,47,196.35990681752108,10,yes,glass,mostly joyful,obedient,text,2,isometric 3D,never,circle,bright,QmVVgTDiLKLdK55ATRV4NfoXpmE2kTRcw4K6779KN2ahGm,ipfs://QmaV8txrVjdHzqehsAeypa4QPPssrgTdaNNmQNWewk42b1?fxhash=ooFmgKnXJmZm3c6U1DgCray58xMBf18RxZdcw5mGP4mhueFLTRc,ipfs://Qmdwb4PAjskcSWE6Ch3RuqVo22tjG8rcFotnzaaLP8SH37,ipfs://QmUo7UGHJKLowHX2Yszt5SUSkUbmz9cGpW5SLLMP248DYG
1046695,Bright Circuits #10,48,195.43936414351316,10,no,sandpaper,clearly shameless,obedient,random points,2,isometric 3D,never,heart,bright,QmUFrmGQfQi2ep9Wd8P66xgjoP9VKxSMNprP3T3c3rVGoX,ipfs://QmaV8txrVjdHzqehsAeypa4QPPssrgTdaNNmQNWewk42b1?fxhash=ooHEAxK2QbhzPiBUgjyN4JQNApgktMV8bMdV46aiohpLauLmi6h,ipfs://QmdTAhpXdHeS1bWkHSxAB91N7w9TSGAq9s6q9NRho3DoM4,ipfs://QmbXPeVkwVeexJwZTKb588EMMvPWyyS5rqy8mZzXYfZEdz
1047207,Bright Circuits #69,49,195.38549278833827,10,no,sandpaper,bloody curious,obedient,random points,2,flat 2D,never,freedom,dark,QmZXmNkwAs7W5n79g5Lvus9cdLP4vBC2Zso4pTcP1GtHfN,ipfs://QmaV8txrVjdHzqehsAeypa4QPPssrgTdaNNmQNWewk42b1?fxhash=opJDTbBn7atS9GxZZkuh4cdQv6jQH98dVngcpSJdvwv71vNSsSm,ipfs://QmYkaLXJoEdgs7ueJR49MkGrkMWdxQksVZVHBkztV2d4Ze,ipfs://QmScYSA79MHwZob7mqPduGHHSaAh3kqhwyZfVe2TNqqxjB
1047943,Bright Circuits #111,50,195.2469113133245,10,no,paper,half sensitive,obedient,random points,2,isometric 3D,never,heart,bright,QmNS1pbsvsch8CNZo3phQkwEsT3YQ9EhNnov2FzT1xf8bY,ipfs://QmaV8txrVjdHzqehsAeypa4QPPssrgTdaNNmQNWewk42b1?fxhash=oomhmGvGtGbbkE6RBASWmuw98SqQaZxKkKDVaf2GFAbfFqVAodQ,ipfs://QmVXjvDLLJzca1JJVq9V2gdTvrPnHBcYq99YjW5cAFsiSB,ipfs://QmT6ESThSTSXEk1bSKdwVCs8qiArTW1K9R1vuGZVrxGzYu
1056072,Bright Circuits #138,51,194.9798872022137,10,no,paper,strangely hopeful,obedient,text,3,isometric 3D,never,freedom,dark,QmXEyjWmXJBk3chAYnGzkNFDrbnres2ujUoRCCCb9LHSML,ipfs://QmaV8txrVjdHzqehsAeypa4QPPssrgTdaNNmQNWewk42b1?fxhash=opTtMUmHgnJQa28aDG6mGL6KyVLPx6Ks6G1n6AyA2TNV6nzvrVi,ipfs://QmSaxNd62NrdFZdUNrpdVBXb7GxX1vNU9VuLEPnj9RXh1Z,ipfs://Qmf71nQiWmgxKsBaMTciMLbXhq3H82PJPfHVVNr8AHxsNn
1046680,Bright Circuits #5,52,194.69561414351315,10,no,glass,chiefly satisfied,obedient,random points,2,isometric 3D,never,heart,bright,QmfTZHWu1sNppHpiXJJ8zGZpXKt5isgBat8BDWxee3os7p,ipfs://QmaV8txrVjdHzqehsAeypa4QPPssrgTdaNNmQNWewk42b1?fxhash=ootqieKUma61WjBvWhC5YzNx9U6AstFgCq4o4QXKhceyMbzVq9n,ipfs://QmNVhkRCrsidbnN8QizWiUyiDy3XpbPDUpoLimr3d6FRdN,ipfs://QmPqj1XwsidkfgLLjnN6YjmYh5F2CaqLiqoaGgS8W5q4bN
1063626,Bright Circuits #148,52,194.69561414351315,10,no,glass,partly sceptic,obedient,random points,2,isometric 3D,never,heart,bright,QmVZ2GaMz5pxgCPLGocq2pB7FUmpVHmUTzXD1CyoZHDgkE,ipfs://QmaV8txrVjdHzqehsAeypa4QPPssrgTdaNNmQNWewk42b1?fxhash=ongomprGkrocg8mNr3AMhanJ8yuukzm6xDUYzctNuyGBteG68ib,ipfs://Qme4dqf7fbKUw4SXRDSwfuHzpbxkFcf2382t9T5HZs4GKA,ipfs://QmTpe7zCUpaBCVm66z51Jj7jtPzYhEW86mZnfSPXwtXhYd
1046964,Bright Circuits #56,54,194.31258895431972,10,no,sandpaper,possibly tormented,obedient,random points,3,isometric 3D,never,boxed,dark,QmXCSH7JtCj6VP3LJ2nXJrCtCnPJ5Aa5vduV8rCxLxvwF5,ipfs://QmaV8txrVjdHzqehsAeypa4QPPssrgTdaNNmQNWewk42b1?fxhash=op83Cs8uULwKGNt6rs2hTkPsNmAEwEeXZtBn9yFa7fsdW9RmaL7,ipfs://Qmf34b6fbRSNbKywd7XEnMopzPipdq2wEqYJKbV1XUAvaH,ipfs://QmZJ5W4CLDLuvDPRHfvv1amtWwFFCxNrNFXHfr7JbVp9Br
1046708,Bright Circuits #20,55,194.13409429171043,10,no,sandpaper,randomly in love,obedient,random points,3,isometric 3D,never,circle,bright,QmXFhCcvSTPELxVSV3iRypXNugN4aMZCBDuKKDGttBiYNa,ipfs://QmaV8txrVjdHzqehsAeypa4QPPssrgTdaNNmQNWewk42b1?fxhash=ooRPvv41L313xpfZzyB5CH9Lys7noTgS9xACeKr9rWNBCfaDP7T,ipfs://Qmd3JJVeZaRWcSb4CRtNBMcyZoLAwsQrbhiw75U9HKGnHe,ipfs://QmSuouK2RrxQ84YBBZhGe6q4VF1252yi9uJCYnF2XuzGaa
1047341,Bright Circuits #73,55,194.13409429171043,10,no,sandpaper,mostly in love,obedient,random points,3,isometric 3D,never,circle,bright,QmYCpqTyojxfhBhqFN8Pu3biRxfojim9G2SGMX7EzSDfs9,ipfs://QmaV8txrVjdHzqehsAeypa4QPPssrgTdaNNmQNWewk42b1?fxhash=onjUmb55HRkBTtQpu3nUkUoQKZhoWsTQSg8U6DNEUN6LXwJMxqJ,ipfs://QmRQ2M8WqxMzxrXTrZMcAxUZp6dS4E1hgeGnigZUAc1tDu,ipfs://QmZ8KwrdLoREbbAyZhvtSm94RqTEDqHDRRHquzSBoBxTTD
1125952,Bright Circuits #157,57,193.9150143444028,10,no,glass,relatively ecstatic,obedient,text,2,isometric 3D,never,heart,bright,QmfMU1f6vhsQzaDz1DS9sxnzTKn4sYTzEs7AxgQCoFr7TT,ipfs://QmaV8txrVjdHzqehsAeypa4QPPssrgTdaNNmQNWewk42b1?fxhash=ooPPR4ZVJeA9fz1jYa4rNKb35Wpw5hRJJkGyevehYRnC1aoDzGa,ipfs://QmTuqm2gZqg6nEdd64fdTXoSaDJfGb27pCug9yT6FiPtQS,ipfs://QmRyGak68CtnUTHfmsD4SLcHJtouqXGFYNaGkjyu2JwHzU
1046703,Bright Circuits #17,58,193.566647248536,10,no,sandpaper,particularly dubious,obedient,random points,2,flat 2D,never,circle,bright,QmRzBVYgjiQ6Mq4FPydtgt1cHfs7rNpi51dyaNZGwfw9QK,ipfs://QmaV8txrVjdHzqehsAeypa4QPPssrgTdaNNmQNWewk42b1?fxhash=oo5fTtt8eoLFPo6exsfGpGhD8QN5fLfxdZFEoeWgNTnAye1xqkV,ipfs://QmPGwRHYuaSA2io5VzhMcEKMijz6YJkCCz5pek8gaYvyaQ,ipfs://QmTvmKnhND4Q57gYfb8cvRLCf9DBrNpy8CQNUevsGaHUSZ
1047196,Bright Circuits #67,58,193.566647248536,10,no,sandpaper,almost doubtful,obedient,random points,2,flat 2D,never,circle,bright,QmU1W6vGKj7jttdCTTxJvnZG7zZ99BhbXtRE2guydxQZ5p,ipfs://QmaV8txrVjdHzqehsAeypa4QPPssrgTdaNNmQNWewk42b1?fxhash=oov1VoS854aQbWwfmBEfpLRbJamEbAbN8E5w5sikPzhN6pBjKc7,ipfs://QmemhzcLhi94FnBHhLCkUiDJBRMejouF3cqAPbrn4x9DT3,ipfs://QmVLyEXj6pKKcB2ntx2QAyn8wQeSxqKPCW2kQYpMQZ7zQC
1046701,Bright Circuits #15,60,193.54176203645974,10,no,glass,clearly jealous,obedient,text,3,isometric 3D,never,freedom,bright,QmPb4AXnkPo5hAC8FwRQzvobBrJKZNJnvtx2D4TyVnzVv9,ipfs://QmaV8txrVjdHzqehsAeypa4QPPssrgTdaNNmQNWewk42b1?fxhash=onzbZwzMQMY9iL688Perb21rNumWjvPQHRk25ohHjQL7M4tMXMb,ipfs://QmXFVbnXc8PteXTWF8bJkwnvM4ArhE5d5iXgmyy3w6AjBw,ipfs://QmYWTn3rt5HKvKCF438ApPw9fQotzRVPcwF38DyeN7VaVK
1047136,Bright Circuits #61,61,193.35349449260008,10,no,sandpaper,sadly bewitched,obedient,text,3,isometric 3D,never,circle,bright,QmRdZN5Zvc356cFTG2dUzNjuELoQ23fsWAcGbeiGJaaDr6,ipfs://QmaV8txrVjdHzqehsAeypa4QPPssrgTdaNNmQNWewk42b1?fxhash=oohHr8GBdwz38VTKZqSzpdM8DNM7na8VbJGtHsAJLtfiQytFy9U,ipfs://QmSyksKUtfSj7AjEacvTamrj55soGXM3PNQCkjoCuarnuK,ipfs://QmZ2mLRrJkn8nJ1fBvAkDW48PD5udUC4NjvRfiXwtrRU1c
1046699,Bright Circuits #14,62,193.00139191114528,10,no,glass,maybe sarcastic,obedient,random points,2,flat 2D,never,boxed,dark,QmdGUchCoNr1suxZQEjwk1iub1M23AKKsMExiGE6HHBdRB,ipfs://QmaV8txrVjdHzqehsAeypa4QPPssrgTdaNNmQNWewk42b1?fxhash=opChDJSyLmczfWaaSZ8QVNbKq7oBfM6oycTBueSMRcQVuHbqjB1,ipfs://QmcyWneFtbx4gU29FS1TBsLQt34WUoTBp4QmpVs2yuQDN4,ipfs://Qma2FL1KEVyFgMH12Q9k36ARUFQXBRg3ciThiHPm2pS5AE
1145403,Bright Circuits #168,63,192.96454211203493,10,no,sandpaper,hopefully ecstatic,obedient,text,2,flat 2D,never,boxed,dark,QmZCG4m4Zso1oAWqtbGy412tUbZDH8SMpBUtzt84VDuDdx,ipfs://QmaV8txrVjdHzqehsAeypa4QPPssrgTdaNNmQNWewk42b1?fxhash=opUoKR1DbqDmZuDMz9oe34uKu7wn1nZLEtKNmibRd9GmMbY3G8v,ipfs://QmXicqRr3LKqvxx2FPR3zSQ5y8Nfmad5Sja3kAdKp2vAat,ipfs://QmaYDXZN5AQyNGiXqcrdMrTSSkR5Gfnvhe5BaovSCaducx
1046941,Bright Circuits #54,64,192.85831391520267,10,no,sandpaper,definitely bored,obedient,random points,2,flat 2D,never,boxed,bright,QmVnPDiSYk5ADVPCvtCvv16F967zoYiDc6T5pxvuYFYGqx,ipfs://QmaV8txrVjdHzqehsAeypa4QPPssrgTdaNNmQNWewk42b1?fxhash=ooLH2n6PwwCmDadRVUeBWkdRWPqwZafPAYoKYWzvXY9Db2QJTUs,ipfs://QmRS4hXcbQV8GCr9nKN8ZVNcJsLMazQJmsELoaFqrDmiJp,ipfs://QmXYhjoMxKjbGVyKZhB48fPMWeZsEQXuewYzmv1FCJo9sU
1134490,Bright Circuits #160,65,192.82289724853598,10,no,glass,particularly creative,obedient,random points,2,flat 2D,never,circle,bright,QmUytnq5aV3bCnmYYuuDdYGoUrvYrAxHuJ3Zcgat7MTmPd,ipfs://QmaV8txrVjdHzqehsAeypa4QPPssrgTdaNNmQNWewk42b1?fxhash=ooZoBbHMYzkvGBchoFPuDXCqZVcfS3UFWar1V261hrTskYgD9nR,ipfs://QmcnTGzR6cG96keQPPsVtHXpGTZGgDQK1YZXwWZGaQEobF,ipfs://QmT9zE648gmkVBvoLBVqmWpkzhYdvWmrrVM87bWZqetYTi
1046712,Bright Circuits #22,66,192.78823915520937,10,no,glass,mostly tormented,obedient,text,3,isometric 3D,never,boxed,dark,QmPD8iHizLwsrpX3169ps3BL9fAgEcRtt3oJRkyhjuQZnM,ipfs://QmaV8txrVjdHzqehsAeypa4QPPssrgTdaNNmQNWewk42b1?fxhash=opWF3B555HfuoeACkZUoQk6CjM58Fe9fZKKEk3YrXenVRzmC2Hs,ipfs://QmciJ7XhkGrG6zavzY87qLCiPy47svCwdHnWvWCSRr2Vqn,ipfs://QmcgcDnErCw711DB8ozNH3FEBcwxft7ZCbFrGTCThzW6kk
1046731,Bright Circuits #34,66,192.78823915520937,10,no,glass,slightly pessimistic,obedient,text,3,isometric 3D,never,boxed,dark,QmYsf46aFBohxuzBEcqc4dBJRgATY4mMiKn54R8qEVpRfb,ipfs://QmaV8txrVjdHzqehsAeypa4QPPssrgTdaNNmQNWewk42b1?fxhash=oo5WDH7BJZ1dR9iEopSb7La5juMQeGbDp4i9nzVrgAWSeef8uE4,ipfs://QmeKcjEnW8tMjFWQmqJrupQUnNMzAFYNb751iV9db43vxK,ipfs://QmT4uQxGwFrrAGCyfZ1Ro5rxdv5SpqfQhJqFFyuTnTfyKN
1047548,Bright Circuits #96,68,192.6820109583771,10,no,glass,potentially alive,obedient,random points,3,isometric 3D,never,boxed,bright,QmchYif1ur6RSRkhPD2sS2VbrVTGWET7ac4285BG1CDd3b,ipfs://QmaV8txrVjdHzqehsAeypa4QPPssrgTdaNNmQNWewk42b1?fxhash=onvR2xU2XGNHzVsSUwWPB2RTuxDEUdTP3vduM5uNAxfDXHuaKsb,ipfs://QmY8uR7fMaqRdcN6ZhEinqV99vNkFZBi4J3TEmgCLRdYRu,ipfs://QmfA6gn3szpcj8X9P6kWxDyAsXHpkZui2kgpLeffv5EQBm
1047643,Bright Circuits #102,68,192.6820109583771,10,no,glass,randomly happy,obedient,random points,3,isometric 3D,never,boxed,bright,Qmf3ydVu7JYPVhyYXdmPqcyT2X4k5G4oqPieei9HKq3gAW,ipfs://QmaV8txrVjdHzqehsAeypa4QPPssrgTdaNNmQNWewk42b1?fxhash=opYvpxozSXHMajU36G6EZszQFVG6MGUV7DVdzrBxW92XcA1pQ8z,ipfs://QmXJf6z1rEXGRYWcpH6dgXRLm1U7pHQTc6gnf5Fnoppm9F,ipfs://QmboDNdv1t8XNwNz9Z1NYxd3NwtFkkqbXp1CNDPqEekN43
1066258,Bright Circuits #152,70,192.59359461923697,10,no,paper,vaguely hopeful,obedient,text,2,flat 2D,never,circle,bright,QmRphbVwQ95KsdNQN838nniBCuaeKgGanfbuDLUmdNB4xm,ipfs://QmaV8txrVjdHzqehsAeypa4QPPssrgTdaNNmQNWewk42b1?fxhash=oo7L6i4WaTdSYmKD8X6NhpSbUuqTGJ3V13vaarZUAFPkkkknhaj,ipfs://QmQhspbaJC7z7MNDx5X3aKqdeV3kX5Hmi1BK6n9zxyAspG,ipfs://QmW9Z4fnTA145czXTgi4WvvBDfKrpcRAnNu26SUuNYxAPZ
1046730,Bright Circuits #33,71,192.4527083290781,10,no,paper,mostly optimistic,obedient,text,3,isometric 3D,never,boxed,bright,Qmf8gkEcxNxSYXuUqGwuXybhPZCosnjrFJ9A8n8sYvu9er,ipfs://QmaV8txrVjdHzqehsAeypa4QPPssrgTdaNNmQNWewk42b1?fxhash=ooCZzJAvGJqHLEuqUKTG1HM193Hfyfsc4ApT6UsG59yHCQ2DVLw,ipfs://QmS4qWG44bTyzEzGVewC6gFs8DTUDiieFQTCtJvYviQGC9,ipfs://Qmf9PaaHAXfG74TShjKyPcTQB73HQ6LcikJLUChigxhEpZ
1047361,Bright Circuits #75,71,192.4527083290781,10,no,paper,possibly thrilled,obedient,text,3,isometric 3D,never,boxed,bright,QmSuKQdaNBHgPg7BN5M9TR79UL33hf3msLLjRxaEhDmaZq,ipfs://QmaV8txrVjdHzqehsAeypa4QPPssrgTdaNNmQNWewk42b1?fxhash=ooQ7qgBQxhaLzJrJVyyUrKxafrbENhoqxoWLJYMrtB37sH2zXdr,ipfs://Qmd56Qi6pxFP84Gz9qTSEwfUnCj3QKdGNv89mXKP6PQyG7,ipfs://QmeJ6RDSxvETiEFU6iKo4SLyq7tnhMHZtjR1aFMSunaLba
1125942,Bright Circuits #156,73,191.88526128590365,10,no,paper,sadly optimistic,obedient,text,2,flat 2D,never,boxed,bright,QmXkvy22N8dbaXL9zhyqYtddViYRs6LXxjadVod8km5Mxz,ipfs://QmaV8txrVjdHzqehsAeypa4QPPssrgTdaNNmQNWewk42b1?fxhash=oouBSttZGozp47k5hYdm8Qn3NqGKFm1wgeWr3Reb1PWwr9dTU2P,ipfs://QmVexDqxuniWehRbajY3fxmFHCVmmoFinBSU1k2p6Gvgsu,ipfs://QmbTcbiKFkfxpnASFPqDJJ3XF56J2XDR8WsjHDG9XqqqQZ
1047688,Bright Circuits #106,74,189.46654301664876,10,no,sandpaper,increasingly thrilled,obedient,random points,2,isometric 3D,never,freedom,dark,QmPdGzQgqpMjj5RDRows4hskVdJiFoyENqrL5KuKCZZXqt,ipfs://QmaV8txrVjdHzqehsAeypa4QPPssrgTdaNNmQNWewk42b1?fxhash=opA82AJdDmac33jJFHfRGqQxmtLtH5jBVRuWDfEkxvvYk8os64a,ipfs://QmZvVZrHRdtYQejwLychnJTWZ6PsmvDRqd6WMCsrNSjGMH,ipfs://Qmbkk7bptuwrH2kCPWMmHn8fMdTfQJgYar4susF3f82AHW
1053904,Bright Circuits #126,74,189.46654301664876,10,no,sandpaper,strangely adorable,obedient,random points,2,isometric 3D,never,freedom,dark,QmPQGtLmmBjS3Bk2wd5xMfkehSzgECvSocZV3Qin46q83P,ipfs://QmaV8txrVjdHzqehsAeypa4QPPssrgTdaNNmQNWewk42b1?fxhash=ooMeKjpBXeU79g4F36DMJM4QP5Xb9YnAvRJyX87uFRSUnh3W1QQ,ipfs://QmUXTswwwekT24rbNq5DPvZfF6URKoUTu1Nbmm5HyjcgFf,ipfs://QmYTsxh1xHfwL9AjqiHDPWN2TjF1mxXkFkdeGD7MqwHNsv
1055492,Bright Circuits #130,74,189.46654301664876,10,no,sandpaper,randomly puzzled,obedient,random points,2,isometric 3D,never,freedom,dark,QmVmUARB1vdUCdi6ssxdBPtQsRns5gj9KAThsuUzPWwedk,ipfs://QmaV8txrVjdHzqehsAeypa4QPPssrgTdaNNmQNWewk42b1?fxhash=op1hTGhUJUGYANhJ5gA1SzGCEwcxCAyqWqwXsJvokSDbsoN7w8q,ipfs://QmXL3otYKw8bWeTZhuJctfZedyYpesfhH5kPbtM49ahSy5,ipfs://Qmc7FGyMFvRirwc6zQAM4EHvBunJ8SEHPhWURASQa8Enkq
1145402,Bright Circuits #167,77,189.27409018646009,10,no,paper,tenderly confused,obedient,random points,2,isometric 3D,never,freedom,dark,QmWncGxesfK5P4EWdeqV72VEZkb1mMdYhUjQGf6BrSHbtZ,ipfs://QmaV8txrVjdHzqehsAeypa4QPPssrgTdaNNmQNWewk42b1?fxhash=op8LxZQ8x3T1PzwqrPpedKfazciNK8cbobQDtUXYWa9sNPMABXr,ipfs://QmUnzZPJHbxtQ8t3tmjCPb7wSr1m5oCdsFfPNtm6dw1B9A,ipfs://QmczpQc61fgQFYW2naWwm2jKxVeWRSyf39fSmgDtkz4HGa
1046713,Bright Circuits #23,78,188.57971502070615,10,no,sandpaper,eventually cute,obedient,random points,2,isometric 3D,never,freedom,bright,QmNujuoQvALGV3vjDW1Xkxd2YKYXujrBhTew5Yc2k8GtAS,ipfs://QmaV8txrVjdHzqehsAeypa4QPPssrgTdaNNmQNWewk42b1?fxhash=onoh57NmKD4gJBPk1qUKnswagWEBbNrVbPPWrkGCZ8fFj8E5zJF,ipfs://QmYZQ6gGeS2i1NkNVpEDb9XNPBCQJQEw4N2n3mHKLTZSB7,ipfs://QmU2R7y189mqJ6dkLusnWMHDpMLeZ6nVgkcrjNAG3ftMrs
1145387,Bright Circuits #165,78,188.57971502070615,10,no,sandpaper,blissfully bored,obedient,random points,2,isometric 3D,never,freedom,bright,QmWUBRexjHUvhscnYLhMZssBiL3eCTggRwGAw6TBvVXGJB,ipfs://QmaV8txrVjdHzqehsAeypa4QPPssrgTdaNNmQNWewk42b1?fxhash=ontNHreAjLEA674eJiuqYDdbAR2aarVHWE9zUfhQ2vJwzMSXwvp,ipfs://QmP9sQsm2gzPd492XbepDq3mkBhTKZyJVCtqpEiKY9DoHP,ipfs://QmYw5ZKYUPwjsP35ZPac4cJrwpRmtVwmHD3kHe6h7nCPed
1046773,Bright Circuits #47,80,188.49349038734974,10,no,paper,hopefully lustful,obedient,text,2,isometric 3D,never,freedom,dark,QmPB8zpzTsMMSv4xmZbojVNRVYATdSTzbcmsrHVp5FgkPL,ipfs://QmaV8txrVjdHzqehsAeypa4QPPssrgTdaNNmQNWewk42b1?fxhash=ooRZCoxpTmxXbvfSiVtyje46JnPY4WZLTfXAtUBVB9VAq8hrL31,ipfs://QmbC2YQxHxj1SzGbxDDzHxn2smf7xXjDQXk1EQZ2H9sNZQ,ipfs://QmQoStDBJMiMY3oivvdDKoTCZhQPFW9PxTvJzH22yXnPpQ
1047519,Bright Circuits #90,80,188.49349038734974,10,no,paper,tenderly angry,obedient,text,2,isometric 3D,never,freedom,dark,QmVypTmKniZfCAMu4U3GhqAmusYoSZk49Q6KXdzMU9DGnS,ipfs://QmaV8txrVjdHzqehsAeypa4QPPssrgTdaNNmQNWewk42b1?fxhash=ooZLJUZT2GvehxALYTU1YKb6NXChm5voYf1H6KyfGQBNLDsYqcb,ipfs://QmY54nLzSr1muZuUPLEFq1ak8B72vLSjNekqkGeUpZ47SZ,ipfs://QmboEAKZPePm8c7T3B8Y9EyMUkRZKkMkiJVX9oAdUjJi6P
1145384,Bright Circuits #162,80,188.49349038734974,10,no,paper,slightly ecstatic,obedient,text,2,isometric 3D,never,freedom,dark,QmWT7mEu6Bwxdo9PfQWjoToD7Fjw9654Z5UgrRHqSbL8m1,ipfs://QmaV8txrVjdHzqehsAeypa4QPPssrgTdaNNmQNWewk42b1?fxhash=onkpQiecTFmV98FfYhViQT6RSmkJ454BmAni4AnD7SamFCHPK58,ipfs://Qmb64tv2KRsb7bzWTLiHCniiQf1daUr251SS7u4nqhCofo,ipfs://QmcMQ7r4vfQeX9jyjB3FDMV2f6w9a8WDwqGMDHbBUyUJH5
1046821,Bright Circuits #49,83,188.38726219051748,10,no,paper,nearly ecstatic,obedient,random points,2,isometric 3D,never,freedom,bright,QmRfZB8KBCyBFCbcwfbuisXLmsKPH29UGKSq35tCRtW62H,ipfs://QmaV8txrVjdHzqehsAeypa4QPPssrgTdaNNmQNWewk42b1?fxhash=opRcvosqrvWNhBaKeieNif5Uv9CEAczh38xXRu927XZrVk1kbAY,ipfs://QmZVyM6Rf56EUGti8DV57vEvqxSPq8AKzgNNkpgehUj8Ce,ipfs://Qmf5itQptBrzJWxMqq7Hod3eEPvb5zGsiuReFbk6m7TppV
1046838,Bright Circuits #51,83,188.38726219051748,10,no,paper,bizarrely deterministic,obedient,random points,2,isometric 3D,never,freedom,bright,QmPtdF3z2QvmFaNbGjj4yGNccG2kqkeuZegFJzxzY9DVbo,ipfs://QmaV8txrVjdHzqehsAeypa4QPPssrgTdaNNmQNWewk42b1?fxhash=op35w8ZXcFtNGZYNhkLCAQLFfWDj3wWYLi5uMbZxSiMXmKkDufm,ipfs://QmWWdF2kkDnVGH8hDVJtPjqySX3pZbwGdZd4y7dUUJLERg,ipfs://QmV7ZQTRtmwpbR6FtbKR5736rvPiamiPoRqqYLshM3GbP4
1047731,Bright Circuits #107,83,188.38726219051748,10,no,paper,strangely tormented,obedient,random points,2,isometric 3D,never,freedom,bright,QmVhnFu24iPDeAweVo1NtquzShSBqD27hF6PsmUm5vXiCF,ipfs://QmaV8txrVjdHzqehsAeypa4QPPssrgTdaNNmQNWewk42b1?fxhash=onxxMjczVUoGw4HkcD9wp3HUC5HjhHwJtG28va69MdMtTK5kL8T,ipfs://QmUVd3HYTmuFHFs8NHLwhjivdCBEQTmxjR82LPYVnk9pix,ipfs://QmZaTiF1DpHiDUk8hMeMUZ2qM3cm8N8fNUhmTnXo196oC9
1046736,Bright Circuits #37,86,187.9421932175384,10,no,glass,plain optimistic,obedient,text,2,isometric 3D,never,freedom,dark,QmP2NaeYozYnBjcnHFtZoKejuk7wuHqr5q6j9WFuzhrr5g,ipfs://QmaV8txrVjdHzqehsAeypa4QPPssrgTdaNNmQNWewk42b1?fxhash=ooJwWub87RBkCDHD4SKCLRxuRr1rJCaCoTgtXwJpD7cJeWcRouP,ipfs://QmNvsn58i8xzvKDbLkFG2bmcDWqkQardqDX78syJPkT23Q,ipfs://QmRbQC22Q61VuzisrNHhx8oBtTe8aw32nSnJDTWR2pMzM1
1047362,Bright Circuits #76,86,187.9421932175384,10,no,glass,probably lustful,obedient,text,2,isometric 3D,never,freedom,dark,QmQH23B3FaDX1nt3YEAJ2cQ7jafX7EtdXJiiRnMoK3kG58,ipfs://QmaV8txrVjdHzqehsAeypa4QPPssrgTdaNNmQNWewk42b1?fxhash=oozpcpzs3GYArVV6B6g85EB2LteFeN8gMboLJT8u2Qf7muz1ZMH,ipfs://QmaB2jj6SgMKu4BufT29hpZiSU3BgQATzQEU4mwzT1THia,ipfs://QmNSAkGQEKN9ZJMgEoxGiP2tp7G8xnzWTQn9uJbDRxisgu
1047375,Bright Circuits #77,86,187.9421932175384,10,no,glass,shamelessly relieved,obedient,text,2,isometric 3D,never,freedom,dark,QmS5gEUfXGFVJ3GQSojkpfmNDcgDho1AzNKgjFsj7WZkF6,ipfs://QmaV8txrVjdHzqehsAeypa4QPPssrgTdaNNmQNWewk42b1?fxhash=ooRGGGURyJRtpZ2EVyFwhJPuFU7oCoYmsRbd7VERdGiTfAMJmBm,ipfs://Qmd1WgqBZmatq1DPUzDMAtDBeScov8w3S2sUHeKPJMX5dP,ipfs://QmdFTGnj9uF95BHPyjbcW6VbrxGvAU3DQpHzwhCWjW8bsK
1047199,Bright Circuits #68,89,187.83596502070614,10,no,glass,almost shameless,obedient,random points,2,isometric 3D,never,freedom,bright,Qma7fmrRWisDRFyBY1hRHSV9jviDpExHtP4o9nvKpfDFjp,ipfs://QmaV8txrVjdHzqehsAeypa4QPPssrgTdaNNmQNWewk42b1?fxhash=onr95qiTtWXC17jDFsoos9Y81d5FKkbWtbQd9GjZdvhEjcGpBc5,ipfs://QmdYX3u6jmCHQbHgnJahK97scs4aocbuJAYFZ177QQYdCE,ipfs://QmUqT6uc3QYb77x9AU81aXmvx9dtpFU4SDjXtDnVLX7oRP
1047459,Bright Circuits #83,89,187.83596502070614,10,no,glass,partly nostalgic,obedient,random points,2,isometric 3D,never,freedom,bright,QmZU9juYcav77XBV258pnVqFcLp6RjXG6duGMBuihPuwUs,ipfs://QmaV8txrVjdHzqehsAeypa4QPPssrgTdaNNmQNWewk42b1?fxhash=ooZ1uMiHvzgPKJ2zLVyfAfME5eJTFDLQh8v7sVnkMbuzxU7Z6Je,ipfs://QmWi1kWBujVgkgszCe6UsMmi9JEFQ3jGp6vfj98WQW8D5f,ipfs://QmXiNMgcqn71CpUwU1NwJ6YLy1DYxArqQtwKZjetxxx1io
1046687,Bright Circuits #6,91,187.82619213945577,10,no,sandpaper,nearly envious,obedient,random points,2,isometric 3D,never,boxed,dark,Qma5aYs3QZn56gbUbt5pDqozE5JYqiTYj7PP7A84Wh45is,ipfs://QmaV8txrVjdHzqehsAeypa4QPPssrgTdaNNmQNWewk42b1?fxhash=ooaK39KkH8Fhqb9HyaD9Yfoj1n5Vc2jadc5N9EhnceFbSQXdSTs,ipfs://QmaMDiU12rjovrKj577YtVx2yQJTDNdPYCWvvYHUpBP7ap,ipfs://QmWhqPV48B4f3dWScYzR3LM6RrLtKJ4vMBpEfWixzjjREx
1055782,Bright Circuits #133,91,187.82619213945577,10,no,sandpaper,relatively happy,obedient,random points,2,isometric 3D,never,boxed,dark,QmV5Q1qXzn8TBzEK4ztp5jxTbBNJn6ANABBi1aPkYbdfbM,ipfs://QmaV8txrVjdHzqehsAeypa4QPPssrgTdaNNmQNWewk42b1?fxhash=ooBhQCm2xpHZVkZpMCSSR2okzFuyYAFwLi222HaWnkNG43nvN8F,ipfs://QmdHk9zYekMD8XZNxAKub7Tk3RWq64xhBVMr1dfkw6BGLB,ipfs://QmccvwnqT5xqsus1FiWRGceFx62kRFkF1ybbiL6vXP79Mi
1046716,Bright Circuits #26,93,187.79077547278908,10,no,glass,almost adventurous,obedient,random points,2,isometric 3D,never,circle,dark,QmSMeUbRREtvsjvNtgLETX1ddY3c67yby3EEGzvWJ9tDoD,ipfs://QmaV8txrVjdHzqehsAeypa4QPPssrgTdaNNmQNWewk42b1?fxhash=ooirgHno6bCcwttea9cDcriV3JAZVFcJKLKrXN2BEJmBUsKRVXJ,ipfs://QmSkn3uJjyBPcxpuVRgET6dTnywJNBhxioCisNLn6Sig7B,ipfs://QmWvXy1sk5MYg4EnPz43h85pgpqTsjVPctdFhTMp79bAsG
1046996,Bright Circuits #58,93,187.79077547278908,10,no,glass,probably alive,obedient,random points,2,isometric 3D,never,circle,dark,QmeP4f7qawBHubY8jWUEHifjYw1MELmM4RQa9T8nr6FaD2,ipfs://QmaV8txrVjdHzqehsAeypa4QPPssrgTdaNNmQNWewk42b1?fxhash=onnDGHCQCtzTN4B2wFJiRH8Z7Ja4vAtrpdBYhjuLoCRzpb9W9fp,ipfs://QmVBj9EU8RrFMcGR8nc66Th6zEiytKnB9Lr9uEAMbSa48p,ipfs://QmfW4off3Ao6JhrMhidKbcSPfYXXW4Dg3nmWudqWKzbFGy
1046737,Bright Circuits #38,95,187.75392567367874,10,no,sandpaper,strangely puzzled,obedient,text,2,isometric 3D,never,circle,dark,QmReBQwWsj5wmi8rZA5ghw6GCYzv2UxwKLLyLhccPdght9,ipfs://QmaV8txrVjdHzqehsAeypa4QPPssrgTdaNNmQNWewk42b1?fxhash=onz5YZ232ajtDUGFdfmnE5SSzKcR8UJdxkk48Sx4V6iLV8cmWPZ,ipfs://QmfHuiUYd3iKnAcbWKGiECSL32EURFUhbVHymspqJpDxMe,ipfs://QmdyKtwofASE8KzeRvK7pJEEhosEZB5Gd38hBPFr1u1NwZ
1047395,Bright Circuits #78,95,187.75392567367874,10,no,sandpaper,bizarrely loving,obedient,text,2,isometric 3D,never,circle,dark,QmdB9eyzsUiTuJzor53NBaS7Nvpj9ttrAdDpLC1ikswN7C,ipfs://QmaV8txrVjdHzqehsAeypa4QPPssrgTdaNNmQNWewk42b1?fxhash=ons7EsvJMSTbcxb6DUgEwxnAxNh8Xh3FgiyAJyzdGahVeW4PPxs,ipfs://QmWvon9G2pEYh6GsQzQg2d9jGVgGERbVeNqF1KjAPGLHDK,ipfs://QmVix9v2d1F51KtzNSED7Wphu3k7MM5EyGaQWmQpgYMnbk
1063615,Bright Circuits #145,95,187.75392567367874,10,no,sandpaper,eventually hungry,obedient,text,2,isometric 3D,never,circle,dark,QmVmMDeED5NPDrfFWTq69eAaLsJa87XcfaMV6W6BvkHWHf,ipfs://QmaV8txrVjdHzqehsAeypa4QPPssrgTdaNNmQNWewk42b1?fxhash=oodNAbZBFYPxZ48Prr5upAphZXQHNPkKcGGBwzshjCe22th2ev7,ipfs://QmVnF1d2pJ6zH7GYPps5j9qAnMdJj1aJMyea54m8UX29tx,ipfs://QmbG6T6t3nTZD324uJzNrzKVxPYsuadfuFtJwGCRX2SHSB
1047192,Bright Circuits #65,98,187.64769747684647,10,no,sandpaper,randomly satisfied,obedient,random points,2,isometric 3D,never,circle,bright,QmP681F8tswzpuju7BvEvLfvRfrzMq3RKLP4HYDxYd98Ec,ipfs://QmaV8txrVjdHzqehsAeypa4QPPssrgTdaNNmQNWewk42b1?fxhash=ooWh7EbY4wtjhWcbG4GRSgQkFmfTrK25WT5xcTc38CcbPyXTqLT,ipfs://Qmd79Esfqv5K1xMmVDCx5ZWYDCLiviQC3PMTc5z8rgkTpU,ipfs://QmQKGbfcMeYDQTjSvXZLjh6DunvYvVtMNQD9UosC72tXex
1047227,Bright Circuits #71,99,187.6337393092671,10,no,paper,tenderly proud,obedient,random points,2,isometric 3D,never,boxed,dark,QmY1Sh64NcAbBFX3aZccqQPozoUdCzvZe5pd1N2i2MpR1K,ipfs://QmaV8txrVjdHzqehsAeypa4QPPssrgTdaNNmQNWewk42b1?fxhash=onhqgYbL6sHjn39NiR8R238W82de57r2Fe27eUNrTdyPcYAHRS6,ipfs://QmWPPxGb89BPprt4ENTjFcGkf1FDZqFRjcEkJkfDQuj797,ipfs://QmQnjyDesrk8KCKyRKzcpNfnxAoF7H9FW5LPVnocGx6KEy
1050658,Bright Circuits #120,99,187.6337393092671,10,no,paper,tenderly hopeful,obedient,random points,2,isometric 3D,never,boxed,dark,QmVN2efUi5CVe5RffzZUyY5cB6BfkqZeRfwzXNuYVamS8n,ipfs://QmaV8txrVjdHzqehsAeypa4QPPssrgTdaNNmQNWewk42b1?fxhash=opWQy6Wv9JNMPhQWVgdJx7Ff4iQsGtz6xo9sDEXPXFpNJKZbTCe,ipfs://QmasdRtPmMgY7SWHfi71vpGArpxDo2HaR1KAgGjD24ad2q,ipfs://QmT6pQrqBqgUiUp5ar93o8gN3BiSnfGtAVrjjmWGBCpqtd
1087632,Bright Circuits #155,99,187.6337393092671,10,no,paper,almost anxious,obedient,random points,2,isometric 3D,never,boxed,dark,QmS4gSNy6dBBy2Lz6rqd6RbT27NumFVJjvZLSvKY9DwbCn,ipfs://QmaV8txrVjdHzqehsAeypa4QPPssrgTdaNNmQNWewk42b1?fxhash=onnXJDT6wRwn1d5oaXxYc8zPHzb5spg7b5qK3zfrRfdwgU3A5hK,ipfs://QmdmTZW9mio2cJgEEKKpgY6DJtW5cbqoh8m1TgNrERsYDY,ipfs://QmUw6aKimZ21nBGumokcRco5YLAsAVxoWa7zk34trAG8dh
1047302,Bright Circuits #72,102,187.60666239140713,10,no,paper,plain nostalgic,obedient,text,2,isometric 3D,never,freedom,bright,QmPQtT3EDziLNeTndm7PBAvM9WzKrYcAEFPbJdH3AYdYPB,ipfs://QmaV8txrVjdHzqehsAeypa4QPPssrgTdaNNmQNWewk42b1?fxhash=oo2bsAuRK1iczjvVut9FB6kDqU878i6bUKmz2sHvfBbacMS3mRZ,ipfs://QmdtBkjV4n6u7gsYs92MmMJVbjukg47fuJTCPiN4A3MuJ2,ipfs://QmPNbLbDkFm7j2odLC586dkb6s7yTvRM34HHG6BW8txEx4
1046824,Bright Circuits #50,103,187.56147284349007,10,no,paper,potentially adventurous,obedient,text,2,isometric 3D,never,circle,dark,QmQCkLqDedwHYzwkUQRVBohaUvBz3L94sTAyngjWyfgowP,ipfs://QmaV8txrVjdHzqehsAeypa4QPPssrgTdaNNmQNWewk42b1?fxhash=opDF57G1jUHGjp1vpcHRQkHdzmZ41vypgwPR5LFtWbubjbRTFPb,ipfs://QmdBiuukScBxzQtm5xU8UvKU2AXdKaHh64sN5KjBzcj7cr,ipfs://QmaJxUZe6bp3CSkJbL633fzr1MKnXvYr2KPCYEt36M2Xvy
1048097,Bright Circuits #112,103,187.56147284349007,10,no,paper,vaguely shameless,obedient,text,2,isometric 3D,never,circle,dark,QmY661JbU3pUV1tJwC1ir2ChkMBzk9oGATfdykC8T1p393,ipfs://QmaV8txrVjdHzqehsAeypa4QPPssrgTdaNNmQNWewk42b1?fxhash=oonfnm6AwKLN7xWdqvtW49piJd2ATbcpkdoPq4BcS7FwraoSE3X,ipfs://QmeVLxcS2y8iupuWkhHfYriWzWSsSnHZQ7MUecJ5SNjQFn,ipfs://QmXB55cZ1JBYg1es7tNUeo7NrogADNLoN67tcRN3rrZJFH
1055499,Bright Circuits #131,103,187.56147284349007,10,no,paper,clearly amazed,obedient,text,2,isometric 3D,never,circle,dark,QmchwtSKBiJ9vTXUNYk9qAsTvGz4wdcjBu5SEotvgNVPtK,ipfs://QmaV8txrVjdHzqehsAeypa4QPPssrgTdaNNmQNWewk42b1?fxhash=opA9PcvGcSESQtswEGFDzCtn6RbwyZF8xX9LXnvP4eyL3Hjpgst,ipfs://QmQMo7mt5V4bN34uYaJGZuuxZfwYWdf262pWs58ttvfhKQ,ipfs://Qmb21TvZz5k7arXqaEMZgxTLNnQCZztrC5Jc3a1GuP2aoB
1055884,Bright Circuits #135,103,187.56147284349007,10,no,paper,maybe happy,obedient,text,2,isometric 3D,never,circle,dark,QmdDb1GcYcsZKKSEUh8Bv9SmvL5hgiYfQe5F3mkSc3tee9,ipfs://QmaV8txrVjdHzqehsAeypa4QPPssrgTdaNNmQNWewk42b1?fxhash=op2LRFiKHVe82QrRYcHhSRG7dbFpBQvRiVLmcPPXB8LBRJo4SSf,ipfs://QmX8RJaWNdcoXP18jT76DoJzf5ixDbUigi4c7LCQR1b6No,ipfs://QmaLAnBxcp1uzfzoZvJgvLh3XjfkHeUfXpFZgoPY2iYsao
1046963,Bright Circuits #55,107,187.4552446466578,10,no,paper,maybe satisfied,obedient,random points,2,isometric 3D,never,circle,bright,QmUdA7P9uGqQESs6p4derhnMBHsT1jf18MDUtBJS9CsCpm,ipfs://QmaV8txrVjdHzqehsAeypa4QPPssrgTdaNNmQNWewk42b1?fxhash=oooK9myx5xm2BvjDLEPPN6hRdsEYF7UjtzzaLdpNpucgDcPiydm,ipfs://QmQjeMVt5GVURbDXLKGodnWaWmoMG3AnnFRhTBi3tcKDUQ,ipfs://QmdxM1KdLB4yjKyztGq9qAZqUUvACpA7BJArqyxR5wKAUF
1047141,Bright Circuits #63,107,187.4552446466578,10,no,paper,clearly ecstatic,obedient,random points,2,isometric 3D,never,circle,bright,QmfLDd1bjqVKkfs3ATeSKhDjUkqopNt2btk1MQobz2gXRo,ipfs://QmaV8txrVjdHzqehsAeypa4QPPssrgTdaNNmQNWewk42b1?fxhash=op4DqwZXgmjJr4e3VJbxjansRm8Fqt2dSY5SMSgpKJwuc3nPWbe,ipfs://QmdhAhsxi3qm1hNioUu5z82LCxu4kmwZ5nzzEYcCSVg5HY,ipfs://QmYwEhVmQEsz6QAtn9mpyFeeF66y6EVLV4xfwQT7W118tZ
1047215,Bright Circuits #70,107,187.4552446466578,10,no,paper,randomly grateful,obedient,random points,2,isometric 3D,never,circle,bright,QmV6pmCm3EzHfY3Jyw1huubVtP37myT3SfRkpbzV74Cbw1,ipfs://QmaV8txrVjdHzqehsAeypa4QPPssrgTdaNNmQNWewk42b1?fxhash=onstwivfcs6jv5A1vx1qo2uKqpLNtuCFxVjePVpbhMVtynXD8UG,ipfs://QmeXwmxN7JXJDykohsww7C4A3SEReXh1vy6pdARzgRkcH1,ipfs://QmRxVGkbtRpwKUbbmWqcdnnkobswxxvx2rGs3LwqgEDPY3
1047462,Bright Circuits #84,110,187.08244213945576,10,no,glass,almost ecstatic,obedient,random points,2,isometric 3D,never,boxed,dark,QmbH7AhKipGyjazJb1oyfWrXmji1p5f7xoc69ps1c7xf9b,ipfs://QmaV8txrVjdHzqehsAeypa4QPPssrgTdaNNmQNWewk42b1?fxhash=ooUoJ4eX3tEUmM9xp5FQVKNJAQ2YwqLwqRNn6a36zf42JWYYH5E,ipfs://QmVcUNfsoFogX7T7b1NThBcVGox8JVUgBbnUux2wNUGJuL,ipfs://QmUBvyeP9B6en4sxStah8ThNz5cowM5b9kf2eZcjVp2HkJ
1047635,Bright Circuits #99,111,187.0553652215958,10,no,glass,mostly loving,obedient,text,2,isometric 3D,never,freedom,bright,QmRFk2waoPzCmb5n6Ac6J2Fa6fNNkWPpZa4RESF8LsbRwz,ipfs://QmaV8txrVjdHzqehsAeypa4QPPssrgTdaNNmQNWewk42b1?fxhash=oovpWKaiWcTfBQs9LsBrWaZ16y9CJG6XrK3QhJ3i82NJke4ZWzD,ipfs://QmedHdMmfPrS84sYfoauExmTjn54zo2v5UByJgbbKUdbVb,ipfs://QmUZYPRqgGiGTpy1bMtVXzbyfr8H9Xdxtq8rnKWpqeVNN7
1046526,Bright Circuits #4,112,187.04559234034542,10,no,sandpaper,hopefully proud,obedient,text,2,isometric 3D,never,boxed,dark,QmUkfDAX2EaHeDof7X7fv418Fd99M4gQaPbzqpD3sy8tRb,ipfs://QmaV8txrVjdHzqehsAeypa4QPPssrgTdaNNmQNWewk42b1?fxhash=opZdmnLZPDHqkkGtvV59Ryu7ADgcWvsnWY1GSmQod7V9pMm2TnD,ipfs://QmWfemoMG6p8FB9pDNY21FASGe398YNJbGqCLyPDmxyiRN,ipfs://QmXQrqF1Xixag7UjxwdyorsbzcPj3CiwHpEMNJ5WscJqVL
1046746,Bright Circuits #40,112,187.04559234034542,10,no,sandpaper,maybe bewildered,obedient,text,2,isometric 3D,never,boxed,dark,QmUE4wKu7LpWB6skNZqCr55xGd1GFmRZBaUoQFEy7LiEyD,ipfs://QmaV8txrVjdHzqehsAeypa4QPPssrgTdaNNmQNWewk42b1?fxhash=ono61K7ruaXJXntHSyqynZGMhFFzf4caiNJvTbobdpZkHS6v2dx,ipfs://QmbYhmbGxQzaZpCwJVByE5M8MXkUtxBotKznBHKqrpHGng,ipfs://QmXSnS5VAMd1AGFBDVdRSuMVFX3LhqCefPQSs75ygQUjJH
1046758,Bright Circuits #44,112,187.04559234034542,10,no,sandpaper,plain thrilled,obedient,text,2,isometric 3D,never,boxed,dark,QmXkTYTH2erZ9kdyn48Sp8YxNDrWoCg8AtfvgNed5MSpHb,ipfs://QmaV8txrVjdHzqehsAeypa4QPPssrgTdaNNmQNWewk42b1?fxhash=oo5mEeQstTB9r9coG1ZtbTzuQEBYeESYuNidMpGQhedRY3z2GG2,ipfs://QmXFCD5yE14PknJZYeBaNFmtombYTGfuregJkozdN7JBgX,ipfs://QmSbUHTxQ7ZTKrJxcLcZYB3RQRhjZYgY9GmJM9bupRY8Cz
1047650,Bright Circuits #103,112,187.04559234034542,10,no,sandpaper,mostly melancholic,obedient,text,2,isometric 3D,never,boxed,dark,QmZR1JsXaWM3r6BrjnQBAfkVSEmWH5XkVynYFvdCrJsEnm,ipfs://QmaV8txrVjdHzqehsAeypa4QPPssrgTdaNNmQNWewk42b1?fxhash=opZgmFXHabfyxKKxm5hzEDTmJCtvTMozDXMjCwx4jvAADEMhvH5,ipfs://QmPctBQc7iq6NgbeCfgo7tGU529WVbjupRkjTwmkAJHBKp,ipfs://QmfHZhGsUp5mqfmYSmj4VLqme76fBnL7dgarYykaofXvjN
1052590,Bright Circuits #125,112,187.04559234034542,10,no,sandpaper,potentially delighted,obedient,text,2,isometric 3D,never,boxed,dark,QmPFjheTHp6UH2WTvLgmXMddd4rhWiZufbbzmKsNcHsJJ5,ipfs://QmaV8txrVjdHzqehsAeypa4QPPssrgTdaNNmQNWewk42b1?fxhash=ooK3jPLLqVJn66d91yYY1vQuwp4c7gxEbcdDQS466z4RR2JJBAA,ipfs://QmQqW9nuUiqdsKHFdG7nESWj5AzQjma8ponKZ65ZVEwJW2,ipfs://QmNXTab5H68YiQBPrPsmk5nsG2xELw8ZL8xhd6gx7VZzfD
1066256,Bright Circuits #151,117,187.01017567367873,10,no,glass,vaguely satisfied,obedient,text,2,isometric 3D,never,circle,dark,QmcFBvdr5kML8JsFWD9pyq75raZpDGxTV6dVrHkeMdqD6Y,ipfs://QmaV8txrVjdHzqehsAeypa4QPPssrgTdaNNmQNWewk42b1?fxhash=oo8XBvHgn5ESDknCtFmhrTxaDt1Z9nuYPsoBxRyqRiwkB7vm8wD,ipfs://QmNvCuGCFUYAhLykJEw7pmkLmNtQKX9GBZdVX2iXf2HtYw,ipfs://Qmd9Sr5vM5GuLfC5Y46RJYvZ7GxacEFeKbS9bAX8ZLMzCa
1047824,Bright Circuits #108,118,186.93936414351316,10,no,sandpaper,hopefully clueless,obedient,random points,2,isometric 3D,never,boxed,bright,QmeEtsWuHCXH51CAjKDP2pjUScNvux9aVmQPr6QYr2HKXm,ipfs://QmaV8txrVjdHzqehsAeypa4QPPssrgTdaNNmQNWewk42b1?fxhash=oo2McViSk1kP1a5FuFgzFw9XHGqR7UcKrxDANcNnTbq4yLdSTPe,ipfs://QmeavB2qnK3JTJrrZsxY8jURy6TYEEABm7GWPgSwJxJANS,ipfs://QmPLFJMLEnpqfS7VK9XxHv8634FpVzZmXzRC8NVGXUbYD1
1046688,Bright Circuits #7,119,186.90394747684647,10,no,glass,strangely anxious,obedient,random points,2,isometric 3D,never,circle,bright,QmajMxeL4NQHW8733tSygieXLqFp9ZSGFNNrBJmdsRB1n1,ipfs://QmaV8txrVjdHzqehsAeypa4QPPssrgTdaNNmQNWewk42b1?fxhash=ooeWmLh9jS99VD9qx5WvKhE6xiPccAKQ864uT4EuwFt4j92Qz4T,ipfs://QmezNc4Rnw7Hxn6PKstYxCFPVgPg1EpcnnKnfua4kB7jHv,ipfs://QmX2eBkmbYgYqeSLxVtfyYNkB1bLkg5H3rERe21w3w99U6
1046698,Bright Circuits #13,120,186.86709767773613,10,no,sandpaper,tenderly sad,obedient,text,2,isometric 3D,never,circle,bright,QmewAVzKwaYc2A6ygaUJZsTq32rKYvp7b4BU9mV9E4aLJp,ipfs://QmaV8txrVjdHzqehsAeypa4QPPssrgTdaNNmQNWewk42b1?fxhash=ono4Wgn2wtKmMXuFbLcoiQyWEBxudXMYpL8wrbpTK2TK9h6ZSFq,ipfs://QmT2sHohaUuEt36ow641SkqXqNLa7WnBdWNgqgUGus5NEJ,ipfs://QmRuCTwzZv7hL1V3eGRcXLpzdjMurqd7KE57BeYLfAqKkM
1046907,Bright Circuits #52,120,186.86709767773613,10,no,sandpaper,randomly sarcastic,obedient,text,2,isometric 3D,never,circle,bright,Qmf9frvyttiMeM4wj1Bn6oqybDz6i4scXnDhJa39j1fZR5,ipfs://QmaV8txrVjdHzqehsAeypa4QPPssrgTdaNNmQNWewk42b1?fxhash=oniiNiw6yvz25ALEkX1KqWLjFCcrrruYQ81CaPNcgir7ALWH6cv,ipfs://QmRUYtSVyFFbk7c1vhxqqJmnEzRmqGx9SLMFF1r1M1fR3r,ipfs://QmWo7NZtgHQbXgbow82unJbz68u7DeGqiCmapeo2kwhgD6
1047063,Bright Circuits #60,120,186.86709767773613,10,no,sandpaper,partly mystical,obedient,text,2,isometric 3D,never,circle,bright,QmYrLcYZZmtMP2JZJv5sMMXqQH7uDkDxvbJgm2FMEnpJz7,ipfs://QmaV8txrVjdHzqehsAeypa4QPPssrgTdaNNmQNWewk42b1?fxhash=op87wvQFjBEij6eGg1y3aRavCoqnJvNn8yR2K715nwKgWYEWidd,ipfs://QmRNw564NrZmFBrZhRYiBEJGTzy6Nqv7cuGTsLKDVkHjSZ,ipfs://Qme4CKXvxB2cCJFgXHci9AempquSGHXYC29wrnfYjAPnuh
1048478,Bright Circuits #118,120,186.86709767773613,10,no,sandpaper,vaguely cute,obedient,text,2,isometric 3D,never,circle,bright,QmbXC5sBMNobUyoKtYwdNpQo8LFm5VTdgUayGXEGKtyPPJ,ipfs://QmaV8txrVjdHzqehsAeypa4QPPssrgTdaNNmQNWewk42b1?fxhash=onhF4ehGYnXVHMYonDZBnCHJBVMru8mdB36kdvEkTRBpDrbd3qw,ipfs://Qmcd74ifrnuATsQjFmckpJwh3hvmFcfUxgx4EPtrZqxbaZ,ipfs://QmfCxd5HFDkViVv75Z79LSBQPJ1Xmz1vHjoT1QM5rjjXEq
1134488,Bright Circuits #159,120,186.86709767773613,10,no,sandpaper,blissfully in love,obedient,text,2,isometric 3D,never,circle,bright,QmcRKzfxKSgjYWKGRswMG3n7GKYeJ88vvV1DZ5nACBXSg4,ipfs://QmaV8txrVjdHzqehsAeypa4QPPssrgTdaNNmQNWewk42b1?fxhash=ono5yceQi6TPAQSn12eHvRmJuzGFDPPSF5Xvzx8EiRXVjcjUzzj,ipfs://QmRzgC4zGEY35VysNMzjtPguEQwPFg7eouMvJZ1qTGChJb,ipfs://QmbxLesaE8TVw73y3mMG2oGVf9pBxkZhnqHyAfding5Ta9
1145608,Bright Circuits #170,120,186.86709767773613,10,no,sandpaper,shamelessly grateful,obedient,text,2,isometric 3D,never,circle,bright,QmaqSgZ2ZFHc3MS4wELcUrkX2bNLCsraJ588xpPLmpcUuP,ipfs://QmaV8txrVjdHzqehsAeypa4QPPssrgTdaNNmQNWewk42b1?fxhash=opaikxFMjihTo9upHPmxXn3W7RKjQXKmDQt8Z6TnhEypxUFx2iB,ipfs://QmbCqFW7fkYXtBE8dx7yS9kUHJ4drsDZK1DcQ3hFYPWjds,ipfs://QmbbLpcNSCL2VnUgKpTKeKQZfAAvP8DKtUxkibaM8tD57H
1047594,Bright Circuits #98,126,186.85313951015675,10,no,paper,nearly cute,obedient,text,2,isometric 3D,never,boxed,dark,QmX1VC5fAG4JR7t1DSc3kxAGHV6EG3okLB1zNDK9UNekQH,ipfs://QmaV8txrVjdHzqehsAeypa4QPPssrgTdaNNmQNWewk42b1?fxhash=opGXfTuhaHAMfbWJbJMKL37tQQxZpY3qwmYXrUT5rbREPakeYHb,ipfs://Qmf1tQtz1kXE8c1RjHY1aFZFdpe9Mc6vZUAD1SzSCTXHxq,ipfs://QmNpE84WdH2jXVN6mPPJ4cN7ChuPxwwpkwK5q5EPVBLN4a
1052583,Bright Circuits #124,126,186.85313951015675,10,no,paper,sadly nostalgic,obedient,text,2,isometric 3D,never,boxed,dark,QmZZNW6Qre7pppbknvMAZLjNGbx2ZkaaB7ksDr5unt2Zsj,ipfs://QmaV8txrVjdHzqehsAeypa4QPPssrgTdaNNmQNWewk42b1?fxhash=oo6xgQqiUwQ169MZPhxLwWCVvytW5iFK4f9Pzv7LF6wh2g1zRKU,ipfs://QmSPYv397XpGoKoAwRMbYAK5CWBDQcb6CUsu6BAozgR4yv,ipfs://QmXxuSrkQRxJNNVFKN6nQhF9NFqARGJYHu6jYWQZK8eKvM
1050723,Bright Circuits #121,128,186.7469113133245,10,no,paper,particularly angry,obedient,random points,2,isometric 3D,never,boxed,bright,QmVamSZRHgiKY1wQrGjmRKAY7iCie7jZ4xPqLds4Zwd6Fy,ipfs://QmaV8txrVjdHzqehsAeypa4QPPssrgTdaNNmQNWewk42b1?fxhash=ooya8KorxrcfFvJH7bzsPeSW5qHnX6KH1AmQPQK5NBXfzHiiBtp,ipfs://QmWx1LxscLsRZDUQZuzcijcmCBBmBLaiySNWmLKh5NTbE6,ipfs://QmR4d3gkqPRtPJbSVhrd1UwN3xaNhQvvJVY3oGkXnpjQpe
1046694,Bright Circuits #9,129,186.67464484754746,10,no,paper,nearly puzzled,obedient,text,2,isometric 3D,never,circle,bright,QmTvhpsZd2r9AgFDHxd5mmskMPMvVXpTy5B4JosSDi6Cxm,ipfs://QmaV8txrVjdHzqehsAeypa4QPPssrgTdaNNmQNWewk42b1?fxhash=oosQgC7hD4a6UAyUdMvTJ5nvEyzczgMD9hSMcmJVHdhvj8NoJBz,ipfs://QmduLKgVb9pvv9EmpqPNJFKxBk6YEvKfLdMZVWSwpprKKy,ipfs://QmbpzYquegSq5v1efykSSwRzAMggtEVSsyHsfei3fwUZ7u
1046726,Bright Circuits #31,130,186.30184234034542,10,no,glass,joyfully nostalgic,obedient,text,2,isometric 3D,never,boxed,dark,QmR6UCj5Vr2ynLFrgu52REwRQ58JzqmCeG6VgwE9xkpNXC,ipfs://QmaV8txrVjdHzqehsAeypa4QPPssrgTdaNNmQNWewk42b1?fxhash=ooFpwU6kzbNcyfPhw4pxNEHCFkBF3og9abtNSQk6PdXfR3EWw8B,ipfs://QmV5cVFBRyPrRJCRPBraAbfiAVYyz6RSBfv9AejywK9uUR,ipfs://QmTEhGoENs6CJPmGZVzKvFsYjBEryQCt1kmqHKQHEGxY4k
1063830,Bright Circuits #150,130,186.30184234034542,10,no,glass,sadly confused,obedient,text,2,isometric 3D,never,boxed,dark,QmPGeqLv86hrjxTg5VYKVtPfDudX2YSUyktvRZ8A3gX4uV,ipfs://QmaV8txrVjdHzqehsAeypa4QPPssrgTdaNNmQNWewk42b1?fxhash=ooBAUke71JoSMKXyQmx72pNpRv49XG8YytkFuNUYGhAuhUi4cah,ipfs://QmWtuzfq1faYQSzPAkJB6PjjvzVRXgL714Hj8q61UFcEqj,ipfs://QmP8LEV74gHVXKGQNqoFrsGrckEo3AJg4ihQVzM8HKe114
1145383,Bright Circuits #161,130,186.30184234034542,10,no,glass,slightly bored,obedient,text,2,isometric 3D,never,boxed,dark,QmZWRPSqQ7MJ2Mc2zKVRh9hrnEwWUdyZKx4rbXs4zizQk4,ipfs://QmaV8txrVjdHzqehsAeypa4QPPssrgTdaNNmQNWewk42b1?fxhash=ooBWeppTdK2VgF4UB8cc1NU9eT3sk5KpQAb83VnD2mKsQhaGiuq,ipfs://QmQiu5hSmmzrM15VQhLBuRAtn6YidfSnbQSnEGx1Lrozxq,ipfs://QmeEfeXh3th4NNQ8VotZpUHjnpufE1z9cXATh3bgf5Ad75
1047140,Bright Circuits #62,133,186.19561414351315,10,no,glass,bloody sarcastic,obedient,random points,2,isometric 3D,never,boxed,bright,QmQhmdR7nMgkm5e3RhBUFmQHubHJTrmMjsLED7sQDJdmjG,ipfs://QmaV8txrVjdHzqehsAeypa4QPPssrgTdaNNmQNWewk42b1?fxhash=opBv4inCqDuVzR7n6UDVJ9pYR6o5HYPPpfR2AzCKSeWZCbNgNFh,ipfs://QmTxZybL3PcyeKX4vbGqwFVfGp9FozcW69oo5oHRpkdZzd,ipfs://QmVdkTq3aSsqv7PpHevvo7dvwo7XbwDbiZ9W66JnZFz375
1047468,Bright Circuits #85,133,186.19561414351315,10,no,glass,oddly angry,obedient,random points,2,isometric 3D,never,boxed,bright,QmaaanxgTifPeArd876dBSdUV93ruKqFdTrBwwjiv947tD,ipfs://QmaV8txrVjdHzqehsAeypa4QPPssrgTdaNNmQNWewk42b1?fxhash=ooSUj7k6RuEZyeY4Cf3MLEx59bTcNwokPLArkpKF43WgLwcR8Wb,ipfs://QmP3CzzxH6skAp5e2p285vsboQjfqmwYLMQZsofm8gZJWW,ipfs://QmRRfenfg3ceieqGncR8RV2KoGRwSSzZFZyA1dFbd2G1YS
1063633,Bright Circuits #149,133,186.19561414351315,10,no,glass,weirdly relieved,obedient,random points,2,isometric 3D,never,boxed,bright,QmTR2j1FEwuVJc1YbDswPUwLtoS8eZEeKdJ9DMnrJmKfjL,ipfs://QmaV8txrVjdHzqehsAeypa4QPPssrgTdaNNmQNWewk42b1?fxhash=opA32dmoUNs1PCAPD3zPBvyDuhXthCx8AX95Lg8xr4263f3NPGJ,ipfs://QmYUiVX8wn6qXSqts3BkMQZ75XhJxK6SusAkrjhtFRGsKq,ipfs://QmbSk5ZPKSCTU5PsW2UUz4PjUti3765VHncKPVCjCY9NhR
1047458,Bright Circuits #82,136,186.1587643444028,10,no,sandpaper,half cute,obedient,text,2,isometric 3D,never,boxed,bright,Qmcd5fdgrSeBwjK7PJRFNtGbFmiiJ7aPETcmv44iyEkqdz,ipfs://QmaV8txrVjdHzqehsAeypa4QPPssrgTdaNNmQNWewk42b1?fxhash=op9oD9giGJBRQNcmzT3cein2dM6WwQmYZovPcB113n4seiZexmv,ipfs://QmPDRYYT5cxYzbjFjMrNuuG1NSy1DdvH2Lq84XzpDWKDSd,ipfs://QmS3jyeC1RXSgnKAXfVAvySB6UkhrSmkJxPv9HbyCoFdzK
1055934,Bright Circuits #136,136,186.1587643444028,10,no,sandpaper,compulsively creative,obedient,text,2,isometric 3D,never,boxed,bright,QmfZXL4d7atS21MXj43aXzaP5PUpiyEK7P9Cq82utR7mQx,ipfs://QmaV8txrVjdHzqehsAeypa4QPPssrgTdaNNmQNWewk42b1?fxhash=oooBfrYWNwo3YAgWNC36uAXPQDa4nqNghtKN58p2YGhf228Ja8r,ipfs://QmWWBcSvJsRFvM6KvYEFTTyLCCWHhKEo2CzogLz5mRJc2L,ipfs://QmZuvaJbUnt99zHXqo9ufjZQJtZRD4RVToTABThEY5MGsJ
1063612,Bright Circuits #144,136,186.1587643444028,10,no,sandpaper,weirdly angry,obedient,text,2,isometric 3D,never,boxed,bright,QmZsWd7Cnpv5jHJY9NZLdGm7Wn6kDzz4Y5mAUxGFkeNjHL,ipfs://QmaV8txrVjdHzqehsAeypa4QPPssrgTdaNNmQNWewk42b1?fxhash=op2u3Rr2kHjuMzbJJXT2BeqWRMZeAS1Ltr3SdKQns41ifoeYJDT,ipfs://QmbqRfULJTtZDdj6orMPMbc4ny2nk36n4ovE6bw3yoysvo,ipfs://QmThktRExp9sRoiX5CQzpZ1Dg5PD6Pc276Jy4g86rSyfKg
1046718,Bright Circuits #27,139,186.12334767773612,10,no,glass,vaguely ecstatic,obedient,text,2,isometric 3D,never,circle,bright,QmcJ3MRZs1GRguqkAekkUpzXqrMba54C93M6aANRmNXnxg,ipfs://QmaV8txrVjdHzqehsAeypa4QPPssrgTdaNNmQNWewk42b1?fxhash=ooCyyuLp5Zxd7nGiYwRVUc6PkqUiffz83T3sVCXB45aRG4owjsP,ipfs://QmdispficQBR1zkGeSK9qpBYLqAHPEVVqm9L9kHgEDJdsN,ipfs://QmWACu3HjqVBU3JQScovCWNumyTuBnyuFrdiUEKKKwM146
1046735,Bright Circuits #36,139,186.12334767773612,10,no,glass,compulsively deterministic,obedient,text,2,isometric 3D,never,circle,bright,QmX43QGESwRyhu7G7NuwDkde1ZLFQzjdmjGH4qMQQX9ZVV,ipfs://QmaV8txrVjdHzqehsAeypa4QPPssrgTdaNNmQNWewk42b1?fxhash=oocxWD1u46EJXgwYcdBvaQYvNgUKUHBahZqfd3Z3PJn125cybMh,ipfs://QmXUfNbCJxiGXTuMytzUfJhCZww7ymCDbc3AurooN8fnmY,ipfs://QmNZAfZKtugWkQnHpQEUaU7KmRyjd5mi265Y22UrKgKEbY
1046759,Bright Circuits #45,139,186.12334767773612,10,no,glass,partly hopeful,obedient,text,2,isometric 3D,never,circle,bright,QmPvGMx6byKX5d1S2Kw134jKmdbm85mRm6fSHmihZThZf6,ipfs://QmaV8txrVjdHzqehsAeypa4QPPssrgTdaNNmQNWewk42b1?fxhash=oo7W6AVXt582zu1HFMXAhwePWif2vPyZPcaQHRTYwkH2q49Cqm1,ipfs://QmQEVpzYqezEzvPhbvT14zdYPG5WBg5nq8zrWKJni2nGcP,ipfs://Qmb2gcdmfzSNVu1gqWhbG9gMq6qjFrvTKTMs3dy1qG7tvm
1047504,Bright Circuits #89,139,186.12334767773612,10,no,glass,half shameless,obedient,text,2,isometric 3D,never,circle,bright,Qmek6dp8vrbqv5PTgE5dgcjdaAuGei2kDA4Ymdo6J5gxy8,ipfs://QmaV8txrVjdHzqehsAeypa4QPPssrgTdaNNmQNWewk42b1?fxhash=oo5T53xnMVvSb8U3sDuvnFS6wDcGC7mk2wGh255xhmd2MyM4XhB,ipfs://QmdxfpNNJWe5QUKLzfyVeAskiY14SehBHVxGHyQhgWDRZS,ipfs://QmaRU3udGFf11rf5W9P6nKM3hQyC3LBLgrkJcdL7AwjcXh
1054020,Bright Circuits #128,139,186.12334767773612,10,no,glass,weirdly puzzled,obedient,text,2,isometric 3D,never,circle,bright,QmTgfg83xVwT8vVPu3gcKLcLZxh5zF82VwaT78w7rGRKdx,ipfs://QmaV8txrVjdHzqehsAeypa4QPPssrgTdaNNmQNWewk42b1?fxhash=ooAvJ8MmyLzmXxnUs8vi9ar6Cxtx8aptFTRdKMWVTjRa9NFMLFT,ipfs://Qma8aWG9LPLrmax9sauRjBQGub9EomWrL7TH11V1ELbXat,ipfs://QmV5kMFyz37zkqZPMxodRyYAZjxjg3RVM34W24j57CnSV1
1046696,Bright Circuits #11,144,185.96631151421414,10,no,paper,strangely irritated,obedient,text,2,isometric 3D,never,boxed,bright,QmPCzFX5ain4xueDrxoqBpm3sEWhtAFrexC68ZUKBkvxsL,ipfs://QmaV8txrVjdHzqehsAeypa4QPPssrgTdaNNmQNWewk42b1?fxhash=ooYMG2qKLrpx8Kj9zCty7NGJ88gBpjuzSh7uWuwK9GtHGpYFybS,ipfs://QmZoN8r8AUMRff8ootZ686n4ztLN2mxJCGvJwv8R2hrfyD,ipfs://QmeeAiJN1KJnDhd1T3VETTGpSKWo49tm622rVBp4XVYtwH
1046721,Bright Circuits #28,144,185.96631151421414,10,no,paper,hopefully dubious,obedient,text,2,isometric 3D,never,boxed,bright,QmVS5h49gUGebrnP5pLQBLVLyDMzC1wL3X9k4KN1MvksN8,ipfs://QmaV8txrVjdHzqehsAeypa4QPPssrgTdaNNmQNWewk42b1?fxhash=ooeKNBtEuokm2kosmaxM59eT1ME31gxsYuuA8KY3wX5unbVbt87,ipfs://QmUU4Zpdh47h6WcwkYehZqTrRAGcHSeeAGwyfnesQBF946,ipfs://QmfMw33fdR1oTawdRxTEZ92UPJ7hNbYdx7AgbmQeMp7j9k
1046734,Bright Circuits #35,144,185.96631151421414,10,no,paper,compulsively puzzled,obedient,text,2,isometric 3D,never,boxed,bright,QmNruytxUbmEe7x6xNh1iiPnmfaDYo3sRoaaCLY8KsG9N2,ipfs://QmaV8txrVjdHzqehsAeypa4QPPssrgTdaNNmQNWewk42b1?fxhash=op4YnKTxUjy1gjt9GcqXcio2uRe18r5i56PmUFjJvjdrdKDbZhS,ipfs://QmTRz5vVm8KZuqmcH4Vap4Xa6tBhjK77ucyCum21paBNQ1,ipfs://QmeCZQMKDu9Xt5hHdbY1ovavDMarXNHkRTuqtPnYmNS6EL
1046915,Bright Circuits #53,144,185.96631151421414,10,no,paper,increasingly joyful,obedient,text,2,isometric 3D,never,boxed,bright,QmV4QGUF9c4Z7fQyeYkxtwr7Mb265TN8SUyMXo4WVneErW,ipfs://QmaV8txrVjdHzqehsAeypa4QPPssrgTdaNNmQNWewk42b1?fxhash=oo8cFNTQ9QAUrc96UHauLF8yW3gdUZouT1tsq8ZNmuaXgZBn5fv,ipfs://QmYCYEEa8RPiRtPvGMC6eiBGfMpUntj17eoF2KVLLX612D,ipfs://QmS57m9gcvmxR744MY8Z3AB4tcrUcVGFjf6fbijTVPtncR
1047533,Bright Circuits #94,144,185.96631151421414,10,no,paper,sadly satisfied,obedient,text,2,isometric 3D,never,boxed,bright,QmZwgZV1jvdUeVGYCMgXqkjTdnsrME43fJhCKxKkuRq27E,ipfs://QmaV8txrVjdHzqehsAeypa4QPPssrgTdaNNmQNWewk42b1?fxhash=opV42hur97TKPcv8ppALUx4fXiaQQ1YRAedeSkj5rLmaPqksfZ8,ipfs://QmWBcYetqh2fUFJYaC5vqYhgM5oZZre3uqWoM3GzvGtEpw,ipfs://QmNQhcs22RLPJC1k77BiUdHE6WmzUNNd8AykRvkPQmNPaE
1145410,Bright Circuits #169,144,185.96631151421414,10,no,paper,somehow delighted,obedient,text,2,isometric 3D,never,boxed,bright,QmQy4msWFdV9tuvPSzYeYENHeY44Kwj3yMz6TYXanyrX4m,ipfs://QmaV8txrVjdHzqehsAeypa4QPPssrgTdaNNmQNWewk42b1?fxhash=op2oLDdwVc5zeySkYCtxZYrSTZp15XyLCgu6vbz4rALcDTytBKG,ipfs://QmZFToWGUk7rNL6ZDofB63NNE5uKPzKBnBsAN6oShvRRPe,ipfs://QmRhX523JchzYWTU2figNACzkm4W8pNxNLehfxaQLFryiB
1047476,Bright Circuits #87,150,185.4150143444028,10,no,glass,almost hopeful,obedient,text,2,isometric 3D,never,boxed,bright,QmeokRsCQTbTMa7Fv7yC8uDau2gEkQKvHLKGVsWHjWLbGd,ipfs://QmaV8txrVjdHzqehsAeypa4QPPssrgTdaNNmQNWewk42b1?fxhash=opStH6yRXnzeJ8Kusg2wu9ZFehkLEgs4P6CkdrtUDNah7n4ZX2D,ipfs://Qmbw3wXRCpmBVgJa9d2HaNr9JwNv9tB9fRvjadDDkrrPzj,ipfs://QmaKTKVge9jAwsHKCeewySZWiD86pcSphSP4qfopU9UdTz
1047523,Bright Circuits #91,150,185.4150143444028,10,no,glass,vaguely delighted,obedient,text,2,isometric 3D,never,boxed,bright,QmTiN4LRdzyoNpmDiuPTD4NSFPSyC8WnVPrUSSqdDBNgtj,ipfs://QmaV8txrVjdHzqehsAeypa4QPPssrgTdaNNmQNWewk42b1?fxhash=opLEmoWhMphVLPn6zJFcBvczz3uYVK6Eyt9oixtANBkoZJkVsL9,ipfs://QmUwmuT4G6dhgKaZcWzQ8oYFJgPvsCfBmdRed5s229Ae3Y,ipfs://QmRi3Nw6pt7tCQgfp2hSMGHebL6zFx24MtvB9Gq7Pm3a6P
1047642,Bright Circuits #101,150,185.4150143444028,10,no,glass,bizarrely hungry,obedient,text,2,isometric 3D,never,boxed,bright,QmY8JtxdZwGXWGAMvkRRzBqGfop6nSUqEfgqZ24wHLV4Ts,ipfs://QmaV8txrVjdHzqehsAeypa4QPPssrgTdaNNmQNWewk42b1?fxhash=ooeYFxuZTnwX21QQGGRAfTWBi3ArwKXzqDMYhJvF5xK6dTqn58F,ipfs://QmbnBUZNzLUubHSD1sY5icmHNUPmLasKViePJQWYGQqy8Q,ipfs://QmU61jmme1Bs7fmG91zGnCDZjqnZ3B2mwM5BmkuEcgsWnQ
1048123,Bright Circuits #115,150,185.4150143444028,10,no,glass,clearly satisfied,obedient,text,2,isometric 3D,never,boxed,bright,QmbUqY7pJ2ws3sArZndnMuw29ENQziji6F7umDRhybQ1F3,ipfs://QmaV8txrVjdHzqehsAeypa4QPPssrgTdaNNmQNWewk42b1?fxhash=opWAB6ivz6GQ7pUeDiUxrMdYyJN9tEDB9DKuiHmRwRGUPbmk5U3,ipfs://QmZZEdrPFZgRpeBz5CtCmpqm9wjsmBXBJ8fWUL9Tsr3UJb,ipfs://QmXMz1ZexDmeKGkLyFD6Ro4aezAwTkk4iqLg5xUnyhJFE8
1063620,Bright Circuits #147,150,185.4150143444028,10,no,glass,definitely worried,obedient,text,2,isometric 3D,never,boxed,bright,QmdtqALxVydPG6JNxk1AsAx2Q93hJ9FsSY978Cs5L7kagM,ipfs://QmaV8txrVjdHzqehsAeypa4QPPssrgTdaNNmQNWewk42b1?fxhash=oo2Xv2yf8GfJajVz5jrt1VJz2VdxJ1Nbz76RXZBVefu5sqMouKP,ipfs://QmVGLxGuB81qrCjBWDbG2p5TCGCZZF5dcNg6nQxdEE32pb,ipfs://QmTNXV9hDkRSjjdfW7RxUhp9J3jTWx4Ummj18dYzXWjp9C
1046754,Bright Circuits #41,155,183.30937163185217,10,no,75k pink,bizarrely creative,cartesian rebellion,text,2,isometric 3D,never,freedom,bright,QmauegEBWXY7x8q7JSgraoT9Lt9fUQ8YhH6osYrrCp3Vgr,ipfs://QmaV8txrVjdHzqehsAeypa4QPPssrgTdaNNmQNWewk42b1?fxhash=opDghQgETabCHhhxouZBH1kTSEzUStUvZ4DQgknJXazucyxrAYB,ipfs://QmXRf6iWJgLvSVcybiEecGX1VB4rZqmtqQdhLvCpBhdwQA,ipfs://QmXK4nmZ77yBgYDFzcuXKyabtv9NJDeYhNWjy5j47rbRqy
1046755,Bright Circuits #42,156,131.26635862309325,10,no,paper,substancially grateful,obedient,random points,1,flat 2D,never,heart,dark,QmVYobFLQQTw4zDQuKDPvL4P7ViVChKUwj7BaTq3yLuKhJ,ipfs://QmaV8txrVjdHzqehsAeypa4QPPssrgTdaNNmQNWewk42b1?fxhash=op748tKECdXsK82cxGa1pExnyUYX4UGqcQHFo1DQiPR3uJ3izw2,ipfs://QmQLxEGpiNxeYXYbLhHsHKnmaSrnapxTh9YgsUsVoxnviC,ipfs://QmQEM9r686GZbu8WF38duUKmbhoe5NQnat2uGo2Qyh9nmK
1052145,Bright Circuits #123,157,123.84379471076493,10,no,glass,substancially grateful,obedient,text,3,isometric 3D,never,skull,dark,QmdpMaMz451Kh9Q6xnEZBGuXMQyYBcV9Du2H4TEN3gsTv7,ipfs://QmaV8txrVjdHzqehsAeypa4QPPssrgTdaNNmQNWewk42b1?fxhash=oopxHVW7ajqu4Na9GKbtQL3ysMdwkqKgLeDqoT4xmzvZ7CiVEBi,ipfs://QmXbrcsA8MHbWBBjy4eJH2dPH7dhx4enm8GzNyo31Jkhgt,ipfs://QmRSJ4seNjfeqVEXM5u6ZM3FN3RsuNfXaoLA7fhmRESZZC
1047424,Bright Circuits #80,158,110.24691131332445,10,no,paper,randomly clueless,obedient,random points,2,isometric 3D,never,heart,bright,QmewBABzZUsgQXfQM9Tq7nPUGwhHNgNWGm4nAtQ2JusuMZ,ipfs://QmaV8txrVjdHzqehsAeypa4QPPssrgTdaNNmQNWewk42b1?fxhash=oorBpU3s2Wkp2oSV36asAANXwRy3y8b3zQXRTzrx5ZdtoAWvkTv,ipfs://QmUQSzyXtiajFpUXvGmgh93wUpjP9RXSTVNYZyt6X7gPp3,ipfs://QmZttcPjUG96rJorFe3Gt8SxTBRXit14Z4ZBgcaCvpeA88
1046714,Bright Circuits #24,159,103.4934903873497,10,no,paper,bizarrely creative,obedient,text,2,isometric 3D,never,freedom,dark,QmY2BSkPWqnHHuLvS83ZDPpbA5sR8Lv8gTUz4KPYiFE7n1,ipfs://QmaV8txrVjdHzqehsAeypa4QPPssrgTdaNNmQNWewk42b1?fxhash=onkAjbsG59PuRmxGNhNRB8umiYT76tmuDZLajAd2vtgQPQr6fEZ,ipfs://QmXQhPdwMgW8xpnk66AjNex5Zta7gd9mBzLFcuq5tzASJC,ipfs://QmV8UejofNnsVSyFWqqUfoieCxGYwKkUbTnfYU7GMLodve
1046711,Bright Circuits #21,160,102.82619213945574,10,no,sandpaper,chiefly hungry,obedient,random points,2,isometric 3D,never,boxed,dark,QmerwYDxikr65biDw3KNhJaJMQmsxqCpWniRp7jNEfUSHT,ipfs://QmaV8txrVjdHzqehsAeypa4QPPssrgTdaNNmQNWewk42b1?fxhash=oocqiPD6XR6RKWDSnR639Dze7Uxsk1cHg6A6EUehYjY5vJRpeoq,ipfs://QmQB2LC4YmD97cKUFzBovMNjz71ExrVLtzDK3VmekRL5Co,ipfs://QmUSu13nyp7UAvvmTHrJ7woEKNN6ZRTtTuqg1Z4YpKDAck
1145385,Bright Circuits #163,161,102.79911522159577,10,no,sandpaper,randomly clueless,obedient,text,2,isometric 3D,never,freedom,bright,QmWbCrUTFiosLCUvwM6pfFTG6P87mS8ntNmoU6Ncfbmq3u,ipfs://QmaV8txrVjdHzqehsAeypa4QPPssrgTdaNNmQNWewk42b1?fxhash=opXqiLSjmX2cxMkmweijkoLP2rjRnED1jyXZicHfLAyrVrs6g62,ipfs://QmbesZjkAwaghtWYfUWinLLbivZb8FxAjbiUwSsEMnCC2i,ipfs://QmSW6pBPXFYoZJUPnmzZYt4GnAsD1S1oT92Ybq6Fb5kEnn
1046697,Bright Circuits #12,162,102.79077547278908,10,no,glass,clearly loving,obedient,random points,2,isometric 3D,never,circle,dark,QmQjN1USjLTjjCXbJc9DdUk7YE4Jd586tgh17CdxPH2o6N,ipfs://QmaV8txrVjdHzqehsAeypa4QPPssrgTdaNNmQNWewk42b1?fxhash=oojLFuFEjb3Hjq5CSXSi3xz8kfmEFYYTDGvhVyZspjaZz7Fm4uC,ipfs://QmStLghgbVF1UdJqYTr7fshagbbRvg4pkGNd8MchPmL8GK,ipfs://QmQB1u2qajtjKxRs2m3hEcfBUDBGMM7T5rzfwbrV3pi3av
1047538,Bright Circuits #95,163,102.60666239140708,10,no,paper,clearly loving,obedient,text,2,isometric 3D,never,freedom,bright,QmdiRbR9HHtajGUrx1X3xaWLnvEFuA2KsWQAD7B1f5NDz7,ipfs://QmaV8txrVjdHzqehsAeypa4QPPssrgTdaNNmQNWewk42b1?fxhash=oo7ZRtFUX3kJydKcd4KWuFftGeRqsZHPyBu99ubNpAXKJhefgrP,ipfs://QmeDvgkRApYz3jACNkhkQxkPaHwpVKoKoSNPGaitQMSYoi,ipfs://QmW9KdwEJJNyTv6zqjxQfmbcNYHz1JdEiL2pJvhmQXCcp5
1145386,Bright Circuits #164,164,101.74691131332445,10,no,paper,bizarrely curious,obedient,random points,2,isometric 3D,never,boxed,bright,QmQn9rHnvZWnmvXWbWexPEV5UBXdxmJRjJeTEZzQynyTpu,ipfs://QmaV8txrVjdHzqehsAeypa4QPPssrgTdaNNmQNWewk42b1?fxhash=ooMZorjn7CQqAfoRkRCz1XZnwq2aK9F6n8msWdaFokfozQnTZBq,ipfs://QmarHuxuFx7yrv7FzmhdahMRzM4ovYt74KgNYBjdB4MHHp,ipfs://QmYFQMBfn9jotmm7JhfprU1bweg7LEAb5B1HNBmQx39swu
1047641,Bright Circuits #100,165,101.15876434440278,10,no,sandpaper,bizarrely curious,obedient,text,2,isometric 3D,never,boxed,bright,QmUCRnn6f5ZKaxkxjwhbFme6ah4HsVqRWEhiN5n8qRWsDq,ipfs://QmaV8txrVjdHzqehsAeypa4QPPssrgTdaNNmQNWewk42b1?fxhash=onu2xDb7A7TW1bzLLQKsmFjByeA8tSznGXHDNfnrs73BruwS8Sn,ipfs://QmYqLSN1iiusfTkMr8vnFJ4KcrgpTWaZLGVYNHXddiySRz,ipfs://QmNUGF6FuvPNMq8jhqmK97jCRjBgKjxjQmjWNFNLDGKVNt
1046728,Bright Circuits #32,166,100.41501434440278,10,no,glass,chiefly hungry,obedient,text,2,isometric 3D,never,boxed,bright,QmZwkSqL5bZyaLe5DLDqxevngJyaJpHQNi8Zru2NBh3cyJ,ipfs://QmaV8txrVjdHzqehsAeypa4QPPssrgTdaNNmQNWewk42b1?fxhash=oonkp6enbE867mdHwot2nbcwhebGQo2yZNpCZuHbxbs9FQB8Rpq,ipfs://QmaCeMSUHYUKg1Q6bGjy3M2fP8858wQCCgsasguFVKcv33,ipfs://QmbPb3BYRHM9UTEVvEoGXZZt3BRHsgpchw5LJ5BaksFTJC
1047399,Bright Circuits #79,167,68.15157348418775,10,yes,glass,oddly joyful,obedient,text,2,isometric 3D,never,boxed,bright,QmTTy6aFejEUtoy9ESAv9z9UAFjpbzcqREuv3dm39599r1,ipfs://QmaV8txrVjdHzqehsAeypa4QPPssrgTdaNNmQNWewk42b1?fxhash=ooY5foqD7FE64hpcyDmbzZWEEM4Va9czA7TAuKHPjKTpgDfiBzM,ipfs://QmYUHJ1eUksQGPgbRi3io8hodhDFMsA6C4ziV4tFkSWoaE,ipfs://QmVaghU5x8Q3HvBi1PHVtP2tZmfvbjQdzyzWFLmaZ8EodT
1046772,Bright Circuits #46,168,60.061472843490066,10,no,paper,oddly joyful,obedient,text,2,isometric 3D,never,circle,dark,QmcL6mFHzY8ti3KZrab56DKm39kPiS1Jd2fhDRpYKo3Rk3,ipfs://QmaV8txrVjdHzqehsAeypa4QPPssrgTdaNNmQNWewk42b1?fxhash=oneL5tcLQ72RgoZRPhp2d1GbBg9Ko59WG7FdDSkFquMVRpq82Dc,ipfs://QmYBREqymropBqFLvG1N9Z4Yrph2KLRarToa2R2UnfHhaf,ipfs://QmTk294s463tr9kehMNrUctLToDUzH8juWe6PbwwcMgkWz
1056068,Bright Circuits #137,169,59.439364143513146,10,no,sandpaper,oddly joyful,obedient,random points,2,isometric 3D,never,boxed,bright,QmWDTw11W3kEHXKcE6X7MRKuBLdF6D84MLLWY5Rdhea9bV,ipfs://QmaV8txrVjdHzqehsAeypa4QPPssrgTdaNNmQNWewk42b1?fxhash=opR6WcZ886HYinFZCZkL3SVKVzFU4KZjhaaY9AjWkjWyYGUAJjs,ipfs://QmafNXjeHCkfhbQQ6kpUCzZ582ZdU1D7o3bXJSZmmvLrNR,ipfs://QmVrMJNQ55gHg4EJxzUUbupLSwnbbN5cRoPnggLfukGsbd
1046786,Bright Circuits #48,170,58.62334767773613,10,no,glass,oddly joyful,obedient,text,2,isometric 3D,never,circle,bright,QmZDj3ewohCc11YteRFUe3JvqqSe29aa7Q7L4Qzr3zp5eg,ipfs://QmaV8txrVjdHzqehsAeypa4QPPssrgTdaNNmQNWewk42b1?fxhash=opDXFpHDUyupR99BMTWeTvZaTcfXnRyif5UkbiCkB9RS4GNtwSf,ipfs://QmWzHJSq2oJ7RFLareyjKzXkEraCHvFXTQTYoouLF3pHJE,ipfs://QmXEENFSzXoN4XYv4LGDRBB54vCEgjWiYaArgf1fPPcEEY
