ID,Name,Rank,Rarity_Score,Attributes,Composition,High weight brush,Palette,Style,IPFS_URI,Artifact_URI,Display_URI,Thumbnail URI
1157232,Flustels #86,1,80.37298985167838,4,Composition #5,False,Palette #20,Style #6,QmSfemEwnB5S1vVMSPck1ZgNN1K5K2nZujCT2EQe5c6dcJ,ipfs://Qmf1rcuQWAhTmVnaxFXygbYYF8msK38BptqzwdTiVbtKwm?fxhash=oo9oZqnwCqsiY3jcDvMHvrz1rjYCMZZFCoW2o5drJqf4X1QnJnE,ipfs://QmP8H33GX3i2Fcy4nZ1FhndrfnAHRKqshprn4FQrULvmxU,ipfs://QmP9Lm6FH3DyKehSdzo6S9eFcAymwEWCAdAdRCwqH7FFLp
1156646,Flustels #25,2,78.71428571428571,4,Composition #3,True,Palette #6,Style #3,QmXzLNAKyw1EQV4So4egiEJpz24BYyGmademPEUPkuA2Rj,ipfs://Qmf1rcuQWAhTmVnaxFXygbYYF8msK38BptqzwdTiVbtKwm?fxhash=op1X7BFmaehVWjwAfis6SBTSs8Xd2K5LJDvkW58Pv51DUCsbCPd,ipfs://QmbvM4RcrusrpqR61CpC73jJiQmLWLcDsFfCiQkoVofhAf,ipfs://QmdhB6iS2aReSfq7fXP5wH6d9w1eAYbdpGmMSwD2sPLrfJ
1157287,Flustels #121,3,77.2357349497176,4,Composition #5,False,Palette #20,Style #4,Qmd6oQd6QpsBkjjXxvDTuYfhaSWdWHcKmsuMovtyzfMezw,ipfs://Qmf1rcuQWAhTmVnaxFXygbYYF8msK38BptqzwdTiVbtKwm?fxhash=onkYoPBAqdnNRwFKew6aoap6x85A8Mcp1JtJCh6Kro3RvBi3tat,ipfs://QmU1oUihsR5JMp2KUeh2iuk1W7coBMjpNhNDv62pVEEd6t,ipfs://Qmc52dHFdheafgCxhGG6NYuf8FowkjmpwtWyJcNxkA5Mim
1155373,Flustels #13,4,71.00560224089635,4,Composition #1,True,Palette #5,Style #2,Qmf4kbKs7uH8LPuuXLLrgqcv2b5KdXAc5eUA7Hrqnf6W6C,ipfs://Qmf1rcuQWAhTmVnaxFXygbYYF8msK38BptqzwdTiVbtKwm?fxhash=oorPABs23MyoV6u7FjcuifQjHJkysQWeGTyHXvFJxgGhhXpSUEo,ipfs://QmP6QygbaGkmVaWnyJ4ts5AY5uGRSkDjpNbrkhDEWPSc2w,ipfs://QmNqVxYwchfVx1RswXEomgmCwXqozYA7FJMXAUev9uAyqn
1157020,Flustels #48,5,68.18251366120218,4,Composition #2,False,Palette #15,Style #8,QmaKbatJhE3zr1QmTjHcZHRb5bEYJq65DmV9UkyPUAMjWA,ipfs://Qmf1rcuQWAhTmVnaxFXygbYYF8msK38BptqzwdTiVbtKwm?fxhash=op7FEyHKzo2Hk8PWQuJ4ddym8PQGogxdYBqKiQEG1t2FKn1Kmj9,ipfs://QmenCnp63zydt7S6j6Kt1FeG7DoNeJzvNwTYJAKpFtUE1R,ipfs://QmYtEGkbnRKumuhcEZ9AVUGy7EEgm9wP91wXAZLBwMxnF9
1157268,Flustels #109,6,67.74285714285713,4,Composition #1,True,Palette #14,Style #3,QmfKc62U3Nu4BYznokpHvnJm4BzPpEiVuQZTE4p4U7mgKU,ipfs://Qmf1rcuQWAhTmVnaxFXygbYYF8msK38BptqzwdTiVbtKwm?fxhash=ookeEJ8eDT7qkfEwQT3cwrgqvbW6WcmQF4MfFdVSi3xxXEEn7Yp,ipfs://QmYy1jPvuXivG5rYMsq37rk7McaeupJxWxmkBHSDzW7kEE,ipfs://QmWrVWYUtjVvZCGb6swtsrv5kHWGAzLhvGSrN8Xf2oD2mz
1157281,Flustels #118,7,67.47140255009107,4,Composition #2,False,Palette #1,Style #5,QmPPvyoi1DN4QJ1Sc5Qz8FBXzJKRsFKd3Hmv1rSsdx6LTm,ipfs://Qmf1rcuQWAhTmVnaxFXygbYYF8msK38BptqzwdTiVbtKwm?fxhash=ooj4hNm7Hv7gTKktdkTjpdugnrXyWyp9yzf3a5EffxxwXKXkzbf,ipfs://QmbQGgPUi8MyBxP3A9wrpemqPWH9CDbR3XYaHWjKgaNHYF,ipfs://QmUe8yzLrfS5g4Vh2fsJDQkJZr9WJ9iH5ndrcSHWVzwBmW
1157255,Flustels #100,8,65.86274509803921,4,Composition #4,True,Palette #5,Style #4,Qma9jDv1GDJBqdde3SvtAaeawGRNgEzfn65Br1QkBSDodD,ipfs://Qmf1rcuQWAhTmVnaxFXygbYYF8msK38BptqzwdTiVbtKwm?fxhash=opJ2rurs58MRKmm48v9winS1YgLoAigusaifKsZLQoMkmYmeWVi,ipfs://QmW1kd3ukFrhRtYPUEjknHXJHkm9yKCTfSXrQVSpu7mnxm,ipfs://QmYHZtFxgdFZAt6gRjR9frq7DEYWAGKtqFaQv3JhAwTmZ4
1155367,Flustels #12,9,61.858704137392664,4,Composition #1,False,Palette #3,Style #7,QmYLCwWMVdTmg2GL4XX8W96nxttPnhv1oLG9CGU1FkieC1,ipfs://Qmf1rcuQWAhTmVnaxFXygbYYF8msK38BptqzwdTiVbtKwm?fxhash=oot48izAtrpJF7qj1oDm8nrPrzpAcMyLJfjq5HbHtKWGS1at6RV,ipfs://Qmd6F748bhG5jwtNkos4M5N985CTRBqHvMDV9WC6iFzzho,ipfs://QmTNbVDE2uggfvM7KuVQfGUcc8mEZsH23cByT3MfgweZfd
1156738,Flustels #43,10,60.15711683580536,4,Composition #2,False,Palette #13,Style #5,QmdkaDmhtn1vo8jQPyV7XyqYM7NLHq8Qkxq5ZTR2Vy765c,ipfs://Qmf1rcuQWAhTmVnaxFXygbYYF8msK38BptqzwdTiVbtKwm?fxhash=opNmeuabh7rFPAkCgvvnSv98coUL2FAy34UbFGZorQ2F1aBzL6P,ipfs://QmT3856UaecBsTLYRAxfqi7SAs2cdwTLZwzHrHFakEGciu,ipfs://QmWoZKwycEvnLe5NkdpFJCKYftbN3jCCErkuwaKjzr2GVH
1156701,Flustels #40,11,59.03965651834504,4,Composition #5,False,Palette #16,Style #6,Qmcg7isLSkXC2EjD2nHwUgDMs574BF5rZFae21zswRWoPP,ipfs://Qmf1rcuQWAhTmVnaxFXygbYYF8msK38BptqzwdTiVbtKwm?fxhash=opaiNZmxB91LWkPRRc8DcS2xxcRQiPhdR4KTyB6nvdBNsNCBPV6,ipfs://QmTNwoLfKc1nXHmiqFeN23KXUfNBeKxfEXqn1HheNdzDu8,ipfs://QmefyiSN8AwaGp6ADjAgyXY5394jrmkvzMSaLRH1VaxRh6
1157284,Flustels #119,12,57.51584699453552,4,Composition #5,False,Palette #16,Style #1,QmQgCfxKWG58s3Wybg5sZe4mF7wWva32V1nEVFvP7iypgQ,ipfs://Qmf1rcuQWAhTmVnaxFXygbYYF8msK38BptqzwdTiVbtKwm?fxhash=ooXjAroEWmLQYQJzud8Ezgapp4bD4YXr8M4PhaYwHxfYnwUAxto,ipfs://QmPfT38CsbdTTs9QKwhMLWT9RxFJf77GaDPkh6EB5Ty6nN,ipfs://QmaT9BTykmnfAeiS2sEXoGFaWs86ZfRsUbLQxQRubUEe9i
1156651,Flustels #28,13,57.24918032786885,4,Composition #4,False,Palette #6,Style #8,QmRfj7XAgXV8AKYyi5ACQcRaTdDsdPmux7sbDp5EhavgBE,ipfs://Qmf1rcuQWAhTmVnaxFXygbYYF8msK38BptqzwdTiVbtKwm?fxhash=oogyDr5T4vroxG85s5CWpcinvnVhC4iStUK6jC75WDYHzCLoXui,ipfs://QmYjQrg6fauZ3mJiKkNz868fUD9ZV7fSF6bBmwo1dRg5Gt,ipfs://QmUFJf2c2wezDAYWv3JGFaivUBJMBsHiZme66RJzLksEay
1155749,Flustels #18,14,56.71584699453552,4,Composition #4,False,Palette #3,Style #7,QmcrY9dH5wdb5pmjZV1dQTh1mEbsWGSXEBb9pwANNV8RXx,ipfs://Qmf1rcuQWAhTmVnaxFXygbYYF8msK38BptqzwdTiVbtKwm?fxhash=ooMBPNzXAuohcAHJ6aXwtEmo2vXu5BoJLhMo3eepoN4KqAjRfG4,ipfs://Qmbad2eD4Unv6TS6qCDtcza62Wez1gJjeXWJwowV8wb8zR,ipfs://QmaasdcFwRw1qVEtPGDyqyW9HRvwHGuzbP2hLnCFp53htC
1157177,Flustels #62,14,56.71584699453552,4,Composition #4,False,Palette #6,Style #7,QmV56z5kf5s7jR6dTVtAPeNVSBc1zYaDpgdHJKkgRVGkAh,ipfs://Qmf1rcuQWAhTmVnaxFXygbYYF8msK38BptqzwdTiVbtKwm?fxhash=ooXB2TvyKCQZbGr1Ece4BmQXsLPN1onoBZUHRPMkBqHde2eToiW,ipfs://QmXUX9SFiK7GX61TxvkLH2d2SDHPEis4TtfxNbJ68yVyzX,ipfs://QmbQfrFdY8efucVVSjy9W2H9m5Uwry6AxJCH6iN16fd2n6
1157200,Flustels #75,16,56.2452587592414,4,Composition #4,False,Palette #3,Style #4,QmX8wTbhg5YoP7PzDHQgVkNdKZJA2ixgCTqRDVF6CftURF,ipfs://Qmf1rcuQWAhTmVnaxFXygbYYF8msK38BptqzwdTiVbtKwm?fxhash=opWQ3e6g9bJAvkjYxLmMzWUU7digMTj8RoQoVEvvVGpxgagduTb,ipfs://QmUXitGvTBsskaowoJzL76FpiUaxAsLTpFFZRUV7eEc6z1,ipfs://QmaYzo31DNRFFkPeVvfqfwvCErAEUH3W6LaBb3u7NpuAZ5
1156684,Flustels #37,17,55.76346604215456,4,Composition #3,False,Palette #16,Style #7,QmNyv5BK4x7Y4mVUb9odewc3JUfKb7zhwmuRzczksCA26z,ipfs://Qmf1rcuQWAhTmVnaxFXygbYYF8msK38BptqzwdTiVbtKwm?fxhash=oohYV8NfDS3z1x6G9zgPkYociBNHKMjru3hYaxrEW26XZh8fnVR,ipfs://QmdgXVpA6sB6uVgNoWgerq1bJhBpWsg5PUQJyZC1ywKFPm,ipfs://QmaDKjRymgCk6JpGq13Je19BeSEHz59DqMZ939nhhaueQ8
1157195,Flustels #72,18,53.93489461358314,4,Composition #2,False,Palette #13,Style #7,QmSkCgK5CpZE34xwYCqcsVuBLQvENVMajjdRtwUDD5GExg,ipfs://Qmf1rcuQWAhTmVnaxFXygbYYF8msK38BptqzwdTiVbtKwm?fxhash=ooCmmjyWKP3F64fdSEArRTsTqi6J8Sfzn36mPzoTtQCMJsUNMFb,ipfs://QmUtBeZ3zJgfyszw97j67EvqcdfGMLadK3wEdiKpXfq5oe,ipfs://Qmdd7tNpyqQJKJxNHv6PKj8yHExiVTL5YxDPRa5TtjSAYi
1156650,Flustels #27,19,53.22782446311858,4,Composition #1,True,Palette #19,Style #2,QmVWnJiqSNsshvCFAj3FKcJdHB5vLaPd9UsdoE1WLyViNX,ipfs://Qmf1rcuQWAhTmVnaxFXygbYYF8msK38BptqzwdTiVbtKwm?fxhash=ooem74pFwZupeeN1Mq6EWRxE3gwr9EPFRoBH5WCmcpcBpvun4La,ipfs://QmSAChEpmXENDYYTJ7P5UCgsbvpqsFBNSAvQAyQorJyyDx,ipfs://QmSvtdyz4EDHtDdhMFNt4NgQ9iJrDTTrM8eVboAFaZXaCz
1156734,Flustels #42,20,52.271402550091075,4,Composition #4,False,Palette #15,Style #5,QmdPDqaLGgiYnEn8t8v3QEespXm8wywsx8Z3kSPChMpQay,ipfs://Qmf1rcuQWAhTmVnaxFXygbYYF8msK38BptqzwdTiVbtKwm?fxhash=onyY8Jqw9cWj5zotQVG49suuC7hov6x7715XC5A4cbSwneGjV2u,ipfs://QmdNmv8wUu2HL4jQKPTcL6BWA1NVRusfcMxp4vr8uKXLy2,ipfs://QmWBYWqXaVDYE4bx5LSAbZ8ZpFYP6G3zQ15pg8H6P1qESs
1156660,Flustels #32,21,51.17859209257474,4,Composition #2,False,Palette #8,Style #4,QmYqR185eLVQ3z5w24zT2dWdtpnKCpoV1HtXGtPQrAKuPe,ipfs://Qmf1rcuQWAhTmVnaxFXygbYYF8msK38BptqzwdTiVbtKwm?fxhash=ooeUWqSpSeXVzhAWSvKdkMoCPhcGYRF7H3JvJHTttgFEgqaNjBB,ipfs://QmTbEFroXrRBFXBkwckWek2ikU3pFWvqg2S2AqrxeiWGkA,ipfs://QmWjfvwJgQ2GCQ2tuUpr78U39YSSdwGQHdr9wLWTa3iPfi
1157199,Flustels #74,22,48.910364145658264,4,Composition #3,True,Palette #8,Style #4,QmdY1E6izFY6DjTMau8U3N2PAQrASjrem9yBkNUjAEvD2y,ipfs://Qmf1rcuQWAhTmVnaxFXygbYYF8msK38BptqzwdTiVbtKwm?fxhash=op7TnQPpBdAmyyMoWQQnhiW7wo9UEJbkXjSL267N1haED9Mh5wP,ipfs://QmagHoQ68VnPi9aMGAsfWppErUjvzso4fetLbiJPVrkbNJ,ipfs://QmQgPwuaSi3JdL3vhuyvBb7FuBJAswS4fyp8xzCipDP8qf
1157179,Flustels #63,23,47.45870413739266,4,Composition #1,False,Palette #17,Style #6,QmRYUN5knBuBTWcEnPUF34gAcVbDfvuPVRREaoPJLX7dMZ,ipfs://Qmf1rcuQWAhTmVnaxFXygbYYF8msK38BptqzwdTiVbtKwm?fxhash=ooUgi2pxhKcJhzbmr91X6BvPz5DN4YhR3QDKt4MfpvvZe2579hV,ipfs://QmehQBePPfhKmg9Fcq5oBurpTnZqRLV2XNK4jCi9DWs7iG,ipfs://QmVVCrkNy7y8PRAYWK3LdzKfTGFyyLA2QAE5TfSq7i8BYX
1157244,Flustels #92,24,46.582513661202185,4,Composition #4,False,Palette #5,Style #8,QmXytv4mABC4BNqoHHacnpHWgdbATKfoNUvLrbRgsFKvKx,ipfs://Qmf1rcuQWAhTmVnaxFXygbYYF8msK38BptqzwdTiVbtKwm?fxhash=ooqAeFS8x81EAHGyiCSjqdhbvtjhJJ995vS7G1MHC2df1WyuDmT,ipfs://QmRzXpPjuRkC7zUnqbZA2Au7dZhhnLfKfAriRWzNSxJfQW,ipfs://QmRYT93Y9hX15XQiVEuEVEXYapz6LXqpemuaNdDYkhd1kn
1155268,Flustels #9,25,46.23965651834504,4,Composition #3,False,Palette #15,Style #1,QmPMv3gbegnmyoKqPbPKGeJNvnWjT6SHmmLmNERpnpEokG,ipfs://Qmf1rcuQWAhTmVnaxFXygbYYF8msK38BptqzwdTiVbtKwm?fxhash=ony7mY3mz4z9cR8qVmNSFsjKyypGnZqjsHuWJ7gXcHxKhumbEU2,ipfs://QmP8TPSKMcUL2DPW2fxCRya8PokyF4sd1N5dx9mUrD5FPQ,ipfs://QmZAEVda7UgcANJCXuFbVczmJKgifMn3SHduZqqfNHJfWT
1156785,Flustels #44,26,45.87140255009108,4,Composition #4,False,Palette #1,Style #5,QmZyA6cnZg7HYQtYm66qMhRXSbvDspRtQahbMsSsziZfGh,ipfs://Qmf1rcuQWAhTmVnaxFXygbYYF8msK38BptqzwdTiVbtKwm?fxhash=oo14DpRXT2aPBk9quN5Q8MNgTTPkG75KumWDvSnz3aBTyzocqzX,ipfs://QmYekBjhjoroFCUXmr8ri73frKSurZ49VvGgTf8rxWsHp5,ipfs://QmYGtJZsigquw6ppmB1cHBndFMoWPeFuJ5z5cSQYuMQb99
1157185,Flustels #67,27,45.630132708821236,4,Composition #3,False,Palette #4,Style #8,Qma6f4xBJVWv5wThpA7wRPpxNSWeEgLvUGwEuV7Q8Ad3ve,ipfs://Qmf1rcuQWAhTmVnaxFXygbYYF8msK38BptqzwdTiVbtKwm?fxhash=onpYpJW7ipv91WvGLUBLaJNJU7878rDVEL23tcDypYb6VDpLJJK,ipfs://QmcyZWSB1RMWCFAL8F7UuCPvCok8n67WEfsZt4mtHgy6xP,ipfs://QmdHV1RDb1RUYkDWe9z7Qwdm1TW5HRfZ9AtZQdj2pircGj
1157278,Flustels #116,27,45.630132708821236,4,Composition #3,False,Palette #4,Style #8,QmZCcDEJzshKZ77zzCP1uFFfumV4N7rWMZavFfKthQKjeJ,ipfs://Qmf1rcuQWAhTmVnaxFXygbYYF8msK38BptqzwdTiVbtKwm?fxhash=ooEfG8ykUM55fHvUfhKCpmUerkLvUeHc8koEguCYHJnDuK2RPzA,ipfs://QmSYbPeG3aiG4oxyJganrfzmCizF6JtDM7xK3fQdyV28k1,ipfs://QmV1k3PpYea53utSUtiY5aRwSu59jZ2k4wgNZehpC6BYsL
1156689,Flustels #38,29,45.57859209257474,4,Composition #4,False,Palette #5,Style #2,QmVhpUxDjevXSUVDVPJidhZVQSut7LSkxAk4YL1yDxFSut,ipfs://Qmf1rcuQWAhTmVnaxFXygbYYF8msK38BptqzwdTiVbtKwm?fxhash=onmwhcSXuUSAHQ8quMg6MwsyaX3mgMrpR13NdhR1ZJ9CrKDDyFh,ipfs://Qmf78VhrDEFyJru5kymZX2fV23rjM4yuEkDsUciMdBiB9E,ipfs://Qme2HXFaJXhHwtr8ZQTMjv9nWcPwKBoYwFhceCknF5dGj5
1155966,Flustels #20,30,45.528545407233935,4,Composition #5,False,Palette #14,Style #5,QmfU7zUSz7MYdiM3GC94wEaiRc4R3YVWC9iDWSYzwiSuGK,ipfs://Qmf1rcuQWAhTmVnaxFXygbYYF8msK38BptqzwdTiVbtKwm?fxhash=opQdi8cE1Am84ExrMqzwWWSExLJeDapqh4wfhfRgcNzWUqDTUZV,ipfs://QmduES1Ef1uD9rkqpgppZpxckUYAnheYspUQzDpoZXLGoo,ipfs://QmYDHV8TAj1qHURnqZGv7QeVBHhWyaeZj1zqtLvSrn6Jua
1156819,Flustels #46,31,45.096799375487905,4,Composition #3,False,Palette #4,Style #7,QmcKUmzhf6NFMPqwTWHckgWWzuPMAM2coqW9urLoxMaGqT,ipfs://Qmf1rcuQWAhTmVnaxFXygbYYF8msK38BptqzwdTiVbtKwm?fxhash=oo2AuimPuetYj3PdwoUd8dFuNrngFwAFeyJtswZLNkwxNZ9E1G2,ipfs://QmQDxQ5Q3W5Qnae1mJYhoBu5VPQndxLhzkTbfFkK5bbNzT,ipfs://QmXru7JDu25kD5z9kUM2GKSeSKUHTrUZFARHPiceQHjXoH
1157168,Flustels #60,31,45.096799375487905,4,Composition #3,False,Palette #15,Style #9,QmVySzU2W6nGqVQJoL61AnPVfXZECCjUETv2ZYpkkbvLCv,ipfs://Qmf1rcuQWAhTmVnaxFXygbYYF8msK38BptqzwdTiVbtKwm?fxhash=opC9yeCKWZ1fckRWRLDFB3iGb2i7eZMoXXsjsr9Yj3egumfgo1p,ipfs://QmbdJRn1bCLotNyszkvPA8s3uNZqbuA3sdrgn3ZwTZ5NCc,ipfs://QmUrJxgUeP1ddM5vGEgjvnjpEitcrXPLZ3gi5Cdk78raW4
1157208,Flustels #79,33,44.792037470726,4,Composition #1,False,Palette #21,Style #9,QmdXFjjJENLeaWWDLrcozQG7WknCLoKHvufHyAWZQGGt3C,ipfs://Qmf1rcuQWAhTmVnaxFXygbYYF8msK38BptqzwdTiVbtKwm?fxhash=op9hZ4qFbKmWc1hm7qsouqUFjcmx5eWaDy82YzcGfhTm8UcwW4p,ipfs://QmbkZvGqz6aA4V3BSpWJijnqu4R1eeRJQFWtcrcR5rBm6M,ipfs://Qmbm5c6Gjnru42FjMGuhvhC2wuFgn7K1F6EEZ9o2Efae9m
1156652,Flustels #29,34,44.62621114019379,4,Composition #3,False,Palette #4,Style #2,QmbRQUJesT2so7nmiypMJgqBdmx9cDKFBZkXduSZsW9QAc,ipfs://Qmf1rcuQWAhTmVnaxFXygbYYF8msK38BptqzwdTiVbtKwm?fxhash=onrSvKCRmimAx3xnbQqADzArYenyBKJGbujxZNPpoUNTB9uaumh,ipfs://QmbzP5FEdfz4FbiPdWU8NJdh26C23KomCXcztVPeQmvkY2,ipfs://QmXZDiqHDaBtUo1YPfq4DWP2JLHEU5HGKLdiXZpXEAwgiY
1156816,Flustels #45,35,42.31584699453552,4,Composition #4,False,Palette #17,Style #3,QmQgmgFsaDqNXt5ys15pVWz7W2SpQfLAvwZS38LFQqM5yj,ipfs://Qmf1rcuQWAhTmVnaxFXygbYYF8msK38BptqzwdTiVbtKwm?fxhash=ootnRsbmALmjUxw8692mZHZAPQvzi7wKNfGYyenDM2brCfN7wdx,ipfs://QmePsF446BvsQiKdX3BT9Y9yvPUbP9W4BJzWYcFNzUV1SL,ipfs://QmNkuEbrE2bzNuTamt7f9TXWhT1MX3b7NqMSpz1Kaj83kF
1157026,Flustels #50,35,42.31584699453552,4,Composition #4,False,Palette #21,Style #6,QmQWUZFbBhL8HComA4REDtBgM9eMk4w8bxnTc53tGFqb1U,ipfs://Qmf1rcuQWAhTmVnaxFXygbYYF8msK38BptqzwdTiVbtKwm?fxhash=opQkS2qpkRZDMRrbn2LyeGpRx44vWUktiNdNDgTLhszaNxkbnno,ipfs://QmaQiMrm37hC2VB5N6WMJLMQL65d9rwVcsnsTng4hxZvxF,ipfs://QmXbMBph2mgBGgmwstDYxbpaXDrWteGe6ghNWPjHkiytyP
1156654,Flustels #30,37,41.36346604215457,4,Composition #3,False,Palette #7,Style #3,QmX3Vxv6vgv9rM2gWUTz1GFNaLS86mVeeiAHtZHyjwfxD1,ipfs://Qmf1rcuQWAhTmVnaxFXygbYYF8msK38BptqzwdTiVbtKwm?fxhash=opWATDCbM5XQps365iiTnmGsxEWdRnvcYncza8CLbSR2qVNHFQr,ipfs://QmazW262PFss2SPv3EQeQMVnzBUwPUPVDBm42nJmzrPwTH,ipfs://QmSZXhrDEbemPmZGJncWsnMsJARpGr6e5kZzoRMMoZNVWt
1157266,Flustels #108,37,41.36346604215457,4,Composition #3,False,Palette #1,Style #6,QmVhrCAeqY8HYhLMizzdq9xDafPnkebGhDvTsv9jsVduz3,ipfs://Qmf1rcuQWAhTmVnaxFXygbYYF8msK38BptqzwdTiVbtKwm?fxhash=oohS9tAq2WxmjLMAJrJQWQngnd5VD7N8RdGBrs8Rz7znfGHqj4n,ipfs://QmXroCVM4kkAHz9YaztuNbMikWTs66sTxBDboYHNkMFuMQ,ipfs://QmfAKYvvcfZJ1Keu5isKkKhM3WRZpSj8au5zBvWV6sm8XU
1157253,Flustels #98,39,40.792037470726,4,Composition #4,False,Palette #17,Style #1,QmTfLnB3aRjVWZ5bPdzqhsw6RYA3rPMHPRuBW3LzXm1MhZ,ipfs://Qmf1rcuQWAhTmVnaxFXygbYYF8msK38BptqzwdTiVbtKwm?fxhash=onqGuwJU9kjyNzWgciCkZ4cTPiR4ypEZxsDY4NW2rFZfGN5i7rY,ipfs://QmVcAXh3ph8yHK6E15ZKQgND3SRYNFzXQdHJg8DkFfwfZx,ipfs://QmdRFrs1C8u7HuWifKUyAi7fRfbsbUZuq7rJJcpKCayS8a
1155253,Flustels #3,40,39.83965651834505,4,Composition #3,False,Palette #1,Style #1,QmQ7M1GRnGUiN79iV5jeHY1foPJjeCvNJsqCxARAWbGTxB,ipfs://Qmf1rcuQWAhTmVnaxFXygbYYF8msK38BptqzwdTiVbtKwm?fxhash=oo9HCUmsexowfBKCqV1CequmyNSnAgewwdCG3Gw2J1Rt43up1k4,ipfs://QmZvGpsC5ZDEMYX4S6uaJyqfiGg7pDzWdbFWiGzN4Eap7r,ipfs://QmPHdyVUMJEr6YKT3yekd3jNCzHi9pEFLNtX8QketEf6Jt
1157234,Flustels #87,40,39.83965651834505,4,Composition #3,False,Palette #17,Style #1,QmcRVf7ErHV83cPFopAB9vSQaBfJobdmQpwhrEcjpxVSbJ,ipfs://Qmf1rcuQWAhTmVnaxFXygbYYF8msK38BptqzwdTiVbtKwm?fxhash=onthfdmUhhUyoDCsFuqjqqkqH9ryAfUQAg1ESyfD6Wi2E71ytoD,ipfs://QmQtj9nYyPKKCABYMkwiupGA5cxJ9m7HBkSh8uYWBmgi3y,ipfs://Qmc1LuWKPANv4qA5RK7cMEDmnrjFZYCYfi4CHzRp4s6xd5
1157293,Flustels #126,42,39.839656518345045,4,Composition #5,False,Palette #7,Style #8,QmSTXdqH36m8AqCjbeXzUYGL9LqKyUzjojXMCx3rLTq9M3,ipfs://Qmf1rcuQWAhTmVnaxFXygbYYF8msK38BptqzwdTiVbtKwm?fxhash=ooF97uF9urXbAVPmQRtsa4gnPZgZ51pgrnZdtnsCQEJQND5Lgg9,ipfs://QmW1TDdnD9pG4pZ94ha14gsTvKGs8sUjLaKSTgn3ujxAY1,ipfs://QmQevwRY4z38hREcjw2sUUTxr7UyBzUtcGdqhSC4V5u5ET
1156639,Flustels #24,43,39.636481915170435,4,Composition #1,False,Palette #11,Style #5,QmTQJKdVPXJA1kKz4cBi7jE666L9TBPAz6Rc6NCV5udrzx,ipfs://Qmf1rcuQWAhTmVnaxFXygbYYF8msK38BptqzwdTiVbtKwm?fxhash=ooJvKMqQAjTvxx4P1hJr33RTRj5NvuJ6wBz7pX24zRwNdJgWR6i,ipfs://QmWZbRtYkmkgADPXB1M3rZJXsihkoXXTZwJFmiYx5ufxxx,ipfs://QmfA1v4HiZ7oxRtJzEdFNDK2TzyaCxeqy9ZTr8FzxVo5Fd
1157030,Flustels #52,44,39.30632318501171,4,Composition #5,False,Palette #7,Style #9,QmQ9bfCsAqsnVWuaAiK8WkvVrcQy2PvRkwHsVGrKUwMr1v,ipfs://Qmf1rcuQWAhTmVnaxFXygbYYF8msK38BptqzwdTiVbtKwm?fxhash=ooaCJBpjVqgTtRpBXf68FwjKSoXHGrwAcCQscNHsSXES2Er73Y2,ipfs://QmbY675X6FCftjptZZufk6GySqNpcQGGDVPwSFaFXSDU2a,ipfs://Qmdbh8jEXvuj1A5qqRnqdLb7EgBabS8652rRfHG783nsFi
1157247,Flustels #94,44,39.30632318501171,4,Composition #5,False,Palette #14,Style #9,Qmeiib7rqaGcMqNL2Ec6coELtQov5LUTRrPRFkiH78AzDF,ipfs://Qmf1rcuQWAhTmVnaxFXygbYYF8msK38BptqzwdTiVbtKwm?fxhash=ooREdmkcZETnbSWES5kjntcrvFerRdPZMhpsMRY6s5pFVB6psTx,ipfs://Qmcp1YW1e7UM1yFj88Ai1sHQ96ke3FeGmqfWdS237MF4JT,ipfs://QmeYvQUt1ixGGtzjeYhQRwSS6wahrDHRhXcSHWkHxhohqv
1157242,Flustels #91,46,39.23013270882123,4,Composition #3,False,Palette #17,Style #8,QmcZJzjh69cssCjaR9H5vSTdH1XjQHy238EFgu4GJCardS,ipfs://Qmf1rcuQWAhTmVnaxFXygbYYF8msK38BptqzwdTiVbtKwm?fxhash=ongHuAkGSSpggrMxwStZe1DDrN6eBCN4FqLYLmhbp1mvQmvtUnS,ipfs://QmYmEcignXej7TRVQU11nWJPjJfYvjBvuPHZv51HHVPmqe,ipfs://QmTmYP7T3obc5whgw5ipzPEuwiYhhRazwnuQeFVpae7WRQ
1157192,Flustels #71,47,39.17859209257474,4,Composition #4,False,Palette #21,Style #4,Qme7SyMrYeYRhZydNeyGHq1Rrutgw2276u5ejfn5vyeMbP,ipfs://Qmf1rcuQWAhTmVnaxFXygbYYF8msK38BptqzwdTiVbtKwm?fxhash=oo9EvDRWgZhc8G9rwmRZ1W3D9yMNynKZYPB4ugPLkNXkT5B5YDH,ipfs://QmNss5QYnNeN5MhzeWFYK6LT3FZqx8dXmEbrtccAv1CH4B,ipfs://QmfVojaBK9rYDQHNpUGJxdkMQGCbq7mR6LtAPtRBnmDkXR
1157249,Flustels #96,47,39.17859209257474,4,Composition #4,False,Palette #1,Style #2,QmWoQHom1bK4qDNuSNiLdYS5bGhAgTiSkQ4VRVaCKP8QXH,ipfs://Qmf1rcuQWAhTmVnaxFXygbYYF8msK38BptqzwdTiVbtKwm?fxhash=oo9Hv8oR5bKWQUbAJ8aa1WhsZHqpH8GGAuk6tuoCeni4vQrMBzE,ipfs://QmUZsFLq6Aakkh6AD94zSZMVMSYPi5ognJ4iLbz4kHAhEE,ipfs://QmcSTTWFaAfR23cAu9vTVMRoZdAtu6rn83y7UqWTZXb1f8
1157157,Flustels #55,49,38.8357349497176,4,Composition #5,False,Palette #7,Style #2,QmVGiRTq8nvuV2vXFL4LQpyvWAJLUFeysueDmSMzHSXyKF,ipfs://Qmf1rcuQWAhTmVnaxFXygbYYF8msK38BptqzwdTiVbtKwm?fxhash=ooQRCHzZ6ZnpuBoXrsUzpR5odxThe52r3a1SFFBMedxJQ1quQ87,ipfs://Qmb3CkzKDLtkNvvqAikp7t8ni6jp1x4ZfPVQCkry1QX3ga,ipfs://QmfHPMmHx36gYTJjApRCNKTi4CMgnxQswcZbqyFEGWXwUw
1155378,Flustels #14,50,38.6967993754879,4,Composition #3,False,Palette #14,Style #9,QmUbMu15AsX13zveNn3kD51mwUWtGXJjRgaYyMrAmxTMJp,ipfs://Qmf1rcuQWAhTmVnaxFXygbYYF8msK38BptqzwdTiVbtKwm?fxhash=opPM1ZoXviZrTxa85JPh6gCakvnfNABtiThL8w5adTJKbK15XGh,ipfs://QmZuz2w9RjPbL3DoXhZYbWAYhPQSPmrs3WSCP3PcWBPuVu,ipfs://QmYiyuX4xeDpCsY5k5Q1aNzo4MbuxwqsU5q2VCEGnEdZS9
1155699,Flustels #16,50,38.6967993754879,4,Composition #3,False,Palette #14,Style #7,QmVs9pu8KxQPxjjqUHnVKX7xBnykFmeiKHW6i4CDv6vsvB,ipfs://Qmf1rcuQWAhTmVnaxFXygbYYF8msK38BptqzwdTiVbtKwm?fxhash=onfQKAQXY7wDikR5KNCHwEN7FUkUwF81XeMqi3zphxKkzC8Yzgc,ipfs://Qme4pXTbDBUH8sXy6VWuwetEs9oobqnwWiURyA71Bh9NtU,ipfs://QmTt31YzdthZ3Rm1ERUSvZbqZkEYxF6JCLsmpNu753QTRF
1155260,Flustels #7,52,38.22621114019378,4,Composition #3,False,Palette #7,Style #4,Qmetg4tHuQQqEDZv822ZhbbHYaBFRVvCEp99Hw6deg5Wbd,ipfs://Qmf1rcuQWAhTmVnaxFXygbYYF8msK38BptqzwdTiVbtKwm?fxhash=onq4JbWwegQgZ4johLyXLGnA8vf13wfpBxUfWCYXByb4MQGR8jT,ipfs://Qme6T5DWhNab7RkFaoMwFbJ3FCDbwFtoRX3tQ7X2dnUhfH,ipfs://QmVMA6hMWNSNDfHNqzzuoF3ikdsEkDY9TmvCxb5XMADf3H
1157246,Flustels #93,52,38.22621114019378,4,Composition #3,False,Palette #21,Style #4,QmePMGq2FTU2R3KU5AZYGbiLHSkdWSBySQpSHi9vvt9mUc,ipfs://Qmf1rcuQWAhTmVnaxFXygbYYF8msK38BptqzwdTiVbtKwm?fxhash=opMGEkrEhXDFNcErd1NiHHGABB6JKLicqbQSEyfGUZgupkRvYCw,ipfs://QmRNvdbnh6iPb9wi7FMS94HhMY7VLMPRf6p9pF9812Tuw5,ipfs://Qmaoyv4MR3sywL6aQmLRwkrfgKRS9Vc1uvuyccYsYpb6Pr
1157276,Flustels #114,52,38.22621114019378,4,Composition #3,False,Palette #21,Style #4,Qmed8pvKVjtEbCSBjXLxe3tVCBT4FEERREvT7PzHigMhy3,ipfs://Qmf1rcuQWAhTmVnaxFXygbYYF8msK38BptqzwdTiVbtKwm?fxhash=opPENvfnSXGtaVDCwXuo3e1nD4PBuSTXRJWvPWZSpTUKjuVLXBi,ipfs://QmRjXCpx1wCV37AQZoEVwQ83o8XeWckEfcmLZekB8g4eJA,ipfs://QmcG1SQjijaYnXp33bv6BJkYRGFgNPgKJG9P6HRyXCfiPC
1157210,Flustels #80,55,37.60473588342441,4,Composition #3,False,Palette #10,Style #5,QmXgtSapVi6yqsZ39UNhTpX9sWgswb3AtKjf1mdzoceknW,ipfs://Qmf1rcuQWAhTmVnaxFXygbYYF8msK38BptqzwdTiVbtKwm?fxhash=op9stuFHg4pzk5ZNFQg7WVqajPazeLLHxEMZoXzN6qZC7k2jZjv,ipfs://QmeTh14WKeX3arhR2ERS6cqyPAwwPP3Qj3V9EpLrFFBeEi,ipfs://QmWDGE5ftpsnX3eWdFTLTR1CcSCJmfDwFugX7g2f66yWfP
1156631,Flustels #23,56,37.477751756440284,4,Composition #1,False,Palette #9,Style #7,QmSgHmF9fZxigto4WqGaj8LX8rgeiz9A4BPScThP6xkBdZ,ipfs://Qmf1rcuQWAhTmVnaxFXygbYYF8msK38BptqzwdTiVbtKwm?fxhash=ooahsyExdjEo1jubxM129s127b4fnZbtpu9LFEU2tCPdZa2CqRn,ipfs://QmQygxk1HKKiYYCLBsnSYEXHoxjKaC9k3jkmTLpzEhtHuN,ipfs://QmQP7tKkYPG5TismzZzaSNFvikfQEB6i2vjGNRyqGnPbkS
1157220,Flustels #82,57,36.08092635961488,4,Composition #1,False,Palette #19,Style #6,QmP988UwFSinVxGQdVAQBrCXkV945JJ2RaE9p1o4ZBPfTw,ipfs://Qmf1rcuQWAhTmVnaxFXygbYYF8msK38BptqzwdTiVbtKwm?fxhash=oo5AZQ2FsgXgDUTZk2n47yrmYUgZmbySKgBdvvi4HuNMHwDiRZo,ipfs://QmXBqAK6qKxL4rajeCgRc6JJoY5iUJknegaCJLweHKynLo,ipfs://QmX8nHKPTeDxKM6VeCH5JPhSBDwAhLVFiDWq5oZdpRLVk6
1155264,Flustels #8,58,34.65870413739266,4,Composition #5,False,Palette #9,Style #3,QmZ8uQm4GWMn2MfXMWQsVjQ7SRXF6JDV7U3FQHPwDpwQzk,ipfs://Qmf1rcuQWAhTmVnaxFXygbYYF8msK38BptqzwdTiVbtKwm?fxhash=oox86nj9tVNgydAY9C1AFSSxbY9ZHD5NB6gTiYKJTdtQGJFD9Lj,ipfs://QmR8SGLJ9AHmtEAqHkbA8cTpBXdJoJVy8xfREhiKk46WgB,ipfs://QmTqHEY3yL9LXZ4G61x214d3eyG2Sk38wQxKNhndYGwe8c
1157254,Flustels #99,58,34.65870413739266,4,Composition #5,False,Palette #10,Style #3,QmShxra4xJBunQGWkLukKPLstqrLhLwCyZnm673NJtXWGf,ipfs://Qmf1rcuQWAhTmVnaxFXygbYYF8msK38BptqzwdTiVbtKwm?fxhash=ooCu4wM4yJBBinyPbQ91o3uy9Fq5vq31bqzquFB4o1RM4AaFbYv,ipfs://QmWHpAaawRWx65EevcctC6C8zZbR8iLkw7m3Chk4sBW7oF,ipfs://QmYYXsjPWE4UxHD1admu6xsk1tgnWg9CthAbniq1v9cwuK
1156627,Flustels #22,60,34.04918032786885,4,Composition #3,False,Palette #13,Style #6,QmbAekk23KhZnLUX6BxB13pvpfJuZWPcRWyeAnMvu7dk5p,ipfs://Qmf1rcuQWAhTmVnaxFXygbYYF8msK38BptqzwdTiVbtKwm?fxhash=opS9Ukqb9mkkAT4BjRUa9SbziXhUKiepzzexDf5PJHtR7YymhNb,ipfs://QmcKMFdFWRVLfLs98gC85W7QbEyAHssuPvj4EcLim26Ec6,ipfs://QmVNYUNTAUaWvd7V71ZrLAgy4VZxDKco6CLJaBnoHS5pfo
1155252,Flustels #2,61,33.47775175644028,4,Composition #4,False,Palette #10,Style #1,QmbZwziKeYWr2aNMEe3QZRwfHmvp5xCeu37caNWkWjrHoQ,ipfs://Qmf1rcuQWAhTmVnaxFXygbYYF8msK38BptqzwdTiVbtKwm?fxhash=ooBxtSj9C6TDJHtSTdv2jRJQFt1znz58sifzeGdNFQSP7QiBHT1,ipfs://QmQRVVVs9wHQ2uKvxaCzuS4CyD4kqUKvZ6xjoKX42xtJvi,ipfs://QmPySfprphFYHLQmCokYNc4hYjv5ApYjFhszGvRgWSXttS
1157285,Flustels #120,62,33.134894613583135,4,Composition #5,False,Palette #9,Style #1,Qmdh1pXyptWnNfVeTmTTGokTHajt4stAJKSqryvzLQMfWr,ipfs://Qmf1rcuQWAhTmVnaxFXygbYYF8msK38BptqzwdTiVbtKwm?fxhash=ooA5YKCAAquXnySsmBPmzD6TXtfbzRdeUB2REPcJKJdDAc3scSh,ipfs://QmYtPzE7Kv32e8zgxbYTdNV5JYksB8EqmWmtkaGsijFTnu,ipfs://QmPSS9ttg7FqwbCE3PULRoT8Qu5jdPbHh4E5bMWucYEo2F
1157296,Flustels #128,62,33.134894613583135,4,Composition #5,False,Palette #10,Style #1,QmcX6d7NWNgQhbMUP2otHSyjz7MXZutpQxeTTGXBERdEnC,ipfs://Qmf1rcuQWAhTmVnaxFXygbYYF8msK38BptqzwdTiVbtKwm?fxhash=oo9UHdB3dmfcpogNwESjTERiEcP8quYkMUoUjVGLB171SX9qrfe,ipfs://QmdyoQuCP1GH5bcAKmUVg6SEZjAE8JbN2k7B85BomdGzEQ,ipfs://QmZvrGZWJpWBiTMmG8yxqGLi2PRWorEnpQbvzn1LMniNm3
1155254,Flustels #4,64,32.52537080405933,4,Composition #5,False,Palette #9,Style #8,QmNRhmTE1VsGWK1xzoxVrCdgmxVjDdTbwmE51F4c1HSt8L,ipfs://Qmf1rcuQWAhTmVnaxFXygbYYF8msK38BptqzwdTiVbtKwm?fxhash=oogSfRsq98UDD6sGQs24MQouJEymu1UJ1GGuDJ4gVWJkYekY263,ipfs://QmX2Mt4ezrVq6K7b9Yw3XjvrV9fLrcQs3Dpu8wbiAnPZuY,ipfs://QmXnLmRLkSrQDVPtu7W18da7QymPCB1QqgExtn3TvVaHP9
1157250,Flustels #97,65,32.33489461358314,4,Composition #4,False,Palette #13,Style #9,QmWHUP4zKBujuZzZpQep6nAq4PiqxnxvybM1BHFZD4TJpc,ipfs://Qmf1rcuQWAhTmVnaxFXygbYYF8msK38BptqzwdTiVbtKwm?fxhash=ooBkW1k99eorQkm6Lb8MW3gd1XUycqh7eCW9TrmrXyLEsWrW2Ku,ipfs://QmW69izsnZeqT96jJvDQoK93kWPfXS48yhfzmNXRcoR1GK,ipfs://QmZBWSWQtRKCaeG51cCRx35xjCqdko7M3dPZYfYNjLQNdA
1157189,Flustels #70,66,31.992037470725997,4,Composition #5,False,Palette #13,Style #9,QmQeKDq8fL5e1qzhfb8DBf7FCc39HLtaXiRH3GP1nfyknS,ipfs://Qmf1rcuQWAhTmVnaxFXygbYYF8msK38BptqzwdTiVbtKwm?fxhash=opLGwws6ea4vrHgdtzuEpk8KZGVWCNm3MKdK24xjkqgSJj8UkTq,ipfs://QmQQn6PM15mrrqDda77URdu5kGcbWFuZTDx57C5bynMgRB,ipfs://QmP7fb8hajuB6mRMXxczguRDYeoyGphjLDE3xq8qt8wZnn
1157262,Flustels #105,66,31.992037470725997,4,Composition #5,False,Palette #13,Style #7,QmVuAYTsNkFkJpgoHtxuejbue7LVPAmzkcGE54Fs8a4ZAi,ipfs://Qmf1rcuQWAhTmVnaxFXygbYYF8msK38BptqzwdTiVbtKwm?fxhash=ooFaQrBsS3wRPE1ZGqerQGP9gM1sakhZrpN91QcPkhximDnL28B,ipfs://QmYDUCK3xDtke7tGvt2uZVtQL75tb8iyB498envVYJuiAH,ipfs://QmQmJVhk75oSV13KndQvHKHMBKbpp2kWQDHFddotcur3TH
1156647,Flustels #26,68,31.864306378289022,4,Composition #4,False,Palette #10,Style #4,QmVj4ro6TFL9EhTMH9w8YfDcuiTyTUgg76jcLvQf2zgSu1,ipfs://Qmf1rcuQWAhTmVnaxFXygbYYF8msK38BptqzwdTiVbtKwm?fxhash=opGooT7wdyiCXngsPAER4LUY2oGWmFYFUugn8moJ1u6ibMVU2nL,ipfs://QmaXnjA5qtQ9AYSbZgtfjGGwtRongdV3zcmattwPTo9hAi,ipfs://QmUZKd5nbPG47fwG9KgwrMnFM62XN1wzeBPJUrkjCqUKwm
1157170,Flustels #61,69,31.763466042154565,4,Composition #3,False,Palette #8,Style #3,QmWhAxfhXY59XmW8e9y3GGxFekhqCpASkbq1RJzDRGtjjS,ipfs://Qmf1rcuQWAhTmVnaxFXygbYYF8msK38BptqzwdTiVbtKwm?fxhash=opLFpAVLLDBE1BaGLoW9BLqYBUmbMMJcNqxZj6BvWKTM5ZeELo4,ipfs://QmWo86UoxzhWpqhYH4SKpvQqQPtuFUaT9NDkEXE1QS3cnM,ipfs://QmcfasR7hSgPjektaH6Ej94uSnSi3AFDdRSja6dFBeLkE3
1156726,Flustels #41,70,31.52144923543188,4,Composition #5,False,Palette #9,Style #4,QmVbZAngSy7VvQgabbyEMVeoLka3hdLjqpfxjhTALHngPX,ipfs://Qmf1rcuQWAhTmVnaxFXygbYYF8msK38BptqzwdTiVbtKwm?fxhash=oooT8jT1atoes7HgBjfZGmeyKfTtfYJXe2w5ezBetE95eUZac4e,ipfs://QmegDHHtCAJZNkE8SCzy85QAXc9jqrpjZA3c547Z8c7XGq,ipfs://QmZdEPASt5rtx3UgP5a5GStcJ8JgGVNpHq161NHaWNCUe9
1157198,Flustels #73,70,31.52144923543188,4,Composition #5,False,Palette #10,Style #2,QmcTZkag1MrMiuhpbQpUzgDRUMkYmqd7bKNwu683YuxBXn,ipfs://Qmf1rcuQWAhTmVnaxFXygbYYF8msK38BptqzwdTiVbtKwm?fxhash=op4KBR5CGcxzR2xAATnHAvAb5Gy1RCLmduHXNZVbUnyPpKeJkgc,ipfs://QmbNFDKqCRnZYJt7FyizQnWkrLWsFuq6R8DcU7UPTVt4fh,ipfs://QmVubTgPp6XaVRBXuDJiKAFbuv7yoRTWb6QA62HxkBgDCL
1157206,Flustels #78,72,31.521449235431877,4,Composition #1,False,Palette #12,Style #4,QmXkq8wsN3CuhQMxi9kU2sxXRxscbVyKWDnW6bT3st4NND,ipfs://Qmf1rcuQWAhTmVnaxFXygbYYF8msK38BptqzwdTiVbtKwm?fxhash=oni6eC69g4vpte1jZQPXwhnwQUtm7Kv57nnbA91Fe4CDtG4sE32,ipfs://QmNodofaeALb6yoouQxg5hnNdaXweJUBqrAj3HmAExhZDn,ipfs://QmPLTtU55GXjfGocn4Yb8SPTEcYhZyAxLFevs2CBQQ2P3M
1157027,Flustels #51,73,31.382513661202186,4,Composition #3,False,Palette #10,Style #9,Qmex2io6ipYq9GdNwH54ckT84676cEaCro7AE8vqKoRRBu,ipfs://Qmf1rcuQWAhTmVnaxFXygbYYF8msK38BptqzwdTiVbtKwm?fxhash=oo9yLsXYXTgfaNjkzd2GYqVDb458hgUaKUKrxssqdqpfycEYGRL,ipfs://QmcaKsEKfPA4uaGedeDvM289Gcezr4V5qaTnc65wt7iCka,ipfs://QmaDK2uXebxHX9hFpvFqt4XVsuxCihmoAzenqv1Cpn9J9d
1157158,Flustels #56,73,31.382513661202186,4,Composition #3,False,Palette #9,Style #7,QmdSa5zpq4dETnwJ3t2KnJGQZ7XGGBHyL2LmpKqKNpugVo,ipfs://Qmf1rcuQWAhTmVnaxFXygbYYF8msK38BptqzwdTiVbtKwm?fxhash=ooqWcPGAa1maSQY6D62VT7MyVuHNTCqeDeXijVHnqiiZbLRVSfZ,ipfs://QmbHwHUA6t4H3Zej3ZXaREsx13QK6NxeMkiiJ36Ant2igB,ipfs://QmXA6AMwHLwhNG4mvFdkSU5Uw8joJuX9EjAoMnptZp5FcH
1157165,Flustels #59,73,31.382513661202186,4,Composition #3,False,Palette #13,Style #7,QmZ2GAsW9ZdWww5gHxv34rQgcexRxpQAr5W7KcxPhyTbgK,ipfs://Qmf1rcuQWAhTmVnaxFXygbYYF8msK38BptqzwdTiVbtKwm?fxhash=oo9A6azbrAXPYhgpEu9VzNabjXtRWXVirvWsKdZv7UuXfsr28Kt,ipfs://QmX6atezkjcyJMohhNdbhcuxwWcoL2w7oaDQagBMcCEQVq,ipfs://QmQgdPcLMdYd8RG3iEJdvJdwUkRnMGrCgBpv8g3qyWAaxu
1157257,Flustels #102,76,31.192037470725996,4,Composition #4,False,Palette #8,Style #1,QmXKJjNy9d6MZumfbmLzCx742vhLrjCuYZ8VC3cEAe2jHU,ipfs://Qmf1rcuQWAhTmVnaxFXygbYYF8msK38BptqzwdTiVbtKwm?fxhash=ooNczpQNEfPa6hpCFK56BEVkHnEvTf3kp66EGhfrThXjMZy11Gy,ipfs://QmVaicUXFehDnS5du3KePMKUYRSdQEyFNDVFwpbNgLnVor,ipfs://QmVvLK5nSL7zYHM6r2UbDthByYfiBtuSXMrbZbr2Y9VNzj
1157238,Flustels #89,77,30.95538523407376,4,Composition #3,False,Palette #2,Style #5,QmZBnq3S1YC7cfunMWuSdbxznbGCvsNfspfcCFiLTAXvb1,ipfs://Qmf1rcuQWAhTmVnaxFXygbYYF8msK38BptqzwdTiVbtKwm?fxhash=oo1Ec6SKKVxjuyiBEhAt1ytxuHgGXyQ3Mg29CBMZ6ogf4DdnHhi,ipfs://Qmc9Dwm1iZt3oDmNWxXwxiCS8RpksyX3YFEpq91fkH2dj4,ipfs://QmaTJR8BQQsopzEXQXX8GNZVZmyfsZeHRWLcsp7fNHeSc7
1156677,Flustels #36,78,30.93806921675774,4,Composition #4,False,Palette #11,Style #3,QmRbCZkbVeMoJDCcpKYwhoxHzVWB1apELwhe1uaybvUJ1Z,ipfs://Qmf1rcuQWAhTmVnaxFXygbYYF8msK38BptqzwdTiVbtKwm?fxhash=op8ZuxgK2E1UZ48a98FfRjQeqxZt8VxoUUGR5SkTrh292CYyKja,ipfs://QmXXjiRepoLW5fNKFjbajpYUMTivtA3BrVLEm5gSP3jsoy,ipfs://QmTo3jtjvFNCEdqNmyRf5T47fawAQaeFw5sy5fn6hFMWRg
1157141,Flustels #54,78,30.93806921675774,4,Composition #4,False,Palette #19,Style #6,QmQMrzM4eihvuTvQrfePEp2g1byCPFszJnSP7qSBZn6Uwi,ipfs://Qmf1rcuQWAhTmVnaxFXygbYYF8msK38BptqzwdTiVbtKwm?fxhash=onvxsNt2zQdPUKsGv15ME2FZFSkWgMYStn6n1nS1psWbhCq4dM1,ipfs://QmU9j4TttE63gMXv3ccnzxkq4oP8iFcY5fkZiEsCSyUJhL,ipfs://QmVh8LzzqCpDGCm7WVrzejMNMoZVmKdLDMABPyqcu4TRaS
1157205,Flustels #77,78,30.93806921675774,4,Composition #4,False,Palette #11,Style #3,QmYp8MhJDsDZJr8ZWWoDzhzPdqxTxhqTNYcqdxQsSP2RJJ,ipfs://Qmf1rcuQWAhTmVnaxFXygbYYF8msK38BptqzwdTiVbtKwm?fxhash=onz7U5fTdUTZvGZvESooesCfQjphtJi4HEMzVNwMdVHp5FHu1AK,ipfs://QmWBYhAyTuby127EjkyYrG5HiQ1TaN1PLqtFCAQ6LD1MGf,ipfs://QmaMAkhXbZY5DDWScDh6UF9qAngzRYfLfsSeuD6BjWtJtT
1157161,Flustels #57,81,30.91192542590807,4,Composition #3,False,Palette #9,Style #4,QmUJhy12dncHV8ku2mK44gWeihg8Hx7iysxeL1ReXh35t9,ipfs://Qmf1rcuQWAhTmVnaxFXygbYYF8msK38BptqzwdTiVbtKwm?fxhash=onxrRDesUDv6RjpTkqGoVxApsU6jY1AUJMRKNd1R9vVEiarf4t5,ipfs://QmPhGhzfFtbqJEHFjfG4g6bLN2kEbe7QqaKKuvtmUSsGw8,ipfs://QmYJmj6BaDeHLHfdNYTBxuizXzShKpRnortXb4AG6FCNJh
1157261,Flustels #104,82,30.849180327868854,4,Composition #5,False,Palette #8,Style #1,QmRiYA8JYqNr2H6GFBH4sUojHLkqxtAHFmwwetD6w1CpMm,ipfs://Qmf1rcuQWAhTmVnaxFXygbYYF8msK38BptqzwdTiVbtKwm?fxhash=onu6ZmbNSRUxcmvuMyzjQgAEnRW6XEXxV93W5Nhm24syYLPnScx,ipfs://Qmf9ky5fu9AYRzsQQVVGNhDBG9JqRC82FLWD1UhqLmrRbX,ipfs://QmV6HCfCj2EKnj2nmbWfFSeVpr7FPBTMvoePnuxLAi4k6p
1157265,Flustels #107,83,30.828401107089633,4,Composition #1,False,Palette #2,Style #9,QmWTYW8pWSPz2WPt55mE8q5qSprizhEb9e87dRFUJu8wJL,ipfs://Qmf1rcuQWAhTmVnaxFXygbYYF8msK38BptqzwdTiVbtKwm?fxhash=ooaGXCfx5QKmmsi4jvJSenGxkqQ9HTiKbb12S6fM9cVDQh2rDks,ipfs://QmSgiut4v6A9NXVJjWeKtKUkHU1P7Dh5Z41HKy9e2TAhLx,ipfs://QmXWhw9z6zBojhSrszcLPpw4quk1y2Ze4X2gpYKg8Ffmk2
1155282,Flustels #10,84,30.595212073900598,4,Composition #5,False,Palette #11,Style #3,QmV5zWPd1SNqEemVFo18nL3S7S28P2Fuf3TSDHuExopRx1,ipfs://Qmf1rcuQWAhTmVnaxFXygbYYF8msK38BptqzwdTiVbtKwm?fxhash=oniHEf6ZbwLb9ZD4gxf6aiiwGz2cEz3wpXSdyCQFsyPjyoz4QjY,ipfs://QmbLHPDYUoSdhKnMS1NCrPoUgBVHkjXGLXPYyBxzJ7xnFJ,ipfs://QmSoZoiVJt941YJKfbxwDjZWDk8DXB3wqKRyz6nurFCbYw
1157248,Flustels #95,84,30.595212073900598,4,Composition #5,False,Palette #11,Style #6,QmT6BJNNGs3M8ooHCVv6dBVY3gpGiXesmSNjbEWZS9P8RZ,ipfs://Qmf1rcuQWAhTmVnaxFXygbYYF8msK38BptqzwdTiVbtKwm?fxhash=ooLoewMr19MhfWC51LqkiRbnPxMfM7Hb51NhaZ3GZDb4TgBS4iU,ipfs://QmdQ97CNorPWz9YW74hEpd5HiVEiins4hK8XmgBa3AGTAZ,ipfs://QmdTFjpamfryMEJDQw5z4EduCBngjyVKN2MuRvn8igRjc4
1157272,Flustels #111,86,30.357812871795513,4,Composition #1,False,Palette #2,Style #2,QmUzU3bXhN1hpoo3pMZViqxVCWsL9EF3hePiMYeFUjsfBu,ipfs://Qmf1rcuQWAhTmVnaxFXygbYYF8msK38BptqzwdTiVbtKwm?fxhash=onjKPEumiX2pW9MCFpeJxnAJYzeEVf7i1veHKoze1AiZiTdqYvX,ipfs://QmTT4163eKJg6noSfr8N6aQCJaiDeX6rreYznqPQR3gn2w,ipfs://QmWWmchXBRMUfcJXxKk6fH3MmE3DjsC3GYXZTwromBfUwk
1157269,Flustels #110,87,30.239656518345043,4,Composition #3,False,Palette #8,Style #1,QmPumusHt7hffKEcqhnqAm9BhtKti2zML9QscBW3qLbtjk,ipfs://Qmf1rcuQWAhTmVnaxFXygbYYF8msK38BptqzwdTiVbtKwm?fxhash=onnGqQmdnXC1VYRax5wkJV4oftqy5hMXbgRo6VjdJW1V6UCF2YA,ipfs://QmR5PiRHpEp3pfR4v61jvR2mk2FiVFTTnkQS34ToLV8Lf2,ipfs://QmQy8BXaApPqi32MjgHDLQk52WmKyihyrZy7tsXVgdRfP5
1155747,Flustels #17,88,29.985688264376787,4,Composition #3,False,Palette #18,Style #5,QmdzRcnVNaDBK3P34Hj83BRhUaedRzotPA74e551guAxPc,ipfs://Qmf1rcuQWAhTmVnaxFXygbYYF8msK38BptqzwdTiVbtKwm?fxhash=opVaAC1tCmZK3TUNJ4WJMZrQLJZcxPoGbcMXEQaj5C5eW5VwWNn,ipfs://QmRuZpspQee2kwFYj5ALwZic97Hee54Cw4JkpDTNZWvQDj,ipfs://QmUR42JJeV5MsGgSdLtBa4zg4zNM9ok5VKWtUT9NaxcFZC
1157188,Flustels #69,88,29.985688264376787,4,Composition #3,False,Palette #19,Style #6,QmYfhHtWrC4HzR5f2Hto83TbUFdRq1ASW7V18XzWMfJ2xN,ipfs://Qmf1rcuQWAhTmVnaxFXygbYYF8msK38BptqzwdTiVbtKwm?fxhash=oo8fqXpb8HYL3LEfet2PKRsyQxVx9o2FSTD4dzsMSP5CEF7N3M3,ipfs://QmSD78acC7fTgBJAGo5BEuT3yWUsEzD8qzGKFBpse4ZhZF,ipfs://QmeAoF3bpJk2Xpt4azJE9cq3H3LSQGpMCcrPhodwsT5mQ7
1155351,Flustels #11,90,29.85870413739266,4,Composition #1,False,Palette #18,Style #9,QmT6xVqmis2wbtvugjnJFmAqif3znU2N8RqzTzULPLB8rR,ipfs://Qmf1rcuQWAhTmVnaxFXygbYYF8msK38BptqzwdTiVbtKwm?fxhash=opLXEPWjxe5VpP54SotPNabcvYWKXS2Apm5d2YMtGvEQx1bnwop,ipfs://QmS4DdtQaoPnfaUrh9m6vaDqZadAyUaNag7hraXjBYM1jB,ipfs://QmS6Pj8YKu6H2CiFpnNpSCGNytV1Xrh4cHkuja6ZgXRmf7
1157203,Flustels #76,91,29.630132708821233,4,Composition #3,False,Palette #8,Style #8,QmYMibUKQHm1W4CXd2EfTW8Tv1uv5zLbtGmoUdCKKGtuy7,ipfs://Qmf1rcuQWAhTmVnaxFXygbYYF8msK38BptqzwdTiVbtKwm?fxhash=ooDth4bHah3vQfbRrsL2CkoVTczBjZVLRDW6qKy1EXSbu94G9tu,ipfs://QmetE2A63qcRAaFKUUoNfjvfMz36BTFSVkQAoE5sAeb7NG,ipfs://QmTAE1Zy76gcZvBn3co8FUREja5vRmnXko4rhpP9nYwN4b
1157289,Flustels #123,92,29.388115902098544,4,Composition #1,False,Palette #18,Style #4,QmTe6PkQ9GFYbhP39YBo2yPp8W9FQg8Ht6xT9Ni2bVKnJm,ipfs://Qmf1rcuQWAhTmVnaxFXygbYYF8msK38BptqzwdTiVbtKwm?fxhash=ooNYc64XH7LzKo1YVt55F8gjpf4xKCCAMmLXeK3x7P1D8UVHSnz,ipfs://QmSexmEnyWENDdHmTVbYfzNkebFUW2VuPVNrSd3CqoaRzV,ipfs://QmRXvWbFXhR4j2Jvb2FqaGYVKoSKLv8PS38vUcFcrALTFS
1155251,Flustels #1,93,29.17298985167838,4,Composition #5,False,Palette #12,Style #3,QmPvqGHnnLLmh2SWYScXXDrPun6vVVLJwshbUnaVJ73jAL,ipfs://Qmf1rcuQWAhTmVnaxFXygbYYF8msK38BptqzwdTiVbtKwm?fxhash=ooKPXkuCKeucuvx1HH87MVNj4h9AEUZVBqoGy57F1FXZRqQyVr2,ipfs://QmYLPbisGFHYgaSg9cfx34fntuFCXKrWeHChAuzp83jCap,ipfs://QmaN7ciZMMtwaDtGFDKEyyb4zkDkJNkX2Nfk9vZnUGKMUr
1157274,Flustels #112,94,29.0967993754879,4,Composition #3,False,Palette #8,Style #7,Qme46prazVZN6W2ecBDuLbSHYaqHFaGuqSAdi3H8RwsuMz,ipfs://Qmf1rcuQWAhTmVnaxFXygbYYF8msK38BptqzwdTiVbtKwm?fxhash=ooyb1ofit4eibASQkYEEWnaV6YH7ft88GyHYQMKbzcuRGQzBChW,ipfs://QmRWZbKRnoxopddxCPXrbHA7huGvQ3MLexeRMTihZ47W4d,ipfs://QmbFaV7uEEnU6h7QxMUb5fwnNVxzoNxV6bzteEuuSDtLpx
1155255,Flustels #5,95,29.071402550091076,4,Composition #5,False,Palette #19,Style #1,QmdXUHaoF6sk86knRxk2ybaAkbKSEbtYrHkobnWYqDxV8D,ipfs://Qmf1rcuQWAhTmVnaxFXygbYYF8msK38BptqzwdTiVbtKwm?fxhash=onwMkhU1fNBvrwJruutukvHxHwzMcpiXqqeiufn8TqvW4MyFGHc,ipfs://QmYiFAxCreKexDUcmyeWsqPFQSic8MDwsKKqHRvRnqMtAh,ipfs://QmQXFF4Ra4H6k36KvXyPpzHkS3iULhtbr9W7BwUi3nujxH
1157031,Flustels #53,96,28.461878740567265,4,Composition #5,False,Palette #19,Style #8,QmYJE4LDKa3Phb1HUv1bkHe7M3w3ooZokB4KHzTGbUxNN8,ipfs://Qmf1rcuQWAhTmVnaxFXygbYYF8msK38BptqzwdTiVbtKwm?fxhash=oo8gK5bh8qPSTBLMySeAuUc5e5pJmGLgX84cCZ7KR2pc7Ct3gTH,ipfs://QmNcu1748WfEcoGpnDq66Gyt1Sv68qetUcuM8QPMaoZJvw,ipfs://QmVFi53pe9JEYsQNHJizmM1ww7j7ca1mgtUjRAuTKqANKC
1156695,Flustels #39,97,28.352210630899158,4,Composition #4,False,Palette #2,Style #6,Qmb7NnNyyGjDACAVQoefrqSnMDP3JaXKduJCcGDp1thTat,ipfs://Qmf1rcuQWAhTmVnaxFXygbYYF8msK38BptqzwdTiVbtKwm?fxhash=ooqmUfQ4ysNNHF9GDdV5ug34pok2A9w7mCHzqC2zPfAL7Ev8U9K,ipfs://QmRKxCPF4fjqn4htvGB1WV8j9DfuFB3512vtj5VHyvQVRA,ipfs://QmNSENEwjpUGycJEFVrgaveCBKfGmHKoW2MmBAhHRiEJgx
1156663,Flustels #34,98,28.271402550091075,4,Composition #4,False,Palette #11,Style #9,QmauQevBPSpkUjmsaYt5mKGspg5rcCVsmtS2NP6akhAYcA,ipfs://Qmf1rcuQWAhTmVnaxFXygbYYF8msK38BptqzwdTiVbtKwm?fxhash=ongJqE8wn4Md4iCyg8vzU8ayk2EReNMjzLy173TnYVjcHRXPzbj,ipfs://QmcQCzytvz4kuG1HG7tAmppY1Fg7wrqH3ybereTcfaqQJR,ipfs://QmcrvaZk2KbrjuCywHdMRQUtJ9LKcXvPXQdqoT1JtTEMgc
1157295,Flustels #127,99,27.992037470725997,4,Composition #4,False,Palette #12,Style #1,QmUSLBxBKnTE5BPGi9JR1d7Nzi39HkPvjr3b5gXj9xeAy5,ipfs://Qmf1rcuQWAhTmVnaxFXygbYYF8msK38BptqzwdTiVbtKwm?fxhash=oo4H3gN3zPy8FDHfstqp5LXefBeEMjsKMmCdJUYKSH9FB175Px8,ipfs://QmcXwtVrKFvcmdq1a4tzx83rRXzB8JsNiWMc42w6APcVgW,ipfs://QmddoAkiJdyQMbhFoZdwCUGYd9Rb5vnnM3x2AYTbZz5zxu
1155849,Flustels #19,100,27.928545407233933,4,Composition #5,False,Palette #11,Style #9,QmdbdqV8MdXJCpTbQmuH76TeSLE8YPXjNW6uM6BynkLGyt,ipfs://Qmf1rcuQWAhTmVnaxFXygbYYF8msK38BptqzwdTiVbtKwm?fxhash=opGgpZzMBG8jXbmReCqm2bN8V9M5WMMSCixScuE9FdVntr76hmX,ipfs://QmWmB6ZMs7qwYjYLQauiNcpMSQQshvfuHJeMxi31kpxgx8,ipfs://QmdNBKau563PSYymS1xmm5aHtLFP7r8rmvRYo3vCLKLguw
1157277,Flustels #115,100,27.928545407233933,4,Composition #5,False,Palette #19,Style #9,QmZVMwJgKitK1bjiEnJ1RGb7SxhE9kdzWMRvYKSgx48t4m,ipfs://Qmf1rcuQWAhTmVnaxFXygbYYF8msK38BptqzwdTiVbtKwm?fxhash=oony7G7AHLhUhpgtiSXoD9ebBGV291bsA35toHF5otvw6qApUWT,ipfs://Qmdt2NLfDzFoZ7YnhR6oSyZNUM3R4Y6UcMLmJfaqtezDnq,ipfs://QmeUoDPJZQe8k9ZdYK9rNcd1VgWcXAcwRBFRtavJSPwJUU
1157279,Flustels #117,102,27.80081431479696,4,Composition #4,False,Palette #11,Style #2,QmRGR9VE9xj26bDVJkzU7d3Ci6fkrAc7NyJvsfztMdks8N,ipfs://Qmf1rcuQWAhTmVnaxFXygbYYF8msK38BptqzwdTiVbtKwm?fxhash=op4otSkKFZsTDbx71swyyHh7qNVpyqpCcAc277gG5heYfBSA8k1,ipfs://QmZCtdS6BFZEVTHZDJNcXHYJCjP3YN7q4WK5rQKQB5x2Nm,ipfs://QmPo4c5wZ6zoBFxNALP1MAfspbTRK4YSwy2KWQ5EbKN5QZ
1157221,Flustels #83,103,27.457957171939817,4,Composition #5,False,Palette #19,Style #2,Qmd9htRigXL925Ln1Dy3GfdsJbK1Q76M64AMm11eno5xts,ipfs://Qmf1rcuQWAhTmVnaxFXygbYYF8msK38BptqzwdTiVbtKwm?fxhash=oodzV7LhfQx88NHCmV5ARebUfEStFeRdZwuAsKA5GEwcyAdxYE5,ipfs://QmVqzxfLpTEAzutEzGf7JhwmsbEESQ7D1jS6bBBDVdaNgX,ipfs://QmYUk6ztk39Y2WNUn8KdxqB5PTQKDsmWdeHPWQab94obGS
1157239,Flustels #90,104,27.399829678518206,4,Composition #3,False,Palette #2,Style #6,QmYNJN3vD2yYnM6vGzDHjQ2N3GfdYyMHhoskycFBxEZP5K,ipfs://Qmf1rcuQWAhTmVnaxFXygbYYF8msK38BptqzwdTiVbtKwm?fxhash=oo4PiUtLvywiyfLzQi8fX2kjmmPRQ3eK8zWeBGR6rbey5FPjQkq,ipfs://QmTkHLnZSRoy4HL1uxavgKvGEP5BLJL57yQx2g3JNRXkCM,ipfs://QmfQgeGtKCLTNWLrREPiTXsCwMQp1DAtd685wnjTaHn6CH
1156661,Flustels #33,105,27.382513661202186,4,Composition #4,False,Palette #18,Style #3,QmVMQoocUmSd6BA3f8XesYnNPdQ446HVifHbnhZPVLmzmn,ipfs://Qmf1rcuQWAhTmVnaxFXygbYYF8msK38BptqzwdTiVbtKwm?fxhash=onkiA9p8bgPgPT2LhGERhVX571qpic3VSk4cJxS1LJXq9AbbTRS,ipfs://QmcxgNmHokxMT3EGZbvtSyjja2zNtoWCWj1QeafBJn3dsm,ipfs://QmTA11aNX8J2h2TwcbAUcLWyAbnL4CUFz1VHMsgCJYYg5g
1157226,Flustels #85,106,27.319021597710123,4,Composition #3,False,Palette #19,Style #9,QmXps4s3e1ZpxRzFbBdTe1dLjJ8VKAvxRLt91n8jNo8QXo,ipfs://Qmf1rcuQWAhTmVnaxFXygbYYF8msK38BptqzwdTiVbtKwm?fxhash=oofnZMVVoERWczTdxJfS9XavHXc4E6eTJubLfzVSnXwuAH1zBSF,ipfs://QmYWcQbfJ8KWdqQDtQyq5khpDUdFsrDWH7cRz3UMrWbhd3,ipfs://QmUs5ji4RFbK9m86mSFedpt9mNRywuvzz78kT5tbuZRAYe
1157182,Flustels #65,107,26.849180327868854,4,Composition #4,False,Palette #12,Style #7,QmZgc1PbuKH25su4hWkrWMT4aypEeMTcyz9fv8UACzoBXe,ipfs://Qmf1rcuQWAhTmVnaxFXygbYYF8msK38BptqzwdTiVbtKwm?fxhash=oo4ZttrvmGt5RRKWpLPgve2vU5AeZK3TExpfZKh7hVvtcZ5BAaD,ipfs://QmPgiXp6s13xvG5mdzUC3RiiE1KSvY9ociSeFq2e8LdVLj,ipfs://QmXwj7cMpjhfKY7X12SHxg4nowQNTxp7VFyYpRVdu2racr
1157263,Flustels #106,108,26.848433362416007,4,Composition #3,False,Palette #11,Style #2,QmWoHj9Ff5DoSz2Suia99k3oDiVkJHHxtzLbMyNsQoaA6K,ipfs://Qmf1rcuQWAhTmVnaxFXygbYYF8msK38BptqzwdTiVbtKwm?fxhash=oomDSB8nQ6W4uFJMRw5hTdNbrUbedCaAct6BEUSz8oRYbZ4FT3D,ipfs://QmPBc8tSfFUjLAre3GAhSeZVkTeGHfhmeRy3Jk8adN2Hes,ipfs://Qmak4ZTXn1CF7Nhmn13TbbFPyYM8D9BUbKjyLGB9Rsptsd
1155259,Flustels #6,109,26.506323185011713,4,Composition #5,False,Palette #12,Style #7,QmW8R7TW5fPJQrG1Ziz3unjQyrDMshj4kzys1kHAsR8A7n,ipfs://Qmf1rcuQWAhTmVnaxFXygbYYF8msK38BptqzwdTiVbtKwm?fxhash=op4r2jtGxAuouBpYpTVV37j6WeischG2ooKMkcZ1rZsGY33JZGo,ipfs://QmRhzNjuanX2yW1J5YLG21qMNtCZ5EmQYZ4J44TtQwogwb,ipfs://QmS4LPVVHTprm2uEHeyp2BGnZ1mrPPyVaHx3mvBqFvX3v4
1156957,Flustels #47,110,26.218877297565825,4,Composition #4,False,Palette #2,Style #8,QmdKLQ7Sot3mshY5zGdi5FsMQvfH4oxfd82zAXSNH1qBoU,ipfs://Qmf1rcuQWAhTmVnaxFXygbYYF8msK38BptqzwdTiVbtKwm?fxhash=ooia8kCFcQzbCWU6qpZdGo4aSwcJkvqKS7wPq8nesSh8puVKfe2,ipfs://QmcsM2ixfuVDeuuEfZZabXyENc8U728uepUZuN5fitjerZ,ipfs://Qmb7jQQbKoirWxRJ4XEf6MkdQQxkFwibx7yJz9QaMCtzWY
1157163,Flustels #58,110,26.218877297565825,4,Composition #4,False,Palette #2,Style #8,QmPjstWDcBokqMEsHgccHEVRunZNcP1JFBjSb3kDi98xva,ipfs://Qmf1rcuQWAhTmVnaxFXygbYYF8msK38BptqzwdTiVbtKwm?fxhash=ooTgUyMXWk3k9gWFe3GgccvqA2SHSVkzmwJPF7XaEXjkwc5KZEq,ipfs://QmevWK1pANs3DXtNzAuQXsz4tvViXSen2zATQEyqVSf6mC,ipfs://QmR3BkRn5mD3LmLpZbgApCgUAYCrMPo3ZqeQnUNj8ysj6s
1157184,Flustels #66,110,26.218877297565825,4,Composition #4,False,Palette #2,Style #8,Qme43YYir3nhWtEdapXRgEW38qzNYrHJQgwPmPPT5jCq8r,ipfs://Qmf1rcuQWAhTmVnaxFXygbYYF8msK38BptqzwdTiVbtKwm?fxhash=onhMcsxmNESh7Twhj7u9ZKh7aa4gWePq58tsL5CLPcjYtFtR3xf,ipfs://QmY3213oDsVREiKHAzsACDX2ZinEyVDv5KycGVMMJQvpwu,ipfs://QmQnK1LqYCjirZAsdrx1AHxhQicaXTR8H74Z4j7bDK1BjF
1156658,Flustels #31,113,26.035734949717593,4,Composition #5,False,Palette #12,Style #4,QmQC3qTw4ck48kHiAsZtRvFSuihRh1UfTafxHJAtDaMU3u,ipfs://Qmf1rcuQWAhTmVnaxFXygbYYF8msK38BptqzwdTiVbtKwm?fxhash=onejBm9BBAKoiWwF2UAnx1HBzC1cg4xYA9Gs36dJZxfTAq38tkz,ipfs://QmSgvSbqBgqawTU58Z5cJ4C1TcJSoJfgCTwPuLv8vatHNT,ipfs://QmS7WHGPz4DgVVdQszzv9MuLgtP8XVZVx8MvmEwQXLyHjj
1157181,Flustels #64,113,26.035734949717593,4,Composition #5,False,Palette #12,Style #2,QmXBzmNAeNukfcG7x2PYicmUfj4pLTPScxT51pjt9JV9k5,ipfs://Qmf1rcuQWAhTmVnaxFXygbYYF8msK38BptqzwdTiVbtKwm?fxhash=onqGWNAMXCyP1PxoRB3YhAcGzqK6vaarMkpRVZEoaECv2znrdkT,ipfs://QmWpY8eUSkVYtWns1h63QYwexfYsGoGDqjGaLUboghvvCZ,ipfs://QmYBmifqAFrRPV86Tgq2J2Lgd46aqf3u6pVsrXjXhoMuUW
1157275,Flustels #113,113,26.035734949717593,4,Composition #5,False,Palette #12,Style #2,QmeQdv32DrUgZPqhhoqfMpTbABb5pBhLDyNmnwxc1nUTcC,ipfs://Qmf1rcuQWAhTmVnaxFXygbYYF8msK38BptqzwdTiVbtKwm?fxhash=op3YVRygfRc3p8ZzSNEuEoat58ebFWEa6jNqypsbuu76w2bgtd4,ipfs://QmQ4ndzj7L46fXYzEg2KHUrcehg1Dg8So2Lhn6N35yx1hp,ipfs://QmNNHeWqcaDWfA6wAycT5A45mR3HMWfmzr34J91og221gU
1156664,Flustels #35,116,25.896799375487902,4,Composition #3,False,Palette #12,Style #7,QmRJ5Pd8oog8F4d2T4k6ostxL6BVHFqPJqrhorFzVNRddU,ipfs://Qmf1rcuQWAhTmVnaxFXygbYYF8msK38BptqzwdTiVbtKwm?fxhash=ooVThejTqrbfsNBpaZNtiNikwcou8QWmoZybDdRxZt9iAmAx35s,ipfs://QmQcRN5GivvuGu29YBiuCHN1AxJDiUBh72GmfxvasYfSbb,ipfs://QmWZyu67knqjFX4KfkFm7m58ZxQMG5UiYXp5ZoUBRVhuMi
1157290,Flustels #124,116,25.896799375487902,4,Composition #3,False,Palette #12,Style #9,QmUurpkcYJ1LcyDWrRRQn3U4r3ZN9EmoaFkxsZbpoDT49Y,ipfs://Qmf1rcuQWAhTmVnaxFXygbYYF8msK38BptqzwdTiVbtKwm?fxhash=ooHboZR34nLgQDHaBb2Mkja51j3syfRqAsiZ85XTmriS1Rs6wXT,ipfs://QmTd3Lx9PXouz6UxfC5hkpt6JjQUZg8YPrPmW4x8hiTMUc,ipfs://QmdqXyePV8r16XwuysfXRBPLz6vchRgG9hVh3DwPvPVUvD
1157186,Flustels #68,118,25.249180327868853,4,Composition #4,False,Palette #18,Style #8,QmZw2EQhBAogbiAcTQYe1RqbWZfsFadt6kX9cJWS6oJapd,ipfs://Qmf1rcuQWAhTmVnaxFXygbYYF8msK38BptqzwdTiVbtKwm?fxhash=oogeUui1tM5QFkxqfauek1G8qncJGt2HAey3XzpHxqQdHRtvbWj,ipfs://QmaKn5uQPgMG78p4crN7CHCndL7i9ic8BsLCvnpuWnq8kq,ipfs://QmWpRkujS9Z78b3LENEVnTa2ZAbhVKQrs4tJij8h6vfnVS
1155436,Flustels #15,119,25.21495572893837,4,Composition #4,False,Palette #2,Style #4,QmXCVsCpYPydmTvGmYRBhXpnddkT3KxuaLoc7G2boH3Pmv,ipfs://Qmf1rcuQWAhTmVnaxFXygbYYF8msK38BptqzwdTiVbtKwm?fxhash=onzsRYMqssJCMjTCJEpcH3tQCP9nvjzUvLAYRgSo3V7cKFqeV4t,ipfs://QmS6cvX8EAavLhyx22rFpY3hDAjk9XiCGE3V74g19g5XP7,ipfs://QmaF4r8Nrf12ES7ayaTHB8vZy5Ng9zueVeH7hNviC1F7E7
1157223,Flustels #84,120,24.90632318501171,4,Composition #3,False,Palette #18,Style #1,QmZfNRTch8ZRpWG5NLkKZ96bbmFGBw81zohXxmgWPKVYZE,ipfs://Qmf1rcuQWAhTmVnaxFXygbYYF8msK38BptqzwdTiVbtKwm?fxhash=oosmVQum6coKxhX9b2QT8MRcE1Hf9M4JeP8sJkJpNsrNU9gUtRx,ipfs://Qmf2bNs727kUsuJfjW4hWo4aF6qMA8dCvPsDfNtVndYi6Z,ipfs://QmQHMbY2YdQLvwmMpcNzvkEThhb7ZbB9K1eaT7BFhhvZYr
1157256,Flustels #101,121,24.372989851678376,4,Composition #5,False,Palette #18,Style #7,QmXEVaTyrC5mVG85JLKynnuGbGGADSyrZHmdYa1EnHDrQh,ipfs://Qmf1rcuQWAhTmVnaxFXygbYYF8msK38BptqzwdTiVbtKwm?fxhash=op2Y8mVtCR3jvHbqP89HMS1v5Lmw4KjmwigHYG2QEK8VQSuc5TQ,ipfs://QmYDnMsGokaprELWpHJ11bUvcCxxUHku9e8wPDw5Rdy9gx,ipfs://QmX4bMQwAQCrFYK6uZGxVm22rDSjQNFgTdwWGZT9eWGTkX
1157292,Flustels #125,121,24.372989851678376,4,Composition #5,False,Palette #18,Style #9,QmNpxWJkHX4gznUVNZy4SGmgu9icas5VH7TSSYwYW18UMo,ipfs://Qmf1rcuQWAhTmVnaxFXygbYYF8msK38BptqzwdTiVbtKwm?fxhash=ongdBcmCFJzK1mQUrhpawaUwxmBic565YBbdqUK7hHtyCzJRXgh,ipfs://QmbWs3MikpmhBRX55j8D3uKFJYEKXBESpm92U4AEGPZZAy,ipfs://QmYdumsScAghqRNEk314825tf2EKfishXcFtWav5Av2DR3
1157021,Flustels #49,123,24.2967993754879,4,Composition #3,False,Palette #18,Style #8,QmXATD96JmKjWkp88qkk2bDWvN8LVzPDWFuk8BF6Jdng1t,ipfs://Qmf1rcuQWAhTmVnaxFXygbYYF8msK38BptqzwdTiVbtKwm?fxhash=ongczo5ZFsPPX9P2fkmWaSbZfULEza3G6f38t7XQceXVCj2WV9T,ipfs://QmUnewbKQecbCSfVRmVrDhWJDd4ZQhqaCEij6SxGhGtMDy,ipfs://QmRySfqfpepN7ySG1WavmFRzTioirJ8JwYV4kaEmvCyWuq
1156626,Flustels #21,124,24.26257477655742,4,Composition #3,False,Palette #2,Style #2,QmcAGqNb5r4iPPmoHotwN1KdkCwG4hX8TJBSVP4FoHmzPY,ipfs://Qmf1rcuQWAhTmVnaxFXygbYYF8msK38BptqzwdTiVbtKwm?fxhash=ooiuWuJwetFDyUwvYv923zeu9SE4Bsfd6r3McYsLehGJ8znDanW,ipfs://QmeBNWMKKERnTBiocgfjadbTXXhTSagRG4oddwo9nGqY41,ipfs://QmPiZnGzTCMbNiXM7K6a5tPnpDDiXTXmZefsXu3nuqSMTf
1157288,Flustels #122,124,24.26257477655742,4,Composition #3,False,Palette #2,Style #4,QmXWzvdTPxQGK7GfRwmodexeXxWSjSZ6o1mj7YYQTLyAMz,ipfs://Qmf1rcuQWAhTmVnaxFXygbYYF8msK38BptqzwdTiVbtKwm?fxhash=opBPf4yHz4CPtKbQogt4PbBZSC9sP2PXoqSSye6asZueKuczRY5,ipfs://Qmesc8A2ivCc2cF62y7iDXATQVhpHH6a6V67dW9gMpUSAC,ipfs://QmaQJJAymWQPkYS6MfDw7fmNpVxuF5A8V4Ece8QV1iiqhs
1157215,Flustels #81,126,23.90240161638426,4,Composition #5,False,Palette #18,Style #2,Qmca4EAM1x2kvx4tpUec1sBDU79kwZ6BpgxYtJtug5viSJ,ipfs://Qmf1rcuQWAhTmVnaxFXygbYYF8msK38BptqzwdTiVbtKwm?fxhash=opEnzqtkbksMfBAaoK6RoS3xR5RTbmDPMjQebwDLUALXNcr7y8d,ipfs://QmfQymf5DMHqJBL8We52WSNviNTV5evKmkeT19yD2bm9M1,ipfs://QmVmJhQ8Nyyx6D9Bn6WvA5bP1K8FuN16bJKiZfnAaU7Yyo
1157260,Flustels #103,126,23.90240161638426,4,Composition #5,False,Palette #18,Style #2,QmQrmxgVxVrtiAnb4fp39YENRiHwf3Jj3rZrQ5GgFhdfBs,ipfs://Qmf1rcuQWAhTmVnaxFXygbYYF8msK38BptqzwdTiVbtKwm?fxhash=opQLh6N7vfpXFSopNoWovQidTNaZQWpbAVrGsER2q8kH1SCaCJN,ipfs://QmS2nRA1QPcHiJvHdLdSUgyUQ8T214XHBWp7qi7Fr3nHQ1,ipfs://QmQPAq3VvGZLe783wVEBJDFjWivRDpnfTcmLXqdJ7UB4qD
1157237,Flustels #88,128,23.29287780686045,4,Composition #3,False,Palette #18,Style #2,QmPYKEH4wTjRid7e52TxAwQMPcXtEkgAQrdohzSLJxDQxq,ipfs://Qmf1rcuQWAhTmVnaxFXygbYYF8msK38BptqzwdTiVbtKwm?fxhash=oo8ywMarj7hEGt9uiGCpr9mct75fmtkbDHTehVM4GEatwCgh3AF,ipfs://QmVVNy4LqfBnPP5DAHKrzCjMPyhgPjRrH8BxFgxKfLWc97,ipfs://QmNtGrMncYxEjznnkzZQ43twKPqVnxQPT1gG6p1QxzQH6R
