ID,Name,Rank,Rarity_Score,Attributes,Background,Ears,Eyes,Hat,Head,Mouth,IPFS_URI,Artifact_URI,Display_URI,Thumbnail URI
1363337,Blockheads #126,1,217.17020757020757,6,Green,Wings,Sunglasses,Sombrero,Silver,Smiling Wide,QmPfphqR23ewy3g5jo7pBT1nyb3LuzpYpFbzT3Bn6nNsGk,ipfs://QmRXZWhDDRYShsQc5iaPb5K9B985KbGHmZqyLCiHjTHRrE?fxhash=ooUN8Dyp74YUiscQoM1KVzg6R2B82FBdDeX2VnaSMsSVKHBLQxi,ipfs://QmVw4oi43o5ZDiEfr8gvt87FYckAXEA2XkydxRUZSA7ifv,ipfs://QmNS587UQ3uTy9PQuMSTMLnKo1ZuAuzyN9QCY27GSh8m6J
1363322,Blockheads #115,2,177.1146457407327,6,Green,Fried Egg,Glasses,Hair,Purple,Monster,QmaSCH7EwZkPkqYqHbDTKCSiCYkJG3wchtj5VGaWanntoU,ipfs://QmRXZWhDDRYShsQc5iaPb5K9B985KbGHmZqyLCiHjTHRrE?fxhash=oojc7K1XdKrrRDCtzFBqJ1PHDy3R98a2BrrdBaDBJPdJ8tQ5k4F,ipfs://QmXa3Vs9zcVPyzPy9DA4oK3a3pp3yZ7teXgjkVvV3gC3cp,ipfs://QmcPZr4LU1PSRYfq7VJ8GVWmvxQocGGeCyPufP6XCxnKV3
1357632,Blockheads #95,3,175.1236589497459,5,Blue,None,Long,Horn,Red,Smiling Wide,QmeigHRbCQrsvMjxoFWLxMUdfK2p7i2RTArYFJF6kMQBSq,ipfs://QmRXZWhDDRYShsQc5iaPb5K9B985KbGHmZqyLCiHjTHRrE?fxhash=op3bY3TpGT4q9Sz46wmt5qjnh77LJ2csXcfsP5Wd6A7nABXJU96,ipfs://QmceeYbHNv3jt8BFMayZCdoH96TqpKKv1g1LywyBWy8PG3,ipfs://QmezvtQYUEZW3J8yZuoetQnrdN8gpwKi9sNc5jVzh9NCmb
1351627,Blockheads #17,4,151.80209162817857,6,Orange,Fried Egg,Robot,Robo Stem,Black,Smiling Wide,Qmciv64tHVRVScx8am16gPNfs53DNNAoZzTwfLn8aoDx4K,ipfs://QmRXZWhDDRYShsQc5iaPb5K9B985KbGHmZqyLCiHjTHRrE?fxhash=oobwW5SZnBFBsRyrg6s4VM2YXK4vfDRyYNHYjPZSmnQwWqXHNzG,ipfs://QmcaVSZvBGpWdxPC9VuAGAunaUgr4dxk944sGsALKFbwvW,ipfs://QmaVCFR7CtnHATWxf3kaomNkWzkBpUqsm3HoywbqJfecVT
1353592,Blockheads #70,5,142.08369408369407,5,Red,None,Dead,Burglar Hat,Aquamarine,Black-Beard,QmZBhRofUQK4vbN1qpGMzhCLRWyjZswZi2dQ6RG4m1MK5e,ipfs://QmRXZWhDDRYShsQc5iaPb5K9B985KbGHmZqyLCiHjTHRrE?fxhash=ongua9LfiDc4zST5haQpMNkfLtPRMMNe4CWTnBXETgtZmKsm2nS,ipfs://Qmc2Swt7jK9DSZrw1ibLx7Pxxhv9cf15iW6Mqxevzsdysw,ipfs://QmNu7aok1fgxxLXsCGDgkYmDBkuBBG5x6LidMtdn4owAY2
1359907,Blockheads #97,6,134.65923448532143,6,Green,Fried Egg,Mean,Sombrero,Gold,Old Face,QmaL5ybRjrzGufHauSbTvi5CYhEHCUDQgzjB2vQWdEtraX,ipfs://QmRXZWhDDRYShsQc5iaPb5K9B985KbGHmZqyLCiHjTHRrE?fxhash=op2SSXKGyvwru7zkEM7QVRWhz7w7eqBZc7S2E8aL7k4Rg6g66sw,ipfs://Qma4AsaUDdG2r6h3fphZ9Ayo74N9xKtTJWxfjJWoQontdz,ipfs://QmcmBsZCoj4tPpjpR8XGsUuSa3fpD1dYzsiJAipQcUdqtm
1351981,Blockheads #56,7,132.5259011519881,6,Red,Lightning Bolt,Robot,Sombrero,Gold,Squigly,QmaVf5etpWcuLB7rSnVFpMjsA2sw24TGjh3GnXdTmpcTkv,ipfs://QmRXZWhDDRYShsQc5iaPb5K9B985KbGHmZqyLCiHjTHRrE?fxhash=ooCFvKbS78yQ4nbGyzaQntvGAcbbxZHobXiE48n3fnCYamNHixh,ipfs://QmSEVhHKVgYd4zMQwf57wMMxSNpRmpyWtjXu1nnZnzVAG1,ipfs://QmeXXaD5Jum7nTfmkUrReJZ9fbUKFTLLVQ6EL784BTtW8J
1353268,Blockheads #66,8,124.71794871794872,6,Red,Wings,Mean,Robo Stem,Orange,Facemask,QmXzwvndi7NuW1LHx2HxRXB21kKYcP3XnTULraadwbUHdi,ipfs://QmRXZWhDDRYShsQc5iaPb5K9B985KbGHmZqyLCiHjTHRrE?fxhash=ooPPZtRpfgBfiVeWSXmg2TnvXcdhfUwGt3MWCDvdjTJDt2Yuze8,ipfs://QmTz6spnJo62xhMQ4MWjhaiud1bwbq9YtFTaUzxQCktSws,ipfs://Qme8iixN3GcooSMDtYRwDVn2Dw8WMQ79bGNqKmLe6M5suq
1362993,Blockheads #100,9,121.87350427350427,6,Blank,Frankenstein,Monster,Red Cap,Green,Facemask,QmYveuN65kCWiPjkfG85nJPYSW7Dds4XXbdnyDToQhd1eH,ipfs://QmRXZWhDDRYShsQc5iaPb5K9B985KbGHmZqyLCiHjTHRrE?fxhash=oorvt7viLxPTbfzkN9pn7abDrBL8ynS2oZhwjeVQQc2oj8z6bVj,ipfs://QmdBchYTrQGz8LT2CdM8zDPQaiuiFgR1VDfsRt6WhizrUv,ipfs://QmRpFopFFZZhmaKaoeN6sL7njG6xmMggXm664pCe3mWp2B
1353237,Blockheads #65,10,116.0767466451677,6,Blank,Second Eye,Mean,Hair,Brown,Smiling Wide,QmNs9JtKMZYrSr7hsdDxautxzvRQGNApts42eisuUMMve9,ipfs://QmRXZWhDDRYShsQc5iaPb5K9B985KbGHmZqyLCiHjTHRrE?fxhash=ooP5uLUZZ2GG1SC6tsMNFkbXzYPGxioiuMpzr5XoPGGmXAgfhfp,ipfs://QmdL8uK5sGXZUad7DpHqUsf78LHDpndUqB2GGAxeXdYBxK,ipfs://QmZcF5Njtc8Qcdv7KbW9Zcr261rnghpBKaPLFQ3Y6qnMP5
1353811,Blockheads #75,11,114.7227265488135,6,Orange,Lightning Bolt,Monster,Clown Wig,Purple,Facemask,QmTpTRqfp12iTUDAHv3hEfxfu2g72czAbWZvnqt3tQvSnW,ipfs://QmRXZWhDDRYShsQc5iaPb5K9B985KbGHmZqyLCiHjTHRrE?fxhash=op4bK8peWyEiq3RScbuXjdagCvzRj2MEbPyp49BpacTJxQ979Mi,ipfs://QmXaL3wheMZ5brmT3t2Wy61bfpFLkiDL1ujAeHcPpf8tcD,ipfs://QmPFxUqForAjmH9cF2MF5GFwcqxx7vD9ERTRDPmeG4dfov
1363308,Blockheads #108,12,112.77178859787554,6,Green,Fried Egg,Pleasant,Fruit Hat,Black,Robot,QmdueWF7wry9vQAfb37DfrYkGx6UTfeZHyzmuUvaCGn9xw,ipfs://QmRXZWhDDRYShsQc5iaPb5K9B985KbGHmZqyLCiHjTHRrE?fxhash=oocFX6dKrVGew7soVdaNvd1nR8wk65KJcjEzJwYvsBmpP2PxcvJ,ipfs://QmWZtFY2e4NFnJ2HswBzwur6zrqJKY3KXdSFa5eyxrShKC,ipfs://QmWwp1DL8ovMTKzFvF1nP67nozoifEF56gnW335CyHXzwK
1351569,Blockheads #5,13,110.94197031039135,6,Purple,Hole,Squinting,Horn,Brown,Old Face,QmNTQEEvzUd9J9u7WLY3YSpFF2ASPFuWYvgf15dJjGifAP,ipfs://QmRXZWhDDRYShsQc5iaPb5K9B985KbGHmZqyLCiHjTHRrE?fxhash=ooxQogutDeUy5V9ct99tkf9AkjzM6c23KG4nKEDjpSi595rzsry,ipfs://QmZNsiDKupGGqByxV5DiEdeAu7QhhoxrHmw3dq8qUPX8aY,ipfs://QmXycTDmqaghDyobMZhhpfpCFKJ7Zwiv6f1ygQDRDnRKdf
1362992,Blockheads #99,14,109.10937950937951,5,Blue,Horn,Sunglasses,None,Grey,Flat,QmYW6cJvQtx48QJTvfSY8R4BQQeXGac6VaPLGiHCbahHXv,ipfs://QmRXZWhDDRYShsQc5iaPb5K9B985KbGHmZqyLCiHjTHRrE?fxhash=onfCDo1C8YXQUR9qJuDfsVhNXEB9KKVHesyYgmLGWerdb4v8HhP,ipfs://QmVrKUPfaDzDFd9xzs7wnsdLEZkeFdvoc5c9rNUi8BrHfc,ipfs://QmWC1uLW4HDtxLYpkpSMUZ6DJHBMjubGjzNbG5y8XXcJP7
1351631,Blockheads #19,15,104.46371406371405,6,Grey,Hole,Robot,Cat Ears,Red,Alien,QmQUoYmyi5AW42vJp3f4nFwZbR7vsrKh2nNHi7PGKQzQCZ,ipfs://QmRXZWhDDRYShsQc5iaPb5K9B985KbGHmZqyLCiHjTHRrE?fxhash=ooBW2rYreVSy4RStM4rzWzLy91kcWsrmfqLzh7U6fQ1qynzFSuB,ipfs://QmS78e8thCZDt9hyDzEa1hGodJHzfRmgbf5uLrNauqMMgX,ipfs://QmWqyBvxjxEVMipwwjvBa5MY4pqxcYdJFetGmHrdXzjmSm
1363073,Blockheads #105,16,102.99607659058461,6,Green,Scratch,Long,Eye Hat,Brown,Robot,Qma95429hmiRBKpxhjDsVpMakibTszGMPbmehtTyzwmbV2,ipfs://QmRXZWhDDRYShsQc5iaPb5K9B985KbGHmZqyLCiHjTHRrE?fxhash=ooqwH8kNiNHPJo9xdZd4oo5x8mKs8SLLjPL4hn1GJqPmWWY32WN,ipfs://QmUJgLC1CTNR4SH9wTpQ4rq2L1htkx1tmwivBXyCyjABZz,ipfs://QmSsZHRBzUx5TBMP17XHg117kvmrzopELGjvBAK38pASW2
1363333,Blockheads #122,17,97.34798534798534,6,Grey,Frankenstein,Evil,Silver Bar Hat,Aquamarine,Animal,QmSQ4bN4fKhR3AXhTFkrZGmSbks21fpw14hc9t3pBjUEzr,ipfs://QmRXZWhDDRYShsQc5iaPb5K9B985KbGHmZqyLCiHjTHRrE?fxhash=oo5fiUVYFmXb8PBd9uM5PtDi3UfBmAiA9CKe3Wrp7gvDj9pVyit,ipfs://QmcAgq9gJ4eG4wKHMZ7LY6SRdrouUGQKx9vVBTfRUMUSxo,ipfs://QmNpYbYsHzzMLz9CLUfLqcXuDXiJrAtrCCkFnxS9Cw4cYo
1363315,Blockheads #111,18,94.74481074481074,6,Grey,Frankenstein,Glasses,Silver Bar Hat,Purple,Smiling Wide,QmXM24181ph3NRj6UrZZ5DfWLSTLuw81K4X5YFwLWe2i8E,ipfs://QmRXZWhDDRYShsQc5iaPb5K9B985KbGHmZqyLCiHjTHRrE?fxhash=ooftr3hBNSTNVYcEFC3AVPjDw6PBzHXqW9KuyqVGPPVMKeBNHFL,ipfs://QmYS2hHiXHn944HzQ7kpqhGmgtQez5jmCN16R2yCSK9qxQ,ipfs://QmPeEBrDwkYHxZ3DW8UNhC6KLtPK37jjy4HahFP5nxeJr1
1355658,Blockheads #91,19,94.60062642671338,6,Orange,Fried Egg,Dead,Silver Bar Hat,Blue,Smiling Wide,QmXGdC4AiCw4asGPvCKktGfvWR2HLBve58tr1zSd8f3ZCU,ipfs://QmRXZWhDDRYShsQc5iaPb5K9B985KbGHmZqyLCiHjTHRrE?fxhash=opKc95kB6nYhZxXZkDsEUxcPoWhHewNi7Z815kWqmG6qWtdw4AD,ipfs://QmTRkLUq4tEwBWmkKRofSYt6Z2cAczNJPo22wcJ6ALFxyi,ipfs://QmUScYz3ydeKPcLLGzaV4qxeAGqwWVGEJvuycARY94KZYt
1363331,Blockheads #120,20,92.39110261718957,6,Forest,Fried Egg,Dead,Cat Ears,Blue,Alien,QmTMFakAo5s5xqTy4K34sUC8x9abWR7rPN6yZnFgFdrbCT,ipfs://QmRXZWhDDRYShsQc5iaPb5K9B985KbGHmZqyLCiHjTHRrE?fxhash=oomRKs7HijKYAzQatMyM8n66d8Xmzr4vJHjbKm7aP38mYzBXdrH,ipfs://QmWDXq7QWApWGrzHKuHWBCUbq1rz7zYKTCQFHguxixh7qU,ipfs://QmWaGvQB5kqdTeA97riMEqFHffCCyzSxfMM4KoS6fnKZ4g
1351620,Blockheads #15,21,92.14494877103571,6,Purple,Fried Egg,Mean,Clown Wig,Purple,Flat,QmQFjHw7ndb3zjDco4rBrr17yNLqs1JizvdWV69XhsnDE4,ipfs://QmRXZWhDDRYShsQc5iaPb5K9B985KbGHmZqyLCiHjTHRrE?fxhash=ooVnQYv3u5SvwUGcb1NY55ZCUiZ8fZ97yp1daLSjwFeAwNWRR4T,ipfs://QmQoY2ETGzu2h2Y14FPCbMGwcCqCpdquiiyQLjvxWBEut1,ipfs://QmZsXwxKRf8MGPety4nNNhufLuDCuPsj8rAFH6ruGxSULj
1351658,Blockheads #28,22,90.94017094017093,6,Grey,Second Eye,Evil,Hardhat,Orange,Old Face,QmUWF8yBr3uTDDrWHnsnpUKG8cG5Wk3uStExFs5B4sNnYJ,ipfs://QmRXZWhDDRYShsQc5iaPb5K9B985KbGHmZqyLCiHjTHRrE?fxhash=ooJ3KaEd7iMjHxNAgSFGQgGxrr28ofS7qbjHH8Lr65HqBHmbqiX,ipfs://QmP64PZNtSPQK2shfQLrEmaoXpa1j4fSNovTyfa7HaySUP,ipfs://Qmd4SdMDxgXbpmYgYV9GgYsC2dUWWMpAfiedwRoKjLXRgn
1351590,Blockheads #12,23,90.85237467846163,5,Forest,Lightning Bolt,Dead,None,Tan,Smiling Wide,QmVuUPZnnLstvQZvQc4X9ohKzzKV6N4LwCNGe4op6k92cV,ipfs://QmRXZWhDDRYShsQc5iaPb5K9B985KbGHmZqyLCiHjTHRrE?fxhash=op891A9KbRQ5umVTHoQciPnFDKWEEEhhMyurXdT31ZuQ7oFoRcv,ipfs://QmUfANsgLui4UdLRb7G7NncfcNrk7rzbjyhZj8nbG2W5NC,ipfs://QmcSUM3pRrMnF11eLmPFwNm6uEjTfanfS5HT7LYZjDk4LJ
1351961,Blockheads #48,24,90.78290598290599,6,Blank,Wings,Glasses,Hardhat,Aquamarine,Flat,QmR58vh8u7memnPadx5QW8YxTFeUxz2Pxzv9ZNhgRk2UeW,ipfs://QmRXZWhDDRYShsQc5iaPb5K9B985KbGHmZqyLCiHjTHRrE?fxhash=op9g8mehtBNTfETkys2LvkHf29tJbq2XEG4jgK58Dfkhwob8CCy,ipfs://QmXyokmZgLWbssHcdxrBuip6kE3eSWAAdStUeaAagvnCeh,ipfs://QmQBxH2K2gCoYoetLM6zLMm1JNTTc3KEUKu2r5Hy1x78wb
1351649,Blockheads #24,25,89.50367892976588,6,Yellow,Lightning Bolt,Sunglasses,Sombrero,Grey,Flat,Qmak4gY9kRhxCvnh9DkG1frTSXuubJEZKAVhn1YEXp6nuq,ipfs://QmRXZWhDDRYShsQc5iaPb5K9B985KbGHmZqyLCiHjTHRrE?fxhash=ooqPGHbGYJFkEzx8xoAYyGGdRUTc8QWRWKheAuE5ewKJMWEATwn,ipfs://QmZrYazm9RfiQHtmnGgtSbkovLgKaRBwCCRYUbuBojxiP4,ipfs://QmVcRzTW5wrmFGXB4Q6nwkNnzELuKFNe8YhTzMz7qRzNor
1351978,Blockheads #53,26,87.73388950231056,6,Blank,Troll Side Face,Cyclops,Robo Stem,Brown,Old Face,QmWU5J21eV1hMRi6Kfzs5aHDAKmCTHAck1NghdYJSN9V1B,ipfs://QmRXZWhDDRYShsQc5iaPb5K9B985KbGHmZqyLCiHjTHRrE?fxhash=opPW4vAnA6HHAZWxYjKRLpKkpR7ssvbg89w12pCQFzQfmFo9Dqr,ipfs://QmZvtVbhhanUJbnLXxhQEyRMcNFznkDpSvTQk87Et2SdwL,ipfs://QmVv8atjBvBDSdP6TofzhrGHUseCZrUewNHWALcBQqkxUo
1355068,Blockheads #84,27,87.56419253261357,6,Blank,Controller,Glasses,Halo,Brown,Flat,QmZ1mgzYesTHWeS3iUXCbNNzv27e2AScgHikbmCzkH4Fa1,ipfs://QmRXZWhDDRYShsQc5iaPb5K9B985KbGHmZqyLCiHjTHRrE?fxhash=ooiKTcvmvSk4fWVNpS8MVuZBc95X35Ghb2XUvWgjcWAa8Doa8JE,ipfs://QmbqJ2cEEdGJhL9jQrXFLxQtJWe5PaAVZtvodcBB6pz3rU,ipfs://Qmaq2mLu6MC79p3Z4QkumRcqrBkAeCdMKZkKn2AuduK5iD
1355161,Blockheads #85,28,87.51491214099909,6,Green,Scratch,Long,Clown Wig,Blue,Animal,QmUZbKLr7fffEvnG3MVyrLBc8jYGCA6njWhfe5DNo1U6A4,ipfs://QmRXZWhDDRYShsQc5iaPb5K9B985KbGHmZqyLCiHjTHRrE?fxhash=opUG5iibmWM6vZKyfKNRhJC8EBXu5ZjRo4qFnK8jsGVnS3X1NQ3,ipfs://QmXMkyzYi5GYFodYbkZ4tAA5QPDc8mGthVtuAnj7Rfnkgh,ipfs://QmQwetuBE4NEJq6LLnmhf85o1CQHZVuhEJgS6euZdJYU5D
1351746,Blockheads #37,29,86.99483523012935,6,Yellow,Second Face,Pleasant,Robo Stem,Orange,Old Face,QmeQ5xWjtRF2HYktitednUjnhZijza4cvVXQuu8bQFFWP3,ipfs://QmRXZWhDDRYShsQc5iaPb5K9B985KbGHmZqyLCiHjTHRrE?fxhash=ooMuJzAKoVw617j4CodGABKMn3dAqECgfvkkCYD6jt7o5NaFH2t,ipfs://QmdAJaFjjrHCf5hFVzVtH5pTw6YDynJGq2HbpPKQGPuGt4,ipfs://QmcJVRzG2PziPXLdVZvkMHfRcekKFadERtt2XPiXRDYic1
1351657,Blockheads #27,30,86.56226478835174,6,Sky,Fried Egg,Evil,Cat Ears,Red,Squigly,QmUi5EKLtUQegjZ2gBBsvbN2HQDFbYmvnSzSF4Ysha1pLa,ipfs://QmRXZWhDDRYShsQc5iaPb5K9B985KbGHmZqyLCiHjTHRrE?fxhash=opaFuQdohguoFqFhBKRAatgKhq4XE4ZkjoAUEYtsms98VDfoA8N,ipfs://QmP5azxNUmUvAPUjF1ncx2i1AHDoYKe2iAKiMrHQCpcPe4,ipfs://QmXkHojrAgp74QydJCP1TwTton9y8DoLvxuPgJ2ttdBLUd
1351585,Blockheads #11,31,86.39312582841995,6,Blank,Second Face,Robot,Burglar Hat,Grey,Facemask,QmYSZqXY5bcxzGPAn53TzB5eCqPt2zes9XksGK92RPHaqt,ipfs://QmRXZWhDDRYShsQc5iaPb5K9B985KbGHmZqyLCiHjTHRrE?fxhash=opKXRM3FbQpfy2Tb5sJ4ZaooPwJs3ECt5bgUbK5obq6cD231KdJ,ipfs://QmVprz9TQJaTh13VHY4E6uci32fHJRdD7Xgh1c3G1b8yg9,ipfs://QmYC7NuWpt5jFRxkeF5gZmX1YU9htroKkyhsFkXsNJamWC
1363339,Blockheads #128,32,85.7965145965146,5,Purple,Troll Side Face,Dead,None,Blue,Black-Beard,QmXhpD44Qcw7SCu3rDvQboatKZApR4jkYpWGbtDyLG2MK2,ipfs://QmRXZWhDDRYShsQc5iaPb5K9B985KbGHmZqyLCiHjTHRrE?fxhash=op4XVfQVXRSNq4SsuxUQMhwyqWxWF3iDxkgev9PHzVxaNUbVyyA,ipfs://QmNujD9NZ6thjNSz1KNDWupErmjWtHvEEo87jHkrGVPtYK,ipfs://QmZQFnpwnsEbCZvdhXtxndSxQCD9excXMdvdQ6stkYHSRw
1353225,Blockheads #60,33,85.41816078658184,6,Orange,Second Eye,Squinting,Hardhat,Brown,Animal,QmcQge7LWYD7PjrwZD2JogZ68vzZX8V6KmnWHhrXyjRTaF,ipfs://QmRXZWhDDRYShsQc5iaPb5K9B985KbGHmZqyLCiHjTHRrE?fxhash=onkwwnDBhYqr7t6qq6Uf4RTvSvKp2SrHnxyHNL7KamjAPgHxYFb,ipfs://QmSBXwJcpbaR8QtEo5kgmprZmTSoL6qp8ZUUbJnZzJx5hz,ipfs://QmVFuctZ2GN1mjbVsbxkjxufDuijcxAX9RDJQAH9JpVHSY
1353224,Blockheads #59,34,83.24824547433242,6,Purple,Scratch,Long,Fruit Hat,Orange,Squigly,Qmd4dhnCZuV8vuDiKeTva4XnZCkiKhy9ip1iCCMkiCbCiP,ipfs://QmRXZWhDDRYShsQc5iaPb5K9B985KbGHmZqyLCiHjTHRrE?fxhash=ooG77u9gDp5FiCw2tpnu7FX4tZUB9zh7NyRj9UKa6q8Ri4qVzrB,ipfs://QmcDHhDSucEGxWM6AqaQ2d1b6MRoycVLb9rnsxxJnLLEbz,ipfs://QmNdVntTyKBjfyCZGJkcPc7T6fVn3AKGvqau5GZfNyqNWb
1353232,Blockheads #63,35,82.9044733044733,5,Blue,Elf,Cyclops,None,Red,Old Face,QmPqLTHLKvD6AAaMHMNH8fS1XbnTJ7GYd9QV3g9xQDS9Ph,ipfs://QmRXZWhDDRYShsQc5iaPb5K9B985KbGHmZqyLCiHjTHRrE?fxhash=ong4hnMb7n3vV7Xnztd7CZXRGCpNDf4HUaqejBwKr7syPktTpeq,ipfs://QmbAVXSEJcPjeR9C2TNciK6VoSHjF4QaYgxQW3XQZgeW6Z,ipfs://QmRunkJvWz4L1yEy1UEeH6uGhMMjDxPDvrNKNShFohhzJP
1363304,Blockheads #106,36,81.80302402911099,5,Sky,Fried Egg,Glasses,None,Red,Smiling Wide,QmdDeQ9uDXTngFc6EojVoRN45dgrpa2DcNjHcQFN9cKRt5,ipfs://QmRXZWhDDRYShsQc5iaPb5K9B985KbGHmZqyLCiHjTHRrE?fxhash=ooxccvShM37TidMx6R2e3vHcZ8x6if8sQH11XmR3H99WyhQ3FEG,ipfs://QmQuGUxTFabrd2QdK3s47e123EFApXi6A7jKoKauCNF3rV,ipfs://QmVDG5nUJFsLg4QnfuNRF5yqzNKVRGid919MAQZuL1aRcK
1351567,Blockheads #4,37,80.68447108447108,6,Blue,Frankenstein,Pleasant,Halo,Yellow,Animal,QmQBDu9cxnm737pFFw36vG7pNRC9PcFXEfTdFYrnaAV1B7,ipfs://QmRXZWhDDRYShsQc5iaPb5K9B985KbGHmZqyLCiHjTHRrE?fxhash=onsjT41mpF8fk3kRwiC5vai3c3uLc7HQc49B9MLsWcPwvoe2FXm,ipfs://QmV2vGdEaCWnzZHKeBMhhf48SrcZWwWkA48nSQ17RjWjTA,ipfs://Qmabw8KEqs9L1M1GKNDJh7EgwuMi45A1ku53ThfrFqwyy8
1353708,Blockheads #73,38,78.07179487179486,6,Orange,Elf,Sunglasses,Hardhat,Green,Facemask,QmcPd4CgSTKTchKmYosmBrUo2BfbBSvBKXnVw2Nxk8V3rY,ipfs://QmRXZWhDDRYShsQc5iaPb5K9B985KbGHmZqyLCiHjTHRrE?fxhash=opM2FGrDZoea9EVtmUuw5Vh5cR6GDX529DGbWEbDa9PENiGW3BM,ipfs://QmNYi136jJAjh7vJfPzU6ctFskanJdEen36gfcNW44mka2,ipfs://QmT3hhHVHyudDTBjmGj43GaQ1gJXgd8gMtfhdG89B4JhG2
1351979,Blockheads #54,39,77.94942834942833,6,Purple,Horn,Pleasant,Sombrero,Green,Robot,QmZT5dipXjgSTBCDz8bYWe2MrEPpuSLbbBDZ9bV5T9SJ5k,ipfs://QmRXZWhDDRYShsQc5iaPb5K9B985KbGHmZqyLCiHjTHRrE?fxhash=ooLgLPF4fmqPRsaT6QEp1PV7QtXkyiZ7V9ouA9XFXMyko58rXys,ipfs://QmWKQMbwFEGk142CreciL4AHRB6rCRfZin2wWjrFv3mzVk,ipfs://QmViLKGAnrTWNxB4reqMCWzUKJe2Nrh42PU68DyY3XCxUd
1351977,Blockheads #52,40,77.73893373344174,6,Sky,Fried Egg,Glasses,Cat Ears,Brown,Smiling Wide,QmQykqskHt9uwvzTS9zVDUd4bQtHDcWhZaPYzF77r1ZWZd,ipfs://QmRXZWhDDRYShsQc5iaPb5K9B985KbGHmZqyLCiHjTHRrE?fxhash=ooFBzLz4aeSCMJjdEzhgrZKnck28xZHAXRvKsDTYvX9ax9pxRL6,ipfs://QmUZTYS5DDtNxu5e4sTAJ8xFkngGA15VXbMPQn2raFNi7y,ipfs://QmRgMKMWBDW7BaGidxpyhyejuVrmx6orzcGAn2Z8kAx9bf
1353228,Blockheads #61,41,77.23831723831722,6,Yellow,Controller,Evil,Fruit Hat,Red,Smiling Wide,QmQ9ZB6nmwigGYpkaRge1874b4aaDHonjdpGVk5kWS77zT,ipfs://QmRXZWhDDRYShsQc5iaPb5K9B985KbGHmZqyLCiHjTHRrE?fxhash=oofuAgPsz7LJu22wBwHMDGk2qLG2tkCdCW3RPw7mthh6yUDsqja,ipfs://Qmbbdy8maJkXFejXegG4CZNfxaS3RAdiMczH7tEARsJnZ6,ipfs://QmbRXodo49xTnjBe5VUpeFUZVJdK7ev17sipDRp7xhhMB8
1351748,Blockheads #38,42,77.07681690290386,6,Orange,Lightning Bolt,Dead,Red Cap,Purple,Flat,QmZ23L3LoZ3UASRwLisKoMhDbPTLd7os94fzkPwSq3D5Y3,ipfs://QmRXZWhDDRYShsQc5iaPb5K9B985KbGHmZqyLCiHjTHRrE?fxhash=ooWNNdevUsXxXbHuWnG1uecNKHHgrwFfxemeeEjYkUmnNbXibrE,ipfs://QmUDHrVQiJkNmQpvid1dFPtP36Uqf4N6D4ZjJfHvAbR42f,ipfs://QmSHYxugpFM1HyMfw2XYi154MtmhHAqhuoEL2vDY2YM9L4
1353276,Blockheads #67,43,76.96410256410256,6,Sky,Elf,Squinting,Red Cap,Yellow,Old Face,QmWoncMD1mvEpggmHfMKi6ewPGnQgp1GJTbaeHR7Wfd1ke,ipfs://QmRXZWhDDRYShsQc5iaPb5K9B985KbGHmZqyLCiHjTHRrE?fxhash=oo4sdmwq6cZ8wpqPgyPttQF8ybK75fr7BDBpWuP7sytnXneXCpY,ipfs://QmSdjfjJ1ZuV48XiAg7BSYkMyhrDTCEGE3XX4EfpN5qs1N,ipfs://QmPejbjbLZLvauZhvcUoBj97U87iU8Fy3A2pqww1gqV1E5
1354764,Blockheads #82,44,76.8068376068376,6,Green,Controller,Glasses,Cat Ears,Yellow,Squigly,QmPXjPUDG7uLHsHPGhd3veQ2PVEYnc4usuZGqYKSkcbWq1,ipfs://QmRXZWhDDRYShsQc5iaPb5K9B985KbGHmZqyLCiHjTHRrE?fxhash=ooweFLaQFo2jvqoeBU1ZAmuRp8bLjG1RXcLk7ffaiAaRkjuViqq,ipfs://QmXwHPLeSzLq4fKcQ5EQmy4tRBgRfAjRaYPMNKDEktfeVV,ipfs://QmTTEs7gko6YdNw1k4EPooRV2Y9wVrWDw7hXnAw6wXkrd9
1351583,Blockheads #10,45,76.0068376068376,6,Grey,Hole,Evil,Eye Hat,Blue,Surprise,QmXMskcoy5ABuT6vNfHzwMRAP6P4bbqkiS6JCqLx5yfvAc,ipfs://QmRXZWhDDRYShsQc5iaPb5K9B985KbGHmZqyLCiHjTHRrE?fxhash=ooP3ogA9vPjapcCaGxxzDDiLRy7R8eCX2VN3dTMyzedEL7hA7TH,ipfs://Qmac7Qg6XnErT3THGWxRWhZPuGVSk47H6AcWLkvbCW8SEy,ipfs://QmNjQPNHDj93pyUNHFvHspwTVP7JUEAGyZgBPAbqWgSym2
1363326,Blockheads #117,46,75.54942834942834,6,Purple,Wings,Glasses,Fruit Hat,Red,Animal,QmYarEdEgchFKeUWfpuGguGAytBvJrJDbJaUto5yj1EK72,ipfs://QmRXZWhDDRYShsQc5iaPb5K9B985KbGHmZqyLCiHjTHRrE?fxhash=ooZcQ8uKoWuJy7L5DU81yVVdVwWDJhqnhu9g5C9rikKepkpBWAK,ipfs://QmVV1wDETVcXWSVjmDPsbHGmx7wgnsLg1JW6Fr8affwaX6,ipfs://QmcoGX4Frf5i6YTq6tiEXcTuNhCUUswTHc2GZYwUgr9Gix
1363336,Blockheads #125,47,73.85858585858585,5,Grey,Hole,Evil,None,Green,Squigly,QmQtH9gH1bX8Fhgy9sX9ve3XcuE8zdKyy2rtRJVUDFJEHY,ipfs://QmRXZWhDDRYShsQc5iaPb5K9B985KbGHmZqyLCiHjTHRrE?fxhash=opEUGDDNToZjNVYpWU5epqJNv2ra7ZCsKAgzgvwTE9BzRqkxioh,ipfs://QmWmRjKFF7W5j19XdvWdR1fEEZsQ325rUpUsGFNUd6LE8b,ipfs://QmPP6GBomZWF9sUVMuuuFDzWAPiYFcdijc46GJwGnqev73
1351960,Blockheads #47,48,73.17482517482517,6,Purple,Controller,Squinting,Bristle Hair,Green,Black-Beard,QmdcBF5QjWKgbzn5AEeXeLUyFb2F7wvpLn5icVahAtNFeE,ipfs://QmRXZWhDDRYShsQc5iaPb5K9B985KbGHmZqyLCiHjTHRrE?fxhash=ooYQEzXenhDBPYbCyhPpuJdM8BHHyi23V5hXGFkRLSCtMxHk54p,ipfs://QmZzkyikS2rgPXHaSuu3nQcqfv98XTwbXsknrzmhEkZCcS,ipfs://QmdGHGoaKGYCT71gkBe48eGbnvZBayqEiWuVVoMgcLsxw3
1363314,Blockheads #110,49,73.09273732803145,5,Yellow,Second Face,Glasses,None,Orange,Black-Beard,QmUUgP536g6RB6UXwnMVRiCV1siq9egUgAHPvs2ZRRB29p,ipfs://QmRXZWhDDRYShsQc5iaPb5K9B985KbGHmZqyLCiHjTHRrE?fxhash=opVEqcmgNy8Xu5cZELysGYfaKebfsyST3RgRBsRcdk3hmZLsnN8,ipfs://QmeTpN9w5aESYGfYwJd76KoJtPMyFeQXQJsCaUcW9b5CCe,ipfs://QmSaaViSMKMRsn5xbNy2VcbTX1ZQ7XCXfM9bL9DcUBVoxV
1363332,Blockheads #121,50,72.5178203439073,6,Orange,Lightning Bolt,Sunglasses,Hair,Aquamarine,Squigly,QmSCc2PbbYwtX6pC3uzcEQ6uFkqnAhxqMn53bbhpZ1Nbqv,ipfs://QmRXZWhDDRYShsQc5iaPb5K9B985KbGHmZqyLCiHjTHRrE?fxhash=ooZXBpVNfSLu5nDMExy11eaSVoJuxeed91Uivkfumm3ZFs4o91a,ipfs://QmdELs2ttjyaHYw9261JmX2Xq3FUScb6ity7ywkqZKrsW9,ipfs://QmaDycEXwA28bDxHmpWdfapbuDftojhYAQ84WemYGPjn38
1363003,Blockheads #101,51,72.35750915750916,6,Green,Horn,Evil,Clown Wig,Tan,Facemask,QmddzgrGPdoFpsN1WgzEwcsUbMz81zgURJgRZejCDWMpzE,ipfs://QmRXZWhDDRYShsQc5iaPb5K9B985KbGHmZqyLCiHjTHRrE?fxhash=opa5tW8D4AVawCaUMnkRw2dHAadZguNwJFLZk5CjpntrhwChzsU,ipfs://QmPxoH7aBLwKEGx5DA1Y2DNfVE2XdAXec7zNc9RBfoatYd,ipfs://QmcNpA28zJWHWrRHU9vkQGecXaPRGpbxWtW62RTBkFpw83
1351632,Blockheads #20,52,72.25517489046901,6,Sky,Second Face,Glasses,Hardhat,Aquamarine,Animal,QmUqZ6figzpdPvm1kej91AboLnw2DBQQVCcWB8UErMi2AF,ipfs://QmRXZWhDDRYShsQc5iaPb5K9B985KbGHmZqyLCiHjTHRrE?fxhash=ooWGpTGyVV7cHgnxDzYggs3UkALtda1aAd1EmB5ofUJt9FjA1Ke,ipfs://QmQQf5VbGxfUy2eXJaHHdZEKp7wWXpEENSDEvP3gqHgufh,ipfs://QmWAMzvZKoJyuK2LhJUd9eDzYBSVFvRo1RH2rF5ogqm3vi
1355945,Blockheads #92,53,71.98448701057396,6,Grey,Controller,Long,Burglar Hat,Aquamarine,Robot,QmScQj2XhqYUxkwhAVy2aAsNv3EVLt4d34xrmvybxtLyfG,ipfs://QmRXZWhDDRYShsQc5iaPb5K9B985KbGHmZqyLCiHjTHRrE?fxhash=oopfMzdk5i8ijdcV7BRdEUWUS1XDEvD2aJ3ovjE2K2Ft6heXMwt,ipfs://QmP42QDDdS2J8r2Fimj3QeFip2TjhUpnnzG2HwKoC9gqF8,ipfs://QmRWB6SqKRLKq6jSiyuqMGAbtYT5MN9Ewzub12mf4qCSGs
1363306,Blockheads #107,54,71.04149184149185,6,Forest,Elf,Squinting,Hair,Tan,Squigly,QmYjZqhMYnhzC9A75b4PBeJvJCoYcDnw1dGc9NECsjJQjb,ipfs://QmRXZWhDDRYShsQc5iaPb5K9B985KbGHmZqyLCiHjTHRrE?fxhash=opL7mVUWYFEedFLhSYXUVoK8T3cQvkVVpEhgHatghPZxeyJrHjC,ipfs://QmXcHETkCepgq9i7cHiz2Q6zR3wXHASMXTZXEqhi2SpxQw,ipfs://QmNySEis4u4Zpb3yYPT6xaJepp7RBdLHAEBkLb9h1SR3z8
1351954,Blockheads #45,55,71.01479004087699,6,Forest,Lightning Bolt,Cyclops,Hardhat,Aquamarine,Surprise,QmRWrmPANKHXsLR8fBepp4wkymTew8edc984jUBhzLBiov,ipfs://QmRXZWhDDRYShsQc5iaPb5K9B985KbGHmZqyLCiHjTHRrE?fxhash=oogq5Z6fRdAcgxt9wavpq7Mh98oASu1VnvVaMs3xa2r6paAHGVN,ipfs://QmZ6rheP4xcESjFdfJ9dy9Lcc544djqh7PJx8q3RuiPZQA,ipfs://QmQ6gdwEKBTh4eLfagLSrvJgLqK19fzB5zbZPCdeWFcm5T
1360985,Blockheads #98,56,70.94452214452214,6,Blank,Troll Side Face,Pleasant,Clown Wig,Tan,Facemask,QmPhDHkoytbAxfX1nE1nQs4FU2JeSXg5vuPEgBdswnPobY,ipfs://QmRXZWhDDRYShsQc5iaPb5K9B985KbGHmZqyLCiHjTHRrE?fxhash=opT1EFxtrHGQv3a1no7CzdWWikkmGJjvVxFmbs6MCqBJP8pkP9W,ipfs://QmbBjWUztqA4f99m2Ke7M7hztB3KAgbKCeFUFd1k65Kwm9,ipfs://QmaiEuyVBt6HyrdKkbdWgU3UNsab4bvbZDhgsNChSFG7gW
1353229,Blockheads #62,57,70.67350427350426,6,Blank,Hole,Cyclops,Hardhat,Orange,Surprise,QmNwUHmf37YG2Ue5e4TjmGfZmFsDohje1Lmy2R55tMCgQR,ipfs://QmRXZWhDDRYShsQc5iaPb5K9B985KbGHmZqyLCiHjTHRrE?fxhash=oowQQdVMSyg74SPNb2QrJDwb9mTB46prArmkKw6989ZryvAFc7w,ipfs://QmYvsqgdiVx8DAJgdxU8knjt2r8bFxFd7gm8kAAyQLd3jF,ipfs://QmPwNMFEp15e9LG5n4MBGGofCkmKdCjTXnpG5dG1Eeyg5m
1356498,Blockheads #93,58,69.23701226309922,6,Green,Lightning Bolt,Squinting,Halo,Grey,Facemask,QmXyarVtwcmzr73g3icapprPdT8hnBNzjPgMRJcWXYrZdu,ipfs://QmRXZWhDDRYShsQc5iaPb5K9B985KbGHmZqyLCiHjTHRrE?fxhash=oop4TZ9e4sKdQWkjTun3NBe3aVQpah83BRqeiab8FKbLHMSKj3v,ipfs://QmX2YpP5LtYqZB5CRYijzB3eRufMLffELCaqXAmKZmeGX7,ipfs://QmY8f6r4Kv9jRzvxnZKm1hnKr2qSJMY44e5ivQR6y8jv2z
1351959,Blockheads #46,59,69.06515706515705,6,Blue,Frankenstein,Evil,Burglar Hat,Maroon,Old Face,QmUnj8SoTtWLYjjpAoh8Lx1wGPuSbdNrmGv3ipsGYa6zPT,ipfs://QmRXZWhDDRYShsQc5iaPb5K9B985KbGHmZqyLCiHjTHRrE?fxhash=opAFFp4FRdXKnQvNg3HPt3S52idBg93M4gQhe4SPx8fNN5X9oFw,ipfs://QmWTe1Mnvm64vrniM9reZuiQzo8wkwuJWpAFUTEkQsaoHX,ipfs://QmQKVGESotM3bN8mfEVvVW95LsYcVY823wRXUbZy6gDSqs
1355201,Blockheads #86,60,69.05923448532144,6,Orange,Lightning Bolt,Cyclops,Sombrero,Green,Alien,QmXdTn5C8wvfvLtfUSwf9F66cyaUzVexGXfM5BXbmcdyMS,ipfs://QmRXZWhDDRYShsQc5iaPb5K9B985KbGHmZqyLCiHjTHRrE?fxhash=oog6KPcHAqrU29hiDtuegou9iJNKZ51h3mhV1Hsc5pE1D8APGTd,ipfs://Qmc4AWqe4vLbdVT7R8xrGk66pVkbr8xAaTtrct1xeSjwD9,ipfs://QmPyCfH2zvauAZiVQfWvZVxNaj3j9xjnWd2ur59StikDof
1351965,Blockheads #49,61,68.58131240739937,6,Purple,Troll Side Face,Long,Clown Wig,Purple,Robot,QmbeGL3a6AsA5iH83SifStPK3Xx2HhJCaBNbchob6A7Te8,ipfs://QmRXZWhDDRYShsQc5iaPb5K9B985KbGHmZqyLCiHjTHRrE?fxhash=ooc185kUzfkpy3Q5wGRVPsGCnT3X1ayUJjJSSpXjY6f9FJ1cGyT,ipfs://QmPtT6ppifTeW7kuzHa3pBeTiwVPcXRLN6KLS9g8BKjcGi,ipfs://QmQEGsnriyDHwseLhJhWn4Nju44RnTLGnPyNaCYurttVaQ
1363317,Blockheads #113,62,68.50132873662285,6,Yellow,Second Face,Evil,Fruit Hat,Yellow,Alien,QmYnBuqd4gYWvyEqmaoXdXaNthBxU6Etiu26x3ndjSs4Yc,ipfs://QmRXZWhDDRYShsQc5iaPb5K9B985KbGHmZqyLCiHjTHRrE?fxhash=oof1AqDT6t7bmcRD4BbXYMzeXmPvUZTLrPpYuo33F5L3ytmUFXt,ipfs://QmfVczS6vRSJsnoi5839dqzS4mBBKez2UqybZQ1KtK82Ta,ipfs://QmZR1n334CURERVHKndSAJrwy6fDz9aqp3mBJZxEGdX6wQ
1351579,Blockheads #9,63,68.27350427350427,6,Yellow,Frankenstein,Glasses,Red Cap,Grey,Surprise,QmPECsErpodnw5vSTqpSFue9AQGEG3GrgwiKUpot5PxfjD,ipfs://QmRXZWhDDRYShsQc5iaPb5K9B985KbGHmZqyLCiHjTHRrE?fxhash=opKajvRTzbmzAPLU6yQJ1o5XcoBLN4rCPS4Ssdhh9XsR5TQ3ewt,ipfs://QmXhWHKWUJxg8izDwh8Fvq7MzFWD4CFh2FYoTaRCP4q11i,ipfs://QmaeYMoyUGuAgXta2ncNwKUR5UiSCACYJiAbPk5BNC6n1E
1363334,Blockheads #123,64,67.31623931623932,6,Forest,Frankenstein,Glasses,Bristle Hair,Aquamarine,Facemask,Qmf82346GKnP2pRgtDFviey7nYNLRyzAud1ir1ZHD7ibTR,ipfs://QmRXZWhDDRYShsQc5iaPb5K9B985KbGHmZqyLCiHjTHRrE?fxhash=ooJXYoFDfTbLsFmkxDg1F4MDLAPDn4fm2Mvc5VyyERbKC3Ltprn,ipfs://QmZjkMdsq3uMfTQziwz5WxsW5s9UmTSiMCzCF87H53mfa1,ipfs://QmSxjfQmJjyZfhHx3QF82sQSXYo1nH4wNp2tJDXyLjsrsX
1354624,Blockheads #81,65,66.87060572277963,6,Purple,Fried Egg,Long,Eye Hat,Blue,Surprise,QmSRLLnJXZ7EtrpX2Hw4NHvqXQJryfp63vWEF1tbyQDJDA,ipfs://QmRXZWhDDRYShsQc5iaPb5K9B985KbGHmZqyLCiHjTHRrE?fxhash=opBBGTnV6EGjQg3ZECFSpnqE8XPC9N44fNtwHCip1truTB8MChK,ipfs://QmNgBxSfNwos7VVNa7gk8yyEHcqUrPGM2EvZG7VhvYpHhq,ipfs://QmXFJJW1LwtLPiAdX56dy6m6eTDSsRRuZQ4KWjPbb874MJ
1351652,Blockheads #25,66,66.66678249286944,5,Blue,Lightning Bolt,Squinting,None,Blue,Animal,Qmc7XDGyEj7zUBd3jVJvXs7x1FdTTpdTs6mAaSeNXYZ5NR,ipfs://QmRXZWhDDRYShsQc5iaPb5K9B985KbGHmZqyLCiHjTHRrE?fxhash=opFyrawEJtysnV4wCwVuKqNFiPxrLHziKP7R4ZxBYeYdhWkVqNv,ipfs://QmTACZ8a6e27m9wdzzRokFjD4h1KNY2PknVci16QLJaMFj,ipfs://QmZtaGmngaax3ouQtntXYjicyhBSttYwrq8fp5JrWATZnR
1351595,Blockheads #13,67,66.27226706677507,6,Grey,Lightning Bolt,Cyclops,Eye Hat,Brown,Smiling Wide,QmZqbjzRpe62KXrLobDtpUUCHyBxHq2Poic5Qvuhreym3L,ipfs://QmRXZWhDDRYShsQc5iaPb5K9B985KbGHmZqyLCiHjTHRrE?fxhash=ooi38zQWb2R4KY7jX5C6zBoBfbbxMRWzpkhLTHC4pGZK3nECHLT,ipfs://QmfRxz253vNdNWvBfBzhzsffgPJxNwZr7aw4mjNDhP3cYM,ipfs://Qmc6jM8ZW1NTFkho3h2jBzVgzR9nHoN3Y6VienTjErCr4V
1355325,Blockheads #89,68,66.21609501609501,6,Grey,Horn,Cyclops,Hardhat,Maroon,Squigly,QmTbZyfCQnHP8dgqEc9reAh6gkipGPW1rkiPShDF3W8vMz,ipfs://QmRXZWhDDRYShsQc5iaPb5K9B985KbGHmZqyLCiHjTHRrE?fxhash=ookExAPgUwg4cCjcJmUtnW12MHGuyqp8iTBm1yvU1HHZxyBQgNs,ipfs://QmZHu8UgdgwPbMxajAZRMrnjYHnTakMK6UygRDVZgtPER8,ipfs://QmdKRxDsVdFUES44dohwA77PS8CUDwcvjerEBnnzEAd6CF
1363338,Blockheads #127,69,66.11912531912532,6,Blue,Elf,Pleasant,Hardhat,Red,Animal,QmebFPfLoWStsu9584JyBDg6ii5S72rbKF8V4zX2wNMrQP,ipfs://QmRXZWhDDRYShsQc5iaPb5K9B985KbGHmZqyLCiHjTHRrE?fxhash=ooU5BJtnoyXrzdZ3KLHSVwAk8U9GCRobkTvUgHf1en1V9GYpYjW,ipfs://QmaPrJrVdJ3feoYQCa164jjV3cx3r8y4ujWqQEL5PNdjT2,ipfs://QmUory1NdjFykeUimahXuW6bbpACQowYpt363Kn8sC4Lrt
1355323,Blockheads #88,70,65.91671151121952,6,Blue,Lightning Bolt,Evil,Halo,Brown,Facemask,QmSD5wdwjGiq8emZBP4VXRkEfT8vgLjcGjqKJkWYAtqJkT,ipfs://QmRXZWhDDRYShsQc5iaPb5K9B985KbGHmZqyLCiHjTHRrE?fxhash=onwNzucXM8gTBvhqMiU9okYkExmkcCRnRzMtaabKfZNjcLmkxgS,ipfs://QmSPRH6wCTzoth7ASBB8mt369xMWzPXm8H5tLWHyvUsJMY,ipfs://QmaD8hRh8Ni4yai4EdP6erfQges87K3gAJFsmM6yNXKTPg
1351644,Blockheads #22,71,65.72548835529048,6,Blank,Second Face,Long,Halo,Brown,Squigly,QmctktCwsa1kg5Su7hUaMwyjpPqwsGm8Tm5xGU3Jvn5qXv,ipfs://QmRXZWhDDRYShsQc5iaPb5K9B985KbGHmZqyLCiHjTHRrE?fxhash=ooKwTzDcjqcP551tExm216SGQnFqmSS31cEw38jVxrxqd5uhe78,ipfs://QmYVqXcEHNpp5vQfn94V9ns2xXsMuLSEFEKZd8cyGF2HNx,ipfs://Qmen7o1oTa9bnixciRq7M4hyskNm6w2psE2YAEBbbdfz5Q
1352128,Blockheads #58,72,65.67393390922803,6,Red,Second Face,Squinting,Burglar Hat,Maroon,Alien,QmceYHKW9ZSRTy6ZGfMwtQNkqijajpNEVEzvvNQ6PDgTeJ,ipfs://QmRXZWhDDRYShsQc5iaPb5K9B985KbGHmZqyLCiHjTHRrE?fxhash=op4DRGXSqw3qGbY4s5Af2E55a574htA8ppM8KXwpciVqoLLb69k,ipfs://QmdmwPLx9CZ5xNkrDA3Jy2sEHhjnpp2ffWjVCzKhBgk9fY,ipfs://Qmf6M49xrh78LyGBTdNSBer8fTpTJWBVg33EZbtFgBgHRU
1352125,Blockheads #57,73,65.56874236874236,6,Orange,Hole,Dead,Fruit Hat,Blue,Squigly,Qmb6yKjNW6SJW2xD1htUSCPB6UFZyfwiBExdVf2JpM18TX,ipfs://QmRXZWhDDRYShsQc5iaPb5K9B985KbGHmZqyLCiHjTHRrE?fxhash=ooUcUL7PakriymE3gNLmYdiLFcj2h9sJwzszuzywb1w98d7fQBU,ipfs://QmQo9TJFLbrjETgsxJ62F9NsBqmJR9Ch17nED7s2WCJnGu,ipfs://QmX9Gwup4tbhPaLPQcKZ3rd9DShBdmS5GYaLyrJnGdpGtu
1351577,Blockheads #8,74,65.21765018607124,5,Orange,Frankenstein,Glasses,None,Brown,Squigly,QmS44mLS8QEZjAfdYCvH6N1mfGoEqAVgE7o8girv2BmTvQ,ipfs://QmRXZWhDDRYShsQc5iaPb5K9B985KbGHmZqyLCiHjTHRrE?fxhash=ooW5gYnAYKydUMZQ3jzZWJYz3x5WbVZEEiu1WVW4RrDxF81ecGL,ipfs://QmXZSFzxb72fQ61BghJvM2DQp6XePavV5xTWJunhafsD21,ipfs://Qmabwx8nFquhMRNFmeaRBWUHmv78BL8Cbv3EzjcxjvssEt
1351572,Blockheads #6,75,65.18737301345996,6,Grey,Horn,Long,Burglar Hat,Maroon,Black-Beard,QmaHoCRAeVRvtpgptJA2Ktxm3xvC3px6t1Neaux2uvAkNP,ipfs://QmRXZWhDDRYShsQc5iaPb5K9B985KbGHmZqyLCiHjTHRrE?fxhash=onkaYDQhkgMVfZmb1LHRUYH3WmXGcKjBsrtT9d9v9k1rYMw6ght,ipfs://Qmb4vVgQG3g4MoL3WfG58B4uyM4hEDKEANj2AwKohHSTXu,ipfs://QmPSbttornPkJCTN1dDB6shM1aT7kWf2ja8dFf1SRwisoL
1351670,Blockheads #33,76,65.14161394161394,6,Blue,Frankenstein,Pleasant,Sombrero,Yellow,Squigly,QmZz9s5fCLPHSSzCgeGsTLCVJgMWq2zvaSB1gFKd1SHNHf,ipfs://QmRXZWhDDRYShsQc5iaPb5K9B985KbGHmZqyLCiHjTHRrE?fxhash=ooiDurJ48kUQCNKMKHXG8oc1X9kgk5JDv58EWsXp9iAPLTb2kzG,ipfs://QmR6vZeg5LZwVGAMmR1iZ1vFxWcb4MMdZiA9zjJeVAJU7d,ipfs://Qmbk1sgaW5uJ2cwBaWLBm785E5Sa9ixX33v9AGLhWwpJMD
1353387,Blockheads #68,77,64.88276168276167,6,Purple,Troll Side Face,Glasses,Clown Wig,Purple,Old Face,QmUZEnjzHpXcnEVAHoHMVfd9nFAqPpX4FoTahe2DNB3eu4,ipfs://QmRXZWhDDRYShsQc5iaPb5K9B985KbGHmZqyLCiHjTHRrE?fxhash=ooPpAbXbVNE5H8EQmtwoYyy9vUuLCXFavYQ9iiJDpaS9MhiU94H,ipfs://QmUuJ95CbEGWQzJRJb72uxwe52QvKZtMsp4PnYyY8KCn1A,ipfs://QmNsh9M8xog7vE4rpH8vCcPa1fvw7CAgHtawveGcDWhGCT
1354524,Blockheads #79,78,64.7179487179487,6,Red,Controller,Glasses,Clown Wig,Orange,Facemask,QmXtQUw6m9aE9ZwtMJtUspZKwVb4nV12jGjxM13TsaAZ3m,ipfs://QmRXZWhDDRYShsQc5iaPb5K9B985KbGHmZqyLCiHjTHRrE?fxhash=ooUBE5iYPVwDKzG6maTCpihSr54KJVaaQPX6m14jiRCjNR9e3pV,ipfs://QmeP4hiVxkT9pJ8egw7Vf9TfH2JzZJGDCgGdYXbUqaWfSv,ipfs://QmWHGgPAvMTUCXxJRgB4bpt9QKK3wEgqPeQ8JfChAsTRW7
1363024,Blockheads #103,79,64.52747252747253,6,Green,Hole,Squinting,Fruit Hat,Orange,Flat,QmQB7F5QPcCBPxppWEKT5PAiXyP68zvcEAYoucP4NvTvF5,ipfs://QmRXZWhDDRYShsQc5iaPb5K9B985KbGHmZqyLCiHjTHRrE?fxhash=oojjiRNWCcdvKiJw9yTJGiAJmeUcJdQZTh3wLg1QMNJv2dGEGzk,ipfs://QmYXcD7Ch6QvtfDNF7RQWemzNi5iWP7L8zkpFSerV5YBcY,ipfs://QmX64kY3WoP5jhMissWnPJzztWhsLGnZDGdHoHfr82XLFp
1363330,Blockheads #119,80,64.5178203439073,6,Purple,Fried Egg,Cyclops,Burglar Hat,Aquamarine,Old Face,QmUGr3SrWn68dzgbHpXpcQhF5h2QU2y7VhV1A6dRx5Lxju,ipfs://QmRXZWhDDRYShsQc5iaPb5K9B985KbGHmZqyLCiHjTHRrE?fxhash=ookkZmXDdqTU8bWJUK7ZNH8m7689PxvJBvzZ8JPdJYA5kXB6MUs,ipfs://QmTCbd4HP75EdH53zBGHhX7ZrMFyvg4QyvAC4arpLfQBZN,ipfs://QmWBrim2xo3qZusViLMRmCuGDFwScto6jKfJgTC9JtqFvR
1351639,Blockheads #21,81,63.612439847733974,6,Forest,Second Face,Glasses,Fruit Hat,Blue,Alien,QmXFM1zVwESwKkFm9LyqgAHX8f7YFQHWkXNQF3U5eA82LR,ipfs://QmRXZWhDDRYShsQc5iaPb5K9B985KbGHmZqyLCiHjTHRrE?fxhash=ooftXBLn64JtDDcpkoPrBZFwCHUi52QEjLbkqV6iSLuHCrkSnWg,ipfs://QmZ5QR8fvz74b9xJ167jcY9PMPV7rQRSwJsUVtRJ7t7iYZ,ipfs://QmeFNtGiSZrcy3q94khogDotxuKFtrMQRP1exj8TppayEc
1351629,Blockheads #18,82,63.359218559218554,6,Red,Hole,Evil,Fruit Hat,Yellow,Animal,QmeaC2JwWcjbZArE6kJp9V7XH8YrX1UuCfUqG2uxqVQgbK,ipfs://QmRXZWhDDRYShsQc5iaPb5K9B985KbGHmZqyLCiHjTHRrE?fxhash=oojJHHccyqX2HLdtHwf8w4WgNPPeoJKBtoAc6vr1r8g9Fyy9Bb3,ipfs://QmR3hibxraydv6SoMv3DHYKMaAboFif9oKjqUHwRs8DBcm,ipfs://QmaWRxG1Ryf8mk78YQwK2TQFCqYUR72wDkBvGaMuNkXgHS
1351944,Blockheads #40,83,62.970679765187775,6,Yellow,Horn,Long,Bristle Hair,Brown,Squigly,QmbruDpHyEVA5v6LhZPPNeMSLTaEskKZAaie5aB4SYE8AF,ipfs://QmRXZWhDDRYShsQc5iaPb5K9B985KbGHmZqyLCiHjTHRrE?fxhash=ooajtitCwyMr5dXRfwTCo4g6jBZuUh2GbgKhv2TM5EzrzyjfswX,ipfs://QmTf4AGV4G54B2P6TBSZ3HszTVKgAjUVbZicYWsdjeLz69,ipfs://QmXhypJdKW8i99srY1YVJHZ6JM8T9MnoGRkNpVujK2zbqT
1351664,Blockheads #31,84,62.93388950231056,6,Forest,Elf,Glasses,Hardhat,Brown,Black-Beard,QmVz8PeEaCjBRhVEcnybfEn2Lt5CXFr7D1HkgHHQf1hwxM,ipfs://QmRXZWhDDRYShsQc5iaPb5K9B985KbGHmZqyLCiHjTHRrE?fxhash=ooJf7rEgFTgRGSmYsfA21DedZuFb2zdfa7PMkn1UQV1A5ZS81E4,ipfs://QmVVTTZoJumUwhbafLD3P3GrvCwfkTHUhtagrJ1tQqiaCq,ipfs://QmQjEqC1SY4NBAuds5wdr5uHivcsRmTgf3xMu3PcvCUzJT
1363323,Blockheads #116,85,62.740042566129524,6,Grey,Lightning Bolt,Squinting,Eye Hat,Red,Squigly,QmVQozMsTm2v5EAYDrJwvUWWMWmnFNNvbEvK5mTzG5ersD,ipfs://QmRXZWhDDRYShsQc5iaPb5K9B985KbGHmZqyLCiHjTHRrE?fxhash=opaoS9uJeXmUaLhUd2yaDaqJqapqSXm77hNhtwaJ18HCWfT8LND,ipfs://QmVM2YiFpLHbZntc3o6LVAeUEYXVmrspqBMCWv1eAgT2WH,ipfs://QmYGSPiASNSff4HwWrmpcSLwjckQF9tkQSGcEkfrE3c69G
1351663,Blockheads #30,86,62.27508530117226,6,Blank,Fried Egg,Pleasant,Bristle Hair,Orange,Surprise,QmUvDpyyPcsSzuBMM71HcQSFTc5qmNEnsxmccDs62m8cqT,ipfs://QmRXZWhDDRYShsQc5iaPb5K9B985KbGHmZqyLCiHjTHRrE?fxhash=onmjmt5WntFwfd8i9UyYk7zr2u6PPksXfBQw8yaXzvdaZdexi6K,ipfs://QmVExLVk6qxieJTEdNLmKFoPVPDsSGjYyNBE8pLh51YsrX,ipfs://QmSNBkEts4aFt5pQVrJFTovC2ojbDguf7emLizW8fn5djb
1351980,Blockheads #55,87,62.18315018315018,6,Grey,Horn,Squinting,Red Cap,Blue,Old Face,QmXFxoTs84roVegvZ9cyFUioqbn4AKPozDR63RpmhEA1EX,ipfs://QmRXZWhDDRYShsQc5iaPb5K9B985KbGHmZqyLCiHjTHRrE?fxhash=ooxXPmUZ3tL5M1aGreZdCQM6v9eb4NGk3LmaxXJfwAknLteta3j,ipfs://QmSAZR9XQU617kouh7DjAPPEXN2z2uYTXf2SPAiVeq5zjF,ipfs://QmaEp2fWdrnEWRaivBGNGBU7c4b4RaFoHGCTVpaeJTpzRi
1351648,Blockheads #23,88,61.91952974561671,6,Red,Lightning Bolt,Squinting,Red Cap,Red,Alien,QmXamQUUTpQc1TtGYSwPTndYgT1mFQ8gvSuUPj6qVRyENh,ipfs://QmRXZWhDDRYShsQc5iaPb5K9B985KbGHmZqyLCiHjTHRrE?fxhash=opFRriRHRwEDh6f27YpWzefdtnPBtoqWdcBz87AEgdpXxg6352P,ipfs://QmYC4dJNoGvgEjdbn5SaJFsp2XEiQTyctFfNcxRR7q9w1S,ipfs://QmbtfTW5PSAfCTPLFVHvcTp1WBqkVtKouyJFkBgNvae3WY
1363316,Blockheads #112,89,61.66585310114723,6,Grey,Second Face,Cyclops,Burglar Hat,Maroon,Black-Beard,QmZDjtLvwuajFSqJTxET4mfr3aJLA9SDtQMUtJEeqY7L2f,ipfs://QmRXZWhDDRYShsQc5iaPb5K9B985KbGHmZqyLCiHjTHRrE?fxhash=op1Ds1XoQ4mi4EAtvKzkCVLZjVmV4kszyTWXwNEK1vcsneUvfMb,ipfs://QmNyvEUZQuAKsN1cMx9MXbAswKfBLsRc47fGfKe1bRzj1p,ipfs://QmcyEZbmdU4yaZ93Jt2m3gj97rHPdKskewUeFbKCAd9jAu
1351952,Blockheads #44,90,61.31029754559167,6,Red,Second Face,Squinting,Hair,Maroon,Black-Beard,QmdVMZz6Gq5ycuQMTUnnbz2cFUQ2kxDoF3vRiQTRSUGHTg,ipfs://QmRXZWhDDRYShsQc5iaPb5K9B985KbGHmZqyLCiHjTHRrE?fxhash=ontkNwmTg7APdhwA62XTHYXAXK5oQ9q2yjMZUzMJUzdBaKnSujp,ipfs://QmfQn3MDaHPAepUjpwRssdJdEF2g9Q5saLkgPHKarCaFHY,ipfs://QmTEAoMZZhi7q8wGPLUEzL8K9U6VJPMKgNbWNGH3UV1DkH
1363071,Blockheads #104,91,61.13353313353313,6,Blue,Troll Side Face,Squinting,Hair,Blue,Surprise,Qme4KF41hdQaSzQCiHgGP4FgfX2omDVWNNzbYbD424qK9V,ipfs://QmRXZWhDDRYShsQc5iaPb5K9B985KbGHmZqyLCiHjTHRrE?fxhash=ooP32pbUCmtq8ti8xQgrKoowUzAsMW8b71a8VaisP8wuZ5MqdSZ,ipfs://QmTvgxFQ6TfC6HpN3dxroeJy7SYDxXHDK8ghMiwoRamm5U,ipfs://QmTXpNUJdE4a6ZkmMyi6peeHm8wBgTZbYb3cXxdyQScU8p
1351749,Blockheads #39,92,61.08593628593629,6,Red,Elf,Squinting,Clown Wig,Red,Facemask,QmXpBYiMubWgRoXvqwkkmgLznKbhg75CeEpgPReWdV3Egg,ipfs://QmRXZWhDDRYShsQc5iaPb5K9B985KbGHmZqyLCiHjTHRrE?fxhash=onszMtK4RGaTxEKnoarzddmzRJF4D5vXUKppbiH45m5YnUJzV7J,ipfs://QmcPBff4wSnmVavt9TBzk2HZHNbDKruogUxTbeoaRGhWXG,ipfs://QmTtoAzcNfHPSQuqd6fvpr7R3daFs4LpUmrYXtdZrQwQAY
1351234,Blockheads #1,93,60.86251526251527,6,Grey,Elf,Cyclops,Red Cap,Yellow,Animal,QmcceR9dYntGRGcCdUMh4GnFDszCmaxmxAj9XTiHQJJNSJ,ipfs://QmRXZWhDDRYShsQc5iaPb5K9B985KbGHmZqyLCiHjTHRrE?fxhash=opHfDm3w53ij5vuqjxYd7Z5bwogUhJgGVdMfBnXcAnkTUYRpjTk,ipfs://QmQzChjJ8AoUYfZAUmoCXT2okuPT8rp3C3FUrvoeqBHtdJ,ipfs://QmX5NVXeZGcqQh2KX133NabU3zhwaM7ttddYawaBZUoyGZ
1353812,Blockheads #76,94,60.75127577736273,6,Red,Hole,Long,Burglar Hat,Orange,Animal,QmWEZeqK88JVDBFGA5SwGFW4oXJ4FRuehpf4EWYaeon5mm,ipfs://QmRXZWhDDRYShsQc5iaPb5K9B985KbGHmZqyLCiHjTHRrE?fxhash=onttSbRwLpmZitfLAHqkeAN7UkcfGiaFNg2JSLqvTRx17DSWXmV,ipfs://QmV1XqUjSbC18FTydxaEigngisXRtETHS3nShyfrwaNU2f,ipfs://Qmbg4tc2GnKQnyRE2KVats4ufFGuYL1AfXPLrwM9K8MUFF
1351947,Blockheads #42,95,59.904983904983915,6,Blue,Troll Side Face,Glasses,Bristle Hair,Grey,Smiling Wide,QmQu8AqmUCUM4rQCnik4UZHmoLcZgqXcrQKgoonQc343U3,ipfs://QmRXZWhDDRYShsQc5iaPb5K9B985KbGHmZqyLCiHjTHRrE?fxhash=opUxDr1zTGfzK4Xpopf8PG1B15E8GkvxHi1FUyEwu6SfDcwoUs3,ipfs://Qmf5jciwXhzZTndrWNyCBB9w35QuPKxr91LGNun4xFjynF,ipfs://QmeSMDYahkKnDwXdhxG5BeMviV7qAvHJiMkpaDbs3HTECE
1353942,Blockheads #78,96,59.19413919413919,6,Purple,Elf,Squinting,Fruit Hat,Blue,Surprise,QmXZBHyDqfgLoKJdE4RHKqAve18sncLhsWcTc3UvyLP29S,ipfs://QmRXZWhDDRYShsQc5iaPb5K9B985KbGHmZqyLCiHjTHRrE?fxhash=opSwFnzVQVeJ66YZMEjNREq57VuaU4vZyoNJrWYsvHyevbi5BMB,ipfs://QmSpntQGRYyu8gBVC42sukR1gui2j6rRDw5Asb4tuNKMzJ,ipfs://QmQVkRpJbjryFh3Xy1NKMq2t1ajQjZrGKUmZ7qHi1VMonu
1363327,Blockheads #118,97,59.18448701057397,6,Grey,Lightning Bolt,Pleasant,Hardhat,Grey,Surprise,QmaL62X8mkziWKgcz9nWinsDocHJBnTccTx2mtjm2ctpn3,ipfs://QmRXZWhDDRYShsQc5iaPb5K9B985KbGHmZqyLCiHjTHRrE?fxhash=opTH887bGcEajyWpEBhM9pGn9hMjuapZH9nYVP9L7KnBRrJHx6y,ipfs://QmZ8U4tbBSnuh3rZPBNpW6mssxi89eXaBzyyvk3y1bKWtf,ipfs://QmbwoGxdYMjiVwdPD4TJz6AafHKHqxbAqBJqJ1L8EcjGfn
1351742,Blockheads #35,98,58.878594073102086,6,Orange,Lightning Bolt,Pleasant,Red Cap,Brown,Alien,QmUGcs4hQJJxkFLSTccPAfYeQyaLEN5J6N9irPyBKnRoXF,ipfs://QmRXZWhDDRYShsQc5iaPb5K9B985KbGHmZqyLCiHjTHRrE?fxhash=oo4FSipQfFc5Q9wbRKauMo8V9tt3XmNrCRW4E44myNdrtc5nFGN,ipfs://QmQ9r6GYDt63A1xMMwxm9deDp1stf1J3zoJYQdm1rxwuBD,ipfs://QmXCb2Jb1kt62BVcVnnDEaL7YQMwt4GnrXpdysGpa5Lu4M
1351565,Blockheads #3,99,58.845651080945196,6,Green,Second Face,Glasses,Bristle Hair,Grey,Robot,QmNUGNNAxSrN1EMeSjXRX7FrdfBAq2Aj7Fi8Q8nM3Vyq4n,ipfs://QmRXZWhDDRYShsQc5iaPb5K9B985KbGHmZqyLCiHjTHRrE?fxhash=ooDTVAJaMr7KDSqkVgc5huVgULDaK9ocMQnRwcWSTLq9NqKQFmz,ipfs://QmNNnruKyWahDn4wvFMocbQxMAzUNo6Q1B7iC4bLxRLVSv,ipfs://QmRik6xgrozrbx4CBR94Ria4Af4yvy71pMA9znvpgy1QZv
1351971,Blockheads #51,100,58.58342623560015,6,Forest,Fried Egg,Long,Red Cap,Orange,Surprise,QmbMiw2VNtMb8dN2o6MoGJckzbnmFCdDGcZnui4eGqeroF,ipfs://QmRXZWhDDRYShsQc5iaPb5K9B985KbGHmZqyLCiHjTHRrE?fxhash=onxsPT9zUSXFULVHgKGrANrjnQKTUYs3VAD1FPJGkV2RtuvJwgz,ipfs://QmfR78MT6qZhUDjGmRbWT6HXciZhnNfZ8PpsRvjHHqK5rP,ipfs://QmXyPeUoq2CJcsmhLmjFb8pQEeFG6NJcjscudTmbbSPcSq
1355229,Blockheads #87,101,58.57034559643255,6,Grey,Elf,Long,Clown Wig,Tan,Facemask,QmNco4xgyCwzCURdoqdfkK6ELD28Z91v6yCySP7Mx3ZXax,ipfs://QmRXZWhDDRYShsQc5iaPb5K9B985KbGHmZqyLCiHjTHRrE?fxhash=ookr8QpmXkJxEmbN54adi1MCyEjQeF7qChdSXJDn4DtFLNJrGU4,ipfs://QmfMJwZ3CezBC6R33YiZhLeK4H5iimv7TUWfRF2rdXyVm5,ipfs://QmcC7sLZUqxDposPT38enboTLY62LBr3inGxUVm5hELoHb
1351667,Blockheads #32,102,58.56628600158012,6,Orange,Second Face,Glasses,Sombrero,Tan,Smiling Wide,QmRmoWhKxAyvLF2uPzL7pHR9522my7MoYtr6Ki2waTPdCn,ipfs://QmRXZWhDDRYShsQc5iaPb5K9B985KbGHmZqyLCiHjTHRrE?fxhash=ooJ4at1WLzZP7EvHMDtgxYckLabB9xziAzQp6hicywyyqa17fSr,ipfs://Qmc99sbf3P1o4rXe6bYuvw42B7oLX1fJHu7KmmAMxzh3d7,ipfs://QmPS2c9UGXBgUf12LB3qrnUt4cr79wKtwydee83oF34xmU
1351744,Blockheads #36,103,58.39312582841995,6,Purple,Second Face,Glasses,Sombrero,Maroon,Robot,QmTYeiRw9TzQGT8q2ms7jfTFnqBsxTkaExcbTwijmKKd23,ipfs://QmRXZWhDDRYShsQc5iaPb5K9B985KbGHmZqyLCiHjTHRrE?fxhash=onpZD5jruKVjbrngH8HUmzeUNBikLiCLq6TeR73SsqQoRwJ9Wgk,ipfs://QmVCPQB3ZCtXez7BH7gyTZw7ZcKvfmngXxXqmvJApe5wAT,ipfs://QmeCNiJat2FCXsgr9uDV1wSd8AkqW6Da9Ru82DT4c3Hb1E
1363335,Blockheads #124,104,58.008418634505595,6,Red,Troll Side Face,Long,Red Cap,Green,Squigly,QmbKMRqB4fz324xfUjsBxDagrLiP4bYBp13X6woRPGErNB,ipfs://QmRXZWhDDRYShsQc5iaPb5K9B985KbGHmZqyLCiHjTHRrE?fxhash=oo6iHWeHeybEKyCaef97vPFwJ3s3nQWMLZZqDw2bzZoSkJDJ1Na,ipfs://QmXHoo3ofsNjmReskKW1wXnv6KyvPfApg3MFKhF2UTSueg,ipfs://QmdmDssNXN2WQaZZ3obrWiyCo1cyDxaW8vzJjBjBAzguej
1351712,Blockheads #34,105,57.762264788351736,6,Grey,Lightning Bolt,Evil,Bristle Hair,Maroon,Robot,Qme4Um8eL1D21UnkVdyBhF6USb7jqAEwnvyyjjySyaRzh9,ipfs://QmRXZWhDDRYShsQc5iaPb5K9B985KbGHmZqyLCiHjTHRrE?fxhash=ooGR1abNFSRWF2aNaeGE7d8hM1mtHo3ythH8xtEkr856gjj2RdB,ipfs://Qmf6rDyxdLUdV6NKQw4RC4inx3VUMSeK3hNsfpn1LpUzD9,ipfs://QmU6YCTEx194EWvanSEe83xSZHEtoopCHr8yXMAoWwUCBW
1351945,Blockheads #41,106,57.11389877527985,6,Yellow,Second Face,Long,Bristle Hair,Maroon,Squigly,QmX9uF55f359c3Jd4SS6GHuiMHJDHzuMV6oMGa7BE58WWb,ipfs://QmRXZWhDDRYShsQc5iaPb5K9B985KbGHmZqyLCiHjTHRrE?fxhash=oo4v3fu4CVFgc3c1Rx8j8id96p3r6fPiicn9LFNuBf2b6XHHHut,ipfs://QmbdGaQZdWCaP3HNxddvg6knwVDVzpa1FHJr1n5xz1rgFE,ipfs://QmcA8QQ41AXwwH3XQZWCYKPz7QR6GodnrXnqTuXc5UNL56
1351624,Blockheads #16,107,56.747812573899544,6,Grey,Troll Side Face,Long,Red Cap,Maroon,Black-Beard,QmZN7dDKtMVUpQqmm2HuzsDCbBA8xkqTBHpt2SpMHiEr3c,ipfs://QmRXZWhDDRYShsQc5iaPb5K9B985KbGHmZqyLCiHjTHRrE?fxhash=oo9FKtvwMu4ejPjiArtLh5gUouPwMfTbHxQoYzXS51Sgjbabm3y,ipfs://QmaAZ9CiGGjefKYYwKXkWMAWVdu7hZerwVqYWV521tjUde,ipfs://QmNrvkcSdBU1VL8JVaAxxEBaoYZdnY4LFe7W1FJoFUop35
1353854,Blockheads #77,108,56.203939056112965,6,Grey,Fried Egg,Long,Sombrero,Blue,Flat,QmZ7CZz4rFfPiVbPMACnHCKKVtQgwyU1Q9gisaKJFx1iSY,ipfs://QmRXZWhDDRYShsQc5iaPb5K9B985KbGHmZqyLCiHjTHRrE?fxhash=op25qkt7MCpgXL2bPp5u6VYkuznQo4PsunpbQsMTg1JBtw7c7qw,ipfs://QmXK6wchDwwDPE364GfEyi6RAJuZGCPVMaAGgkavTKfWkU,ipfs://QmfFcmx5fGqnz46DuQVKhrouyb4cYStCbu1gFVyS1M7TrL
1354526,Blockheads #80,109,56.083028083028076,6,Green,Hole,Glasses,Clown Wig,Yellow,Animal,QmUwwoCWSejv4F6aLhc4voL5DGssARLrQCFfa49CxauVVZ,ipfs://QmRXZWhDDRYShsQc5iaPb5K9B985KbGHmZqyLCiHjTHRrE?fxhash=ooYjVnn2SFRbty48aaS9karRn87kAjjsaovZuL3sWGz3UQ4FRrM,ipfs://QmZ57TNSbYF6zt9jNztEqkDwqfNdKwSr66BY2fwb1PtcrK,ipfs://QmW2cNnqhST4UiEgGRf6oV61wiJByxWcsWKPoQSdZecgyj
1351654,Blockheads #26,110,55.20120663650076,6,Grey,Second Face,Squinting,Bristle Hair,Green,Old Face,Qmbndkw1mj9GqAdKRJ731Xzq3GjDhDeCKHX8aCtshVFwx1,ipfs://QmRXZWhDDRYShsQc5iaPb5K9B985KbGHmZqyLCiHjTHRrE?fxhash=oo2GPAWkBkgdHmGjCH83hzUoMRyzrBMoMJxSdPrxs2TN4Co6t9t,ipfs://QmTcMAjGiBTR1YW12EqMwy4czzHVDcuxECZL7eK98hkGtS,ipfs://QmTJvqVu4HEXnrLSEgcovpshoknEGpSShp9uWxpqqSc5cR
1351660,Blockheads #29,111,55.103678929765884,6,Red,Fried Egg,Glasses,Bristle Hair,Tan,Facemask,QmZL6D92DongMCxwafcRijL1hwJjgruiAR4tBR8gLXq3zu,ipfs://QmRXZWhDDRYShsQc5iaPb5K9B985KbGHmZqyLCiHjTHRrE?fxhash=onitea3YfT63HaP4GfceGEXN17K9XGRTpxbZyhnZbYgvoXPsD6F,ipfs://QmX5HUJBfFuXVhAbG5aRinaBCCrGLJHUtocaPVUD7Aig8L,ipfs://QmdCbpo486NhMZZh9Wovg8nsH3vWrkEVMeTJLZTVCYhJAh
1363005,Blockheads #102,112,54.46686646686647,6,Blue,Troll Side Face,Glasses,Hair,Yellow,Facemask,QmWvtxvXttRJM5GHKXz3UjmgvpACgRu7PRWktqeMtTKojL,ipfs://QmRXZWhDDRYShsQc5iaPb5K9B985KbGHmZqyLCiHjTHRrE?fxhash=op2me44RwBHLGNiRZU7F5WWFUdKddV73tsTCUicMVGu3AgwGqEj,ipfs://QmSScYxRTs2mXhgnSXyAaDAEPrNzmDsrWRP53G19NgyMtu,ipfs://QmW12xqY2cd4iCtHVvjcEjHC2R928pmgAz7uSMCzT1XLMP
1353709,Blockheads #74,113,53.81166100616901,6,Orange,Fried Egg,Pleasant,Fruit Hat,Brown,Black-Beard,QmbMd3t5FZnieHTEhBkeCKsdmYwnByDYmh1U4RCaxW7jbR,ipfs://QmRXZWhDDRYShsQc5iaPb5K9B985KbGHmZqyLCiHjTHRrE?fxhash=opAhHM78dU88uFH9hH9qykrNP7kAT1Mt1GWQEHK48WYk8V9rvN6,ipfs://QmZR5mM6akJHCEYKmfvvNEHunkKZL2ZXKk5kzLD656atyX,ipfs://QmdEQnvNtt6RmzYxcY1cu6WygJA6Ewj3Rvm9YycL21CVZn
1357827,Blockheads #96,114,53.75847159376571,6,Yellow,Second Face,Glasses,Bristle Hair,Orange,Squigly,QmSAuWGE6FxNkxD4cdkF2sXhpweYDPehfoYrzFUbN2MTCK,ipfs://QmRXZWhDDRYShsQc5iaPb5K9B985KbGHmZqyLCiHjTHRrE?fxhash=opBdAjssvqJR5esyabiHkbVf5okypR42fTN1LDZyZyeGmWh3R9u,ipfs://QmX4WJGMP5gjD9QH1niu3jkQbaH4XKFgrGzKK4tafpQ8ev,ipfs://QmPoxanJ8jNU44xKh9ZmXK9cu2C65kogq4BgY4PHX4thBe
1351575,Blockheads #7,115,52.41161543770239,6,Blue,Fried Egg,Glasses,Clown Wig,Green,Smiling Wide,QmYTpMjPRxcB6tmfUP7cARByKMRYY2mzmfmFsqo49ScZdU,ipfs://QmRXZWhDDRYShsQc5iaPb5K9B985KbGHmZqyLCiHjTHRrE?fxhash=ooDcaLAJ1cnWLJFDAvu5xjXa7EAWmm1wpynyXtraJ4gesUmKUGX,ipfs://QmTxqdihHyPG6SYKHfCLLms6xWv5Xy25Rov3dihomFZpqw,ipfs://QmTwRH1mnPhvivD75hktpkVCn7ChGZP4FEJZ6FGmkK4JeY
1357604,Blockheads #94,116,51.59414884632276,6,Grey,Lightning Bolt,Long,Hair,Tan,Squigly,QmWrTkmZ2WwvmbWYBzdNi1kJ4mDdAaSgH8JnksUydJfjGP,ipfs://QmRXZWhDDRYShsQc5iaPb5K9B985KbGHmZqyLCiHjTHRrE?fxhash=ongfUemQoqA3WAGg8NVkvNrGNCMbcVsXMw7VPwbqUnKir2d9xKN,ipfs://QmckJtXLA1mKgF4mW9M22uvWLSo3W3G9JULWjhLntWHxcR,ipfs://Qmc46L36quZ8biE2E93sRR7mx6bnLktszSry3UUp2kWFtA
1353599,Blockheads #71,117,51.341751967838924,6,Green,Lightning Bolt,Glasses,Burglar Hat,Yellow,Surprise,QmcJCvS6FUno3VRur1RrC6Bis1F3uFTNKo5vf3x4ZkSz9M,ipfs://QmRXZWhDDRYShsQc5iaPb5K9B985KbGHmZqyLCiHjTHRrE?fxhash=opWeT8XC4iSaUXdQdvShzLuKjeMdHhUZPjD6xua1WZWGJt4z9AM,ipfs://QmY9xhCBXsESeN6N4gvcDJpNFdJqAVCFLnaoRavUkJVtG2,ipfs://QmNZjpng7GE8PX6murxPU7GYiha5Tt7yJzFX5268Hf2qus
1355369,Blockheads #90,118,51.3355629877369,6,Purple,Fried Egg,Long,Hardhat,Green,Facemask,QmZVEe8NeGnuhxpNQy6CbpNmiYFpLpSo7ohuqXFXKWq25n,ipfs://QmRXZWhDDRYShsQc5iaPb5K9B985KbGHmZqyLCiHjTHRrE?fxhash=opTa6bAb33VN5WMLHnHPCMkVhAfv4kCbfwZ7LrovwKyEVxbiHHi,ipfs://QmSTNpYeBVd6hqzZaNXfBVPcvserAS3Rf7a6Kaxs255tu8,ipfs://QmUXd8R1qB4f8npuELYKFhJPeXQNEHxtVJzcokp7exJzCN
1351969,Blockheads #50,119,51.19256781865477,6,Purple,Lightning Bolt,Glasses,Bristle Hair,Grey,Facemask,QmTVdZ88wTsowcxE4xckAV5aghkMigwpQeNfxfChcfyPGp,ipfs://QmRXZWhDDRYShsQc5iaPb5K9B985KbGHmZqyLCiHjTHRrE?fxhash=ookVFX4AgkAL5jkihGZ38bTkzWtPmy3TPT69h5TpdajRyaNHDTm,ipfs://QmcQGVLVEhgMc4bVM4VU13B3bWDgJajWa5tbLX6MohDWQ8,ipfs://QmTvf15m4zCaoEq4Lzyajfi7T7ToQ7qzhfTBjREjDe3WtV
1353234,Blockheads #64,120,50.27508530117226,6,Grey,Lightning Bolt,Glasses,Red Cap,Maroon,Robot,QmXKQDFqGGXmiRNJS4kdYG9GiSMTUYbh3ziEuheiyhtuBG,ipfs://QmRXZWhDDRYShsQc5iaPb5K9B985KbGHmZqyLCiHjTHRrE?fxhash=oofh5b4yS251f6R6WZRhQjyDfVZNKQVmReuTNNjAVNb62ZLYRd8,ipfs://QmXLfw25MNcLqDDy9mNzNjb2mecyfLPEg9JC9ySxhtGys6,ipfs://Qmcku5N2EcCpgwVgLTNShFRHGmMihf3WyPbwFHhrCLAaWU
1351949,Blockheads #43,121,50.196634600349775,6,Green,Second Face,Glasses,Hair,Brown,Surprise,QmQRcgw8BEZeHMb3sA5Xkda2RaSEbkH8xZmZp3vjzKi7Wy,ipfs://QmRXZWhDDRYShsQc5iaPb5K9B985KbGHmZqyLCiHjTHRrE?fxhash=oogJUjgpiG3PhmM9AhfiScgbdTAuzypWvsQsyGJsxomVq7jxXVw,ipfs://QmcBFn7ZjwbdtqLfJG6LMnVvh5NEv9DkDEi1ENYpgogZxJ,ipfs://Qme7sMo4AK5DnbEKzRi6SnsKzfXsvF9PuNpzA6UdnpXUrt
1363309,Blockheads #109,122,49.817942444029406,6,Green,Fried Egg,Glasses,Fruit Hat,Yellow,Black-Beard,Qma1VJJZauru6Ec26Z9rNuN1s4wR5Jzk2F8KqEzBBCiPGi,ipfs://QmRXZWhDDRYShsQc5iaPb5K9B985KbGHmZqyLCiHjTHRrE?fxhash=oofeUi7BrR5dR52FwZiaPoABcr5ba32X7sri61R54Qykm8xx5eq,ipfs://QmeFiTjQqW4GJPu4gp5veekSSSLjGWpxLysdMXG4chaYUz,ipfs://QmToqKUv1ENKtnTeAPK4R3PS6eCbi5vwTwVSA6mPaXd6NS
1355052,Blockheads #83,123,49.499177151351056,6,Blue,Fried Egg,Long,Fruit Hat,Yellow,Animal,QmVnv81q89QyhHaMaXLe4uQ6xj8nYttgtJMbYy7KsaQ5uf,ipfs://QmRXZWhDDRYShsQc5iaPb5K9B985KbGHmZqyLCiHjTHRrE?fxhash=opAibB4KBr9XEADaBs9AypdVAJH5x7DHJJTsv8asKJjMxFS31Pu,ipfs://QmTXAoFfSJpmd9kv61cZ9YknXv71kgHoKmNZnSZk89UDaP,ipfs://QmQ4cL1BryXuXVuRJBBWLr9VETwDRravdwLuqfJfHqUW4N
1363321,Blockheads #114,124,49.286408480916485,6,Orange,Fried Egg,Squinting,Burglar Hat,Brown,Animal,QmRSUvYTzjNwqf31GvCHQr6FYMCa6zYqKbX9nq9dg96JaH,ipfs://QmRXZWhDDRYShsQc5iaPb5K9B985KbGHmZqyLCiHjTHRrE?fxhash=opXbinD8jmd6zAqwZUzEo2vXvUtcWSK2eLuUSxHgEpzHqSbS9Nv,ipfs://QmTN5gVRoDx8bv6aoZXwVJ4Fgxmj8dMS6hbqV7F5p1DPSs,ipfs://QmXaiCRDPJbjETJPWxQhDWbTadSkJt7mJub6JGd7JxsFNr
1351619,Blockheads #14,125,48.57529736980538,6,Orange,Troll Side Face,Long,Fruit Hat,Brown,Squigly,QmY1HQ4b4Q5dVbYBfGnzchfK9TrhDLaiewYEcTMzgFGucD,ipfs://QmRXZWhDDRYShsQc5iaPb5K9B985KbGHmZqyLCiHjTHRrE?fxhash=ooxFxhUFZevWzfC2PPT7itYyXKGp6K2vVm79XKpcih3ZZhNswXw,ipfs://QmRgd3B351AnN8ie2JnR25TRMUkcCZ9TfFCYSXJnCW8zKM,ipfs://QmXhABmWF6UAMsJFumT9kFjh2suvYkRXBKkABPoBcSDPc7
1353624,Blockheads #72,126,47.16577356028157,6,Grey,Fried Egg,Glasses,Hair,Brown,Robot,QmaqdJSiob2dmvYrkKGM77cme4Yabc9QnrhYo93v6Sw24v,ipfs://QmRXZWhDDRYShsQc5iaPb5K9B985KbGHmZqyLCiHjTHRrE?fxhash=ooN6u1L6p2SPtsBEEL4d2XWkEggKUJ3NqXZx8K39JTSq2uctew9,ipfs://QmRbhhdoU7GSEDZKg5JP5S6Dx81PAbqGGyiMpTVqSNJkKm,ipfs://QmVCJkxhhs9rM7TckfdKmq4FimsnyuQXd5SnJUodEq12ve
1351382,Blockheads #2,127,47.02787068004459,6,Orange,Lightning Bolt,Long,Red Cap,Yellow,Facemask,QmdnLmybNwkuHmke6dFzht81VxsLeGy9L16us44eipw8Qb,ipfs://QmRXZWhDDRYShsQc5iaPb5K9B985KbGHmZqyLCiHjTHRrE?fxhash=ooWMQfTz27kmRuYmha426ZmBqyiGtC9CmSE2S8UmdozfKequ9dy,ipfs://QmdernNixw15qK9cJ1pbjKBE3r8bfhqmMcd7W5rxWn461X,ipfs://QmbbBffKjQARGrYtSefwo4KxLPZgaZ81xWEs2XjpVGCmgw
1353389,Blockheads #69,128,45.440302692476614,6,Grey,Lightning Bolt,Long,Hair,Orange,Squigly,QmNTiqgxqKPyaUbE2QKARR3bzukzZHP26XiC5m4jQ1rS2F,ipfs://QmRXZWhDDRYShsQc5iaPb5K9B985KbGHmZqyLCiHjTHRrE?fxhash=oo7UUuXqDbJyAzc5XnhMjHZKf92jrdbUvUASnHt9G7FPy6VNobU,ipfs://QmXBkt6DiPDAkXCyxdcGpDgieXunabkDh6nwCw2LNVgt91,ipfs://QmeEii9LL68JNHWgk1fxK9EwBpfXyp6Cx9VQpLy3yMpnKz
