ID,Name,Rank,Rarity_Score,Attributes,Background,Ears,Eyes,Hat,Head,Mouth
1363337,Blockheads #126,1,217.17020757020757,6,Green,Wings,Sunglasses,Sombrero,Silver,Smiling Wide
1363322,Blockheads #115,2,177.1146457407327,6,Green,Fried Egg,Glasses,Hair,Purple,Monster
1357632,Blockheads #95,3,175.1236589497459,5,Blue,None,Long,Horn,Red,Smiling Wide
1351627,Blockheads #17,4,151.80209162817857,6,Orange,Fried Egg,Robot,Robo Stem,Black,Smiling Wide
1353592,Blockheads #70,5,142.08369408369407,5,Red,None,Dead,Burglar Hat,Aquamarine,Black-Beard
1359907,Blockheads #97,6,134.65923448532143,6,Green,Fried Egg,Mean,Sombrero,Gold,Old Face
1351981,Blockheads #56,7,132.5259011519881,6,Red,Lightning Bolt,Robot,Sombrero,Gold,Squigly
1353268,Blockheads #66,8,124.71794871794872,6,Red,Wings,Mean,Robo Stem,Orange,Facemask
1362993,Blockheads #100,9,121.87350427350427,6,Blank,Frankenstein,Monster,Red Cap,Green,Facemask
1353237,Blockheads #65,10,116.0767466451677,6,Blank,Second Eye,Mean,Hair,Brown,Smiling Wide
1353811,Blockheads #75,11,114.7227265488135,6,Orange,Lightning Bolt,Monster,Clown Wig,Purple,Facemask
1363308,Blockheads #108,12,112.77178859787554,6,Green,Fried Egg,Pleasant,Fruit Hat,Black,Robot
1351569,Blockheads #5,13,110.94197031039135,6,Purple,Hole,Squinting,Horn,Brown,Old Face
1362992,Blockheads #99,14,109.10937950937951,5,Blue,Horn,Sunglasses,None,Grey,Flat
1351631,Blockheads #19,15,104.46371406371405,6,Grey,Hole,Robot,Cat Ears,Red,Alien
1363073,Blockheads #105,16,102.99607659058461,6,Green,Scratch,Long,Eye Hat,Brown,Robot
1363333,Blockheads #122,17,97.34798534798534,6,Grey,Frankenstein,Evil,Silver Bar Hat,Aquamarine,Animal
1363315,Blockheads #111,18,94.74481074481074,6,Grey,Frankenstein,Glasses,Silver Bar Hat,Purple,Smiling Wide
1355658,Blockheads #91,19,94.60062642671338,6,Orange,Fried Egg,Dead,Silver Bar Hat,Blue,Smiling Wide
1363331,Blockheads #120,20,92.39110261718957,6,Forest,Fried Egg,Dead,Cat Ears,Blue,Alien
1351620,Blockheads #15,21,92.14494877103571,6,Purple,Fried Egg,Mean,Clown Wig,Purple,Flat
1351658,Blockheads #28,22,90.94017094017093,6,Grey,Second Eye,Evil,Hardhat,Orange,Old Face
1351590,Blockheads #12,23,90.85237467846163,5,Forest,Lightning Bolt,Dead,None,Tan,Smiling Wide
1351961,Blockheads #48,24,90.78290598290599,6,Blank,Wings,Glasses,Hardhat,Aquamarine,Flat
1351649,Blockheads #24,25,89.50367892976588,6,Yellow,Lightning Bolt,Sunglasses,Sombrero,Grey,Flat
1351978,Blockheads #53,26,87.73388950231056,6,Blank,Troll Side Face,Cyclops,Robo Stem,Brown,Old Face
1355068,Blockheads #84,27,87.56419253261357,6,Blank,Controller,Glasses,Halo,Brown,Flat
1355161,Blockheads #85,28,87.51491214099909,6,Green,Scratch,Long,Clown Wig,Blue,Animal
1351746,Blockheads #37,29,86.99483523012935,6,Yellow,Second Face,Pleasant,Robo Stem,Orange,Old Face
1351657,Blockheads #27,30,86.56226478835174,6,Sky,Fried Egg,Evil,Cat Ears,Red,Squigly
1351585,Blockheads #11,31,86.39312582841995,6,Blank,Second Face,Robot,Burglar Hat,Grey,Facemask
1363339,Blockheads #128,32,85.7965145965146,5,Purple,Troll Side Face,Dead,None,Blue,Black-Beard
1353225,Blockheads #60,33,85.41816078658184,6,Orange,Second Eye,Squinting,Hardhat,Brown,Animal
1353224,Blockheads #59,34,83.24824547433242,6,Purple,Scratch,Long,Fruit Hat,Orange,Squigly
1353232,Blockheads #63,35,82.9044733044733,5,Blue,Elf,Cyclops,None,Red,Old Face
1363304,Blockheads #106,36,81.80302402911099,5,Sky,Fried Egg,Glasses,None,Red,Smiling Wide
1351567,Blockheads #4,37,80.68447108447108,6,Blue,Frankenstein,Pleasant,Halo,Yellow,Animal
1353708,Blockheads #73,38,78.07179487179486,6,Orange,Elf,Sunglasses,Hardhat,Green,Facemask
1351979,Blockheads #54,39,77.94942834942833,6,Purple,Horn,Pleasant,Sombrero,Green,Robot
1351977,Blockheads #52,40,77.73893373344174,6,Sky,Fried Egg,Glasses,Cat Ears,Brown,Smiling Wide
1353228,Blockheads #61,41,77.23831723831722,6,Yellow,Controller,Evil,Fruit Hat,Red,Smiling Wide
1351748,Blockheads #38,42,77.07681690290386,6,Orange,Lightning Bolt,Dead,Red Cap,Purple,Flat
1353276,Blockheads #67,43,76.96410256410256,6,Sky,Elf,Squinting,Red Cap,Yellow,Old Face
1354764,Blockheads #82,44,76.8068376068376,6,Green,Controller,Glasses,Cat Ears,Yellow,Squigly
1351583,Blockheads #10,45,76.0068376068376,6,Grey,Hole,Evil,Eye Hat,Blue,Surprise
1363326,Blockheads #117,46,75.54942834942834,6,Purple,Wings,Glasses,Fruit Hat,Red,Animal
1363336,Blockheads #125,47,73.85858585858585,5,Grey,Hole,Evil,None,Green,Squigly
1351960,Blockheads #47,48,73.17482517482517,6,Purple,Controller,Squinting,Bristle Hair,Green,Black-Beard
1363314,Blockheads #110,49,73.09273732803145,5,Yellow,Second Face,Glasses,None,Orange,Black-Beard
1363332,Blockheads #121,50,72.5178203439073,6,Orange,Lightning Bolt,Sunglasses,Hair,Aquamarine,Squigly
1363003,Blockheads #101,51,72.35750915750916,6,Green,Horn,Evil,Clown Wig,Tan,Facemask
1351632,Blockheads #20,52,72.25517489046901,6,Sky,Second Face,Glasses,Hardhat,Aquamarine,Animal
1355945,Blockheads #92,53,71.98448701057396,6,Grey,Controller,Long,Burglar Hat,Aquamarine,Robot
1363306,Blockheads #107,54,71.04149184149185,6,Forest,Elf,Squinting,Hair,Tan,Squigly
1351954,Blockheads #45,55,71.01479004087699,6,Forest,Lightning Bolt,Cyclops,Hardhat,Aquamarine,Surprise
1360985,Blockheads #98,56,70.94452214452214,6,Blank,Troll Side Face,Pleasant,Clown Wig,Tan,Facemask
1353229,Blockheads #62,57,70.67350427350426,6,Blank,Hole,Cyclops,Hardhat,Orange,Surprise
1356498,Blockheads #93,58,69.23701226309922,6,Green,Lightning Bolt,Squinting,Halo,Grey,Facemask
1351959,Blockheads #46,59,69.06515706515705,6,Blue,Frankenstein,Evil,Burglar Hat,Maroon,Old Face
1355201,Blockheads #86,60,69.05923448532144,6,Orange,Lightning Bolt,Cyclops,Sombrero,Green,Alien
1351965,Blockheads #49,61,68.58131240739937,6,Purple,Troll Side Face,Long,Clown Wig,Purple,Robot
1363317,Blockheads #113,62,68.50132873662285,6,Yellow,Second Face,Evil,Fruit Hat,Yellow,Alien
1351579,Blockheads #9,63,68.27350427350427,6,Yellow,Frankenstein,Glasses,Red Cap,Grey,Surprise
1363334,Blockheads #123,64,67.31623931623932,6,Forest,Frankenstein,Glasses,Bristle Hair,Aquamarine,Facemask
1354624,Blockheads #81,65,66.87060572277963,6,Purple,Fried Egg,Long,Eye Hat,Blue,Surprise
1351652,Blockheads #25,66,66.66678249286944,5,Blue,Lightning Bolt,Squinting,None,Blue,Animal
1351595,Blockheads #13,67,66.27226706677507,6,Grey,Lightning Bolt,Cyclops,Eye Hat,Brown,Smiling Wide
1355325,Blockheads #89,68,66.21609501609501,6,Grey,Horn,Cyclops,Hardhat,Maroon,Squigly
1363338,Blockheads #127,69,66.11912531912532,6,Blue,Elf,Pleasant,Hardhat,Red,Animal
1355323,Blockheads #88,70,65.91671151121952,6,Blue,Lightning Bolt,Evil,Halo,Brown,Facemask
1351644,Blockheads #22,71,65.72548835529048,6,Blank,Second Face,Long,Halo,Brown,Squigly
1352128,Blockheads #58,72,65.67393390922803,6,Red,Second Face,Squinting,Burglar Hat,Maroon,Alien
1352125,Blockheads #57,73,65.56874236874236,6,Orange,Hole,Dead,Fruit Hat,Blue,Squigly
1351577,Blockheads #8,74,65.21765018607124,5,Orange,Frankenstein,Glasses,None,Brown,Squigly
1351572,Blockheads #6,75,65.18737301345996,6,Grey,Horn,Long,Burglar Hat,Maroon,Black-Beard
1351670,Blockheads #33,76,65.14161394161394,6,Blue,Frankenstein,Pleasant,Sombrero,Yellow,Squigly
1353387,Blockheads #68,77,64.88276168276167,6,Purple,Troll Side Face,Glasses,Clown Wig,Purple,Old Face
1354524,Blockheads #79,78,64.7179487179487,6,Red,Controller,Glasses,Clown Wig,Orange,Facemask
1363024,Blockheads #103,79,64.52747252747253,6,Green,Hole,Squinting,Fruit Hat,Orange,Flat
1363330,Blockheads #119,80,64.5178203439073,6,Purple,Fried Egg,Cyclops,Burglar Hat,Aquamarine,Old Face
1351639,Blockheads #21,81,63.612439847733974,6,Forest,Second Face,Glasses,Fruit Hat,Blue,Alien
1351629,Blockheads #18,82,63.359218559218554,6,Red,Hole,Evil,Fruit Hat,Yellow,Animal
1351944,Blockheads #40,83,62.970679765187775,6,Yellow,Horn,Long,Bristle Hair,Brown,Squigly
1351664,Blockheads #31,84,62.93388950231056,6,Forest,Elf,Glasses,Hardhat,Brown,Black-Beard
1363323,Blockheads #116,85,62.740042566129524,6,Grey,Lightning Bolt,Squinting,Eye Hat,Red,Squigly
1351663,Blockheads #30,86,62.27508530117226,6,Blank,Fried Egg,Pleasant,Bristle Hair,Orange,Surprise
1351980,Blockheads #55,87,62.18315018315018,6,Grey,Horn,Squinting,Red Cap,Blue,Old Face
1351648,Blockheads #23,88,61.91952974561671,6,Red,Lightning Bolt,Squinting,Red Cap,Red,Alien
1363316,Blockheads #112,89,61.66585310114723,6,Grey,Second Face,Cyclops,Burglar Hat,Maroon,Black-Beard
1351952,Blockheads #44,90,61.31029754559167,6,Red,Second Face,Squinting,Hair,Maroon,Black-Beard
1363071,Blockheads #104,91,61.13353313353313,6,Blue,Troll Side Face,Squinting,Hair,Blue,Surprise
1351749,Blockheads #39,92,61.08593628593629,6,Red,Elf,Squinting,Clown Wig,Red,Facemask
1351234,Blockheads #1,93,60.86251526251527,6,Grey,Elf,Cyclops,Red Cap,Yellow,Animal
1353812,Blockheads #76,94,60.75127577736273,6,Red,Hole,Long,Burglar Hat,Orange,Animal
1351947,Blockheads #42,95,59.904983904983915,6,Blue,Troll Side Face,Glasses,Bristle Hair,Grey,Smiling Wide
1353942,Blockheads #78,96,59.19413919413919,6,Purple,Elf,Squinting,Fruit Hat,Blue,Surprise
1363327,Blockheads #118,97,59.18448701057397,6,Grey,Lightning Bolt,Pleasant,Hardhat,Grey,Surprise
1351742,Blockheads #35,98,58.878594073102086,6,Orange,Lightning Bolt,Pleasant,Red Cap,Brown,Alien
1351565,Blockheads #3,99,58.845651080945196,6,Green,Second Face,Glasses,Bristle Hair,Grey,Robot
1351971,Blockheads #51,100,58.58342623560015,6,Forest,Fried Egg,Long,Red Cap,Orange,Surprise
1355229,Blockheads #87,101,58.57034559643255,6,Grey,Elf,Long,Clown Wig,Tan,Facemask
1351667,Blockheads #32,102,58.56628600158012,6,Orange,Second Face,Glasses,Sombrero,Tan,Smiling Wide
1351744,Blockheads #36,103,58.39312582841995,6,Purple,Second Face,Glasses,Sombrero,Maroon,Robot
1363335,Blockheads #124,104,58.008418634505595,6,Red,Troll Side Face,Long,Red Cap,Green,Squigly
1351712,Blockheads #34,105,57.762264788351736,6,Grey,Lightning Bolt,Evil,Bristle Hair,Maroon,Robot
1351945,Blockheads #41,106,57.11389877527985,6,Yellow,Second Face,Long,Bristle Hair,Maroon,Squigly
1351624,Blockheads #16,107,56.747812573899544,6,Grey,Troll Side Face,Long,Red Cap,Maroon,Black-Beard
1353854,Blockheads #77,108,56.203939056112965,6,Grey,Fried Egg,Long,Sombrero,Blue,Flat
1354526,Blockheads #80,109,56.083028083028076,6,Green,Hole,Glasses,Clown Wig,Yellow,Animal
1351654,Blockheads #26,110,55.20120663650076,6,Grey,Second Face,Squinting,Bristle Hair,Green,Old Face
1351660,Blockheads #29,111,55.103678929765884,6,Red,Fried Egg,Glasses,Bristle Hair,Tan,Facemask
1363005,Blockheads #102,112,54.46686646686647,6,Blue,Troll Side Face,Glasses,Hair,Yellow,Facemask
1353709,Blockheads #74,113,53.81166100616901,6,Orange,Fried Egg,Pleasant,Fruit Hat,Brown,Black-Beard
1357827,Blockheads #96,114,53.75847159376571,6,Yellow,Second Face,Glasses,Bristle Hair,Orange,Squigly
1351575,Blockheads #7,115,52.41161543770239,6,Blue,Fried Egg,Glasses,Clown Wig,Green,Smiling Wide
1357604,Blockheads #94,116,51.59414884632276,6,Grey,Lightning Bolt,Long,Hair,Tan,Squigly
1353599,Blockheads #71,117,51.341751967838924,6,Green,Lightning Bolt,Glasses,Burglar Hat,Yellow,Surprise
1355369,Blockheads #90,118,51.3355629877369,6,Purple,Fried Egg,Long,Hardhat,Green,Facemask
1351969,Blockheads #50,119,51.19256781865477,6,Purple,Lightning Bolt,Glasses,Bristle Hair,Grey,Facemask
1353234,Blockheads #64,120,50.27508530117226,6,Grey,Lightning Bolt,Glasses,Red Cap,Maroon,Robot
1351949,Blockheads #43,121,50.196634600349775,6,Green,Second Face,Glasses,Hair,Brown,Surprise
1363309,Blockheads #109,122,49.817942444029406,6,Green,Fried Egg,Glasses,Fruit Hat,Yellow,Black-Beard
1355052,Blockheads #83,123,49.499177151351056,6,Blue,Fried Egg,Long,Fruit Hat,Yellow,Animal
1363321,Blockheads #114,124,49.286408480916485,6,Orange,Fried Egg,Squinting,Burglar Hat,Brown,Animal
1351619,Blockheads #14,125,48.57529736980538,6,Orange,Troll Side Face,Long,Fruit Hat,Brown,Squigly
1353624,Blockheads #72,126,47.16577356028157,6,Grey,Fried Egg,Glasses,Hair,Brown,Robot
1351382,Blockheads #2,127,47.02787068004459,6,Orange,Lightning Bolt,Long,Red Cap,Yellow,Facemask
1353389,Blockheads #69,128,45.440302692476614,6,Grey,Lightning Bolt,Long,Hair,Orange,Squigly
